id,probability_maraud,successful_mating,next_foraging_time,foraging_events,foraging_hrs,foraging_sqhrs,staying_events,staying_hrs,staying_sqhrs,repairing_events,repairing_hrs,repairing_sqhrs,marauding_events,marauding_hrs,marauding_sqhrs,traveling_events,traveling_hrs,traveling_sqhrs
0,0.0,5,360.44611148305165,563.0,72.0916098812359,15.306090425052545,1245.0,214.74102372380202,46.591645049948134,439.0,73.19073142278718,15.82240126839558,0.0,0.0,0.0,0.0,0.0,0.0
1,0.054,13,360.07843099803375,560.0,69.78958435481742,14.745193215320548,1733.0,288.98226082192576,61.44933835505578,0.0,0.0,0.0,12.0,1.2,0.12000000000000005,82.0,0.089389278413889,9.744442799214326e-05
