id,probability_maraud,successful_mating,next_foraging_time,foraging_events,foraging_hrs,foraging_sqhrs,staying_events,staying_hrs,staying_sqhrs,repairing_events,repairing_hrs,repairing_sqhrs,marauding_events,marauding_hrs,marauding_sqhrs,traveling_events,traveling_hrs,traveling_sqhrs
0,0.0,11,360.52819050280334,559.0,75.62295639561296,18.05756514223012,1342.0,223.4206146336692,47.14865948157831,377.0,61.089601479098064,12.566500207461889,0.0,0.0,0.0,0.0,0.0,0.0
1,0.054,7,359.9585990012256,565.0,71.0667780599919,14.847728817405631,1701.0,288.0419994927449,62.866640695914015,0.0,0.0,0.0,10.0,0.9999999999999999,0.10000000000000003,90.0,0.09811018362500012,0.0001069512014547914
