id,probability_maraud,successful_mating,next_foraging_time,foraging_events,foraging_hrs,foraging_sqhrs,staying_events,staying_hrs,staying_sqhrs,repairing_events,repairing_hrs,repairing_sqhrs,marauding_events,marauding_hrs,marauding_sqhrs,traveling_events,traveling_hrs,traveling_sqhrs
0,0.0,7,360.23287597948007,563.0,66.05059903560874,12.674422448104453,1322.0,226.98091047766854,49.313674661191875,415.0,66.96912858057361,14.196222219176228,0.0,0.0,0.0,0.0,0.0,0.0
1,0.054,11,360.3600740082922,573.0,74.29019581257039,16.056906108508045,1665.0,284.60808569950507,61.442884346493294,0.0,0.0,0.0,11.0,1.0999999999999999,0.11000000000000004,101.0,0.11010142829027793,0.00012002301496593261
