id,probability_maraud,successful_mating,next_foraging_time,foraging_events,foraging_hrs,foraging_sqhrs,staying_events,staying_hrs,staying_sqhrs,repairing_events,repairing_hrs,repairing_sqhrs,marauding_events,marauding_hrs,marauding_sqhrs,traveling_events,traveling_hrs,traveling_sqhrs
0,0.0,9,360.25244535029157,572.0,65.36754203868084,12.454085579572258,1367.0,231.14913123974878,49.30729925471674,367.0,63.62179389428736,13.803813967223093,0.0,0.0,0.0,0.0,0.0,0.0
1,0.054,9,360.3341909830119,565.0,72.2874938944581,15.050705503376715,1688.0,286.58222181474963,62.104829480125666,0.0,0.0,0.0,11.0,1.0999999999999999,0.11000000000000004,96.0,0.10465086253333347,0.00011408128155177752
