id,probability_maraud,successful_mating,next_foraging_time,foraging_events,foraging_hrs,foraging_sqhrs,staying_events,staying_hrs,staying_sqhrs,repairing_events,repairing_hrs,repairing_sqhrs,marauding_events,marauding_hrs,marauding_sqhrs,traveling_events,traveling_hrs,traveling_sqhrs
0,0.0,6,359.9549447396399,557.0,70.82728686362037,14.408666686240448,1370.0,234.10738224260172,50.65757522044019,323.0,55.071059146758294,11.763613687335969,0.0,0.0,0.0,0.0,0.0,0.0
1,0.054,12,359.8120868330137,578.0,67.85285276955146,13.576638870293072,1748.0,291.3178307760096,61.58360042317466,0.0,0.0,0.0,9.0,0.8999999999999999,0.09000000000000002,77.0,0.08393871265694454,9.150269457798816e-05
