id,probability_maraud,successful_mating,next_foraging_time,foraging_events,foraging_hrs,foraging_sqhrs,staying_events,staying_hrs,staying_sqhrs,repairing_events,repairing_hrs,repairing_sqhrs,marauding_events,marauding_hrs,marauding_sqhrs,traveling_events,traveling_hrs,traveling_sqhrs
0,0.0,6,360.24553002613504,555.0,73.31293008789355,15.594683704651464,1263.0,213.7101586401761,45.50448719873891,420.0,72.99609718765024,16.273882291793,0.0,0.0,0.0,0.0,0.0,0.0
1,0.054,12,360.4792386569404,559.0,73.00652416342248,16.9183095673561,1670.0,285.9754260436263,61.834932585487834,0.0,0.0,0.0,12.0,1.2,0.12000000000000005,98.0,0.10683108883611125,0.00011645797491743956
