id,probability_maraud,successful_mating,next_foraging_time,foraging_events,foraging_hrs,foraging_sqhrs,staying_events,staying_hrs,staying_sqhrs,repairing_events,repairing_hrs,repairing_sqhrs,marauding_events,marauding_hrs,marauding_sqhrs,traveling_events,traveling_hrs,traveling_sqhrs
0,0.0,3,360.6333941622216,557.0,72.66127780654992,15.969641412647151,1209.0,204.2112426023581,43.401150242886104,504.0,83.27496518840654,17.782871719515185,0.0,0.0,0.0,0.0,0.0,0.0
1,0.054,15,360.1394983569941,572.0,67.08809905321337,12.986350305783875,1740.0,291.56118363795565,61.87353246115944,0.0,0.0,0.0,14.0,1.4000000000000001,0.14000000000000007,110.0,0.11991244665277795,0.00013071813511141177
