id,probability_maraud,successful_mating,next_foraging_time,foraging_events,foraging_hrs,foraging_sqhrs,staying_events,staying_hrs,staying_sqhrs,repairing_events,repairing_hrs,repairing_sqhrs,marauding_events,marauding_hrs,marauding_sqhrs,traveling_events,traveling_hrs,traveling_sqhrs
0,0.0,10,360.477781141044,568.0,72.18137064989403,15.293375019271531,1365.0,226.79017547515892,48.05622697198701,366.0,61.1633526691139,12.92423700176282,0.0,0.0,0.0,0.0,0.0,0.0
1,0.054,8,360.1188319233173,561.0,71.47249440702785,15.963746164348157,1706.0,287.43302639359,61.21094449611477,0.0,0.0,0.0,10.0,0.9999999999999999,0.10000000000000003,106.0,0.11555199404722238,0.0001259647483800877
