id,probability_maraud,successful_mating,next_foraging_time,foraging_events,foraging_hrs,foraging_sqhrs,staying_events,staying_hrs,staying_sqhrs,repairing_events,repairing_hrs,repairing_sqhrs,marauding_events,marauding_hrs,marauding_sqhrs,traveling_events,traveling_hrs,traveling_sqhrs
0,0.0,6,359.957640607539,567.0,71.17548052894774,15.169487990188248,1147.0,197.40878207615887,42.98855898972737,537.0,91.42687377168154,20.073032889182613,0.0,0.0,0.0,0.0,0.0,0.0
1,0.054,12,360.39190232802054,554.0,66.67614310848276,13.113498829345879,1718.0,291.9171654752339,62.451121747247576,0.0,0.0,0.0,15.0,1.5000000000000002,0.15000000000000008,87.0,0.09483984417083345,0.00010338616140629835
