id,probability_maraud,successful_mating,next_foraging_time,foraging_events,foraging_hrs,foraging_sqhrs,staying_events,staying_hrs,staying_sqhrs,repairing_events,repairing_hrs,repairing_sqhrs,marauding_events,marauding_hrs,marauding_sqhrs,traveling_events,traveling_hrs,traveling_sqhrs
0,0.0,7,360.058021391745,576.0,70.25507593482139,14.189001706504532,1275.0,217.25301520245412,47.07311125082936,413.0,72.63881063060474,15.695959054183582,0.0,0.0,0.0,0.0,0.0,0.0
1,0.054,9,360.21973536938134,560.0,75.02966288482232,16.90879001424672,1686.0,283.73389399115837,59.979290593415996,0.0,0.0,0.0,12.0,1.2,0.12000000000000005,79.0,0.08611893895972232,9.38793879436502e-05
