id,probability_maraud,successful_mating,next_foraging_time,foraging_events,foraging_hrs,foraging_sqhrs,staying_events,staying_hrs,staying_sqhrs,repairing_events,repairing_hrs,repairing_sqhrs,marauding_events,marauding_hrs,marauding_sqhrs,traveling_events,traveling_hrs,traveling_sqhrs
0,0.0,10,360.0956538739986,576.0,69.92937638480468,13.759429527975726,1243.0,213.54504266535795,46.67547135935634,464.0,76.64634429802443,16.00725108474057,0.0,0.0,0.0,0.0,0.0,0.0
1,0.054,7,360.5301441800523,567.0,75.09562207855426,16.703802460244155,1675.0,283.57009366238026,60.28839665681931,0.0,0.0,0.0,13.0,1.3,0.13000000000000006,93.0,0.1013805230791668,0.00011051624150328446
