id,probability_maraud,successful_mating,next_foraging_time,foraging_events,foraging_hrs,foraging_sqhrs,staying_events,staying_hrs,staying_sqhrs,repairing_events,repairing_hrs,repairing_sqhrs,marauding_events,marauding_hrs,marauding_sqhrs,traveling_events,traveling_hrs,traveling_sqhrs
0,0.0,5,360.41416364040407,561.0,70.61163662275948,14.9911828434476,1105.0,185.5499648044443,39.61875622030703,610.0,103.93430346388855,22.539872445908323,0.0,0.0,0.0,0.0,0.0,0.0
1,0.054,13,359.9968720007367,556.0,70.07708192472393,14.827478353745683,1710.0,288.3596987981444,61.07906865515051,0.0,0.0,0.0,17.0,1.7000000000000004,0.1700000000000001,100.0,0.10901131513888904,0.0001188346682831016
