id,probability_maraud,successful_mating,next_foraging_time,foraging_events,foraging_hrs,foraging_sqhrs,staying_events,staying_hrs,staying_sqhrs,repairing_events,repairing_hrs,repairing_sqhrs,marauding_events,marauding_hrs,marauding_sqhrs,traveling_events,traveling_hrs,traveling_sqhrs
0,0.0,7,359.86431067738675,559.0,68.42606531092694,13.858715379377667,1224.0,206.47541804741755,44.237037647079454,502.0,85.13001311792156,18.1890256704209,0.0,0.0,0.0,0.0,0.0,0.0
1,0.054,11,359.92501331011084,563.0,71.42736883472871,15.119059855991217,1700.0,287.0830680754536,61.71108510015751,0.0,0.0,0.0,14.0,1.4000000000000001,0.14000000000000007,100.0,0.10901131513888904,0.0001188346682831016
