id,probability_maraud,successful_mating,next_foraging_time,foraging_events,foraging_hrs,foraging_sqhrs,staying_events,staying_hrs,staying_sqhrs,repairing_events,repairing_hrs,repairing_sqhrs,marauding_events,marauding_hrs,marauding_sqhrs,traveling_events,traveling_hrs,traveling_sqhrs
0,0.0,6,360.1898509489578,556.0,69.84730051530724,14.594774848060684,1341.0,226.59222565043157,48.23129661080062,362.0,63.62015261026274,13.838746426739352,0.0,0.0,0.0,0.0,0.0,0.0
1,0.054,12,360.3736617577542,564.0,68.50078816261119,13.673829728727924,1720.0,290.31516739921005,62.06278466380035,0.0,0.0,0.0,11.0,1.0999999999999999,0.11000000000000004,99.0,0.10792120198750015,0.00011764632160027058
