id,probability_maraud,successful_mating,next_foraging_time,foraging_events,foraging_hrs,foraging_sqhrs,staying_events,staying_hrs,staying_sqhrs,repairing_events,repairing_hrs,repairing_sqhrs,marauding_events,marauding_hrs,marauding_sqhrs,traveling_events,traveling_hrs,traveling_sqhrs
0,0.0,4,360.04253072280426,556.0,73.3724773863178,16.391847360323215,1255.0,216.5597213598146,46.848452358155576,411.0,70.12443703943734,14.872886596224312,0.0,0.0,0.0,0.0,0.0,0.0
1,0.054,14,360.0279021906954,561.0,71.3602964314876,14.949462127127706,1707.0,287.4613258019373,61.75639031637642,0.0,0.0,0.0,12.0,1.2,0.12000000000000005,90.0,0.09811018362500012,0.0001069512014547914
