id,probability_maraud,successful_mating,next_foraging_time,foraging_events,foraging_hrs,foraging_sqhrs,staying_events,staying_hrs,staying_sqhrs,repairing_events,repairing_hrs,repairing_sqhrs,marauding_events,marauding_hrs,marauding_sqhrs,traveling_events,traveling_hrs,traveling_sqhrs
0,0.0,6,360.13201886497336,570.0,70.9538816791648,14.857895543573823,1204.0,203.99338026557686,43.78112748814751,501.0,85.24233520638218,18.39277981941153,0.0,0.0,0.0,0.0,0.0,0.0
1,0.054,12,360.23670651302064,573.0,74.71380519544469,16.02894591255427,1677.0,283.8429022529373,60.2082720566777,0.0,0.0,0.0,14.0,1.4000000000000001,0.14000000000000007,104.0,0.1133717677444446,0.00012358805501442566
