id,probability_maraud,successful_mating,next_foraging_time,foraging_events,foraging_hrs,foraging_sqhrs,staying_events,staying_hrs,staying_sqhrs,repairing_events,repairing_hrs,repairing_sqhrs,marauding_events,marauding_hrs,marauding_sqhrs,traveling_events,traveling_hrs,traveling_sqhrs
0,0.0,6,360.59825351122475,578.0,70.27268002632815,14.329145325365005,1125.0,191.64782047299838,40.790448920096914,587.0,98.21516173627774,20.588684563141765,0.0,0.0,0.0,0.0,0.0,0.0
1,0.054,12,360.0920788067686,566.0,74.55906711173111,15.80367130114996,1719.0,284.0927416595065,60.322323348491665,0.0,0.0,0.0,16.0,1.6000000000000003,0.1600000000000001,99.0,0.10792120198750015,0.00011764632160027058
