id,probability_maraud,successful_mating,next_foraging_time,foraging_events,foraging_hrs,foraging_sqhrs,staying_events,staying_hrs,staying_sqhrs,repairing_events,repairing_hrs,repairing_sqhrs,marauding_events,marauding_hrs,marauding_sqhrs,traveling_events,traveling_hrs,traveling_sqhrs
0,0.0,9,360.368085573993,566.0,69.79923937847914,14.842888809091846,1435.0,241.1881244336462,51.044455358401784,278.0,49.09411587398379,10.969699294215262,0.0,0.0,0.0,0.0,0.0,0.0
1,0.054,9,359.7927266936862,557.0,73.59141926744557,17.26684979478895,1718.0,285.59816698704515,60.20688241619401,0.0,0.0,0.0,8.0,0.7999999999999999,0.08000000000000002,84.0,0.09156950471666678,9.98211213578053e-05
