id,probability_maraud,successful_mating,next_foraging_time,foraging_events,foraging_hrs,foraging_sqhrs,staying_events,staying_hrs,staying_sqhrs,repairing_events,repairing_hrs,repairing_sqhrs,marauding_events,marauding_hrs,marauding_sqhrs,traveling_events,traveling_hrs,traveling_sqhrs
0,0.0,8,360.39196121106403,569.0,70.93287079400801,14.773942366741244,1275.0,215.81160926909948,46.6526263796616,431.0,73.37806174112802,15.66253805780818,0.0,0.0,0.0,0.0,0.0,0.0
1,0.054,10,360.20978778075096,578.0,72.25141517265254,14.4968751221293,1713.0,286.5536673302517,60.49095087263428,0.0,0.0,0.0,12.0,1.2,0.12000000000000005,82.0,0.089389278413889,9.744442799214326e-05
