id,probability_maraud,successful_mating,next_foraging_time,foraging_events,foraging_hrs,foraging_sqhrs,staying_events,staying_hrs,staying_sqhrs,repairing_events,repairing_hrs,repairing_sqhrs,marauding_events,marauding_hrs,marauding_sqhrs,traveling_events,traveling_hrs,traveling_sqhrs
0,0.0,5,360.2560143256966,565.0,71.21212964600836,14.579301665685554,1097.0,185.09049339672546,39.63346864848147,608.0,103.70555297282435,22.363591910029527,0.0,0.0,0.0,0.0,0.0,0.0
1,0.054,13,359.92611853445226,570.0,68.96690634801288,13.7086845811124,1686.0,289.21132689894233,62.26974478119226,0.0,0.0,0.0,17.0,1.7000000000000004,0.1700000000000001,112.0,0.12209267295555573,0.0001330948284770738
