id,probability_maraud,successful_mating,next_foraging_time,foraging_events,foraging_hrs,foraging_sqhrs,staying_events,staying_hrs,staying_sqhrs,repairing_events,repairing_hrs,repairing_sqhrs,marauding_events,marauding_hrs,marauding_sqhrs,traveling_events,traveling_hrs,traveling_sqhrs
0,0.0,6,359.95816380760994,562.0,75.88679535514524,17.77402389043873,1167.0,201.82760386918727,44.52842905881857,501.0,82.36867058393514,17.637775132446656,0.0,0.0,0.0,0.0,0.0,0.0
1,0.054,12,360.48686118588074,570.0,68.80010805168357,14.522490635736133,1688.0,289.702791178088,63.194469588968836,0.0,0.0,0.0,14.0,1.4000000000000001,0.14000000000000007,104.0,0.1133717677444446,0.00012358805501442566
