id,probability_maraud,successful_mating,next_foraging_time,foraging_events,foraging_hrs,foraging_sqhrs,staying_events,staying_hrs,staying_sqhrs,repairing_events,repairing_hrs,repairing_sqhrs,marauding_events,marauding_hrs,marauding_sqhrs,traveling_events,traveling_hrs,traveling_sqhrs
0,0.0,10,360.151960891113,557.0,70.19396570983649,15.420071956209682,1214.0,205.6752752414058,44.13032519950913,509.0,84.17102172793558,17.338189027604205,0.0,0.0,0.0,0.0,0.0,0.0
1,0.054,8,360.05324698469434,574.0,71.46095362125685,14.174970856917044,1698.0,287.14399856339463,61.02205891567432,0.0,0.0,0.0,14.0,1.4000000000000001,0.14000000000000007,94.0,0.10247063623055569,0.00011170458818611548
