id,probability_maraud,successful_mating,next_foraging_time,foraging_events,foraging_hrs,foraging_sqhrs,staying_events,staying_hrs,staying_sqhrs,repairing_events,repairing_hrs,repairing_sqhrs,marauding_events,marauding_hrs,marauding_sqhrs,traveling_events,traveling_hrs,traveling_sqhrs
0,0.0,7,359.96801812858837,580.0,68.03028689349269,12.993711011524887,1176.0,200.14564272566062,43.031988489445254,551.0,91.9913140347008,19.197678041720632,0.0,0.0,0.0,0.0,0.0,0.0
1,0.054,11,360.28486203828936,577.0,69.1727176643932,13.224433112952253,1727.0,289.34252307032864,61.53411831223449,0.0,0.0,0.0,15.0,1.5000000000000002,0.15000000000000008,99.0,0.10792120198750015,0.00011764632160027058
