id,probability_maraud,successful_mating,next_foraging_time,foraging_events,foraging_hrs,foraging_sqhrs,staying_events,staying_hrs,staying_sqhrs,repairing_events,repairing_hrs,repairing_sqhrs,marauding_events,marauding_hrs,marauding_sqhrs,traveling_events,traveling_hrs,traveling_sqhrs
0,0.0,3,359.93491571168835,562.0,70.72851582370485,15.020739446404873,1213.0,207.50988485752018,45.24673902868232,475.0,81.80139284158419,17.79590172661674,0.0,0.0,0.0,0.0,0.0,0.0
1,0.054,15,360.1928341570433,573.0,70.88787001680933,14.31705099293218,1728.0,287.6179640878962,61.26568957937828,0.0,0.0,0.0,14.0,1.4000000000000001,0.14000000000000007,103.0,0.11228165459305571,0.00012239970833159464
