id,probability_maraud,successful_mating,next_foraging_time,foraging_events,foraging_hrs,foraging_sqhrs,staying_events,staying_hrs,staying_sqhrs,repairing_events,repairing_hrs,repairing_sqhrs,marauding_events,marauding_hrs,marauding_sqhrs,traveling_events,traveling_hrs,traveling_sqhrs
0,0.0,14,359.7235151967904,558.0,69.5943539298296,14.313758685108432,1437.0,247.86647995370447,54.1828418744165,240.0,42.55706124260042,9.385884135157978,0.0,0.0,0.0,0.0,0.0,0.0
1,0.0,13,359.8996223600559,569.0,68.31858393805258,13.260609892842,1373.0,231.38957249561946,49.673895476720595,356.0,60.29630752126553,12.887527111855665,0.0,0.0,0.0,0.0,0.0,0.0
2,0.054,6,360.8094043460885,573.0,67.98859043379305,13.635688941055111,1573.0,264.44867858410964,56.246019930281385,138.0,24.68210370569745,5.44152848410633,24.0,2.400000000000001,0.24000000000000016,102.0,0.553875826055556,0.0030076316734188565
3,0.054,10,359.94945940999565,563.0,72.48006919469726,15.503323982923805,1545.0,261.82661684643324,56.08472358865967,139.0,22.914378350675715,4.80199028764952,23.0,2.3000000000000007,0.23000000000000015,95.0,0.5158647399537041,0.0028012255781842293
4,0.0,6,360.3275585576499,565.0,72.01754739058579,14.743765358707451,1327.0,227.25527917524872,48.8621764705906,350.0,60.94957365005489,13.114119476588868,0.0,0.0,0.0,0.0,0.0,0.0
5,0.0,5,360.42804539201194,563.0,71.1623967650971,15.137981406190844,1278.0,215.91347226595326,46.859634845721736,413.0,73.00525200665753,16.19036644980007,0.0,0.0,0.0,0.0,0.0,0.0
