id,probability_maraud,successful_mating,next_foraging_time,foraging_events,foraging_hrs,foraging_sqhrs,staying_events,staying_hrs,staying_sqhrs,repairing_events,repairing_hrs,repairing_sqhrs,marauding_events,marauding_hrs,marauding_sqhrs,traveling_events,traveling_hrs,traveling_sqhrs
0,0.0,21,360.22493896569864,566.0,70.7838892453016,14.407415950118214,828.0,140.1237860112131,30.434367453003127,871.0,149.1107076585588,32.42441850993705,0.0,0.0,0.0,0.0,0.0,0.0
1,0.054,33,360.6841075800874,555.0,68.1856080757533,13.827060355800906,1724.0,289.60914233191335,61.21608912057575,0.0,0.0,0.0,17.0,1.7000000000000004,0.1700000000000001,111.0,0.6027472224722227,0.00327301093872052
2,0.054,0,360.7321774415012,552.0,72.37111079774,16.064876084594356,1712.0,286.6014609578661,60.944894819942164,0.0,0.0,0.0,8.0,0.7999999999999999,0.08000000000000002,108.0,0.5864567570000004,0.0031845511836199655
3,0.0,0,360.3035518808367,562.0,67.0100261969703,13.041888851110643,1701.0,293.0431639374483,64.15796988013986,0.0,0.0,0.0,0.0,0.0,0.0,0.0,0.0,0.0
4,0.0,0,360.1767885038967,563.0,70.08811092535777,14.544045551617938,1725.0,290.06183273107143,62.526759581305505,0.0,0.0,0.0,0.0,0.0,0.0,0.0,0.0,0.0
5,0.0,0,360.40696349390436,574.0,69.29215175461783,14.263708165173423,1710.0,290.88760500069276,62.715855168491814,0.0,0.0,0.0,0.0,0.0,0.0,0.0,0.0,0.0
