id,probability_maraud,successful_mating,next_foraging_time,foraging_events,foraging_hrs,foraging_sqhrs,staying_events,staying_hrs,staying_sqhrs,repairing_events,repairing_hrs,repairing_sqhrs,marauding_events,marauding_hrs,marauding_sqhrs,traveling_events,traveling_hrs,traveling_sqhrs
0,0.054,11,359.9787415747923,562.0,64.93835507407121,12.490738411288609,1573.0,271.81981491272495,59.31822365362368,131.0,21.49707678289826,4.513962085885473,13.0,1.3,0.13000000000000006,87.0,0.4724234986944448,0.002565332897916084
1,0.054,8,360.1548216630189,554.0,71.29518021780233,14.7788424265906,1702.0,280.4609071517731,58.868040426768935,36.0,6.176879089861226,1.307801736276399,16.0,1.6000000000000003,0.1600000000000001,97.0,0.5267250502685189,0.0028601987482512656
2,0.0,11,360.1682384620022,577.0,67.87217128362539,12.999413319019595,1468.0,243.08678502547156,50.99032578407468,302.0,49.198067295198456,10.265283133748008,0.0,0.0,0.0,0.0,0.0,0.0
3,0.0,6,360.3241176346241,567.0,72.60572158864233,15.954146338959392,1466.0,244.77886126061503,52.58688898039449,236.0,42.7038191861184,9.655513147967536,0.0,0.0,0.0,0.0,0.0,0.0
4,0.0,9,360.34695777716115,576.0,69.74299486771989,14.730527627316995,1559.0,259.4731750009475,55.06958408199384,186.0,30.81341737304119,6.629090219936161,0.0,0.0,0.0,0.0,0.0,0.0
5,0.0,9,360.6050548305258,570.0,68.90567620933092,13.25232809342072,1569.0,266.8752430331683,57.2390735988021,143.0,24.376076595516185,5.196549174592879,0.0,0.0,0.0,0.0,0.0,0.0
