id,probability_maraud,successful_mating,next_foraging_time,foraging_events,foraging_hrs,foraging_sqhrs,staying_events,staying_hrs,staying_sqhrs,repairing_events,repairing_hrs,repairing_sqhrs,marauding_events,marauding_hrs,marauding_sqhrs,traveling_events,traveling_hrs,traveling_sqhrs
0,0.0,22,360.2772941381339,566.0,69.16846225710785,13.975924357519693,886.0,150.2884209125892,32.79803295068787,836.0,140.58401033509537,29.770589065054406,0.0,0.0,0.0,0.0,0.0,0.0
1,0.0,32,360.4705856629754,569.0,73.20274324177183,15.929601550628448,1720.0,286.8722874591642,60.503911348537116,0.0,0.0,0.0,0.0,0.0,0.0,0.0,0.0,0.0
2,0.054,0,360.27050365106504,569.0,71.90947556389841,14.491994819616083,1700.0,286.6599579184901,61.06493977272332,0.0,0.0,0.0,12.0,1.2,0.12000000000000005,87.0,0.4724234986944448,0.002565332897916084
3,0.0,0,360.1787230060159,570.0,71.47327599642773,14.267538631251675,1760.0,288.5577881614713,60.78774703832173,0.0,0.0,0.0,0.0,0.0,0.0,0.0,0.0,0.0
4,0.054,0,360.03259599379027,567.0,72.0422034191562,14.581926999823358,1699.0,286.4258232929392,61.116309517550924,0.0,0.0,0.0,11.0,1.0999999999999999,0.11000000000000004,103.0,0.5593059812129634,0.0030371182584523746
5,0.0,0,359.9780287061936,576.0,70.96825789716797,14.90384245646095,1747.0,289.1118608259571,60.64766843717636,0.0,0.0,0.0,0.0,0.0,0.0,0.0,0.0,0.0
