id,probability_maraud,successful_mating,next_foraging_time,foraging_events,foraging_hrs,foraging_sqhrs,staying_events,staying_hrs,staying_sqhrs,repairing_events,repairing_hrs,repairing_sqhrs,marauding_events,marauding_hrs,marauding_sqhrs,traveling_events,traveling_hrs,traveling_sqhrs
0,0.054,6,360.14879859605765,567.0,70.25369150630188,13.610918819792408,1583.0,270.0052791317599,58.02135915641909,115.0,18.142900060031202,3.648037431540508,13.0,1.3,0.13000000000000006,85.0,0.46156318837962995,0.0025063597278490476
1,0.0,8,360.0810299807284,570.0,70.05691253572087,14.28955701387358,1481.0,247.21244579701823,52.045093658869334,245.0,42.98379845067163,9.472207679662207,0.0,0.0,0.0,0.0,0.0,0.0
2,0.054,14,360.4501540212661,552.0,71.52347051420188,15.935109988619457,1636.0,280.7880612579652,60.60993266015113,33.0,6.035944780671159,1.3033524071307168,14.0,1.4000000000000001,0.14000000000000007,87.0,0.4724234986944448,0.002565332897916084
3,0.0,7,360.6071350246211,569.0,68.9383946606339,13.453078927112282,1500.0,254.5698898273427,54.44971361040102,213.0,36.518012402047205,7.828674048394465,0.0,0.0,0.0,0.0,0.0,0.0
4,0.0,11,359.92842891274637,575.0,72.01958639043484,15.288810011307874,1539.0,257.61537070958366,54.42747015106432,176.0,30.454559250990666,6.627358299506131,0.0,0.0,0.0,0.0,0.0,0.0
5,0.0,8,359.93573205804194,568.0,71.74980862505494,14.674160693041049,1487.0,258.0583178648646,55.802076516660875,177.0,30.361055541890995,6.59513386497906,0.0,0.0,0.0,0.0,0.0,0.0
