id,probability_maraud,successful_mating,next_foraging_time,foraging_events,foraging_hrs,foraging_sqhrs,staying_events,staying_hrs,staying_sqhrs,repairing_events,repairing_hrs,repairing_sqhrs,marauding_events,marauding_hrs,marauding_sqhrs,traveling_events,traveling_hrs,traveling_sqhrs
0,0.0,20,359.96935839131277,557.0,73.18205052135416,16.031126412325555,922.0,152.067620130163,31.973006673750994,758.0,134.8138977631541,30.0814848006926,0.0,0.0,0.0,0.0,0.0,0.0
1,0.0,34,360.162741668569,553.0,70.08641533735701,15.639089861878498,1718.0,290.1196597278142,61.699521345865485,0.0,0.0,0.0,0.0,0.0,0.0,0.0,0.0,0.0
2,0.0,0,360.11655615429476,561.0,72.77617330817877,14.936580169125934,1721.0,287.4911908267613,61.00387940868685,0.0,0.0,0.0,0.0,0.0,0.0,0.0,0.0,0.0
3,0.054,0,360.4560942347331,560.0,71.4293298680206,15.528122626165482,1675.0,287.3478382783115,62.01341841788647,0.0,0.0,0.0,9.0,0.8999999999999999,0.09000000000000002,82.0,0.4452727229074077,0.002417899972748493
4,0.054,0,360.3496901740391,570.0,67.2596072024247,12.90893332678337,1714.0,290.98060834111135,62.75491765599699,0.0,0.0,0.0,13.0,1.3,0.13000000000000006,115.0,0.6244678431018523,0.0033909572788545926
5,0.0,0,360.1988751325343,569.0,70.71938114175086,14.262116384566482,1718.0,289.5123976030079,62.44593794891977,0.0,0.0,0.0,0.0,0.0,0.0,0.0,0.0,0.0
