id,probability_maraud,successful_mating,next_foraging_time,foraging_events,foraging_hrs,foraging_sqhrs,staying_events,staying_hrs,staying_sqhrs,repairing_events,repairing_hrs,repairing_sqhrs,marauding_events,marauding_hrs,marauding_sqhrs,traveling_events,traveling_hrs,traveling_sqhrs
0,0.0,8,360.1949959626846,556.0,73.05713645928404,16.308450285745145,1439.0,238.3590255004894,50.31914084872161,292.0,48.645919850238734,10.287497891287337,0.0,0.0,0.0,0.0,0.0,0.0
1,0.0,9,360.5669409578738,565.0,71.51646702482681,14.500981516194306,1595.0,264.0701979366075,56.26611336134269,149.0,24.52759168927558,5.054310992393419,0.0,0.0,0.0,0.0,0.0,0.0
2,0.0,7,359.9563947293904,569.0,69.08052604343516,14.271366166536925,1538.0,260.42103152725485,55.69444548630914,182.0,30.52352014185833,6.598685519784771,0.0,0.0,0.0,0.0,0.0,0.0
3,0.054,8,360.435709061513,572.0,74.70300792707502,17.019787897897267,1450.0,247.8969027505672,53.29179417236996,215.0,36.63963450493617,7.865641753002358,5.0,0.5,0.05000000000000001,64.0,0.3475299300740743,0.0018871414421451661
4,0.0,9,360.5222504323596,552.0,73.98838447762262,16.532714078350818,1506.0,261.42417988764333,57.108633989601394,151.0,24.69836477946509,5.1225094028924385,0.0,0.0,0.0,0.0,0.0,0.0
5,0.054,13,360.39092659683644,570.0,70.38605316922926,14.093886966249796,1655.0,280.9189740954539,59.55166651347295,34.0,6.067455839854845,1.36047404412985,23.0,2.3000000000000007,0.23000000000000015,89.0,0.4832838090092596,0.0026243060679831203
