id,probability_maraud,successful_mating,next_foraging_time,foraging_events,foraging_hrs,foraging_sqhrs,staying_events,staying_hrs,staying_sqhrs,repairing_events,repairing_hrs,repairing_sqhrs,marauding_events,marauding_hrs,marauding_sqhrs,traveling_events,traveling_hrs,traveling_sqhrs
0,0.0,6,359.9747840988536,571.0,69.91577966159608,14.641688451032973,1444.0,241.24954271724377,51.502332847574,299.0,48.84412489059316,10.33713615218411,0.0,0.0,0.0,0.0,0.0,0.0
1,0.054,11,359.96099516506325,568.0,67.2973116601699,12.855342565550608,1666.0,277.988872324487,58.631888534742465,75.0,12.185314359870215,2.5250695825038134,19.0,1.9000000000000006,0.1900000000000001,117.0,0.6353281534166672,0.003449930448921629
2,0.0,5,359.9767063320982,568.0,68.56347101926696,14.156748040546985,1428.0,242.97971087999738,51.96932209918703,290.0,48.64360578085365,10.321406894943316,0.0,0.0,0.0,0.0,0.0,0.0
3,0.054,11,359.8745931367964,566.0,67.61614818556681,13.16536537961804,1525.0,259.61834102640057,55.61130362351313,169.0,30.48147969299397,7.049632561144406,18.0,1.8000000000000005,0.1800000000000001,91.0,0.4941441193240744,0.0026832792380501566
4,0.0,9,359.97945542135875,574.0,69.84889526560181,13.81030376096435,1296.0,223.40798451963576,48.502925249544106,400.0,66.95188449338991,14.443225460295015,0.0,0.0,0.0,0.0,0.0,0.0
5,0.0,12,360.0663561721322,577.0,66.20481301591418,12.51735186440434,1609.0,275.54382360204625,59.32916017212365,108.0,18.349804221975823,4.040049092608701,0.0,0.0,0.0,0.0,0.0,0.0
