id,probability_maraud,successful_mating,next_foraging_time,foraging_events,foraging_hrs,foraging_sqhrs,staying_events,staying_hrs,staying_sqhrs,repairing_events,repairing_hrs,repairing_sqhrs,marauding_events,marauding_hrs,marauding_sqhrs,traveling_events,traveling_hrs,traveling_sqhrs
0,0.0,5,360.6230292122981,569.0,71.38227966037104,14.326525419417226,1374.0,233.75577407835505,50.38023268427107,340.0,54.940883659694045,11.108383136777423,0.0,0.0,0.0,0.0,0.0,0.0
1,0.0,11,359.9122927973846,571.0,67.79846867427308,14.242356894031428,1521.0,255.90352648508554,54.978959519053646,230.0,36.3122658704517,7.469978599682178,0.0,0.0,0.0,0.0,0.0,0.0
2,0.054,8,359.98164076327527,559.0,67.23218827172713,13.424901260567369,1520.0,260.3396488245381,56.998563553701345,170.0,30.384061844853907,6.780370981040998,16.0,1.6000000000000003,0.1600000000000001,91.0,0.4941441193240744,0.0026832792380501566
3,0.054,13,359.9747967407721,567.0,71.46648300132559,14.62745939746012,1565.0,261.58105660962076,55.70901833876371,141.0,24.497822274576656,5.188046898158349,19.0,1.9000000000000006,0.1900000000000001,107.0,0.581026601842593,0.0031550645985864473
4,0.0,9,360.63869997778494,568.0,72.29889444515366,15.724876803291073,1571.0,263.1527414875767,55.528186895306064,148.0,24.733270667811432,5.104321168524808,0.0,0.0,0.0,0.0,0.0,0.0
5,0.0,8,360.3242524076923,558.0,70.24565167568701,13.970244742339583,1443.0,246.81170263407623,52.48412362703304,250.0,42.982569122141115,9.489001340285093,0.0,0.0,0.0,0.0,0.0,0.0
