id,probability_maraud,successful_mating,next_foraging_time,foraging_events,foraging_hrs,foraging_sqhrs,staying_events,staying_hrs,staying_sqhrs,repairing_events,repairing_hrs,repairing_sqhrs,marauding_events,marauding_hrs,marauding_sqhrs,traveling_events,traveling_hrs,traveling_sqhrs
0,0.054,35,360.21816212366844,562.0,71.65971523613216,15.792192525381564,1248.0,207.91737381952842,43.91140734657102,476.0,79.16665646045963,16.83243446898676,9.0,0.8999999999999999,0.09000000000000002,72.0,0.3909711713333336,0.0021230341224133115
1,0.0,19,360.3589610247976,568.0,69.49872201009389,14.224810989636152,1428.0,241.15360674651336,51.77979981530649,278.0,49.45418242114637,10.727151667723762,0.0,0.0,0.0,0.0,0.0,0.0
2,0.0,0,359.7905167532078,557.0,74.53445328702686,15.755620160207815,1713.0,285.4835352392144,60.64040891516706,0.0,0.0,0.0,0.0,0.0,0.0,0.0,0.0,0.0
3,0.054,0,360.5545759304443,583.0,69.53524243772473,13.848361592584633,1720.0,288.7536642221984,61.509996831924134,0.0,0.0,0.0,13.0,1.3,0.13000000000000006,93.0,0.5050044296388893,0.002742252408117193
4,0.0,0,359.97450407760147,567.0,73.61155783499257,15.17076427824092,1703.0,286.5515180711676,61.03405014661594,0.0,0.0,0.0,0.0,0.0,0.0,0.0,0.0,0.0
5,0.0,0,360.1049184058176,565.0,72.0201613863215,14.742952192106877,1700.0,288.0394694583146,61.870658536083326,0.0,0.0,0.0,0.0,0.0,0.0,0.0,0.0,0.0
