id,probability_maraud,successful_mating,next_foraging_time,foraging_events,foraging_hrs,foraging_sqhrs,staying_events,staying_hrs,staying_sqhrs,repairing_events,repairing_hrs,repairing_sqhrs,marauding_events,marauding_hrs,marauding_sqhrs,traveling_events,traveling_hrs,traveling_sqhrs
0,0.0,24,360.5054589110308,572.0,70.78695421015222,15.471735927686005,1041.0,172.93744518495063,36.71744852651522,703.0,116.30862909090953,24.87690065983954,0.0,0.0,0.0,0.0,0.0,0.0
1,0.0,30,360.1772439250337,550.0,75.25624585290207,17.28348042820285,1663.0,284.851561395664,61.216431833030455,0.0,0.0,0.0,0.0,0.0,0.0,0.0,0.0,0.0
2,0.0,0,360.2937984417868,565.0,75.49494935173426,16.879721616126776,1672.0,284.74862361834465,61.43508716834516,0.0,0.0,0.0,0.0,0.0,0.0,0.0,0.0,0.0
3,0.054,0,360.16446272967886,574.0,66.71285632604648,13.529978642596543,1702.0,291.77037591924994,63.26360176533139,0.0,0.0,0.0,11.0,1.0999999999999999,0.11000000000000004,87.0,0.4724234986944448,0.002565332897916084
4,0.054,0,359.82059722178604,562.0,73.83443429782017,15.932783685999418,1691.0,284.9220514398153,60.887815029882645,0.0,0.0,0.0,8.0,0.7999999999999999,0.08000000000000002,95.0,0.5158647399537041,0.0028012255781842293
5,0.0,0,360.3385936065725,569.0,68.49503903541323,13.61401778081203,1728.0,291.54543002714087,62.23047655433447,0.0,0.0,0.0,0.0,0.0,0.0,0.0,0.0,0.0
