id,probability_maraud,successful_mating,next_foraging_time,foraging_events,foraging_hrs,foraging_sqhrs,staying_events,staying_hrs,staying_sqhrs,repairing_events,repairing_hrs,repairing_sqhrs,marauding_events,marauding_hrs,marauding_sqhrs,traveling_events,traveling_hrs,traveling_sqhrs
0,0.054,5,360.2283244050112,569.0,76.27595743775541,15.930157226290358,1551.0,262.7632941516475,55.38870684739068,106.0,18.591708820684673,4.095715752936625,20.0,2.0000000000000004,0.20000000000000012,84.0,0.45613303322222254,0.0024768731428155295
1,0.0,13,359.96429951684974,571.0,70.55517491379628,14.96135107247798,1508.0,252.82636897134338,54.364227274408584,207.0,36.66705867830894,8.134375308623978,0.0,0.0,0.0,0.0,0.0,0.0
2,0.054,12,360.38324251195655,569.0,71.41738203400092,14.569279785678033,1608.0,274.5871220102485,59.13464408354336,70.0,12.176092465653387,2.657907665044165,14.0,1.4000000000000001,0.14000000000000007,84.0,0.45613303322222254,0.0024768731428155295
3,0.0,12,360.3130141173775,565.0,70.21796908474137,14.970655895009926,1533.0,259.28018498945795,55.213735159837185,172.0,30.583562406471792,6.888402312962061,0.0,0.0,0.0,0.0,0.0,0.0
4,0.0,8,360.1518625223071,564.0,66.46845336831126,13.01266752443353,1435.0,244.36543891668356,52.6207324432447,283.0,49.194499924340306,10.806748494080377,0.0,0.0,0.0,0.0,0.0,0.0
5,0.0,4,360.2794074148732,573.0,68.0224588558209,13.875948820325606,1352.0,230.89856156410303,49.632932226835486,352.0,61.13430524190391,13.040936331589371,0.0,0.0,0.0,0.0,0.0,0.0
