id,probability_maraud,successful_mating,next_foraging_time,foraging_events,foraging_hrs,foraging_sqhrs,staying_events,staying_hrs,staying_sqhrs,repairing_events,repairing_hrs,repairing_sqhrs,marauding_events,marauding_hrs,marauding_sqhrs,traveling_events,traveling_hrs,traveling_sqhrs
0,0.054,7,360.4521839603735,568.0,74.2654417906835,15.99244413037728,1607.0,271.2955704666728,57.95135585193905,73.0,12.204893669546447,2.5141333695107875,17.0,1.7000000000000004,0.1700000000000001,99.0,0.5375853605833337,0.002919171918318302
1,0.0,12,360.75001559586724,563.0,72.39773475291611,15.963066918796677,1441.0,251.27914264606338,55.21128565080668,223.0,36.75797488773665,7.983241544184956,0.0,0.0,0.0,0.0,0.0,0.0
2,0.0,11,360.28891516163833,555.0,69.11458520057064,14.319387406389785,1565.0,266.6426470792511,57.63628081685973,146.0,24.326241634014544,5.245831930091462,0.0,0.0,0.0,0.0,0.0,0.0
3,0.054,11,360.0792891172717,574.0,68.36416423548249,13.22791728661386,1567.0,265.7014164419827,56.23155739685443,149.0,24.43816674166142,4.950966894981764,11.0,1.0999999999999999,0.11000000000000004,80.0,0.4344124125925929,0.002358926802681457
4,0.0,8,359.94963858455327,585.0,71.47901525920125,14.55695235625648,1561.0,264.21683388073524,56.256212738220285,136.0,24.392380920023545,5.541048588194032,0.0,0.0,0.0,0.0,0.0,0.0
5,0.0,5,360.389463086194,568.0,75.1033794658857,17.41561133294807,1396.0,239.7770191921214,52.0711517560616,268.0,45.33732907659172,9.723994405853214,0.0,0.0,0.0,0.0,0.0,0.0
