id,probability_maraud,successful_mating,next_foraging_time,foraging_events,foraging_hrs,foraging_sqhrs,staying_events,staying_hrs,staying_sqhrs,repairing_events,repairing_hrs,repairing_sqhrs,marauding_events,marauding_hrs,marauding_sqhrs,traveling_events,traveling_hrs,traveling_sqhrs
0,0.0,8,360.2636981387805,553.0,74.25387126573318,16.314110791336283,1395.0,236.6118479245041,50.91630539744667,288.0,49.341963690635424,10.819461768191848,0.0,0.0,0.0,0.0,0.0,0.0
1,0.0,4,360.0775799911304,555.0,71.08922834228831,14.51564542845596,1577.0,264.6384128114428,56.015895645591044,140.0,24.3331103190266,5.171719003557409,0.0,0.0,0.0,0.0,0.0,0.0
2,0.054,8,360.1844722540532,568.0,71.59122420901075,15.656857484835614,1610.0,273.48442656958275,57.85652797045825,69.0,12.561497330559916,2.951737514671819,19.0,1.9000000000000006,0.1900000000000001,93.0,0.5050044296388893,0.002742252408117193
3,0.0,4,360.4020350366401,575.0,69.24692632470605,13.745955903791469,1394.0,234.62957538105218,50.22207127133089,346.0,56.170708170519,11.700183718796177,0.0,0.0,0.0,0.0,0.0,0.0
4,0.054,20,359.95449302797766,568.0,66.335539735713,13.120939424836916,1675.0,285.4822184521687,61.76083735238421,35.0,6.025443380888991,1.2401385510504916,17.0,1.7000000000000004,0.1700000000000001,97.0,0.5267250502685189,0.0028601987482512656
5,0.0,10,359.80191843708104,582.0,71.90395627047108,14.907408557108846,1348.0,226.00900241693628,48.21265291372608,355.0,62.14682301909058,13.833856830814915,0.0,0.0,0.0,0.0,0.0,0.0
