id,probability_maraud,successful_mating,next_foraging_time,foraging_events,foraging_hrs,foraging_sqhrs,staying_events,staying_hrs,staying_sqhrs,repairing_events,repairing_hrs,repairing_sqhrs,marauding_events,marauding_hrs,marauding_sqhrs,traveling_events,traveling_hrs,traveling_sqhrs
0,0.0,4,360.1272378549011,555.0,70.97660273285112,15.646547520507626,1425.0,246.16677118468442,53.285763261720035,246.0,42.89397657566938,9.403513852480392,0.0,0.0,0.0,0.0,0.0,0.0
1,0.0,12,360.3373584382475,552.0,75.94904589221458,17.886777837727152,1528.0,259.71431438481744,56.250606911355305,142.0,24.486587951246428,5.392535755611248,0.0,0.0,0.0,0.0,0.0,0.0
2,0.054,16,360.3357130255843,554.0,70.68988628148092,14.36855906489499,1700.0,287.67965984479395,61.93098402320642,0.0,0.0,0.0,12.0,1.2,0.12000000000000005,108.0,0.5864567570000004,0.0031845511836199655
3,0.0,8,360.0439870155147,564.0,73.81271515547444,16.41568381284164,1473.0,249.90897540204077,54.080202239320755,213.0,36.29172095869942,7.798533152042874,0.0,0.0,0.0,0.0,0.0,0.0
4,0.054,8,359.9839536519496,574.0,71.07507182000198,14.009962865565985,1568.0,269.2656317610267,58.63168345780894,104.0,18.03070240062513,3.910904706236043,11.0,1.0999999999999999,0.11000000000000004,100.0,0.5430155157407411,0.00294865850335182
5,0.0,6,360.16070494276244,555.0,66.80108095776087,14.303964287090642,1646.0,274.67208628738507,58.27418339773731,116.0,18.576887685866115,3.8845599918199647,0.0,0.0,0.0,0.0,0.0,0.0
