id,probability_maraud,successful_mating,next_foraging_time,foraging_events,foraging_hrs,foraging_sqhrs,staying_events,staying_hrs,staying_sqhrs,repairing_events,repairing_hrs,repairing_sqhrs,marauding_events,marauding_hrs,marauding_sqhrs,traveling_events,traveling_hrs,traveling_sqhrs
0,0.0,8,360.6868348849336,573.0,71.09244701922486,14.696908259770494,1482.0,252.74383755761525,53.924998211828104,204.0,36.47997757806834,7.864203039821676,0.0,0.0,0.0,0.0,0.0,0.0
1,0.0,12,360.4562193305164,573.0,68.0530122057372,13.376785539584446,1484.0,252.25714766199224,54.37105614068622,226.0,39.77561992741137,8.88547652685942,0.0,0.0,0.0,0.0,0.0,0.0
2,0.054,8,360.0839274687004,564.0,65.45100168826082,12.29849059662856,1566.0,267.31326444831143,57.1322947437913,143.0,24.55936456708381,5.409420814757571,23.0,2.3000000000000007,0.23000000000000015,87.0,0.4724234986944448,0.002565332897916084
3,0.054,8,360.11120506191645,562.0,71.1820785447561,15.413372744576657,1571.0,265.97289888681405,56.67765183955649,131.0,21.375748091203533,4.417989297424275,11.0,1.0999999999999999,0.11000000000000004,90.0,0.488713964166667,0.0026537926530166385
4,0.0,9,360.2542994308409,556.0,72.63384820376012,17.11207804679011,1383.0,238.6011122604886,52.30914121455334,290.0,48.849008411680316,10.329519433783158,0.0,0.0,0.0,0.0,0.0,0.0
5,0.0,9,360.36220426128045,562.0,73.44113801875383,16.111627797409813,1481.0,256.0333774595546,56.35011346318316,184.0,30.643781108068303,6.397071219314311,0.0,0.0,0.0,0.0,0.0,0.0
