id,probability_maraud,successful_mating,next_foraging_time,foraging_events,foraging_hrs,foraging_sqhrs,staying_events,staying_hrs,staying_sqhrs,repairing_events,repairing_hrs,repairing_sqhrs,marauding_events,marauding_hrs,marauding_sqhrs,traveling_events,traveling_hrs,traveling_sqhrs
0,0.0,20,359.7576817291998,571.0,70.24803686886094,15.13056488956005,892.0,149.7215291474426,31.874580001398712,804.0,140.05037140011882,30.828802044895486,0.0,0.0,0.0,0.0,0.0,0.0
1,0.054,34,360.39642924333947,577.0,71.37410399095161,15.036267122928441,1684.0,286.4634597397481,61.63831492845591,0.0,0.0,0.0,16.0,1.6000000000000003,0.1600000000000001,109.0,0.5918869121574079,0.0032140377686534836
2,0.0,0,359.8528178814323,572.0,71.33373480382265,14.449003374636524,1736.0,288.71598291212507,61.21160617033412,0.0,0.0,0.0,0.0,0.0,0.0,0.0,0.0,0.0
3,0.0,0,360.07660044893976,560.0,71.83726139369652,16.044811082832286,1733.0,288.34356537307156,61.67739592359825,0.0,0.0,0.0,0.0,0.0,0.0,0.0,0.0,0.0
4,0.054,0,360.4333569577533,570.0,70.15545038526545,14.786294421462635,1696.0,288.57668244091656,61.710791271057325,0.0,0.0,0.0,7.0,0.7,0.07,105.0,0.5701662915277782,0.003096091428519411
5,0.0,0,360.2784580233554,564.0,70.63878552578248,15.004989728702515,1697.0,289.4416692800067,61.69822976652558,0.0,0.0,0.0,0.0,0.0,0.0,0.0,0.0,0.0
