id,probability_maraud,successful_mating,next_foraging_time,foraging_events,foraging_hrs,foraging_sqhrs,staying_events,staying_hrs,staying_sqhrs,repairing_events,repairing_hrs,repairing_sqhrs,marauding_events,marauding_hrs,marauding_sqhrs,traveling_events,traveling_hrs,traveling_sqhrs
0,0.0,32,360.2970354499041,566.0,71.25236637378795,14.591594726105654,1078.0,190.81903856239643,41.800069777993926,572.0,97.95429359054322,21.054626900552115,0.0,0.0,0.0,0.0,0.0,0.0
1,0.0,22,359.896159198543,578.0,70.96250941523692,13.873625646557718,1705.0,289.0789787173313,62.531658569545804,0.0,0.0,0.0,0.0,0.0,0.0,0.0,0.0,0.0
2,0.0,0,359.8245381944106,558.0,70.75373187808572,15.230338566602748,1697.0,289.2527659579145,62.50179997860503,0.0,0.0,0.0,0.0,0.0,0.0,0.0,0.0,0.0
3,0.0,0,360.5854268083837,557.0,72.94341316889077,16.25406509797273,1728.0,287.1288768766676,61.06485206016565,0.0,0.0,0.0,0.0,0.0,0.0,0.0,0.0,0.0
4,0.054,0,360.43455852485073,556.0,71.9656993584537,15.80445961943627,1691.0,287.08501337944546,61.294911328041074,0.0,0.0,0.0,7.0,0.7,0.07,96.0,0.5212948951111115,0.0028307121632177475
5,0.054,0,359.9071302599109,577.0,67.117115034155,12.712763008607753,1731.0,291.4595296385973,62.313295603901594,0.0,0.0,0.0,9.0,0.8999999999999999,0.09000000000000002,103.0,0.5593059812129634,0.0030371182584523746
