id,probability_maraud,successful_mating,next_foraging_time,foraging_events,foraging_hrs,foraging_sqhrs,staying_events,staying_hrs,staying_sqhrs,repairing_events,repairing_hrs,repairing_sqhrs,marauding_events,marauding_hrs,marauding_sqhrs,traveling_events,traveling_hrs,traveling_sqhrs
0,0.0,20,360.4501258094567,558.0,70.74054400812621,14.267286780565541,1004.0,167.17334195700553,35.66538267759946,744.0,122.13553933814799,25.195630698534472,0.0,0.0,0.0,0.0,0.0,0.0
1,0.054,34,360.02928123558615,573.0,72.21789222254185,15.405774378864734,1724.0,286.1397610243874,59.652985352282435,0.0,0.0,0.0,12.0,1.2,0.12000000000000005,95.0,0.5158647399537041,0.0028012255781842293
2,0.054,0,360.0631504941636,570.0,70.36272875536143,14.281472853566274,1681.0,288.36562215811506,62.42849364369593,0.0,0.0,0.0,8.0,0.7999999999999999,0.08000000000000002,94.0,0.5104345847962967,0.002771738993150711
3,0.0,0,360.23128494846367,570.0,72.39097747222682,15.324015801852196,1726.0,287.627187335276,60.67946507498161,0.0,0.0,0.0,0.0,0.0,0.0,0.0,0.0,0.0
4,0.0,0,359.8854396221609,561.0,69.98991496409846,14.234305797782687,1709.0,290.0764358132756,61.36089537236879,0.0,0.0,0.0,0.0,0.0,0.0,0.0,0.0,0.0
5,0.0,0,360.67443554753385,563.0,72.23699946556775,15.963945601892924,1727.0,287.80814093264195,60.64662217099297,0.0,0.0,0.0,0.0,0.0,0.0,0.0,0.0,0.0
