id,probability_maraud,successful_mating,next_foraging_time,foraging_events,foraging_hrs,foraging_sqhrs,staying_events,staying_hrs,staying_sqhrs,repairing_events,repairing_hrs,repairing_sqhrs,marauding_events,marauding_hrs,marauding_sqhrs,traveling_events,traveling_hrs,traveling_sqhrs
0,0.0,7,360.13139014622817,565.0,69.05097846235041,14.029218665264116,1491.0,248.12292668120674,52.51125222701694,249.0,42.82789914520362,9.371429676034863,0.0,0.0,0.0,0.0,0.0,0.0
1,0.0,10,359.9696130541425,574.0,70.26513995527162,14.228197287596556,1640.0,271.5795448591131,57.5066512707846,114.0,18.191647442042367,3.69476070646776,0.0,0.0,0.0,0.0,0.0,0.0
2,0.054,10,359.9591908283252,558.0,65.69709284651455,13.136973009853342,1570.0,268.07951344721573,57.101402972513625,136.0,24.51699592309532,5.39657703553497,13.0,1.3,0.13000000000000006,100.0,0.5430155157407411,0.00294865850335182
3,0.054,12,360.15374102105903,587.0,69.79016459765558,14.23216930112003,1611.0,270.04564880654294,57.65765771244345,111.0,18.285415345119233,3.7215324608889877,14.0,1.4000000000000001,0.14000000000000007,94.0,0.5104345847962967,0.002771738993150711
4,0.0,7,360.2467178459842,563.0,71.43895955057472,15.515923179015289,1699.0,282.57315886978466,60.31381057358731,35.0,6.1049631179923995,1.3269074718298546,0.0,0.0,0.0,0.0,0.0,0.0
5,0.0,8,360.5166773180802,563.0,71.30161163281636,15.143597782466443,1395.0,234.284584039507,49.94921765887328,325.0,54.546841810247265,11.561515427521824,0.0,0.0,0.0,0.0,0.0,0.0
