id,probability_maraud,successful_mating,next_foraging_time,foraging_events,foraging_hrs,foraging_sqhrs,staying_events,staying_hrs,staying_sqhrs,repairing_events,repairing_hrs,repairing_sqhrs,marauding_events,marauding_hrs,marauding_sqhrs,traveling_events,traveling_hrs,traveling_sqhrs
0,0.054,29,360.2654742019699,551.0,70.7659435213998,15.193155228721702,1270.0,210.11740904361915,44.405612772516406,463.0,78.01861918768941,17.017497012190113,10.0,0.9999999999999999,0.10000000000000003,71.0,0.3855410161759262,0.0020935475373797933
1,0.0,25,360.10347256150294,566.0,71.4218711459308,13.925477808186312,1326.0,227.19039043903,49.612205882948466,345.0,61.451812309968936,13.6127246195131,0.0,0.0,0.0,0.0,0.0,0.0
2,0.0,0,360.12383303982557,564.0,68.48873790952376,13.723029196849422,1742.0,291.54346307419615,62.210792735729484,0.0,0.0,0.0,0.0,0.0,0.0,0.0,0.0,0.0
3,0.0,0,360.0346826266972,564.0,70.35271893977497,14.417053008770795,1679.0,289.82424164881706,62.695714114467414,0.0,0.0,0.0,0.0,0.0,0.0,0.0,0.0,0.0
4,0.0,0,360.5988518596713,571.0,72.18309036193524,16.084495167491383,1678.0,287.8855572091889,62.48543399554695,0.0,0.0,0.0,0.0,0.0,0.0,0.0,0.0,0.0
5,0.054,0,360.4867505062298,565.0,69.9972778826971,15.219144529493157,1680.0,288.20713775193855,62.40798718290833,0.0,0.0,0.0,13.0,1.3,0.13000000000000006,101.0,0.5484456708981486,0.0029781450883853383
