id,probability_maraud,successful_mating,next_foraging_time,foraging_events,foraging_hrs,foraging_sqhrs,staying_events,staying_hrs,staying_sqhrs,repairing_events,repairing_hrs,repairing_sqhrs,marauding_events,marauding_hrs,marauding_sqhrs,traveling_events,traveling_hrs,traveling_sqhrs
0,0.0,33,360.46387460077443,567.0,72.61030242334856,16.122337303570227,1058.0,180.4082939989326,38.78181019843704,635.0,107.13017637644968,22.800472960999826,0.0,0.0,0.0,0.0,0.0,0.0
1,0.0,21,359.99534252171384,560.0,68.95080166384379,14.546152925934349,1675.0,291.2029270107455,63.90241711792446,0.0,0.0,0.0,0.0,0.0,0.0,0.0,0.0,0.0
2,0.054,0,360.43730948961866,570.0,69.7108701580123,14.08723333267994,1685.0,288.75411297107985,62.47525131908349,0.0,0.0,0.0,10.0,0.9999999999999999,0.10000000000000003,102.0,0.553875826055556,0.0030076316734188565
3,0.0,0,360.1915700925344,564.0,68.88112694019443,14.172290217195401,1721.0,291.2869539129087,62.86956184402931,0.0,0.0,0.0,0.0,0.0,0.0,0.0,0.0,0.0
4,0.054,0,360.02559482873056,559.0,69.77467232492205,14.445706289474659,1698.0,289.24419174174415,61.36066762298525,0.0,0.0,0.0,8.0,0.7999999999999999,0.08000000000000002,91.0,0.4941441193240744,0.0026832792380501566
5,0.0,0,360.0903313013571,562.0,70.05736497313698,14.539201313220293,1712.0,290.01062158961724,62.75864130917247,0.0,0.0,0.0,0.0,0.0,0.0,0.0,0.0,0.0
