id,probability_maraud,successful_mating,next_foraging_time,foraging_events,foraging_hrs,foraging_sqhrs,staying_events,staying_hrs,staying_sqhrs,repairing_events,repairing_hrs,repairing_sqhrs,marauding_events,marauding_hrs,marauding_sqhrs,traveling_events,traveling_hrs,traveling_sqhrs
0,0.054,37,360.0857156215959,558.0,67.88783393882709,13.578035425110654,1244.0,211.17975875335588,44.99911848913932,462.0,79.75603362325772,17.473557296159672,8.0,0.7999999999999999,0.08000000000000002,77.0,0.41812194712037065,0.0022704670475809023
1,0.0,17,359.89758145228086,563.0,71.3637218019692,14.27633871845142,1468.0,240.23831629344528,50.13430426510455,309.0,48.49543824503538,9.939416296485698,0.0,0.0,0.0,0.0,0.0,0.0
2,0.0,0,360.02350044255877,585.0,70.12884894279111,14.074085490940654,1724.0,289.94183812583987,61.50252815737092,0.0,0.0,0.0,0.0,0.0,0.0,0.0,0.0,0.0
3,0.0,0,359.8743741904913,573.0,71.36178512278192,14.41589093640738,1685.0,288.6509863605511,61.42145225670604,0.0,0.0,0.0,0.0,0.0,0.0,0.0,0.0,0.0
4,0.054,0,360.14306425348803,571.0,66.61361859185133,13.09647815804106,1687.0,291.7974354158225,63.77629104372637,0.0,0.0,0.0,13.0,1.3,0.13000000000000006,104.0,0.5647361363703708,0.003066604843485893
5,0.0,0,360.42123852760886,566.0,70.8144465379737,14.598323242857044,1725.0,289.20236523535243,62.01619293743084,0.0,0.0,0.0,0.0,0.0,0.0,0.0,0.0,0.0
