id,probability_maraud,successful_mating,next_foraging_time,foraging_events,foraging_hrs,foraging_sqhrs,staying_events,staying_hrs,staying_sqhrs,repairing_events,repairing_hrs,repairing_sqhrs,marauding_events,marauding_hrs,marauding_sqhrs,traveling_events,traveling_hrs,traveling_sqhrs
0,0.0,9,360.46920657251076,569.0,71.30748607422491,15.04644563724202,1330.0,227.75263593463322,49.460818531414134,352.0,61.061320740437914,13.41959238504531,0.0,0.0,0.0,0.0,0.0,0.0
1,0.0,10,360.0469189453723,573.0,71.45592419640971,14.828004626714502,1386.0,233.85409871893776,50.28557365819371,312.0,54.82765369221976,11.882075329567789,0.0,0.0,0.0,0.0,0.0,0.0
2,0.054,13,360.2486912027309,575.0,68.52212671992328,12.881075039338349,1622.0,277.3745251790437,59.61676530836883,78.0,12.377417466288883,2.461384318962216,15.0,1.5000000000000002,0.15000000000000008,89.0,0.4832838090092596,0.0026243060679831203
3,0.0,8,360.11942994169317,568.0,70.07862524602065,13.820634805959713,1389.0,241.17141812446704,52.347173020317314,299.0,48.775301094525204,10.247195799487262,0.0,0.0,0.0,0.0,0.0,0.0
4,0.0,7,360.14191011082687,563.0,73.7745337204304,15.634883447237204,1409.0,237.16682147889185,51.034484601142914,300.0,49.058777233214066,10.565718357824144,0.0,0.0,0.0,0.0,0.0,0.0
5,0.054,7,360.4796957758339,559.0,71.17753768958413,15.726188697621843,1597.0,273.66684275259206,59.18080806220127,76.0,12.139300955136198,2.3812928241028546,24.0,2.400000000000001,0.24000000000000016,114.0,0.6190376879444449,0.0033614706938210745
