id,probability_maraud,successful_mating,next_foraging_time,foraging_events,foraging_hrs,foraging_sqhrs,staying_events,staying_hrs,staying_sqhrs,repairing_events,repairing_hrs,repairing_sqhrs,marauding_events,marauding_hrs,marauding_sqhrs,traveling_events,traveling_hrs,traveling_sqhrs
0,0.054,39,360.1642532048899,572.0,71.69576888068491,15.056006520919077,1430.0,238.47256608422134,50.27925045063297,285.0,48.513690706816995,10.256917052964656,13.0,1.3,0.13000000000000006,70.0,0.38011086101851876,0.002064060952346275
1,0.054,15,360.0668270227925,571.0,73.03132967492782,14.606259938625984,1246.0,206.58608235205787,43.27815935751119,467.0,79.39270477650071,16.862463217454916,8.0,0.7999999999999999,0.08000000000000002,68.0,0.36925055070370394,0.002005087782279239
2,0.0,0,360.2380882141471,564.0,72.4564932305881,15.488936066531643,1720.0,287.65011290860144,61.51949837991558,0.0,0.0,0.0,0.0,0.0,0.0,0.0,0.0,0.0
3,0.0,0,360.5028749378526,579.0,65.82555583920829,12.310652766201953,1748.0,294.2036644528937,62.770625147840654,0.0,0.0,0.0,0.0,0.0,0.0,0.0,0.0,0.0
4,0.0,0,360.0371520629872,559.0,71.45573492186266,14.649842397206388,1725.0,288.66758666378075,60.63944633698719,0.0,0.0,0.0,0.0,0.0,0.0,0.0,0.0,0.0
5,0.0,0,359.94775677224055,558.0,66.86415713421174,13.900510910064916,1765.0,293.2511441001071,62.25880776137828,0.0,0.0,0.0,0.0,0.0,0.0,0.0,0.0,0.0
