id,probability_maraud,successful_mating,next_foraging_time,foraging_events,foraging_hrs,foraging_sqhrs,staying_events,staying_hrs,staying_sqhrs,repairing_events,repairing_hrs,repairing_sqhrs,marauding_events,marauding_hrs,marauding_sqhrs,traveling_events,traveling_hrs,traveling_sqhrs
0,0.0,10,360.26559197584226,559.0,74.2559186743621,16.151135501311547,1362.0,230.72478574134269,49.81798914979148,327.0,55.0431083657377,11.669068098486875,0.0,0.0,0.0,0.0,0.0,0.0
1,0.054,9,360.138461078882,561.0,72.82014828842192,15.683338021271425,1532.0,261.57427890484996,56.64085408535034,149.0,24.503465784289034,5.163707564603687,8.0,0.7999999999999999,0.08000000000000002,88.0,0.4778536538518522,0.002594819482949602
2,0.0,8,360.51879340635486,564.0,69.04189832627844,13.764176175714478,1578.0,266.5910298946532,56.967123972770075,134.0,24.42106492191527,5.486709454907682,0.0,0.0,0.0,0.0,0.0,0.0
3,0.0,6,360.21118652791324,584.0,66.0597075627816,12.662482048855528,1559.0,263.22273376852024,56.47517812824154,193.0,30.83568856847042,6.303127627896844,0.0,0.0,0.0,0.0,0.0,0.0
4,0.054,8,360.3912408054019,578.0,68.94520882744264,13.601375880407991,1682.0,282.5741978434091,61.13583527583723,41.0,6.105348554916028,1.181887933786591,20.0,2.0000000000000004,0.20000000000000012,112.0,0.6081773776296301,0.003302497523754038
5,0.0,13,359.9181929454474,561.0,68.8749698600828,13.608044625897806,1557.0,260.8917268759599,55.652680542284706,173.0,30.360621429751347,6.5413591540302845,0.0,0.0,0.0,0.0,0.0,0.0
