id,probability_maraud,successful_mating,next_foraging_time,foraging_events,foraging_hrs,foraging_sqhrs,staying_events,staying_hrs,staying_sqhrs,repairing_events,repairing_hrs,repairing_sqhrs,marauding_events,marauding_hrs,marauding_sqhrs,traveling_events,traveling_hrs,traveling_sqhrs
0,0.0,9,360.1884300780296,564.0,68.31878814907691,13.499280090285405,1503.0,261.40443227512657,57.43978052642632,187.0,30.514513079747516,6.384229064280288,0.0,0.0,0.0,0.0,0.0,0.0
1,0.054,7,360.1125494317826,571.0,72.13735765821905,15.113660572218341,1626.0,273.46992950487044,58.34687932256375,68.0,12.169315840386883,2.841654409943422,18.0,1.8000000000000005,0.1800000000000001,80.0,0.4344124125925929,0.002358926802681457
2,0.054,9,359.92824389888176,558.0,71.06911555628317,14.862542475056339,1537.0,256.70600768638457,54.780249821378355,174.0,30.402792857880655,6.542271475348135,14.0,1.4000000000000001,0.14000000000000007,80.0,0.4344124125925929,0.002358926802681457
3,0.0,10,360.4507816102287,560.0,75.10577313551943,15.610828516745368,1432.0,248.37175907649925,54.123930578990205,203.0,36.73873817567733,8.288933764934264,0.0,0.0,0.0,0.0,0.0,0.0
4,0.0,8,360.1057440172465,551.0,71.90899446894646,16.588363589182624,1384.0,233.109300504697,49.598733236757866,339.0,54.99272736787652,11.478942892874247,0.0,0.0,0.0,0.0,0.0,0.0
5,0.0,11,360.2015265827831,566.0,68.99470473582866,13.993609914814881,1560.0,260.6425952632651,55.358921433027454,182.0,30.4439423763548,6.593245845560207,0.0,0.0,0.0,0.0,0.0,0.0
