id,probability_maraud,successful_mating,next_foraging_time,foraging_events,foraging_hrs,foraging_sqhrs,staying_events,staying_hrs,staying_sqhrs,repairing_events,repairing_hrs,repairing_sqhrs,marauding_events,marauding_hrs,marauding_sqhrs,traveling_events,traveling_hrs,traveling_sqhrs
0,0.054,13,360.4173940393968,576.0,70.89754412282826,14.256156656060679,1599.0,268.6272258651615,56.46736768948396,110.0,18.49377218891896,3.9829650323207884,16.0,1.6000000000000003,0.1600000000000001,82.0,0.4452727229074077,0.002417899972748493
1,0.0,9,359.99923832869314,571.0,70.49941020503738,14.390527667102845,1528.0,259.065328209175,55.71531107273432,185.0,30.572027000664818,6.086545461193134,0.0,0.0,0.0,0.0,0.0,0.0
2,0.0,8,360.4448404576454,561.0,73.79725696449324,15.967974584545184,1530.0,261.8587414511811,56.30683968869554,142.0,24.3990739348545,5.4739469175684645,0.0,0.0,0.0,0.0,0.0,0.0
3,0.0,8,360.589659777479,579.0,70.64684763281153,14.09137114641096,1598.0,271.32527929310874,58.18462958228044,120.0,18.283054002800505,3.8858018840763027,0.0,0.0,0.0,0.0,0.0,0.0
4,0.0,8,360.4320938862244,564.0,75.67220467631752,16.561265879279567,1445.0,248.06926855721395,53.451687293186204,202.0,36.43198525942437,7.98869774657525,0.0,0.0,0.0,0.0,0.0,0.0
5,0.054,8,360.3883925420778,568.0,68.47642599714072,14.259691674648694,1480.0,253.6010830197902,54.54508915746508,225.0,36.502396816451935,7.555869374842232,11.0,1.0999999999999999,0.11000000000000004,82.0,0.4452727229074077,0.002417899972748493
