id,probability_maraud,successful_mating,next_foraging_time,foraging_events,foraging_hrs,foraging_sqhrs,staying_events,staying_hrs,staying_sqhrs,repairing_events,repairing_hrs,repairing_sqhrs,marauding_events,marauding_hrs,marauding_sqhrs,traveling_events,traveling_hrs,traveling_sqhrs
0,0.0,13,360.30309451795324,561.0,71.0246846673127,15.278456498880596,1597.0,276.8398330325997,60.554913083392904,72.0,12.34550697393878,2.7021635819787746,0.0,0.0,0.0,0.0,0.0,0.0
1,0.0,8,360.09946441605325,558.0,72.22957169073095,16.161082985629623,1440.0,245.23475778531497,52.705738949952305,251.0,42.53878776732733,9.080123274244041,0.0,0.0,0.0,0.0,0.0,0.0
2,0.054,7,360.399100162684,556.0,72.06003477941319,15.795484513009876,1507.0,255.63904166585132,55.04463438174835,187.0,30.707525870013054,6.50848474778492,12.0,1.2,0.12000000000000005,91.0,0.4941441193240744,0.0026832792380501566
3,0.0,12,360.23192130999706,548.0,73.86112566470972,16.346965394041348,1398.0,244.19450806871987,53.42194910818623,257.0,42.01545214844649,8.948851090581906,0.0,0.0,0.0,0.0,0.0,0.0
4,0.0,2,360.2939306264939,570.0,68.22040496073178,13.67219004983325,1461.0,249.40251918572915,53.642266612067544,260.0,42.62006627741182,9.093897177387463,0.0,0.0,0.0,0.0,0.0,0.0
5,0.054,12,360.6842272376726,553.0,70.46924812037066,15.009856020226232,1579.0,275.2335714769759,60.56797796429961,69.0,12.147212955778,2.6972522304306756,18.0,1.8000000000000005,0.1800000000000001,97.0,0.5267250502685189,0.0028601987482512656
