id,probability_maraud,successful_mating,next_foraging_time,foraging_events,foraging_hrs,foraging_sqhrs,staying_events,staying_hrs,staying_sqhrs,repairing_events,repairing_hrs,repairing_sqhrs,marauding_events,marauding_hrs,marauding_sqhrs,traveling_events,traveling_hrs,traveling_sqhrs
0,0.0,24,359.87530286852564,563.0,72.78701860346361,15.664266048884123,872.0,152.63296194457058,33.60776776220855,786.0,134.69558281620894,29.268998132104507,0.0,0.0,0.0,0.0,0.0,0.0
1,0.0,30,359.9037125115036,549.0,70.54632375924487,14.8027586428808,1717.0,289.62628861763926,62.33934702422411,0.0,0.0,0.0,0.0,0.0,0.0,0.0,0.0,0.0
2,0.0,0,359.8030958843669,560.0,76.90603443742472,17.62840893988644,1674.0,283.1315989185957,60.99709555295717,0.0,0.0,0.0,0.0,0.0,0.0,0.0,0.0,0.0
3,0.0,0,360.259915291045,564.0,66.7671882638407,13.477604653179597,1753.0,293.55449942422024,61.62418844547712,0.0,0.0,0.0,0.0,0.0,0.0,0.0,0.0,0.0
4,0.054,0,360.3869248069979,554.0,69.9714847052319,15.252973036059538,1706.0,288.4312600109151,61.33546675768158,0.0,0.0,0.0,12.0,1.2,0.12000000000000005,91.0,0.4941441193240744,0.0026832792380501566
5,0.054,0,360.4067977988379,566.0,70.5772157054799,14.753631835683128,1698.0,288.0565216157304,62.144082089381364,0.0,0.0,0.0,10.0,0.9999999999999999,0.10000000000000003,89.0,0.4832838090092596,0.0026243060679831203
