id,probability_maraud,successful_mating,next_foraging_time,foraging_events,foraging_hrs,foraging_sqhrs,staying_events,staying_hrs,staying_sqhrs,repairing_events,repairing_hrs,repairing_sqhrs,marauding_events,marauding_hrs,marauding_sqhrs,traveling_events,traveling_hrs,traveling_sqhrs
0,0.0,17,360.0631870091191,574.0,66.42105080700819,12.68066151949079,877.0,145.54140449656055,30.913075074621744,907.0,148.16114841186055,31.08951518280547,0.0,0.0,0.0,0.0,0.0,0.0
1,0.0,37,359.9650770637415,568.0,70.55779195389994,14.55167003856973,1718.0,289.4508527554397,61.488244080297356,0.0,0.0,0.0,0.0,0.0,0.0,0.0,0.0,0.0
2,0.054,0,360.26235124388603,569.0,64.30807032225361,11.887095976716772,1720.0,294.2387585346509,63.7011191329007,0.0,0.0,0.0,10.0,0.9999999999999999,0.10000000000000003,119.0,0.646188463731482,0.0035089036189886653
3,0.054,0,360.29534620109735,573.0,71.11176887766317,14.388495769120055,1704.0,286.90831959515697,61.714358650664046,0.0,0.0,0.0,15.0,1.5000000000000002,0.15000000000000008,106.0,0.5755964466851856,0.003125578013552929
4,0.0,0,360.33161721228066,568.0,68.80996927956171,13.439740372613464,1665.0,291.2618561795348,63.146846196588044,0.0,0.0,0.0,0.0,0.0,0.0,0.0,0.0,0.0
5,0.0,0,359.9628080642674,573.0,68.8961556670225,14.078752902887505,1717.0,291.23392089501607,62.491934709661,0.0,0.0,0.0,0.0,0.0,0.0,0.0,0.0,0.0
