id,probability_maraud,successful_mating,next_foraging_time,foraging_events,foraging_hrs,foraging_sqhrs,staying_events,staying_hrs,staying_sqhrs,repairing_events,repairing_hrs,repairing_sqhrs,marauding_events,marauding_hrs,marauding_sqhrs,traveling_events,traveling_hrs,traveling_sqhrs
0,0.0,18,359.9345607558378,566.0,72.4245133168998,16.110683123761497,924.0,156.01053865572064,33.27289645423264,802.0,131.67020004726749,27.72336089477886,0.0,0.0,0.0,0.0,0.0,0.0
1,0.0,36,359.92450411989137,565.0,70.56328880633293,14.386323996973553,1745.0,289.55988902843,61.4229519322547,0.0,0.0,0.0,0.0,0.0,0.0,0.0,0.0,0.0
2,0.0,0,359.7819870144545,562.0,66.9466293607865,12.898268824587044,1732.0,293.0644250255709,62.86924873254061,0.0,0.0,0.0,0.0,0.0,0.0,0.0,0.0,0.0
3,0.054,0,360.60995111828805,564.0,69.3026779867755,13.876676305952277,1688.0,289.19403768231933,62.743636327281266,0.0,0.0,0.0,13.0,1.3,0.13000000000000006,93.0,0.5050044296388893,0.002742252408117193
4,0.054,0,360.30138369114354,569.0,73.6113201006994,15.832044028304157,1700.0,285.14010726692703,61.39208945460884,0.0,0.0,0.0,9.0,0.8999999999999999,0.09000000000000002,84.0,0.45613303322222254,0.0024768731428155295
5,0.0,0,360.18650042433484,568.0,67.5377396289466,13.104434128064987,1741.0,292.64115874493297,62.130520576468484,0.0,0.0,0.0,0.0,0.0,0.0,0.0,0.0,0.0
