id,probability_maraud,successful_mating,next_foraging_time,foraging_events,foraging_hrs,foraging_sqhrs,staying_events,staying_hrs,staying_sqhrs,repairing_events,repairing_hrs,repairing_sqhrs,marauding_events,marauding_hrs,marauding_sqhrs,traveling_events,traveling_hrs,traveling_sqhrs
0,0.054,9,360.09224282604174,574.0,69.34446102912986,13.476489037121985,1555.0,264.7616453208572,56.68969826327138,138.0,24.488257654810493,5.507241750616172,12.0,1.2,0.12000000000000005,64.0,0.3475299300740743,0.0018871414421451661
1,0.0,9,359.9032578867694,583.0,65.38453032466684,13.326958273781221,1640.0,270.1072845842811,57.76748470748923,137.0,24.522116615828782,5.453513252312552,0.0,0.0,0.0,0.0,0.0,0.0
2,0.054,9,360.25589752307894,586.0,67.1194632892208,12.642003920451689,1632.0,272.55685873065977,57.9197035711043,113.0,18.34711737884573,3.8752296496006813,16.0,1.6000000000000003,0.1600000000000001,99.0,0.5375853605833337,0.002919171918318302
3,0.0,7,360.06021814607664,564.0,70.17770753184453,14.96329336300372,1518.0,253.15336561386513,53.30387890070362,225.0,36.80961889433211,8.10746293942007,0.0,0.0,0.0,0.0,0.0,0.0
4,0.0,13,360.0475185726763,563.0,70.26905733255121,15.218024595072198,1500.0,253.10705810762926,53.827925512084384,221.0,36.73679058933572,7.463400773846452,0.0,0.0,0.0,0.0,0.0,0.0
5,0.0,7,360.27168687212213,557.0,72.43014103323532,15.914801040862594,1513.0,257.0365242198202,54.67091005184598,172.0,30.63778289936552,6.7092739082149855,0.0,0.0,0.0,0.0,0.0,0.0
