id,probability_maraud,successful_mating,next_foraging_time,foraging_events,foraging_hrs,foraging_sqhrs,staying_events,staying_hrs,staying_sqhrs,repairing_events,repairing_hrs,repairing_sqhrs,marauding_events,marauding_hrs,marauding_sqhrs,traveling_events,traveling_hrs,traveling_sqhrs
0,0.054,11,360.52558272014454,570.0,70.29909774141309,14.88751545651517,1542.0,263.1495107644296,57.18933746310343,141.0,24.386870640756307,5.001863268510486,19.0,1.9000000000000006,0.1900000000000001,76.0,0.41269179196296324,0.002240980462547384
1,0.0,9,359.98506445145154,560.0,71.50984137536817,15.357510203695652,1492.0,251.87522779157587,54.14592654695061,233.0,36.752243037773674,7.457838400905274,0.0,0.0,0.0,0.0,0.0,0.0
2,0.0,6,360.4619835468237,562.0,67.70065172933711,13.07788369505159,1452.0,249.90485240748538,54.09480504008499,252.0,42.46386395927532,8.992621125124058,0.0,0.0,0.0,0.0,0.0,0.0
3,0.0,6,360.3198970594662,567.0,71.81025722839858,15.625649016585761,1529.0,251.7689687145986,53.36343654380879,217.0,36.451496835636966,7.870814792463457,0.0,0.0,0.0,0.0,0.0,0.0
4,0.0,10,360.7204061958307,574.0,70.52377697492318,15.27715761143025,1470.0,246.86360953709598,52.6418942658328,233.0,42.63163753048515,9.854956173738941,0.0,0.0,0.0,0.0,0.0,0.0
5,0.054,12,359.91961850261276,566.0,71.4899865157767,15.209137358210366,1606.0,274.58684717067473,58.924566235840295,62.0,12.152288839116109,2.8752438747722446,13.0,1.3,0.13000000000000006,95.0,0.5158647399537041,0.0028012255781842293
