id,probability_maraud,successful_mating,next_foraging_time,foraging_events,foraging_hrs,foraging_sqhrs,staying_events,staying_hrs,staying_sqhrs,repairing_events,repairing_hrs,repairing_sqhrs,marauding_events,marauding_hrs,marauding_sqhrs,traveling_events,traveling_hrs,traveling_sqhrs
0,0.054,40,360.0717894442153,571.0,68.78462193998601,13.934310549322614,1260.0,210.40672899753375,44.28421526319418,468.0,79.20987807883091,16.623957121115073,13.0,1.3,0.13000000000000006,70.0,0.38011086101851876,0.002064060952346275
1,0.0,14,360.52486601925256,565.0,71.88431134059354,15.5682286298701,1227.0,208.51241454381938,45.08848308591843,480.0,79.62053079224691,16.929794623336747,0.0,0.0,0.0,0.0,0.0,0.0
2,0.054,0,360.2642729910766,560.0,72.95758159086776,16.23622179743944,1684.0,285.46394947416513,61.04482117974382,0.0,0.0,0.0,13.0,1.3,0.13000000000000006,92.0,0.49957427448148184,0.002712765823083675
3,0.0,0,360.0911969518609,570.0,68.16768264077788,13.611586574762779,1718.0,291.90281366424546,62.50034979934719,0.0,0.0,0.0,0.0,0.0,0.0,0.0,0.0,0.0
4,0.0,0,360.32754550252486,558.0,71.83004895880921,15.33802240134026,1699.0,288.2174836693934,61.68048611407256,0.0,0.0,0.0,0.0,0.0,0.0,0.0,0.0,0.0
5,0.0,0,360.3311197808321,576.0,69.42509165954874,14.021255307365214,1702.0,290.6273273482479,62.56348496295433,0.0,0.0,0.0,0.0,0.0,0.0,0.0,0.0,0.0
