id,probability_maraud,successful_mating,next_foraging_time,foraging_events,foraging_hrs,foraging_sqhrs,staying_events,staying_hrs,staying_sqhrs,repairing_events,repairing_hrs,repairing_sqhrs,marauding_events,marauding_hrs,marauding_sqhrs,traveling_events,traveling_hrs,traveling_sqhrs
0,0.0,20,360.24698359056066,571.0,69.96303347564078,13.557516805417658,1007.0,167.76222636975396,35.83485725084582,700.0,122.2779994565723,26.846914619911885,0.0,0.0,0.0,0.0,0.0,0.0
1,0.0,34,360.4579265019424,563.0,74.1053504237262,16.388293435991965,1708.0,286.0067066747753,60.61502874498892,0.0,0.0,0.0,0.0,0.0,0.0,0.0,0.0,0.0
2,0.054,0,360.7304503739639,584.0,74.11044605887655,16.15904028502453,1666.0,284.58646260778147,61.94533274340044,0.0,0.0,0.0,9.0,0.8999999999999999,0.09000000000000002,88.0,0.4778536538518522,0.002594819482949602
3,0.0,0,359.9817161227384,562.0,66.83637462481359,13.685679730253204,1697.0,293.23493743911473,64.29120992617732,0.0,0.0,0.0,0.0,0.0,0.0,0.0,0.0,0.0
4,0.054,0,360.69643444306325,553.0,71.55519111246674,15.394474700127569,1652.0,286.77864473339616,62.45124452328266,0.0,0.0,0.0,11.0,1.0999999999999999,0.11000000000000004,105.0,0.5701662915277782,0.003096091428519411
5,0.0,0,360.5345308764872,578.0,68.8577359016155,13.909519541960279,1738.0,291.3314288490304,62.38137790567919,0.0,0.0,0.0,0.0,0.0,0.0,0.0,0.0,0.0
