id,probability_maraud,successful_mating,next_foraging_time,foraging_events,foraging_hrs,foraging_sqhrs,staying_events,staying_hrs,staying_sqhrs,repairing_events,repairing_hrs,repairing_sqhrs,marauding_events,marauding_hrs,marauding_sqhrs,traveling_events,traveling_hrs,traveling_sqhrs
0,0.0,8,360.7792262633036,565.0,70.14940556322564,15.500774170850729,1465.0,246.70252575938585,52.401889721468294,252.0,43.23061749116818,9.359507701384931,0.0,0.0,0.0,0.0,0.0,0.0
1,0.0,11,359.835332887481,577.0,69.16538431160863,13.901509990836587,1437.0,241.96443297456597,51.75835213355006,297.0,48.893851894502376,10.023347986184394,0.0,0.0,0.0,0.0,0.0,0.0
2,0.054,11,359.8003388057915,572.0,73.40350204261878,15.780754497027038,1610.0,271.92679175706553,58.229941009635745,72.0,12.230398741225857,2.669398905220327,20.0,2.0000000000000004,0.20000000000000012,93.0,0.5050044296388893,0.002742252408117193
3,0.0,10,360.50567331582283,580.0,68.14537144611022,13.119565469165094,1534.0,261.4993897564224,56.46152720798946,190.0,30.42320917408902,6.288486958079645,0.0,0.0,0.0,0.0,0.0,0.0
4,0.054,7,360.5410504371198,579.0,70.1194861688372,14.28717871593211,1593.0,270.45856636590037,57.743258010302064,110.0,18.139775339663867,3.8665902013594304,9.0,0.8999999999999999,0.09000000000000002,90.0,0.488713964166667,0.0026537926530166385
5,0.0,7,360.1440126694042,567.0,70.79605455396828,14.481582402272782,1574.0,271.07244878022453,59.67657898790574,102.0,18.379189288434347,4.166704643133729,0.0,0.0,0.0,0.0,0.0,0.0
