id,probability_maraud,successful_mating,next_foraging_time,foraging_events,foraging_hrs,foraging_sqhrs,staying_events,staying_hrs,staying_sqhrs,repairing_events,repairing_hrs,repairing_sqhrs,marauding_events,marauding_hrs,marauding_sqhrs,traveling_events,traveling_hrs,traveling_sqhrs
0,0.0,26,360.14653167805113,548.0,71.16268559006114,14.605256524164755,962.0,166.66878489033684,36.29167877499811,715.0,122.30056734265304,26.730197198212114,0.0,0.0,0.0,0.0,0.0,0.0
1,0.054,28,359.9556437868704,565.0,71.1129228989124,14.722789419256678,1691.0,287.82021479780644,61.436838030591545,0.0,0.0,0.0,7.0,0.7,0.07,81.0,0.4398425677500003,0.002388413387714975
2,0.054,0,359.9642982450943,554.0,71.52187276753118,15.32961734581936,1661.0,286.71187767364836,62.800868285707686,0.0,0.0,0.0,13.0,1.3,0.13000000000000006,106.0,0.5755964466851856,0.003125578013552929
3,0.0,0,360.0900312685671,560.0,72.26949855828579,15.001941187335452,1703.0,287.79300547994364,61.71895799277536,0.0,0.0,0.0,0.0,0.0,0.0,0.0,0.0,0.0
4,0.0,0,360.40028337449934,558.0,73.17187057508019,16.301085541647026,1716.0,286.93348399993164,61.16369271129044,0.0,0.0,0.0,0.0,0.0,0.0,0.0,0.0,0.0
5,0.0,0,360.32541290512836,565.0,69.94289069507806,14.0973752614318,1730.0,290.21551149792396,62.00131724718613,0.0,0.0,0.0,0.0,0.0,0.0,0.0,0.0,0.0
