id,probability_maraud,successful_mating,next_foraging_time,foraging_events,foraging_hrs,foraging_sqhrs,staying_events,staying_hrs,staying_sqhrs,repairing_events,repairing_hrs,repairing_sqhrs,marauding_events,marauding_hrs,marauding_sqhrs,traveling_events,traveling_hrs,traveling_sqhrs
0,0.054,11,359.9116484079982,564.0,73.16242541494809,15.528378068847381,1676.0,278.07378780852827,58.400793591141245,38.0,6.223707911941017,1.2650672015620417,21.0,2.1000000000000005,0.21000000000000013,94.0,0.5104345847962967,0.002771738993150711
1,0.0,8,360.3770582386979,570.0,70.22003600053537,14.09741310398756,1366.0,234.44513635094023,50.63055832391917,324.0,55.39150807923456,12.00518416423616,0.0,0.0,0.0,0.0,0.0,0.0
2,0.0,11,360.046845626068,573.0,69.68262454059331,14.138956617160824,1432.0,247.7813211704178,53.31459914553636,248.0,42.66482665060387,9.175890992531873,0.0,0.0,0.0,0.0,0.0,0.0
3,0.054,8,360.31772797713654,564.0,72.77969235232045,14.694157564506662,1543.0,255.00476972348898,54.33826966262941,165.0,30.320402361057273,6.89994777289317,15.0,1.5000000000000002,0.15000000000000008,101.0,0.5484456708981486,0.0029781450883853383
4,0.0,8,360.62070232472246,556.0,71.24327212605188,14.624465371437708,1376.0,234.19606025029364,50.20494909989024,303.0,54.652516372760886,12.218620540921865,0.0,0.0,0.0,0.0,0.0,0.0
5,0.0,8,360.01872896241696,565.0,66.57781353436725,12.50719662670442,1534.0,263.11045120149447,57.13012846553348,181.0,30.466160656160213,6.457318957898153,0.0,0.0,0.0,0.0,0.0,0.0
