id,probability_maraud,successful_mating,next_foraging_time,foraging_events,foraging_hrs,foraging_sqhrs,staying_events,staying_hrs,staying_sqhrs,repairing_events,repairing_hrs,repairing_sqhrs,marauding_events,marauding_hrs,marauding_sqhrs,traveling_events,traveling_hrs,traveling_sqhrs
0,0.0,20,360.1826258746041,581.0,72.58224549863714,15.047063081854903,1089.0,183.5881636256181,39.12007063141262,610.0,103.95014766420815,22.355831822797498,0.0,0.0,0.0,0.0,0.0,0.0
1,0.0,34,359.81756128204586,561.0,73.29868803638355,15.761307571984565,1695.0,286.72595088527805,61.098289938859224,0.0,0.0,0.0,0.0,0.0,0.0,0.0,0.0,0.0
2,0.054,0,360.35352235003234,549.0,74.15173172120473,16.93672952343355,1652.0,285.0590719515437,61.64534531395956,0.0,0.0,0.0,5.0,0.5,0.05000000000000001,88.0,0.4778536538518522,0.002594819482949602
3,0.054,0,360.15026041967064,566.0,68.86986666295522,13.870196447358689,1723.0,289.46519464657797,61.284551257338045,0.0,0.0,0.0,12.0,1.2,0.12000000000000005,94.0,0.5104345847962967,0.002771738993150711
4,0.0,0,360.00290085918647,554.0,72.07405237297164,15.203093194284497,1736.0,288.05136650587167,61.239030815819035,0.0,0.0,0.0,0.0,0.0,0.0,0.0,0.0,0.0
5,0.0,0,360.09515383105037,573.0,71.72852193488154,14.566124678758102,1669.0,288.418573089372,62.5263067925416,0.0,0.0,0.0,0.0,0.0,0.0,0.0,0.0,0.0
