id,probability_maraud,successful_mating,next_foraging_time,foraging_events,foraging_hrs,foraging_sqhrs,staying_events,staying_hrs,staying_sqhrs,repairing_events,repairing_hrs,repairing_sqhrs,marauding_events,marauding_hrs,marauding_sqhrs,traveling_events,traveling_hrs,traveling_sqhrs
0,0.054,29,360.1433841351514,556.0,69.42189844329685,14.105397018006933,1235.0,203.85126229000565,42.83737970576734,514.0,85.38306997735806,18.116473349679236,10.0,0.9999999999999999,0.10000000000000003,79.0,0.4289822574351855,0.0023294402176479386
1,0.0,25,360.444285410929,563.0,68.70320666405665,13.600596154938543,1338.0,230.19014846668705,49.636757727505845,344.0,61.115507099302945,13.375637095525397,0.0,0.0,0.0,0.0,0.0,0.0
2,0.0,0,360.2390048513324,555.0,71.62982816240284,15.591960943936117,1709.0,288.3984546308184,62.17551698790014,0.0,0.0,0.0,0.0,0.0,0.0,0.0,0.0,0.0
3,0.054,0,360.6445098294153,570.0,71.10187641466628,14.708832703493682,1691.0,287.1673953750972,61.26100089874015,0.0,0.0,0.0,14.0,1.4000000000000001,0.14000000000000007,95.0,0.5158647399537041,0.0028012255781842293
4,0.0,0,360.46297355021994,557.0,70.83290872405833,14.443945710019435,1704.0,289.20154785524596,62.29457958502983,0.0,0.0,0.0,0.0,0.0,0.0,0.0,0.0,0.0
5,0.0,0,360.4962766596638,558.0,73.83556929826399,15.86978721796087,1686.0,286.19423496514514,61.59312518330686,0.0,0.0,0.0,0.0,0.0,0.0,0.0,0.0,0.0
