id,probability_maraud,successful_mating,next_foraging_time,foraging_events,foraging_hrs,foraging_sqhrs,staying_events,staying_hrs,staying_sqhrs,repairing_events,repairing_hrs,repairing_sqhrs,marauding_events,marauding_hrs,marauding_sqhrs,traveling_events,traveling_hrs,traveling_sqhrs
0,0.0,8,360.1067005868805,569.0,67.96145785143526,13.485179212869653,1521.0,255.47297058393147,53.83117985332349,194.0,36.62065801386067,8.462450490127136,0.0,0.0,0.0,0.0,0.0,0.0
1,0.054,10,359.9456211001744,571.0,71.56076111948408,15.059249106114278,1584.0,268.188511079976,56.814960470131794,110.0,18.289112023757127,3.7964718033768294,16.0,1.6000000000000003,0.1600000000000001,89.0,0.4832838090092596,0.0026243060679831203
2,0.054,7,360.9384877101512,570.0,72.91286807818307,15.390633639428884,1470.0,248.0418408984413,53.740747208149656,220.0,36.691027412291874,7.864500039120637,22.0,2.2000000000000006,0.22000000000000014,97.0,0.5267250502685189,0.0028601987482512656
3,0.0,9,359.9651190558778,569.0,70.32902432017663,14.842263447635927,1464.0,247.0170026066954,52.26847724009421,249.0,42.74408277876206,9.165180228854986,0.0,0.0,0.0,0.0,0.0,0.0
4,0.0,8,359.9360046020083,560.0,71.3332095055313,15.45934754420053,1396.0,234.00369227912876,49.8541388451195,318.0,54.94488084718496,11.841872535593138,0.0,0.0,0.0,0.0,0.0,0.0
5,0.0,12,359.87922010280727,561.0,73.53114902833462,15.98218388940557,1438.0,243.89714391138673,53.00453552730179,248.0,42.67450484849154,9.434363391903606,0.0,0.0,0.0,0.0,0.0,0.0
