id,probability_maraud,successful_mating,next_foraging_time,foraging_events,foraging_hrs,foraging_sqhrs,staying_events,staying_hrs,staying_sqhrs,repairing_events,repairing_hrs,repairing_sqhrs,marauding_events,marauding_hrs,marauding_sqhrs,traveling_events,traveling_hrs,traveling_sqhrs
0,0.054,28,359.98245246046434,569.0,72.03598523585491,15.636446141382237,1259.0,213.6150343206114,45.4410908593114,440.0,73.1854832857813,15.39091062367621,8.0,0.7999999999999999,0.08000000000000002,67.0,0.3638203955462965,0.0019756011972457206
1,0.0,26,360.3614761739686,564.0,71.96355481521802,15.57027128499267,1434.0,239.71624318696402,50.656957698366966,282.0,48.57227328861617,10.857908676056919,0.0,0.0,0.0,0.0,0.0,0.0
2,0.0,0,359.96523238372566,570.0,68.91509858487248,14.555822422835972,1711.0,291.34725753786194,62.87467436618579,0.0,0.0,0.0,0.0,0.0,0.0,0.0,0.0,0.0
3,0.0,0,359.9450294896453,574.0,69.77154560204991,13.836155294208556,1703.0,290.3411121761477,61.85425778138097,0.0,0.0,0.0,0.0,0.0,0.0,0.0,0.0,0.0
4,0.054,0,360.0157815021466,581.0,68.02354116931717,13.551583212065605,1736.0,290.42860609915755,61.07460134937524,0.0,0.0,0.0,12.0,1.2,0.12000000000000005,103.0,0.5593059812129634,0.0030371182584523746
5,0.0,0,360.5601052012102,555.0,72.14599568714966,15.880940505143805,1737.0,287.85475489634894,61.160796362839406,0.0,0.0,0.0,0.0,0.0,0.0,0.0,0.0,0.0
