id,probability_maraud,successful_mating,next_foraging_time,foraging_events,foraging_hrs,foraging_sqhrs,staying_events,staying_hrs,staying_sqhrs,repairing_events,repairing_hrs,repairing_sqhrs,marauding_events,marauding_hrs,marauding_sqhrs,traveling_events,traveling_hrs,traveling_sqhrs
0,0.0,9,360.15190512386835,563.0,72.38498873909063,15.163943506233474,1519.0,257.15740296736084,54.357788640823486,186.0,30.467048760653327,6.616903033180026,0.0,0.0,0.0,0.0,0.0,0.0
1,0.054,6,360.7198885266239,569.0,73.91112641101097,15.250905657832115,1495.0,254.03020880150217,54.73236518814718,185.0,30.2968952400996,6.298358949961236,13.0,1.3,0.13000000000000006,98.0,0.5321552054259263,0.002889685333284784
2,0.0,6,360.0355851314854,567.0,69.95862362418895,14.186262103935137,1502.0,247.58242232844023,52.32019331524879,259.0,42.69861175531558,9.028156262532521,0.0,0.0,0.0,0.0,0.0,0.0
3,0.054,10,360.3233379700721,571.0,71.82036017678632,14.879357675791457,1621.0,274.0331909309768,58.46856226222013,75.0,12.129384416967682,2.682902757888003,17.0,1.7000000000000004,0.1700000000000001,92.0,0.49957427448148184,0.002712765823083675
4,0.0,13,360.300493915312,564.0,71.78878630043812,15.19484507928109,1527.0,257.9009110960481,54.68862863332709,175.0,30.42020335045962,6.702570999469545,0.0,0.0,0.0,0.0,0.0,0.0
5,0.0,10,360.77933235243967,564.0,73.41727374439316,15.38381362613833,1454.0,250.20725267351514,54.0591951160707,217.0,36.661339698690995,7.806396621925534,0.0,0.0,0.0,0.0,0.0,0.0
