id,probability_maraud,successful_mating,next_foraging_time,foraging_events,foraging_hrs,foraging_sqhrs,staying_events,staying_hrs,staying_sqhrs,repairing_events,repairing_hrs,repairing_sqhrs,marauding_events,marauding_hrs,marauding_sqhrs,traveling_events,traveling_hrs,traveling_sqhrs
0,0.0,11,359.7302624367729,553.0,74.40875706066143,16.73599759868875,1577.0,260.78471945783554,54.46355558689554,151.0,24.848762160499927,5.129225302432096,0.0,0.0,0.0,0.0,0.0,0.0
1,0.0,11,360.13723920608186,561.0,69.38600086563308,14.729809352355772,1520.0,260.12969465164895,56.21247224409797,181.0,30.535476690447542,6.421679404608291,0.0,0.0,0.0,0.0,0.0,0.0
2,0.0,7,359.90373034112747,570.0,75.73195516198466,17.143061244899634,1445.0,247.52519519150053,53.265414360739676,216.0,36.87150415702204,7.818781362957193,0.0,0.0,0.0,0.0,0.0,0.0
3,0.054,11,360.41814302792284,570.0,73.36593656477136,16.016499346329535,1622.0,278.71895242134804,59.910843371066186,40.0,6.022894278913346,1.078313681469562,16.0,1.6000000000000003,0.1600000000000001,94.0,0.5104345847962967,0.002771738993150711
4,0.054,7,360.03029125299844,574.0,69.92169390866005,13.878476871730536,1499.0,251.93593770023787,53.780299496479934,217.0,36.55509002808717,7.659221828257602,12.0,1.2,0.12000000000000005,84.0,0.45613303322222254,0.0024768731428155295
5,0.0,7,360.6810233472369,564.0,70.37329108929188,14.943690596569482,1497.0,253.352944683252,54.459084083207365,209.0,36.366073640582435,8.082343553816726,0.0,0.0,0.0,0.0,0.0,0.0
