id,probability_maraud,successful_mating,next_foraging_time,foraging_events,foraging_hrs,foraging_sqhrs,staying_events,staying_hrs,staying_sqhrs,repairing_events,repairing_hrs,repairing_sqhrs,marauding_events,marauding_hrs,marauding_sqhrs,traveling_events,traveling_hrs,traveling_sqhrs
0,0.0,9,360.14007809897646,560.0,69.7684985239145,14.881473621502547,1626.0,272.08839975603235,58.38146393922713,106.0,18.202716555321118,3.8264211250869984,0.0,0.0,0.0,0.0,0.0,0.0
1,0.054,8,360.56911638422486,564.0,74.43936022488795,16.63048755691453,1647.0,277.4297438100385,59.25414917054377,46.0,7.320818404194306,1.4067443275516964,4.0,0.4,0.04000000000000001,89.0,0.4832838090092596,0.0026243060679831203
2,0.0,7,360.2474299131173,560.0,68.25831876253991,13.840580242302387,1482.0,255.24341654305812,55.26201767947236,228.0,36.503148760966475,7.57564463868639,0.0,0.0,0.0,0.0,0.0,0.0
3,0.0,12,360.2990987063959,571.0,72.99338313432904,15.532042512703057,1646.0,281.2322475623416,60.52441570468407,32.0,6.0650100018390045,1.3685262687719029,0.0,0.0,0.0,0.0,0.0,0.0
4,0.054,11,359.9070359988604,561.0,69.19273310685527,14.379039487769651,1704.0,289.2991576737886,62.42834438730445,0.0,0.0,0.0,11.0,1.0999999999999999,0.11000000000000004,83.0,0.4507028780648151,0.0024473865577820113
5,0.0,7,360.5238533919395,566.0,71.23750604954199,15.084351790764014,1584.0,270.7002008465873,58.32849079267968,109.0,18.102958687186955,3.8051191991787383,0.0,0.0,0.0,0.0,0.0,0.0
