id,probability_maraud,successful_mating,next_foraging_time,foraging_events,foraging_hrs,foraging_sqhrs,staying_events,staying_hrs,staying_sqhrs,repairing_events,repairing_hrs,repairing_sqhrs,marauding_events,marauding_hrs,marauding_sqhrs,traveling_events,traveling_hrs,traveling_sqhrs
0,0.0,17,360.0762806451607,554.0,72.01463384448438,15.61277599749958,896.0,154.02999039752052,33.35091640168825,777.0,134.0323494492752,28.982267665362325,0.0,0.0,0.0,0.0,0.0,0.0
1,0.0,37,360.39057019326344,561.0,71.10209103564792,14.549394729475365,1704.0,288.92266346055345,61.729732401290136,0.0,0.0,0.0,0.0,0.0,0.0,0.0,0.0,0.0
2,0.0,0,359.80712895218113,555.0,69.84997222503203,14.512557089400488,1767.0,290.1554036925166,59.92685518733953,0.0,0.0,0.0,0.0,0.0,0.0,0.0,0.0,0.0
3,0.054,0,360.218291350181,562.0,71.5132173773112,15.161785036101705,1703.0,286.87515571384375,61.63123875241928,0.0,0.0,0.0,11.0,1.0999999999999999,0.11000000000000004,104.0,0.5647361363703708,0.003066604843485893
4,0.054,0,360.2245272571578,580.0,69.46606064312374,14.359127231579054,1715.0,288.8692157579952,61.472573403876524,0.0,0.0,0.0,11.0,1.0999999999999999,0.11000000000000004,107.0,0.581026601842593,0.0031550645985864473
5,0.0,0,360.3398745132879,575.0,67.52220388729138,13.19777177333998,1681.0,292.5933211033189,64.51469803423858,0.0,0.0,0.0,0.0,0.0,0.0,0.0,0.0,0.0
