id,probability_maraud,successful_mating,next_foraging_time,foraging_events,foraging_hrs,foraging_sqhrs,staying_events,staying_hrs,staying_sqhrs,repairing_events,repairing_hrs,repairing_sqhrs,marauding_events,marauding_hrs,marauding_sqhrs,traveling_events,traveling_hrs,traveling_sqhrs
0,0.0,27,360.04109103791916,564.0,71.98882398553361,15.416647062226957,952.0,159.47004616591892,34.03506569607387,743.0,128.56401159828485,27.731086706289233,0.0,0.0,0.0,0.0,0.0,0.0
1,0.054,27,360.15450525507475,560.0,72.23267872869855,15.611990043068422,1679.0,285.98496650326746,61.27492157862218,0.0,0.0,0.0,13.0,1.3,0.13000000000000006,91.0,0.4941441193240744,0.0026832792380501566
2,0.0,0,360.38732248489396,565.0,69.8894889563793,14.965131731016546,1733.0,290.2312504589967,62.54871472033955,0.0,0.0,0.0,0.0,0.0,0.0,0.0,0.0,0.0
3,0.0,0,360.16137917212257,565.0,75.2966578053731,16.92488146485297,1642.0,284.7497759970686,61.70604324737511,0.0,0.0,0.0,0.0,0.0,0.0,0.0,0.0,0.0
4,0.0,0,360.0877388508534,576.0,68.8342457206926,13.80318398716739,1703.0,291.2098560890395,62.3553273236928,0.0,0.0,0.0,0.0,0.0,0.0,0.0,0.0,0.0
5,0.054,0,359.9479557259901,576.0,69.21304871029963,13.622561627872772,1729.0,289.44478036814957,61.66332875065245,0.0,0.0,0.0,9.0,0.8999999999999999,0.09000000000000002,94.0,0.5104345847962967,0.002771738993150711
