id,probability_maraud,successful_mating,next_foraging_time,foraging_events,foraging_hrs,foraging_sqhrs,staying_events,staying_hrs,staying_sqhrs,repairing_events,repairing_hrs,repairing_sqhrs,marauding_events,marauding_hrs,marauding_sqhrs,traveling_events,traveling_hrs,traveling_sqhrs
0,0.0,24,360.07544025882635,552.0,71.37248532055688,14.964845056803549,970.0,166.96671301346595,35.98608018995837,717.0,121.72501307367915,26.0258249061518,0.0,0.0,0.0,0.0,0.0,0.0
1,0.054,30,360.5245206292925,567.0,71.6680704270691,14.914042234036486,1706.0,286.82322126686853,60.854879108552566,0.0,0.0,0.0,11.0,1.0999999999999999,0.11000000000000004,91.0,0.4941441193240744,0.0026832792380501566
2,0.0,0,360.5466040936095,569.0,69.74393493159889,14.228536064721585,1680.0,290.330833644484,63.31686972723998,0.0,0.0,0.0,0.0,0.0,0.0,0.0,0.0,0.0
3,0.0,0,360.1355615409492,563.0,71.13042449237965,14.81288370713726,1681.0,288.9437374452699,62.754397012689296,0.0,0.0,0.0,0.0,0.0,0.0,0.0,0.0,0.0
4,0.054,0,359.9029332717604,570.0,65.60841244759052,12.746721873680782,1718.0,292.94310523263533,63.483137706915905,0.0,0.0,0.0,9.0,0.8999999999999999,0.09000000000000002,104.0,0.5647361363703708,0.003066604843485893
5,0.0,0,360.36449424742557,578.0,71.4066279283558,13.792637807140226,1689.0,288.7940497126947,62.24774177483806,0.0,0.0,0.0,0.0,0.0,0.0,0.0,0.0,0.0
