id,probability_maraud,successful_mating,next_foraging_time,foraging_events,foraging_hrs,foraging_sqhrs,staying_events,staying_hrs,staying_sqhrs,repairing_events,repairing_hrs,repairing_sqhrs,marauding_events,marauding_hrs,marauding_sqhrs,traveling_events,traveling_hrs,traveling_sqhrs
0,0.0,9,360.8856236661767,552.0,72.67183632708631,15.589405414184773,1531.0,256.7391305660356,55.23558088853607,169.0,30.691958715326656,6.891663704654145,0.0,0.0,0.0,0.0,0.0,0.0
1,0.054,5,360.24776370314504,558.0,69.54735711659691,15.119114228523227,1606.0,277.123023905094,60.36841527956223,71.0,12.144216278304565,2.5851285916233984,10.0,0.9999999999999999,0.10000000000000003,83.0,0.4507028780648151,0.0024473865577820113
2,0.0,4,360.3564445293321,563.0,67.92799330907167,13.562854070288456,1573.0,273.8698423507502,59.80544605944985,98.0,18.385141113270368,4.154160653901782,0.0,0.0,0.0,0.0,0.0,0.0
3,0.0,9,360.5077720078253,560.0,69.60592791638666,13.384492562966443,1634.0,277.99977397999794,59.46490998676779,71.0,12.471214867694579,2.779896917265307,0.0,0.0,0.0,0.0,0.0,0.0
4,0.0,14,360.0951760774192,561.0,68.57900191146143,14.565231390094151,1514.0,254.64021936706595,54.380577944372654,207.0,36.85731609659448,8.1094859691468,0.0,0.0,0.0,0.0,0.0,0.0
5,0.054,13,360.3451326085665,561.0,70.83250980631826,15.326827105487888,1604.0,269.26540226906167,57.870743314788825,100.0,18.548461148190462,4.223540039431731,11.0,1.0999999999999999,0.11000000000000004,96.0,0.5212948951111115,0.0028307121632177475
