id,probability_maraud,successful_mating,next_foraging_time,foraging_events,foraging_hrs,foraging_sqhrs,staying_events,staying_hrs,staying_sqhrs,repairing_events,repairing_hrs,repairing_sqhrs,marauding_events,marauding_hrs,marauding_sqhrs,traveling_events,traveling_hrs,traveling_sqhrs
0,0.0,14,360.0906096706051,555.0,72.09363422935377,16.220915573881662,757.0,122.90549821485133,25.707789195293934,977.0,165.03763781441793,35.7389196052056,0.0,0.0,0.0,0.0,0.0,0.0
1,0.0,40,360.0683437049037,569.0,67.07976295023919,12.63895966730668,1708.0,293.0499772777925,63.380930132904446,0.0,0.0,0.0,0.0,0.0,0.0,0.0,0.0,0.0
2,0.0,0,360.34684008749446,557.0,68.30697165142264,13.893282186237002,1700.0,292.0236133356537,63.16262109243219,0.0,0.0,0.0,0.0,0.0,0.0,0.0,0.0,0.0
3,0.054,0,360.38253467755277,574.0,69.09591865703456,13.73006976895554,1703.0,289.3269178607376,62.001079453656274,0.0,0.0,0.0,12.0,1.2,0.12000000000000005,93.0,0.5050044296388893,0.002742252408117193
4,0.0,0,359.9598403933718,570.0,69.6447096392649,13.48425095466279,1705.0,290.40470863213125,62.28288068099196,0.0,0.0,0.0,0.0,0.0,0.0,0.0,0.0,0.0
5,0.054,0,360.3194326998441,568.0,71.72840354487158,15.632129286659671,1699.0,286.5673049430231,61.190044246501415,0.0,0.0,0.0,15.0,1.5000000000000002,0.15000000000000008,97.0,0.5267250502685189,0.0028601987482512656
