id,probability_maraud,successful_mating,next_foraging_time,foraging_events,foraging_hrs,foraging_sqhrs,staying_events,staying_hrs,staying_sqhrs,repairing_events,repairing_hrs,repairing_sqhrs,marauding_events,marauding_hrs,marauding_sqhrs,traveling_events,traveling_hrs,traveling_sqhrs
0,0.054,31,360.4621378482226,569.0,71.14103667235612,14.245245612072758,940.0,159.4201316156664,34.250502358051506,755.0,128.67123061649536,27.580276146737962,6.0,0.6,0.06000000000000001,45.0,0.24435698208333348,0.001326896326508321
1,0.0,41,360.07819029487564,563.0,71.09115513402347,14.764731238050429,1490.0,252.2702632530928,53.555776724528855,204.0,36.66695648487973,8.163658220589332,0.0,0.0,0.0,0.0,0.0,0.0
2,0.0,0,360.184478277937,565.0,73.53963983137108,16.084582251967444,1711.0,286.56145624619614,61.254525074318494,0.0,0.0,0.0,0.0,0.0,0.0,0.0,0.0,0.0
3,0.054,0,359.87165443231305,556.0,72.8212642107316,15.40349548385523,1667.0,285.3963147558893,61.67143935950466,0.0,0.0,0.0,13.0,1.3,0.13000000000000006,90.0,0.488713964166667,0.0026537926530166385
4,0.0,0,360.4741843755097,569.0,70.02072471895013,13.65810325241822,1697.0,289.98907755361057,62.65299994273425,0.0,0.0,0.0,0.0,0.0,0.0,0.0,0.0,0.0
5,0.0,0,360.2568870736717,567.0,71.43687252966016,14.506904379990113,1715.0,288.69829613447325,61.46511052542759,0.0,0.0,0.0,0.0,0.0,0.0,0.0,0.0,0.0
6,0.054,0,360.21478233587993,559.0,72.61249769812162,15.517030177648586,1697.0,286.1752435227803,61.58853267684935,0.0,0.0,0.0,8.0,0.7999999999999999,0.08000000000000002,92.0,0.49957427448148184,0.002712765823083675
7,0.0,0,359.9374591130584,562.0,73.15476351713474,14.701266550022899,1682.0,286.86899196462633,61.536602127607935,0.0,0.0,0.0,0.0,0.0,0.0,0.0,0.0,0.0
