id,probability_maraud,successful_mating,next_foraging_time,foraging_events,foraging_hrs,foraging_sqhrs,staying_events,staying_hrs,staying_sqhrs,repairing_events,repairing_hrs,repairing_sqhrs,marauding_events,marauding_hrs,marauding_sqhrs,traveling_events,traveling_hrs,traveling_sqhrs
0,0.054,32,360.3487594574999,581.0,70.99642115602681,14.25982504771209,1099.0,184.374113351045,39.06763651420777,628.0,103.71045312158,22.16578974097163,7.0,0.7,0.07,55.0,0.2986585336574076,0.0016217621768435026
1,0.0,40,359.842328316526,570.0,66.42616045427008,12.851602946793,1441.0,251.02367214291925,54.960669230038754,241.0,42.57183596422444,9.315344850816924,0.0,0.0,0.0,0.0,0.0,0.0
2,0.054,0,359.89145892460965,557.0,72.55794880116144,15.686079370824178,1723.0,286.4668354965077,60.221035783993585,0.0,0.0,0.0,5.0,0.5,0.05000000000000001,98.0,0.5321552054259263,0.002889685333284784
3,0.0,0,359.99582412680314,569.0,74.30420216735347,16.68597900265042,1702.0,285.72848531026864,60.735908893616866,0.0,0.0,0.0,0.0,0.0,0.0,0.0,0.0,0.0
4,0.054,0,360.3744266266791,566.0,68.64619809427214,13.584425929408654,1691.0,289.9285050458885,62.71124955395057,0.0,0.0,0.0,12.0,1.2,0.12000000000000005,76.0,0.41269179196296324,0.002240980462547384
5,0.0,0,360.05915784007044,566.0,72.55412800820416,15.113256030215416,1693.0,287.5458287876166,61.730115345693,0.0,0.0,0.0,0.0,0.0,0.0,0.0,0.0,0.0
6,0.0,0,360.1499229556536,557.0,73.0073003928347,16.010116700576216,1728.0,287.1462204442171,60.67932776462639,0.0,0.0,0.0,0.0,0.0,0.0,0.0,0.0,0.0
7,0.0,0,360.11428905556534,565.0,70.15659343256154,14.945423189469865,1701.0,289.904401493422,62.52131023169638,0.0,0.0,0.0,0.0,0.0,0.0,0.0,0.0,0.0
