id,probability_maraud,successful_mating,next_foraging_time,foraging_events,foraging_hrs,foraging_sqhrs,staying_events,staying_hrs,staying_sqhrs,repairing_events,repairing_hrs,repairing_sqhrs,marauding_events,marauding_hrs,marauding_sqhrs,traveling_events,traveling_hrs,traveling_sqhrs
0,0.054,8,360.3508020048386,566.0,71.38151190737078,14.331523344428463,1658.0,280.39930621271606,59.44230528211595,33.0,6.017731382282346,1.3151245598004049,18.0,1.8000000000000005,0.1800000000000001,114.0,0.6190376879444449,0.0033614706938210745
1,0.0,6,359.9564494576666,560.0,73.16801023611832,15.55862686050585,1489.0,250.26685387212396,53.49095453690395,212.0,36.57277161567034,8.022542411029582,0.0,0.0,0.0,0.0,0.0,0.0
2,0.054,11,360.04464237854165,566.0,73.32608987268523,16.227478526777304,1523.0,261.12126004994605,56.42541798165885,146.0,24.237021519194354,5.0839732650382565,10.0,0.9999999999999999,0.10000000000000003,67.0,0.3638203955462965,0.0019756011972457206
3,0.0,11,360.4076986949163,550.0,71.59155688482019,16.358863244865628,1536.0,257.4290208755836,54.753721209018366,185.0,31.21961639023884,6.516491647867533,0.0,0.0,0.0,0.0,0.0,0.0
4,0.0,7,360.39280319490933,564.0,69.8138515290317,15.756663156993492,1486.0,253.64234491450006,54.904355131697024,215.0,36.60183272387899,7.797002543292212,0.0,0.0,0.0,0.0,0.0,0.0
5,0.0,9,360.13060979654375,567.0,65.70577309713747,12.981494465480038,1421.0,239.6120045275972,50.460147475437196,311.0,54.84938903405298,12.009074914511762,0.0,0.0,0.0,0.0,0.0,0.0
6,0.0,12,360.19593436470024,556.0,70.10425171021508,14.863886775404367,1623.0,271.793503130283,57.653038050971475,105.0,18.162477382974227,3.958199803818873,0.0,0.0,0.0,0.0,0.0,0.0
7,0.054,8,360.0243826433219,563.0,68.86347355728834,14.708023652314779,1536.0,258.77776251176965,56.191441347530294,185.0,30.939547726236338,6.620467363593638,12.0,1.2,0.12000000000000005,73.0,0.396401326490741,0.0021525207074468296
