id,probability_maraud,successful_mating,next_foraging_time,foraging_events,foraging_hrs,foraging_sqhrs,staying_events,staying_hrs,staying_sqhrs,repairing_events,repairing_hrs,repairing_sqhrs,marauding_events,marauding_hrs,marauding_sqhrs,traveling_events,traveling_hrs,traveling_sqhrs
0,0.0,9,360.63243411064775,557.0,70.815540990605,15.261048616894035,1414.0,233.89296346110777,49.1564725589968,324.0,55.35649469186177,12.063798233097394,0.0,0.0,0.0,0.0,0.0,0.0
1,0.0,8,360.26032166457884,577.0,74.7592585985585,15.808512867341772,1404.0,236.13322565123303,50.079768680402104,287.0,49.12372704143106,10.582220400092972,0.0,0.0,0.0,0.0,0.0,0.0
2,0.0,5,360.55183868015433,584.0,71.07698312873565,14.196739628050233,1425.0,240.6022591519011,51.22688192352877,293.0,48.580191141031406,10.264478636197126,0.0,0.0,0.0,0.0,0.0,0.0
3,0.0,9,359.9528104026332,575.0,72.6039043478527,16.08765680078012,1561.0,262.9434870199843,56.48536559337086,144.0,24.51509074460633,5.291111656004581,0.0,0.0,0.0,0.0,0.0,0.0
4,0.054,15,360.0257331254896,583.0,70.2581195235847,13.953084254811435,1475.0,251.0349101295153,53.44920079612921,223.0,36.649701777668476,7.795173023164851,18.0,1.8000000000000005,0.1800000000000001,69.0,0.37468070586111135,0.002034574367312757
5,0.054,11,360.17081149989167,565.0,70.0566626775965,14.511849205881127,1505.0,251.61087583276034,54.44741172262318,226.0,36.32990842627275,7.38447151342972,16.0,1.6000000000000003,0.1600000000000001,79.0,0.4289822574351855,0.0023294402176479386
6,0.0,5,360.7346871300512,569.0,69.62461978464705,14.004041127609499,1515.0,251.34667676996932,52.461426834961436,228.0,39.163280562397915,8.464671755854534,0.0,0.0,0.0,0.0,0.0,0.0
7,0.054,10,359.93592028295564,561.0,73.73761172818249,15.57890443380814,1498.0,253.42518519586747,54.24110815439472,187.0,30.49750892917979,6.26692176873766,19.0,1.9000000000000006,0.1900000000000001,84.0,0.45613303322222254,0.0024768731428155295
