id,probability_maraud,successful_mating,next_foraging_time,foraging_events,foraging_hrs,foraging_sqhrs,staying_events,staying_hrs,staying_sqhrs,repairing_events,repairing_hrs,repairing_sqhrs,marauding_events,marauding_hrs,marauding_sqhrs,traveling_events,traveling_hrs,traveling_sqhrs
0,0.0,7,359.78972398225096,574.0,71.6357323496179,14.594101436439653,1478.0,245.27812338026717,51.6292180894073,254.0,43.102376159242496,9.157182032461304,0.0,0.0,0.0,0.0,0.0,0.0
1,0.0,9,360.59144801322986,557.0,68.12756207363006,13.455640843850572,1381.0,236.79339867118244,51.48211333945615,320.0,55.09984395314497,12.053318226134133,0.0,0.0,0.0,0.0,0.0,0.0
2,0.054,7,359.9583844435618,561.0,72.0063424763814,15.537468779649945,1597.0,273.83545120189734,59.408767952088795,72.0,12.173433349783524,2.5787046118232584,15.0,1.5000000000000002,0.15000000000000008,100.0,0.5430155157407411,0.00294865850335182
3,0.054,15,360.4497853419527,568.0,74.03739605966909,16.01916361344934,1463.0,253.85862468300212,55.49115525879424,179.0,30.328218326787315,6.305565681053961,14.0,1.4000000000000001,0.14000000000000007,90.0,0.488713964166667,0.0026537926530166385
4,0.0,8,360.3652916722816,561.0,70.75121727173143,15.57678851389302,1512.0,252.85824238900778,53.42530375937391,207.0,36.49280705809814,8.172954817804042,0.0,0.0,0.0,0.0,0.0,0.0
5,0.054,11,360.7393351633792,558.0,73.7778885010666,15.653513749493042,1610.0,265.652310929629,56.0114838581105,106.0,18.410444077448446,3.971897226883348,17.0,1.7000000000000004,0.1700000000000001,93.0,0.5050044296388893,0.002742252408117193
6,0.0,5,360.6729935823142,566.0,71.29113195226478,14.9415730246011,1491.0,252.43520060118507,54.42456523592695,214.0,36.44274025449386,7.776342194618006,0.0,0.0,0.0,0.0,0.0,0.0
7,0.0,10,360.06340316484733,571.0,70.65048485484172,15.106414831330145,1432.0,245.64110986866945,52.84785867503819,251.0,43.91389220712518,9.993935993224197,0.0,0.0,0.0,0.0,0.0,0.0
