id,probability_maraud,successful_mating,next_foraging_time,foraging_events,foraging_hrs,foraging_sqhrs,staying_events,staying_hrs,staying_sqhrs,repairing_events,repairing_hrs,repairing_sqhrs,marauding_events,marauding_hrs,marauding_sqhrs,traveling_events,traveling_hrs,traveling_sqhrs
0,0.0,29,360.1312414802994,577.0,69.24359398555991,12.834624213830836,625.0,103.67664235085833,21.74337260926159,1074.0,187.13758645243252,41.380017508802,0.0,0.0,0.0,0.0,0.0,0.0
1,0.054,43,360.02084708699675,558.0,66.65103894158703,12.655102546553326,1701.0,292.1564664984096,63.15274193095455,0.0,0.0,0.0,7.0,0.7,0.07,92.0,0.49957427448148184,0.002712765823083675
2,0.054,0,360.4305541721366,566.0,71.44140258701054,15.244877523101323,1714.0,287.08604686007675,61.19170216031332,0.0,0.0,0.0,10.0,0.9999999999999999,0.10000000000000003,101.0,0.5484456708981486,0.0029781450883853383
3,0.0,0,360.34495396881806,561.0,68.16448877756059,13.013596989705544,1728.0,291.9423620796711,62.829158538875895,0.0,0.0,0.0,0.0,0.0,0.0,0.0,0.0,0.0
4,0.0,0,360.3047605172743,557.0,71.56819091436793,14.61541878240125,1685.0,288.44368382887683,61.046133473582984,0.0,0.0,0.0,0.0,0.0,0.0,0.0,0.0,0.0
5,0.0,0,360.542513308902,567.0,72.27652961882185,15.353153129910583,1697.0,287.90754088588756,62.59276156428145,0.0,0.0,0.0,0.0,0.0,0.0,0.0,0.0,0.0
6,0.054,0,359.96249739431113,577.0,72.18982680405709,14.07417006199325,1685.0,285.9464165155957,61.258599668456256,0.0,0.0,0.0,14.0,1.4000000000000001,0.14000000000000007,109.0,0.5918869121574079,0.0032140377686534836
7,0.0,0,360.16774806851254,558.0,74.24142487257453,17.16763892960129,1688.0,285.7789665790664,61.551711190890934,0.0,0.0,0.0,0.0,0.0,0.0,0.0,0.0,0.0
