id,probability_maraud,successful_mating,next_foraging_time,foraging_events,foraging_hrs,foraging_sqhrs,staying_events,staying_hrs,staying_sqhrs,repairing_events,repairing_hrs,repairing_sqhrs,marauding_events,marauding_hrs,marauding_sqhrs,traveling_events,traveling_hrs,traveling_sqhrs
0,0.0,4,360.4897789311861,562.0,73.23795116813105,16.20869390770797,1311.0,220.03207960612033,47.06930722231302,408.0,66.96094700143178,14.038377429724973,0.0,0.0,0.0,0.0,0.0,0.0
1,0.0,8,359.9556562880264,565.0,70.33876445255449,14.165800788693451,1414.0,241.0167355428275,52.30825448494023,291.0,48.727974173136566,10.421220383343975,0.0,0.0,0.0,0.0,0.0,0.0
2,0.054,13,360.2867450672764,567.0,69.93278942403812,14.870217326657466,1394.0,238.5949356418924,51.907304301121144,305.0,49.34003739984919,10.094838670237229,16.0,1.6000000000000003,0.1600000000000001,99.0,0.5375853605833337,0.002919171918318302
3,0.0,9,360.00957592073684,562.0,69.88198864455927,15.160112174680371,1525.0,259.59057878503177,55.575161590019185,175.0,30.557706502588672,6.833938459028311,0.0,0.0,0.0,0.0,0.0,0.0
4,0.054,14,360.3178685487447,560.0,68.60694270672761,14.18466584353746,1535.0,258.967728388092,55.74301519371773,174.0,30.217438391680957,6.486093437249112,17.0,1.7000000000000004,0.1700000000000001,104.0,0.5647361363703708,0.003066604843485893
5,0.0,8,360.00991138515474,559.0,73.94629901525241,16.33848136534511,1510.0,255.75650238523215,54.71299697773849,175.0,30.407433777211818,6.499371890903607,0.0,0.0,0.0,0.0,0.0,0.0
6,0.0,7,359.93766023502263,565.0,69.38673595655702,14.136299385274034,1439.0,247.7937949237793,54.067027086189704,272.0,42.90776956355016,8.864120578583192,0.0,0.0,0.0,0.0,0.0,0.0
7,0.054,9,359.83855128986363,571.0,70.15283339484938,14.85009624948486,1698.0,287.8437260661619,61.159983230558176,0.0,0.0,0.0,16.0,1.6000000000000003,0.1600000000000001,101.0,0.5484456708981486,0.0029781450883853383
