id,probability_maraud,successful_mating,next_foraging_time,foraging_events,foraging_hrs,foraging_sqhrs,staying_events,staying_hrs,staying_sqhrs,repairing_events,repairing_hrs,repairing_sqhrs,marauding_events,marauding_hrs,marauding_sqhrs,traveling_events,traveling_hrs,traveling_sqhrs
0,0.054,7,360.0118128735313,566.0,69.268437875599,13.727233278442071,1523.0,264.0063154210958,57.40516833607626,148.0,24.32257332662178,4.924488434364516,20.0,2.0000000000000004,0.20000000000000012,84.0,0.45613303322222254,0.0024768731428155295
1,0.0,11,360.0245973212568,567.0,74.42885675834215,16.000933669072133,1480.0,249.14548643287497,53.23236684796598,209.0,36.5525763291241,8.035183270193318,0.0,0.0,0.0,0.0,0.0,0.0
2,0.0,12,359.64499777860055,568.0,68.38884662388111,13.758118423029055,1462.0,248.55388703961555,54.31576531759182,257.0,43.14516311203297,9.34635423079517,0.0,0.0,0.0,0.0,0.0,0.0
3,0.0,6,360.28346800598246,552.0,73.75347204849412,16.01335681328803,1396.0,236.87271575927997,51.14052610332616,293.0,49.61842084525632,10.287311617749708,0.0,0.0,0.0,0.0,0.0,0.0
4,0.0,7,360.4785271199807,561.0,74.17646537239737,15.723082547672648,1515.0,261.54114856732497,57.1572363644071,154.0,24.523481780023307,5.295430856607537,0.0,0.0,0.0,0.0,0.0,0.0
5,0.054,9,359.97362584600967,557.0,73.18185825675069,15.657476454175292,1446.0,241.99274723571958,51.079964195383404,243.0,43.21567111750014,9.731327600541249,12.0,1.2,0.12000000000000005,81.0,0.4398425677500003,0.002388413387714975
6,0.0,8,360.0510205739609,561.0,69.89253913355813,14.042356288680102,1442.0,247.59297587733928,53.991315204469,241.0,42.6046318392659,9.458027760441949,0.0,0.0,0.0,0.0,0.0,0.0
7,0.054,12,360.5554617954583,561.0,73.54808331767529,15.858703506254686,1546.0,260.3159170532531,55.57973760087367,143.0,24.083677749470432,5.197066200125009,16.0,1.6000000000000003,0.1600000000000001,95.0,0.5158647399537041,0.0028012255781842293
