id,probability_maraud,successful_mating,next_foraging_time,foraging_events,foraging_hrs,foraging_sqhrs,staying_events,staying_hrs,staying_sqhrs,repairing_events,repairing_hrs,repairing_sqhrs,marauding_events,marauding_hrs,marauding_sqhrs,traveling_events,traveling_hrs,traveling_sqhrs
0,0.0,25,360.01984229213525,576.0,69.91898482441512,14.23413480464492,769.0,131.30292717022667,28.25284889633637,939.0,158.81684422847147,33.73063050403618,0.0,0.0,0.0,0.0,0.0,0.0
1,0.054,47,360.4268607815133,560.0,68.20028572609105,14.620225871408474,1764.0,290.23366594301507,61.77632053798999,0.0,0.0,0.0,11.0,1.0999999999999999,0.11000000000000004,102.0,0.553875826055556,0.0030076316734188565
2,0.054,0,360.9582198819343,576.0,71.68021589354159,14.247313929169232,1712.0,287.413092434415,61.0953926405816,0.0,0.0,0.0,8.0,0.7999999999999999,0.08000000000000002,102.0,0.553875826055556,0.0030076316734188565
3,0.054,0,360.0064440906888,571.0,64.41548701059192,11.30284190886479,1741.0,294.4939979378802,63.51139730867652,0.0,0.0,0.0,7.0,0.7,0.07,79.0,0.4289822574351855,0.0023294402176479386
4,0.0,0,359.9470125900339,577.0,68.32772223895932,14.013941935618307,1739.0,291.80208552455144,61.89132560389463,0.0,0.0,0.0,0.0,0.0,0.0,0.0,0.0,0.0
5,0.0,0,360.245124743863,560.0,71.73398251288587,15.582506733597686,1708.0,288.49016531740534,61.32662807117662,0.0,0.0,0.0,0.0,0.0,0.0,0.0,0.0,0.0
6,0.0,0,360.24838671766213,565.0,71.49989236507082,14.43896739167772,1729.0,288.6239520483713,61.58551672136197,0.0,0.0,0.0,0.0,0.0,0.0,0.0,0.0,0.0
7,0.0,0,360.8185689436403,570.0,69.07857196405378,15.81133592769717,1750.0,291.2310184596941,62.33879088362225,0.0,0.0,0.0,0.0,0.0,0.0,0.0,0.0,0.0
