id,probability_maraud,successful_mating,next_foraging_time,foraging_events,foraging_hrs,foraging_sqhrs,staying_events,staying_hrs,staying_sqhrs,repairing_events,repairing_hrs,repairing_sqhrs,marauding_events,marauding_hrs,marauding_sqhrs,traveling_events,traveling_hrs,traveling_sqhrs
0,0.054,10,360.202012337273,567.0,72.13059608080043,15.1259659175393,1464.0,242.6947147792613,51.077333472459664,251.0,42.991383140737604,9.577448489063277,18.0,1.8000000000000005,0.1800000000000001,91.0,0.4941441193240744,0.0026832792380501566
1,0.0,10,360.6718225656658,559.0,70.77773268018305,15.218596983999495,1429.0,240.59845488010782,50.663855881112724,290.0,48.682094066812304,10.439832553443086,0.0,0.0,0.0,0.0,0.0,0.0
2,0.054,7,359.85209594453914,556.0,68.970590178191,14.221949036313855,1452.0,239.94243465905274,50.32640584084679,279.0,48.81592337942751,10.83738369817642,19.0,1.9000000000000006,0.1900000000000001,80.0,0.4344124125925929,0.002358926802681457
3,0.0,10,360.1044031777622,566.0,72.73662690159303,16.72258898108824,1411.0,232.9940832154913,48.816549617193,331.0,54.456640567461825,11.44291007417266,0.0,0.0,0.0,0.0,0.0,0.0
4,0.0,12,360.84905004836054,557.0,72.81427461669107,15.419680416954439,1524.0,262.1091055475637,56.81856659119263,150.0,25.154414621287966,5.568578805523906,0.0,0.0,0.0,0.0,0.0,0.0
5,0.0,7,359.76653044163356,571.0,68.48489155266051,13.937321719438547,1461.0,243.03751005090737,51.80634010708513,271.0,48.52987380255294,10.70803316248367,0.0,0.0,0.0,0.0,0.0,0.0
6,0.054,6,360.3996007103929,564.0,73.86809972136096,17.0016694020038,1563.0,265.82856640425814,56.931959335201825,100.0,18.411896525387526,4.080460063964808,16.0,1.6000000000000003,0.1600000000000001,97.0,0.5267250502685189,0.0028601987482512656
7,0.0,10,360.0160465906656,559.0,74.47100969823987,15.765372057694705,1494.0,254.11605349371663,54.95918549929985,187.0,31.446468463558908,6.657026179556968,0.0,0.0,0.0,0.0,0.0,0.0
