id,probability_maraud,successful_mating,next_foraging_time,foraging_events,foraging_hrs,foraging_sqhrs,staying_events,staying_hrs,staying_sqhrs,repairing_events,repairing_hrs,repairing_sqhrs,marauding_events,marauding_hrs,marauding_sqhrs,traveling_events,traveling_hrs,traveling_sqhrs
0,0.0,17,360.2891810219246,575.0,71.3913599573788,14.07361647966353,1503.0,252.37101456815483,52.96094961200234,221.0,36.35795706507329,7.440487998302367,0.0,0.0,0.0,0.0,0.0,0.0
1,0.0,7,360.1562636803865,560.0,72.17497194641521,15.033850007514888,1580.0,269.36420779273334,57.4634104429708,110.0,18.496032303856847,3.952484852804967,0.0,0.0,0.0,0.0,0.0,0.0
2,0.0,12,360.01786510318533,565.0,71.18052970585926,15.14872930815161,1399.0,233.1250009337613,49.34080875643089,313.0,55.873846019307045,12.423586770123118,0.0,0.0,0.0,0.0,0.0,0.0
3,0.0,16,360.0749921240438,569.0,66.82159864320391,13.678788352852255,1587.0,268.63219973584245,57.493828948272636,144.0,24.582810137623127,5.473138901596996,0.0,0.0,0.0,0.0,0.0,0.0
4,0.054,8,360.59687099560665,555.0,71.00047735740895,15.551652659625118,1642.0,274.8713733039762,58.89963769147186,70.0,12.192993814070542,2.8019338081095664,16.0,1.6000000000000003,0.1600000000000001,91.0,0.4941441193240744,0.0026832792380501566
5,0.054,2,360.6393393480024,560.0,68.30505372343245,13.61989369966837,1557.0,265.16238233507795,57.66560832256456,146.0,24.64182418035768,5.253359584141173,16.0,1.6000000000000003,0.1600000000000001,98.0,0.5321552054259263,0.002889685333284784
6,0.054,3,360.0561432169188,561.0,76.1174062313724,17.506386257978978,1355.0,226.85973291332292,48.48798266834758,318.0,55.653520351001134,12.320345938585229,11.0,1.0999999999999999,0.11000000000000004,83.0,0.4507028780648151,0.0024473865577820113
7,0.0,7,360.12183137744194,575.0,67.46080224304096,12.637048853862023,1498.0,261.9915007692077,57.525670989150335,177.0,30.726541825663865,6.7280381884682265,0.0,0.0,0.0,0.0,0.0,0.0
