id,probability_maraud,successful_mating,next_foraging_time,foraging_events,foraging_hrs,foraging_sqhrs,staying_events,staying_hrs,staying_sqhrs,repairing_events,repairing_hrs,repairing_sqhrs,marauding_events,marauding_hrs,marauding_sqhrs,traveling_events,traveling_hrs,traveling_sqhrs
0,0.0,11,359.9786650121106,574.0,68.45890363989177,13.226897772004637,1660.0,276.69425059359315,58.47009744552048,91.0,14.92279173749959,3.0839697265136445,0.0,0.0,0.0,0.0,0.0,0.0
1,0.054,13,360.02780933216366,562.0,68.93825808053079,13.383289935384779,1517.0,258.9603925890555,55.69377629613366,178.0,30.28374550646534,6.542640009549921,14.0,1.4000000000000001,0.14000000000000007,84.0,0.45613303322222254,0.0024768731428155295
2,0.0,5,360.6186374301011,565.0,70.97818522948234,14.56704696298136,1490.0,258.62443452922054,55.81670302569489,183.0,30.412699805634578,6.127493591940161,0.0,0.0,0.0,0.0,0.0,0.0
3,0.054,11,360.32239533191165,565.0,75.69325442022054,16.86448682588961,1522.0,257.68755874104966,55.10384084626827,140.0,24.527684979755715,5.2380464722229085,17.0,1.7000000000000004,0.1700000000000001,93.0,0.5050044296388893,0.002742252408117193
4,0.0,9,360.2063353350286,558.0,71.71187334240311,15.424146067337855,1521.0,257.85703686633525,55.729199382838424,183.0,30.60159876569641,6.409001751187156,0.0,0.0,0.0,0.0,0.0,0.0
5,0.0,9,360.1299913051082,552.0,70.9898940622023,15.425038721223263,1377.0,233.9252474071863,50.732405555188656,312.0,55.162943379205835,12.142874002507739,0.0,0.0,0.0,0.0,0.0,0.0
6,0.054,6,360.1356182340456,573.0,74.09928053271426,15.9079217155619,1597.0,266.6005927220501,56.23745934849633,105.0,18.075545691428093,3.8946068363200785,9.0,0.8999999999999999,0.09000000000000002,82.0,0.4452727229074077,0.002417899972748493
7,0.0,8,360.13242541006684,573.0,70.86444483725151,13.769047243921786,1497.0,252.80914436550188,53.937177182806764,240.0,36.56133566448412,7.3594290682279295,0.0,0.0,0.0,0.0,0.0,0.0
