id,probability_maraud,successful_mating,next_foraging_time,foraging_events,foraging_hrs,foraging_sqhrs,staying_events,staying_hrs,staying_sqhrs,repairing_events,repairing_hrs,repairing_sqhrs,marauding_events,marauding_hrs,marauding_sqhrs,traveling_events,traveling_hrs,traveling_sqhrs
0,0.0,18,360.1115204165306,567.0,71.93170291668028,14.58298381139427,588.0,99.83025140692949,21.784250981046814,1116.0,188.30053339461043,39.85948990677064,0.0,0.0,0.0,0.0,0.0,0.0
1,0.0,54,360.30476612907347,564.0,68.71130257421503,14.192415686740024,1738.0,291.44787356238567,62.369544123268646,0.0,0.0,0.0,0.0,0.0,0.0,0.0,0.0,0.0
2,0.0,0,360.18606324810185,560.0,69.21840436954646,13.695558596336955,1706.0,290.8916014979953,62.77625012595013,0.0,0.0,0.0,0.0,0.0,0.0,0.0,0.0,0.0
3,0.0,0,360.5185756360565,567.0,72.79643423737596,16.496150524488183,1682.0,287.24125881145017,61.61817242399964,0.0,0.0,0.0,0.0,0.0,0.0,0.0,0.0,0.0
4,0.054,0,360.0312181152596,576.0,69.2129397688479,13.74332255528252,1711.0,289.0808738213238,61.713216669843455,0.0,0.0,0.0,12.0,1.2,0.12000000000000005,101.0,0.5484456708981486,0.0029781450883853383
5,0.054,0,360.7344315464247,565.0,67.23630430697771,13.665619622199795,1699.0,291.38129450218395,62.62670504298522,0.0,0.0,0.0,10.0,0.9999999999999999,0.10000000000000003,78.0,0.42355210227777806,0.0022999536326144205
6,0.0,0,360.2707123612803,565.0,72.96533412788747,15.01379893709092,1694.0,287.0456708478222,61.60289947555256,0.0,0.0,0.0,0.0,0.0,0.0,0.0,0.0,0.0
7,0.054,0,360.0815095211872,571.0,72.23951439391926,15.45328644177534,1658.0,286.63259216848303,62.33103621457718,0.0,0.0,0.0,9.0,0.8999999999999999,0.09000000000000002,66.0,0.3583902403888891,0.0019461146122122025
