id,probability_maraud,successful_mating,next_foraging_time,foraging_events,foraging_hrs,foraging_sqhrs,staying_events,staying_hrs,staying_sqhrs,repairing_events,repairing_hrs,repairing_sqhrs,marauding_events,marauding_hrs,marauding_sqhrs,traveling_events,traveling_hrs,traveling_sqhrs
0,0.0,4,360.5213810124838,571.0,73.99896589205363,15.828717315154874,1342.0,231.10818412759372,49.68480323607264,340.0,54.89294767536894,11.219110791798576,0.0,0.0,0.0,0.0,0.0,0.0
1,0.054,14,359.9396529795508,565.0,71.29703164339682,15.599723983186507,1399.0,238.6786314651044,51.144709197446936,299.0,48.80136278635963,10.163227480954495,8.0,0.7999999999999999,0.08000000000000002,82.0,0.4452727229074077,0.002417899972748493
2,0.0,10,360.1193429461165,569.0,68.73465353414774,13.487779882763714,1493.0,254.80240291413946,55.82658965779126,226.0,36.675610410697935,7.585602422814806,0.0,0.0,0.0,0.0,0.0,0.0
3,0.054,7,360.2968915240484,575.0,69.82926439152162,14.1202769638149,1649.0,276.1567640360748,58.454967813234276,69.0,12.40634354140446,2.7060266190828743,12.0,1.2,0.12000000000000005,86.0,0.46699334353703736,0.002535846312882566
4,0.054,12,360.40667553183886,566.0,67.33387236894242,13.649087458273986,1705.0,283.23733581797023,60.28306276356902,32.0,6.009793243369989,1.3492476276490668,28.0,2.800000000000001,0.2800000000000002,120.0,0.6516186188888894,0.0035383902040221835
5,0.0,10,360.157338157932,579.0,70.36350647949709,14.160725013749262,1532.0,259.34628750557414,55.0720353875648,170.0,30.322328143100354,6.663957068438251,0.0,0.0,0.0,0.0,0.0,0.0
6,0.0,6,360.18322400586044,560.0,70.99448469168935,15.163407972561664,1452.0,243.40404923178693,51.784527378682085,267.0,45.6079528961914,9.607594633732154,0.0,0.0,0.0,0.0,0.0,0.0
7,0.0,9,360.4014905955164,569.0,72.67808879340609,14.734796248748635,1353.0,232.1918108795904,49.661510263023054,332.0,55.22216364978065,11.705644919867465,0.0,0.0,0.0,0.0,0.0,0.0
