id,probability_maraud,successful_mating,next_foraging_time,foraging_events,foraging_hrs,foraging_sqhrs,staying_events,staying_hrs,staying_sqhrs,repairing_events,repairing_hrs,repairing_sqhrs,marauding_events,marauding_hrs,marauding_sqhrs,traveling_events,traveling_hrs,traveling_sqhrs
0,0.0,27,360.79491390653516,566.0,72.39137803483477,15.856657657915212,692.0,122.74422367866062,26.99341750625852,982.0,165.14026590736185,35.3263091814777,0.0,0.0,0.0,0.0,0.0,0.0
1,0.0,45,360.6317108527536,558.0,71.70002898524267,15.58342180618223,1713.0,288.34148088118013,61.77745315847843,0.0,0.0,0.0,0.0,0.0,0.0,0.0,0.0,0.0
2,0.0,0,360.171939418082,561.0,68.72803406862896,14.013441076492283,1729.0,291.32564990396725,62.640119564341354,0.0,0.0,0.0,0.0,0.0,0.0,0.0,0.0,0.0
3,0.054,0,360.5035523943378,565.0,71.15988541694246,14.68844172635235,1669.0,288.0302589409038,62.92172365366067,0.0,0.0,0.0,5.0,0.5,0.05000000000000001,93.0,0.5050044296388893,0.002742252408117193
4,0.054,0,360.81306838611926,561.0,67.89808261499024,13.464385528198468,1695.0,289.9242074875687,62.65105114869571,0.0,0.0,0.0,17.0,1.7000000000000004,0.1700000000000001,105.0,0.5701662915277782,0.003096091428519411
5,0.054,0,359.70158146241147,569.0,70.40586363731416,14.493442074923813,1684.0,288.6138002110003,62.9328592975852,0.0,0.0,0.0,5.0,0.5,0.05000000000000001,91.0,0.4941441193240744,0.0026832792380501566
6,0.0,0,360.5515377878355,564.0,73.18645080432788,16.522391345817752,1677.0,286.96969785135013,61.082316826924966,0.0,0.0,0.0,0.0,0.0,0.0,0.0,0.0,0.0
7,0.0,0,360.1889881089477,550.0,69.08932205253079,14.766886285185738,1745.0,291.0424123002859,61.55335759449239,0.0,0.0,0.0,0.0,0.0,0.0,0.0,0.0,0.0
