id,probability_maraud,successful_mating,next_foraging_time,foraging_events,foraging_hrs,foraging_sqhrs,staying_events,staying_hrs,staying_sqhrs,repairing_events,repairing_hrs,repairing_sqhrs,marauding_events,marauding_hrs,marauding_sqhrs,traveling_events,traveling_hrs,traveling_sqhrs
0,0.054,11,360.36832784082003,569.0,67.50256484373693,13.222444839768016,1755.0,290.55767439559895,61.738670174819546,0.0,0.0,0.0,15.0,1.5000000000000002,0.15000000000000008,98.0,0.5321552054259263,0.002889685333284784
1,0.0,8,360.2499867773398,554.0,68.06380198425924,13.885399282787446,1501.0,255.4150306880757,54.899358511332146,221.0,36.55296900344908,7.630688377987669,0.0,0.0,0.0,0.0,0.0,0.0
2,0.0,9,360.2914949809845,557.0,73.35388226999682,16.05656645958673,1427.0,250.2113839636152,55.1864714685668,218.0,36.495601957760854,7.614130998628916,0.0,0.0,0.0,0.0,0.0,0.0
3,0.0,7,360.3144428687119,565.0,67.01001312400207,13.586365128748705,1449.0,250.4557568974142,54.09133424863411,242.0,42.64461072740155,9.48395755141206,0.0,0.0,0.0,0.0,0.0,0.0
4,0.0,9,360.1365499326803,573.0,68.44509264149573,14.136428819812746,1599.0,267.0960864579204,56.85109027894784,146.0,24.592765234143496,5.234131165809827,0.0,0.0,0.0,0.0,0.0,0.0
5,0.054,9,360.2432918918793,569.0,69.27300001867123,13.808787966749552,1630.0,271.00633359843107,56.41987162550757,107.0,18.580793067448834,4.101410301860934,9.0,0.8999999999999999,0.09000000000000002,79.0,0.4289822574351855,0.0023294402176479386
6,0.054,6,359.87066148727735,570.0,72.02858841038285,14.430613114822766,1474.0,255.48410052785678,55.628706076287756,190.0,30.63349868524617,6.309732138266265,14.0,1.4000000000000001,0.14000000000000007,85.0,0.46156318837962995,0.0025063597278490476
7,0.0,13,359.8733141955349,559.0,70.93989229691972,14.949716528299266,1445.0,246.3291400410578,53.113636618578866,254.0,42.76689205468104,9.159458118433056,0.0,0.0,0.0,0.0,0.0,0.0
