id,probability_maraud,successful_mating,next_foraging_time,foraging_events,foraging_hrs,foraging_sqhrs,staying_events,staying_hrs,staying_sqhrs,repairing_events,repairing_hrs,repairing_sqhrs,marauding_events,marauding_hrs,marauding_sqhrs,traveling_events,traveling_hrs,traveling_sqhrs
0,0.054,37,360.2805354264585,571.0,69.43669816474271,14.23846407434823,957.0,160.71189819254278,34.42191082294838,774.0,128.5685437635506,27.083248246652957,10.0,0.9999999999999999,0.10000000000000003,66.0,0.3583902403888891,0.0019461146122122025
1,0.0,35,359.88483234472704,557.0,72.53569981982733,15.369838935265077,1307.0,226.25793115870795,49.797919314558385,365.0,61.224709953608446,12.916327363038675,0.0,0.0,0.0,0.0,0.0,0.0
2,0.0,0,360.4398802079273,562.0,70.84887859429274,14.542469016598393,1702.0,289.2338865568634,62.27038921141619,0.0,0.0,0.0,0.0,0.0,0.0,0.0,0.0,0.0
3,0.054,0,360.5948189522929,572.0,67.22215478579781,13.317269304511546,1726.0,291.3477306929316,61.96036293252951,0.0,0.0,0.0,10.0,0.9999999999999999,0.10000000000000003,107.0,0.581026601842593,0.0031550645985864473
4,0.0,0,360.53281834902424,571.0,73.32148756524244,15.547794269733508,1700.0,286.93852730728076,61.42098472265551,0.0,0.0,0.0,0.0,0.0,0.0,0.0,0.0,0.0
5,0.0,0,360.24921454934463,555.0,67.57625796617674,13.642192773804458,1752.0,292.4472500898671,61.72426716424223,0.0,0.0,0.0,0.0,0.0,0.0,0.0,0.0,0.0
6,0.054,0,360.1413164649893,553.0,74.06849544211407,16.82496617956665,1700.0,284.5330535741099,60.648150887163474,0.0,0.0,0.0,11.0,1.0999999999999999,0.11000000000000004,94.0,0.5104345847962967,0.002771738993150711
7,0.0,0,360.2034528164133,573.0,69.69848666433144,14.696560112443613,1745.0,290.3513753262539,60.87936056091107,0.0,0.0,0.0,0.0,0.0,0.0,0.0,0.0,0.0
