id,probability_maraud,successful_mating,next_foraging_time,foraging_events,foraging_hrs,foraging_sqhrs,staying_events,staying_hrs,staying_sqhrs,repairing_events,repairing_hrs,repairing_sqhrs,marauding_events,marauding_hrs,marauding_sqhrs,traveling_events,traveling_hrs,traveling_sqhrs
0,0.0,32,359.9522340124084,554.0,72.55787874671863,16.7865429449761,677.0,120.93686808887908,26.74679386376794,1003.0,166.51948252870676,35.068189678407315,0.0,0.0,0.0,0.0,0.0,0.0
1,0.0,40,360.10583340915804,566.0,67.04988067441248,13.447861154221659,1699.0,293.14958750514677,63.98020938804804,0.0,0.0,0.0,0.0,0.0,0.0,0.0,0.0,0.0
2,0.0,0,360.04154410383956,575.0,69.54675981317091,13.763020712484263,1749.0,290.5656661990404,61.66386999822733,0.0,0.0,0.0,0.0,0.0,0.0,0.0,0.0,0.0
3,0.054,0,360.1979959037549,571.0,70.5259214361242,14.447392176982206,1752.0,288.3963345356814,60.687504808185544,0.0,0.0,0.0,9.0,0.8999999999999999,0.09000000000000002,91.0,0.4941441193240744,0.0026832792380501566
4,0.054,0,360.15998855507223,565.0,69.97833132490301,14.548010702803461,1714.0,288.8747590904882,62.22874937314105,0.0,0.0,0.0,7.0,0.7,0.07,100.0,0.5430155157407411,0.00294865850335182
5,0.054,0,360.1197743621699,566.0,71.16312027953919,15.27275627387739,1708.0,287.1323962162024,61.31049021651456,0.0,0.0,0.0,12.0,1.2,0.12000000000000005,108.0,0.5864567570000004,0.0031845511836199655
6,0.0,0,360.3694599969803,569.0,72.90342156199696,15.00960358378675,1697.0,287.29722990297597,61.6528692658106,0.0,0.0,0.0,0.0,0.0,0.0,0.0,0.0,0.0
7,0.0,0,360.44905240082255,558.0,72.98977739581879,15.139184064439515,1714.0,287.04831772309615,61.01374464303681,0.0,0.0,0.0,0.0,0.0,0.0,0.0,0.0,0.0
