id,probability_maraud,successful_mating,next_foraging_time,foraging_events,foraging_hrs,foraging_sqhrs,staying_events,staying_hrs,staying_sqhrs,repairing_events,repairing_hrs,repairing_sqhrs,marauding_events,marauding_hrs,marauding_sqhrs,traveling_events,traveling_hrs,traveling_sqhrs
0,0.0,10,360.20167022836534,563.0,74.01484858402065,15.818934116117665,1472.0,249.28513160247124,53.79651403639325,219.0,36.760728382943185,7.9636224665533515,0.0,0.0,0.0,0.0,0.0,0.0
1,0.054,9,360.11944333261664,554.0,70.99038581375186,15.08995811026966,1455.0,244.84936667744714,52.418752566874346,251.0,42.72218597050412,9.452253481756205,11.0,1.0999999999999999,0.11000000000000004,83.0,0.4507028780648151,0.0024473865577820113
2,0.0,9,360.1528788525285,565.0,70.91109199519275,14.5313865399316,1542.0,258.9910930832411,55.04393888997259,187.0,30.267598109570976,6.182542909506159,0.0,0.0,0.0,0.0,0.0,0.0
3,0.0,13,360.2897887369394,562.0,70.846684227402,15.226317591296196,1326.0,222.397304555661,47.14891273829166,392.0,66.95380446827512,14.485123158610646,0.0,0.0,0.0,0.0,0.0,0.0
4,0.0,7,360.34662000540544,558.0,70.79944268722168,15.227530647682174,1516.0,252.71555804400538,53.74017628373386,219.0,36.586878269667906,7.615735411146642,0.0,0.0,0.0,0.0,0.0,0.0
5,0.0,10,360.26318130003693,558.0,72.08791588800464,15.807190034724043,1425.0,239.12090044311574,51.20681873772755,288.0,48.972534538445245,10.714997709348234,0.0,0.0,0.0,0.0,0.0,0.0
6,0.054,8,360.3682496825741,558.0,68.09342818689818,13.721338786836986,1642.0,277.3570679109497,58.59191684336234,73.0,12.230804391620087,2.629799016835557,19.0,1.9000000000000006,0.1900000000000001,94.0,0.5104345847962967,0.002771738993150711
7,0.054,6,360.10935059519426,551.0,69.86248029001185,14.76777323698648,1519.0,257.37802554761026,55.14317870829044,176.0,30.466531823192113,6.543884816228612,20.0,2.0000000000000004,0.20000000000000012,74.0,0.4018314816481484,0.002182007292480348
