id,probability_maraud,successful_mating,next_foraging_time,foraging_events,foraging_hrs,foraging_sqhrs,staying_events,staying_hrs,staying_sqhrs,repairing_events,repairing_hrs,repairing_sqhrs,marauding_events,marauding_hrs,marauding_sqhrs,traveling_events,traveling_hrs,traveling_sqhrs
0,0.0,11,360.3211949749704,555.0,72.31437399103916,15.650992291072868,1456.0,247.14171849865235,53.006614217136566,237.0,40.54792763484284,8.713547629155329,0.0,0.0,0.0,0.0,0.0,0.0
1,0.054,9,360.09878942121236,580.0,66.86715029941142,12.668084292613717,1656.0,278.7824051820793,59.668355558071156,77.0,12.195749347418746,2.3713807338785644,17.0,1.7000000000000004,0.1700000000000001,85.0,0.46156318837962995,0.0025063597278490476
2,0.0,6,360.1418623659706,556.0,69.27919897542368,13.840668468141478,1484.0,253.9559360108914,54.610497248139964,217.0,36.80306650243721,7.892605671478726,0.0,0.0,0.0,0.0,0.0,0.0
3,0.054,10,360.02105198819834,561.0,75.12413833805343,16.600780929682536,1565.0,262.3738504219328,55.64701522110804,119.0,20.522642052103883,4.434031673644156,16.0,1.6000000000000003,0.1600000000000001,89.0,0.4832838090092596,0.0026243060679831203
4,0.0,10,359.9412045324988,565.0,72.05557850168547,15.31366832938767,1359.0,233.31254553169626,50.76313387233676,320.0,54.820479627984085,11.667123385506645,0.0,0.0,0.0,0.0,0.0,0.0
5,0.0,7,360.24581171052205,590.0,70.9004334657958,13.769724532759087,1475.0,246.8593357378836,52.326319520358595,247.0,42.527688834248806,9.124230582193139,0.0,0.0,0.0,0.0,0.0,0.0
6,0.0,13,360.2077594980202,555.0,68.89908769826832,14.481962565603393,1541.0,260.6265342635994,55.86638239813696,177.0,30.480467469024106,6.444638855658193,0.0,0.0,0.0,0.0,0.0,0.0
7,0.054,6,360.3403023102967,566.0,68.15969904640741,13.537923176744423,1419.0,241.3345902332398,52.164465811709626,274.0,48.66948950300165,10.894554311617853,15.0,1.5000000000000002,0.15000000000000008,76.0,0.41269179196296324,0.002240980462547384
