id,probability_maraud,successful_mating,next_foraging_time,foraging_events,foraging_hrs,foraging_sqhrs,staying_events,staying_hrs,staying_sqhrs,repairing_events,repairing_hrs,repairing_sqhrs,marauding_events,marauding_hrs,marauding_sqhrs,traveling_events,traveling_hrs,traveling_sqhrs
0,0.054,28,360.1961017647514,567.0,70.665763839921,14.839249392522653,962.0,165.30192482327968,35.558887536881606,738.0,122.60448195612189,26.020492659414902,12.0,1.2,0.12000000000000005,50.0,0.2715077578703705,0.0014743292516759118
1,0.054,44,360.7611246286642,574.0,76.60600956414135,17.71749348267547,1270.0,214.7261567212464,46.09548316631755,406.0,67.74431890117187,14.390097934827738,7.0,0.7,0.07,72.0,0.3909711713333336,0.0021230341224133115
2,0.0,0,360.2985070004022,567.0,70.26684428520724,14.379444755466572,1729.0,289.8676554796188,61.39138274507333,0.0,0.0,0.0,0.0,0.0,0.0,0.0,0.0,0.0
3,0.0,0,360.1401876396584,563.0,71.66480547367989,14.923199042587754,1698.0,288.3848654132445,61.429863873334135,0.0,0.0,0.0,0.0,0.0,0.0,0.0,0.0,0.0
4,0.054,0,359.9381020304002,556.0,67.74796349903144,14.220804827956425,1673.0,290.3798362765047,63.4356403363011,0.0,0.0,0.0,14.0,1.4000000000000001,0.14000000000000007,104.0,0.5647361363703708,0.003066604843485893
5,0.0,0,360.16617838678025,570.0,71.2041064688899,15.788588955021504,1702.0,288.85196739853075,61.829973272509,0.0,0.0,0.0,0.0,0.0,0.0,0.0,0.0,0.0
6,0.0,0,360.0871023520719,568.0,68.7666656025782,14.179908613079153,1716.0,291.3187657533043,63.172266519386525,0.0,0.0,0.0,0.0,0.0,0.0,0.0,0.0,0.0
7,0.0,0,360.0325986795166,568.0,68.56088036180547,13.728696376882565,1714.0,291.60749220941955,63.11211997811265,0.0,0.0,0.0,0.0,0.0,0.0,0.0,0.0,0.0
