id,probability_maraud,successful_mating,next_foraging_time,foraging_events,foraging_hrs,foraging_sqhrs,staying_events,staying_hrs,staying_sqhrs,repairing_events,repairing_hrs,repairing_sqhrs,marauding_events,marauding_hrs,marauding_sqhrs,traveling_events,traveling_hrs,traveling_sqhrs
0,0.0,15,360.21031147036695,555.0,72.39768763650812,14.8572628389684,1462.0,244.6526062713004,51.95908327989797,245.0,43.032959261086155,9.425914421987097,0.0,0.0,0.0,0.0,0.0,0.0
1,0.0,10,360.7093658373287,577.0,73.19708240102212,14.815009866827834,1401.0,232.1454598139563,48.994643945501565,333.0,54.74738041121133,11.367678128112143,0.0,0.0,0.0,0.0,0.0,0.0
2,0.054,5,360.051680571877,567.0,71.59716479127931,15.242136833068294,1442.0,243.74136088850523,52.66955615243739,253.0,42.54779523345369,9.055124577623838,17.0,1.7000000000000004,0.1700000000000001,89.0,0.4832838090092596,0.0026243060679831203
3,0.0,8,360.4065699888412,561.0,70.37030851723365,14.892933599720745,1534.0,259.05491831528843,55.364093919638435,180.0,30.687963238096454,6.429597071406594,0.0,0.0,0.0,0.0,0.0,0.0
4,0.054,7,360.6632532769283,568.0,75.30560004749238,16.10117505465392,1386.0,232.8910176036149,49.592954449245696,293.0,49.053100986430465,10.247000693315155,24.0,2.400000000000001,0.24000000000000016,77.0,0.41812194712037065,0.0022704670475809023
5,0.054,13,360.2575554344382,556.0,68.07578474014451,13.466703230712154,1538.0,258.8342659700676,55.34363401300593,176.0,30.989893468961608,6.7532831727038705,18.0,1.8000000000000005,0.1800000000000001,86.0,0.46699334353703736,0.002535846312882566
6,0.0,5,360.66379206879265,580.0,70.19311804947249,13.822789094359415,1456.0,241.13663218833017,50.386777522436084,287.0,48.808281332805265,10.291635009513778,0.0,0.0,0.0,0.0,0.0,0.0
7,0.0,9,360.07210399326203,558.0,73.10023009622434,16.178439337471563,1342.0,226.1865784257498,48.31319567392392,348.0,60.9555227290743,13.34731608110142,0.0,0.0,0.0,0.0,0.0,0.0
