id,probability_maraud,successful_mating,next_foraging_time,foraging_events,foraging_hrs,foraging_sqhrs,staying_events,staying_hrs,staying_sqhrs,repairing_events,repairing_hrs,repairing_sqhrs,marauding_events,marauding_hrs,marauding_sqhrs,traveling_events,traveling_hrs,traveling_sqhrs
0,0.0,14,360.0039362522856,564.0,69.44538064020541,14.238672405989998,1473.0,247.87262955385484,53.07601271391504,269.0,42.79345634439807,8.71603312070834,0.0,0.0,0.0,0.0,0.0,0.0
1,0.054,10,360.0988465932887,557.0,70.47125468632672,15.612529329318786,1473.0,250.90831215566206,54.025005575900856,227.0,36.94893080214713,7.746347460206924,14.0,1.4000000000000001,0.14000000000000007,58.0,0.3149489991296298,0.0017102219319440571
2,0.0,10,360.5661375369621,561.0,70.52278472939625,14.352537158963626,1528.0,258.5577308135534,54.67213926081534,186.0,31.01211039170193,6.469503067555309,0.0,0.0,0.0,0.0,0.0,0.0
3,0.0,5,360.3140017042321,566.0,73.0349901296336,15.70843917343448,1414.0,238.4029044516184,50.27537420243639,281.0,48.67756172782073,10.557680817892852,0.0,0.0,0.0,0.0,0.0,0.0
4,0.054,9,359.9416085639218,560.0,69.15076935320235,14.100679543982773,1538.0,263.4817633019616,57.10091449252123,154.0,24.777533008488177,5.048308369341786,22.0,2.2000000000000006,0.22000000000000014,101.0,0.5484456708981486,0.0029781450883853383
5,0.0,11,359.9417488066056,579.0,73.24885545412229,14.842734072022056,1493.0,256.277229604031,54.854687812002545,186.0,30.51111658958273,6.379313586037841,0.0,0.0,0.0,0.0,0.0,0.0
6,0.054,7,360.2580389086528,570.0,75.46148390512407,16.724151275812943,1616.0,277.1717564949952,59.86934377113774,41.0,6.113668584002873,1.1602496986869175,9.0,0.8999999999999999,0.09000000000000002,71.0,0.3855410161759262,0.0020935475373797933
7,0.0,6,360.2936403199283,584.0,69.9754668109417,13.898106472278576,1457.0,241.21096328032564,51.07548668038715,296.0,48.87060365150183,10.063247479713072,0.0,0.0,0.0,0.0,0.0,0.0
