id,probability_maraud,successful_mating,next_foraging_time,foraging_events,foraging_hrs,foraging_sqhrs,staying_events,staying_hrs,staying_sqhrs,repairing_events,repairing_hrs,repairing_sqhrs,marauding_events,marauding_hrs,marauding_sqhrs,traveling_events,traveling_hrs,traveling_sqhrs
0,0.0,8,360.0484656811806,564.0,72.20587911765426,15.281113739808557,1455.0,244.93258785240423,52.13352838702738,255.0,42.9197407855853,9.214474577730446,0.0,0.0,0.0,0.0,0.0,0.0
1,0.054,8,360.73737804984853,568.0,71.10341047585727,14.804412919749295,1526.0,262.8117551318448,57.56913104320619,140.0,24.495447385161736,5.5368032983381985,14.0,1.4000000000000001,0.14000000000000007,77.0,0.41812194712037065,0.0022704670475809023
2,0.0,7,360.5925919209921,547.0,72.18252716612574,15.575602412403889,1439.0,244.450488423107,52.12222912787339,251.0,43.46982827911464,9.583606726874368,0.0,0.0,0.0,0.0,0.0,0.0
3,0.054,11,360.42142629291726,575.0,69.73436028330059,13.739129180534674,1613.0,269.1313118599779,56.83797753380072,129.0,19.394950341027986,3.767948705254897,14.0,1.4000000000000001,0.14000000000000007,79.0,0.4289822574351855,0.0023294402176479386
4,0.0,12,360.68920410870766,556.0,73.79546031059067,17.317056846986937,1472.0,249.51423885390727,53.966200682487276,222.0,36.74584038002781,7.787143558106704,0.0,0.0,0.0,0.0,0.0,0.0
5,0.054,4,360.14960549528183,564.0,69.96426927823599,14.841246827516281,1639.0,282.29201855496024,60.32861123313315,34.0,6.179088728489215,1.3913230573526738,12.0,1.2,0.12000000000000005,91.0,0.4941441193240744,0.0026832792380501566
6,0.0,13,360.42617843537323,572.0,68.85333021061098,13.522692264767574,1580.0,260.5762796584829,53.605230010398664,181.0,30.588628486568968,6.535849498996672,0.0,0.0,0.0,0.0,0.0,0.0
7,0.0,9,360.22561012696593,567.0,69.09914216021691,13.694664089983545,1538.0,260.42976965602367,56.136285681232884,179.0,30.635700195304157,6.665990640529395,0.0,0.0,0.0,0.0,0.0,0.0
