id,probability_maraud,successful_mating,next_foraging_time,foraging_events,foraging_hrs,foraging_sqhrs,staying_events,staying_hrs,staying_sqhrs,repairing_events,repairing_hrs,repairing_sqhrs,marauding_events,marauding_hrs,marauding_sqhrs,traveling_events,traveling_hrs,traveling_sqhrs
0,0.054,25,360.0518392375187,545.0,72.77244695355212,16.3064724379015,935.0,153.83013306530233,33.03164088373577,779.0,132.22700106549476,28.69589889463963,9.0,0.8999999999999999,0.09000000000000002,51.0,0.2769379130277779,0.00150381583670943
1,0.054,47,360.0284405378941,562.0,67.74057329332906,13.77567168978473,1406.0,236.6464763127341,50.54464009416091,324.0,53.96695332194748,11.697363617185546,12.0,1.2,0.12000000000000005,90.0,0.488713964166667,0.0026537926530166385
2,0.0,0,360.36302555453915,564.0,73.63854147207523,15.784990618595307,1694.0,286.4191576104147,60.92831086771159,0.0,0.0,0.0,0.0,0.0,0.0,0.0,0.0,0.0
3,0.0,0,360.9645766156995,553.0,69.96952608219026,15.630888183540366,1727.0,290.43710113039975,62.620127350585676,0.0,0.0,0.0,0.0,0.0,0.0,0.0,0.0,0.0
4,0.0,0,360.05125056799056,559.0,67.21863459450168,13.723853028861727,1737.0,292.9873815709443,62.655576607088555,0.0,0.0,0.0,0.0,0.0,0.0,0.0,0.0,0.0
5,0.0,0,360.1837828168814,565.0,73.08030578730444,15.977845196318283,1683.0,286.92864595807606,62.027839397634146,0.0,0.0,0.0,0.0,0.0,0.0,0.0,0.0,0.0
6,0.0,0,360.1485977813158,585.0,70.09475389068368,13.459841139196882,1616.0,289.928945014678,64.58978684167398,0.0,0.0,0.0,0.0,0.0,0.0,0.0,0.0,0.0
7,0.054,0,360.06393383393305,560.0,72.67890022448603,15.318749778999383,1691.0,285.77399318890224,60.38001241613879,0.0,0.0,0.0,10.0,0.9999999999999999,0.10000000000000003,101.0,0.5484456708981486,0.0029781450883853383
