id,probability_maraud,successful_mating,next_foraging_time,foraging_events,foraging_hrs,foraging_sqhrs,staying_events,staying_hrs,staying_sqhrs,repairing_events,repairing_hrs,repairing_sqhrs,marauding_events,marauding_hrs,marauding_sqhrs,traveling_events,traveling_hrs,traveling_sqhrs
0,0.0,29,359.7761848106065,562.0,68.40774215639014,13.649609155284958,796.0,134.37692539711824,28.5159736348604,912.0,157.25405597038787,33.66904410161063,0.0,0.0,0.0,0.0,0.0,0.0
1,0.0,43,360.5583307736999,566.0,66.21842066288102,13.529805212153931,1700.0,293.7944210597777,64.17973396931475,0.0,0.0,0.0,0.0,0.0,0.0,0.0,0.0,0.0
2,0.054,0,360.2718958039809,567.0,68.54756560086729,14.45748383620663,1736.0,290.6357880008962,62.23370109808511,0.0,0.0,0.0,4.0,0.4,0.04000000000000001,92.0,0.49957427448148184,0.002712765823083675
3,0.0,0,360.2322733816981,585.0,67.98662851938126,13.317462133597012,1738.0,292.19661751105923,62.14098650187225,0.0,0.0,0.0,0.0,0.0,0.0,0.0,0.0,0.0
4,0.054,0,359.8579779970613,562.0,71.32552058325037,15.102788671720091,1709.0,287.87804879469127,61.66694792974104,0.0,0.0,0.0,6.0,0.6,0.06000000000000001,99.0,0.5375853605833337,0.002919171918318302
5,0.0,0,360.2474760871315,566.0,72.11645865297788,15.070527075239836,1653.0,287.9970345840408,62.82111483254748,0.0,0.0,0.0,0.0,0.0,0.0,0.0,0.0,0.0
6,0.054,0,360.05091301235393,563.0,72.05437974968441,15.321930440320703,1693.0,285.95965486219364,60.80341825581366,0.0,0.0,0.0,16.0,1.6000000000000003,0.1600000000000001,93.0,0.5050044296388893,0.002742252408117193
7,0.0,0,360.0010095058917,586.0,71.60413319430722,15.29094644881055,1700.0,288.4475129510111,61.82973440544998,0.0,0.0,0.0,0.0,0.0,0.0,0.0,0.0,0.0
