id,probability_maraud,successful_mating,next_foraging_time,foraging_events,foraging_hrs,foraging_sqhrs,staying_events,staying_hrs,staying_sqhrs,repairing_events,repairing_hrs,repairing_sqhrs,marauding_events,marauding_hrs,marauding_sqhrs,traveling_events,traveling_hrs,traveling_sqhrs
0,0.0,7,360.6909255082499,558.0,72.1679366013897,15.527620449462079,1484.0,251.112946149136,54.090458643994594,215.0,36.720446774072684,7.77485900982628,0.0,0.0,0.0,0.0,0.0,0.0
1,0.0,12,360.28686301499647,579.0,72.38916865723762,14.803684697070905,1608.0,269.41970078652867,57.53237564175163,102.0,18.29377690640473,4.028468694148201,0.0,0.0,0.0,0.0,0.0,0.0
2,0.0,7,360.3002675297475,576.0,72.92502970207022,15.00291609797214,1404.0,238.15047071753528,51.37168477258546,300.0,48.92833631308878,10.289790545381296,0.0,0.0,0.0,0.0,0.0,0.0
3,0.0,8,360.4302913313919,557.0,71.17231185632845,15.333264402048782,1583.0,264.49278720274094,55.95797619841826,152.0,24.413107183380607,5.0414511452569535,0.0,0.0,0.0,0.0,0.0,0.0
4,0.0,7,360.178271146357,572.0,71.64330438403297,15.315159942465728,1472.0,249.37838944934248,53.71099584532206,246.0,39.268266899443326,7.920873605269938,0.0,0.0,0.0,0.0,0.0,0.0
5,0.054,11,360.13553421216795,555.0,69.54477006784136,15.377984659820264,1443.0,246.09017928706206,52.72026901327288,254.0,42.94863006730282,9.204592678135672,12.0,1.2,0.12000000000000005,80.0,0.4344124125925929,0.002358926802681457
6,0.054,9,360.38515982949997,574.0,71.28215293856478,14.241870732351213,1600.0,274.2844540824566,59.01132804366609,75.0,12.288766409466243,2.586422541808845,17.0,1.7000000000000004,0.1700000000000001,90.0,0.488713964166667,0.0026537926530166385
7,0.054,11,360.06635464167755,569.0,71.18115729491711,15.487693216683878,1587.0,269.0025512812772,57.71177212030127,114.0,18.253062606525514,3.8065321474971467,11.0,1.0999999999999999,0.11000000000000004,94.0,0.5104345847962967,0.002771738993150711
