id,probability_maraud,successful_mating,next_foraging_time,foraging_events,foraging_hrs,foraging_sqhrs,staying_events,staying_hrs,staying_sqhrs,repairing_events,repairing_hrs,repairing_sqhrs,marauding_events,marauding_hrs,marauding_sqhrs,traveling_events,traveling_hrs,traveling_sqhrs
0,0.0,27,360.1967594921055,573.0,67.0636714659533,12.488803825887688,788.0,134.44024027564294,28.413880094358518,946.0,158.56558149977218,33.610431121042616,0.0,0.0,0.0,0.0,0.0,0.0
1,0.0,45,360.2683519312825,566.0,68.6140700182321,13.957811914139183,1698.0,291.7164023031898,63.64311696250286,0.0,0.0,0.0,0.0,0.0,0.0,0.0,0.0,0.0
2,0.054,0,359.92963062648334,558.0,73.90423127341482,15.612198691229109,1692.0,285.0958300734271,60.022319070723384,0.0,0.0,0.0,7.0,0.7,0.07,59.0,0.3203791542870372,0.0017397085169775753
3,0.0,0,360.22668307315115,561.0,69.46953565954584,14.831739186935437,1702.0,290.7177822126421,63.17836147635498,0.0,0.0,0.0,0.0,0.0,0.0,0.0,0.0,0.0
4,0.0,0,359.9959377226224,568.0,72.74134752776659,16.257127029651347,1673.0,287.5684959939987,62.25423990781621,0.0,0.0,0.0,0.0,0.0,0.0,0.0,0.0,0.0
5,0.054,0,360.45158092896486,553.0,68.55365363576013,14.021530547636951,1694.0,290.30432121692945,62.461113229784914,0.0,0.0,0.0,8.0,0.7999999999999999,0.08000000000000002,102.0,0.553875826055556,0.0030076316734188565
6,0.0,0,360.1303850243076,565.0,71.16293560464796,14.641883695211062,1729.0,288.8771241361739,60.91787939975632,0.0,0.0,0.0,0.0,0.0,0.0,0.0,0.0,0.0
7,0.054,0,360.20112420344003,575.0,68.20654816345885,13.0987311718436,1703.0,290.1398124300201,62.080206636000355,0.0,0.0,0.0,11.0,1.0999999999999999,0.11000000000000004,102.0,0.553875826055556,0.0030076316734188565
