id,probability_maraud,successful_mating,next_foraging_time,foraging_events,foraging_hrs,foraging_sqhrs,staying_events,staying_hrs,staying_sqhrs,repairing_events,repairing_hrs,repairing_sqhrs,marauding_events,marauding_hrs,marauding_sqhrs,traveling_events,traveling_hrs,traveling_sqhrs
0,0.0,9,360.5409202803837,572.0,67.7173816757633,14.102594159233654,1494.0,255.84039467530582,55.33964677412044,214.0,36.629173681221936,7.751661377000919,0.0,0.0,0.0,0.0,0.0,0.0
1,0.0,7,360.3080408570902,555.0,74.24042847529913,16.10713920751775,1418.0,236.84430004901597,50.253443608222405,282.0,49.011818611820324,10.575949245570968,0.0,0.0,0.0,0.0,0.0,0.0
2,0.0,8,359.96857969789096,564.0,67.15976891989213,12.979234021320886,1607.0,268.4701352872594,56.361098427598975,148.0,24.442506000116442,5.199216354969309,0.0,0.0,0.0,0.0,0.0,0.0
3,0.054,12,360.00056965231744,561.0,69.77541292012286,14.019980538688149,1545.0,263.0319768179761,57.537368173480075,140.0,24.635288040730295,5.515345785407002,21.0,2.1000000000000005,0.21000000000000013,108.0,0.5864567570000004,0.0031845511836199655
4,0.0,6,360.2792010735928,563.0,74.89338744988895,16.85653660398896,1273.0,218.1416209832997,47.30307043774208,391.0,67.18782948573468,14.276776873818655,0.0,0.0,0.0,0.0,0.0,0.0
5,0.054,12,360.3862276509821,564.0,76.04634769466693,16.870222453274,1487.0,251.5812244719595,53.99915257491881,181.0,30.420347784091582,6.411059456454219,15.0,1.5000000000000002,0.15000000000000008,87.0,0.4724234986944448,0.002565332897916084
6,0.054,7,360.27945500663134,570.0,68.49350849188944,13.524063143534532,1619.0,275.74190418361064,59.974990656007485,88.0,14.072699866530222,2.859915265753013,14.0,1.4000000000000001,0.14000000000000007,94.0,0.5104345847962967,0.002771738993150711
7,0.0,11,360.4055772834824,562.0,71.18186716897087,14.764812022575933,1349.0,233.90708721858516,51.744346060571495,314.0,55.09596742917362,12.344174315674495,0.0,0.0,0.0,0.0,0.0,0.0
