id,probability_maraud,successful_mating,next_foraging_time,foraging_events,foraging_hrs,foraging_sqhrs,staying_events,staying_hrs,staying_sqhrs,repairing_events,repairing_hrs,repairing_sqhrs,marauding_events,marauding_hrs,marauding_sqhrs,traveling_events,traveling_hrs,traveling_sqhrs
0,0.0,26,360.45773661606387,569.0,63.514854988231576,11.626768929283827,832.0,138.19667589815683,29.229271985776926,934.0,158.37138412822068,33.82921833524865,0.0,0.0,0.0,0.0,0.0,0.0
1,0.0,46,360.12215558715405,563.0,72.52747385128201,15.253422535208255,1677.0,287.5508702964164,62.402348553881275,0.0,0.0,0.0,0.0,0.0,0.0,0.0,0.0,0.0
2,0.054,0,360.1385590701981,548.0,70.5674656142727,14.621696874820467,1720.0,288.387353253661,61.304953123943115,0.0,0.0,0.0,7.0,0.7,0.07,110.0,0.5973170673148153,0.003243524353687002
3,0.0,0,360.10329472668894,568.0,71.64620027016802,15.223835849457524,1695.0,288.4959689677054,61.61799982037013,0.0,0.0,0.0,0.0,0.0,0.0,0.0,0.0,0.0
4,0.0,0,360.41687966000495,580.0,66.43719493184837,12.556695973582595,1718.0,293.5730359820451,63.93338450782006,0.0,0.0,0.0,0.0,0.0,0.0,0.0,0.0,0.0
5,0.0,0,360.39196479073706,547.0,71.610113843517,15.833630034813995,1714.0,288.48064796757944,61.71817681725687,0.0,0.0,0.0,0.0,0.0,0.0,0.0,0.0,0.0
6,0.054,0,360.28621013626184,577.0,69.43267145659783,14.2854687945064,1707.0,289.3728025264959,62.5522391010513,0.0,0.0,0.0,7.0,0.7,0.07,96.0,0.5212948951111115,0.0028307121632177475
7,0.054,0,360.71534347214293,556.0,73.93788825750465,16.4546872025762,1674.0,284.5748201759303,61.43251854645831,0.0,0.0,0.0,12.0,1.2,0.12000000000000005,95.0,0.5158647399537041,0.0028012255781842293
