id,probability_maraud,successful_mating,next_foraging_time,foraging_events,foraging_hrs,foraging_sqhrs,staying_events,staying_hrs,staying_sqhrs,repairing_events,repairing_hrs,repairing_sqhrs,marauding_events,marauding_hrs,marauding_sqhrs,traveling_events,traveling_hrs,traveling_sqhrs
0,0.0,33,360.33019486641496,575.0,71.76900653938556,14.461097894616762,808.0,135.24574362838172,28.389016546640157,907.0,153.12954993409883,32.881205675117435,0.0,0.0,0.0,0.0,0.0,0.0
1,0.0,39,360.0745944744704,559.0,70.81630090535347,15.04430240874004,1684.0,289.2690089824021,62.795092573751866,0.0,0.0,0.0,0.0,0.0,0.0,0.0,0.0,0.0
2,0.0,0,360.2163880301403,561.0,68.42836088697769,14.003876416893592,1725.0,291.5959408395853,62.23007569096662,0.0,0.0,0.0,0.0,0.0,0.0,0.0,0.0,0.0
3,0.054,0,360.0598128802771,567.0,73.79576427986731,16.67001710339659,1714.0,284.8597615266702,60.155411503875904,0.0,0.0,0.0,8.0,0.7999999999999999,0.08000000000000002,105.0,0.5701662915277782,0.003096091428519411
4,0.054,0,360.048894451796,562.0,71.8262255552923,14.932657498704216,1725.0,287.1154262514324,60.570371638958804,0.0,0.0,0.0,6.0,0.6,0.06000000000000001,96.0,0.5212948951111115,0.0028307121632177475
5,0.054,0,360.7846237742371,563.0,73.54571821129217,16.09978120770214,1668.0,285.0647134095133,62.341032908146566,0.0,0.0,0.0,11.0,1.0999999999999999,0.11000000000000004,86.0,0.46699334353703736,0.002535846312882566
6,0.0,0,359.99576908599965,565.0,71.36179513985773,14.52891092845456,1703.0,288.8475122337971,61.35303068161382,0.0,0.0,0.0,0.0,0.0,0.0,0.0,0.0,0.0
7,0.0,0,360.2966219036739,577.0,72.6360138057125,14.662129456507603,1694.0,287.5417049950467,61.71294993363756,0.0,0.0,0.0,0.0,0.0,0.0,0.0,0.0,0.0
