id,probability_maraud,successful_mating,next_foraging_time,foraging_events,foraging_hrs,foraging_sqhrs,staying_events,staying_hrs,staying_sqhrs,repairing_events,repairing_hrs,repairing_sqhrs,marauding_events,marauding_hrs,marauding_sqhrs,traveling_events,traveling_hrs,traveling_sqhrs
0,0.0,29,360.1896823328132,559.0,65.7247434737308,13.307309837680808,721.0,126.43617343411329,27.605102134540846,997.0,168.02878537006214,35.348072552356015,0.0,0.0,0.0,0.0,0.0,0.0
1,0.0,43,360.5111557952889,567.0,71.04257710341332,14.527495440678795,1727.0,289.1700163965227,61.43008627010587,0.0,0.0,0.0,0.0,0.0,0.0,0.0,0.0,0.0
2,0.0,0,360.5395051117374,562.0,70.54923418634847,14.890521008943951,1738.0,289.5335840883901,62.00482989236372,0.0,0.0,0.0,0.0,0.0,0.0,0.0,0.0,0.0
3,0.054,0,360.39502741511563,558.0,71.30864164339464,14.223951024751775,1713.0,287.14622897364626,61.65957962908226,0.0,0.0,0.0,11.0,1.0999999999999999,0.11000000000000004,115.0,0.6244678431018523,0.0033909572788545926
4,0.0,0,360.3052452067194,559.0,71.23621886575526,15.348552989698245,1679.0,288.7967843829508,62.402480209067996,0.0,0.0,0.0,0.0,0.0,0.0,0.0,0.0,0.0
5,0.0,0,359.9804776616484,570.0,72.44778255003374,14.765903367767768,1691.0,287.7739110702792,61.68531135792603,0.0,0.0,0.0,0.0,0.0,0.0,0.0,0.0,0.0
6,0.054,0,360.2865576100937,572.0,69.25279504488908,13.250219039129291,1721.0,289.51009138818637,61.20497184662232,0.0,0.0,0.0,11.0,1.0999999999999999,0.11000000000000004,73.0,0.396401326490741,0.0021525207074468296
7,0.054,0,360.56651887537635,576.0,69.10867011264935,13.349824817521087,1706.0,289.8097351706806,62.15931858468117,0.0,0.0,0.0,6.0,0.6,0.06000000000000001,106.0,0.5755964466851856,0.003125578013552929
