id,probability_maraud,successful_mating,next_foraging_time,foraging_events,foraging_hrs,foraging_sqhrs,staying_events,staying_hrs,staying_sqhrs,repairing_events,repairing_hrs,repairing_sqhrs,marauding_events,marauding_hrs,marauding_sqhrs,traveling_events,traveling_hrs,traveling_sqhrs
0,0.0,9,360.67263541629603,582.0,68.39087958235285,13.048069767761513,1446.0,243.15869495258724,51.98638797263722,299.0,48.64200138047169,9.965017642021966,0.0,0.0,0.0,0.0,0.0,0.0
1,0.054,8,360.43055708977147,569.0,70.22399391051466,14.654447604846048,1466.0,256.7934959562604,56.09919104931611,178.0,30.41975135543206,6.48992379297798,22.0,2.2000000000000006,0.22000000000000014,85.0,0.46156318837962995,0.0025063597278490476
2,0.054,11,360.7904456901409,566.0,69.79862288645982,15.27005829781933,1521.0,263.71366875286503,56.39433584442076,145.0,24.40763161763111,5.12343333511801,17.0,1.7000000000000004,0.1700000000000001,93.0,0.5050044296388893,0.002742252408117193
3,0.0,12,360.01698355883383,576.0,75.16212289626094,16.36110722691282,1356.0,233.13081704038558,50.149199058070366,313.0,51.820954386730705,10.87730884268645,0.0,0.0,0.0,0.0,0.0,0.0
4,0.054,8,360.6038218974583,567.0,74.00352038967516,15.651202663545016,1473.0,247.67422882975558,52.419683350171155,210.0,36.3304672332284,7.615765477821987,18.0,1.8000000000000005,0.1800000000000001,70.0,0.38011086101851876,0.002064060952346275
5,0.0,8,360.58060742568586,571.0,71.2037444981181,14.66422240325249,1410.0,233.21162647768912,48.79366366823677,311.0,55.5889025378866,12.382238571153213,0.0,0.0,0.0,0.0,0.0,0.0
6,0.0,10,360.43244784886144,555.0,73.00167767616529,16.810137350225173,1472.0,250.85398092599593,54.27390220713628,213.0,36.52781655313001,7.902804845857363,0.0,0.0,0.0,0.0,0.0,0.0
7,0.0,6,360.403753036359,561.0,69.82896904807912,14.83486444786766,1407.0,235.50326143656113,49.830787707290796,324.0,54.80556608167199,11.519946662697038,0.0,0.0,0.0,0.0,0.0,0.0
