id,probability_maraud,successful_mating,next_foraging_time,foraging_events,foraging_hrs,foraging_sqhrs,staying_events,staying_hrs,staying_sqhrs,repairing_events,repairing_hrs,repairing_sqhrs,marauding_events,marauding_hrs,marauding_sqhrs,traveling_events,traveling_hrs,traveling_sqhrs
0,0.0,8,361.0215609196069,567.0,68.11457279202939,13.930787998051816,1500.0,254.82431459813571,54.40212468908681,220.0,37.12645507037832,7.88871817879169,0.0,0.0,0.0,0.0,0.0,0.0
1,0.0,11,359.95168521562715,567.0,73.67325725974729,15.835321005637509,1628.0,274.1316333623941,58.74948201688344,69.0,12.236885566668638,2.752047746849563,0.0,0.0,0.0,0.0,0.0,0.0
2,0.0,15,359.9864683967914,572.0,71.88607102094906,15.047062240391062,1443.0,245.379126206598,53.56623697211656,262.0,42.76789607926865,8.679911430226253,0.0,0.0,0.0,0.0,0.0,0.0
3,0.054,7,360.25548995614093,569.0,73.97998174017937,16.54220732621117,1473.0,242.22308969089406,50.83382467647918,248.0,42.571610994067456,9.204458743743212,9.0,0.8999999999999999,0.09000000000000002,70.0,0.38011086101851876,0.002064060952346275
4,0.0,6,360.3260669299412,567.0,70.18302270163714,14.147835246864108,1512.0,253.521711956227,53.438887101620615,210.0,36.32468407890216,7.848997533296255,0.0,0.0,0.0,0.0,0.0,0.0
5,0.054,9,360.50832280878404,555.0,72.16905530564303,15.753606737716456,1563.0,266.87985346431134,57.50048068682737,112.0,18.281135924728286,3.685714378425174,22.0,2.2000000000000006,0.22000000000000014,103.0,0.5593059812129634,0.0030371182584523746
6,0.0,7,360.38157397794845,554.0,73.30764869549085,16.155161231088634,1501.0,250.47895317520496,53.33362243505297,203.0,36.21781442455457,7.817444758605859,0.0,0.0,0.0,0.0,0.0,0.0
7,0.054,9,360.39492159688984,553.0,70.31975199129923,15.326263426263894,1574.0,263.50606850634813,55.872969074819345,145.0,24.557533698168825,5.236362960207039,11.0,1.0999999999999999,0.11000000000000004,97.0,0.5267250502685189,0.0028601987482512656
