id,probability_maraud,successful_mating,next_foraging_time,foraging_events,foraging_hrs,foraging_sqhrs,staying_events,staying_hrs,staying_sqhrs,repairing_events,repairing_hrs,repairing_sqhrs,marauding_events,marauding_hrs,marauding_sqhrs,traveling_events,traveling_hrs,traveling_sqhrs
0,0.054,42,360.05481897403234,575.0,67.33477537426535,13.52531887490792,1032.0,171.11073611975397,36.69305001333378,717.0,121.19747458753191,26.22804546005831,3.0,0.30000000000000004,0.030000000000000006,41.0,0.22263636145370383,0.0012089499863742483
1,0.0,30,360.39120270770064,563.0,69.73727461798411,14.426973147746258,1622.0,272.0291759933001,57.95787302597951,116.0,18.290433156733684,3.7957842408140636,0.0,0.0,0.0,0.0,0.0,0.0
2,0.054,0,360.14133134049365,572.0,70.82166717393429,14.24487814699129,1689.0,287.69374625709736,62.02478391677845,0.0,0.0,0.0,11.0,1.0999999999999999,0.11000000000000004,103.0,0.5593059812129634,0.0030371182584523746
3,0.0,0,359.8638625645123,558.0,70.54200479446973,14.524822420711878,1718.0,289.51468951764514,61.92324966241101,0.0,0.0,0.0,0.0,0.0,0.0,0.0,0.0,0.0
4,0.0,0,360.0024304057363,546.0,70.1705144008276,15.01678937288891,1713.0,289.9474707286918,63.01451738070681,0.0,0.0,0.0,0.0,0.0,0.0,0.0,0.0,0.0
5,0.0,0,360.06062800592167,565.0,70.60475118774568,14.212475954829136,1735.0,289.4359780210255,61.35120047486921,0.0,0.0,0.0,0.0,0.0,0.0,0.0,0.0,0.0
6,0.054,0,360.34909786433786,568.0,68.96799550018527,13.750921593673437,1725.0,289.73333835355953,61.85465434438617,0.0,0.0,0.0,9.0,0.8999999999999999,0.09000000000000002,93.0,0.5050044296388893,0.002742252408117193
7,0.0,0,360.19639873385046,570.0,70.2736054376977,14.420721733080585,1684.0,289.815538465393,62.946823131614394,0.0,0.0,0.0,0.0,0.0,0.0,0.0,0.0,0.0
