id,probability_maraud,successful_mating,next_foraging_time,foraging_events,foraging_hrs,foraging_sqhrs,staying_events,staying_hrs,staying_sqhrs,repairing_events,repairing_hrs,repairing_sqhrs,marauding_events,marauding_hrs,marauding_sqhrs,traveling_events,traveling_hrs,traveling_sqhrs
0,0.0,27,360.3462220843581,571.0,69.59628180987085,14.107340898474485,795.0,137.8441271128786,29.952404823242528,897.0,152.59294086204275,32.82090850052189,0.0,0.0,0.0,0.0,0.0,0.0
1,0.054,45,360.3491328846362,556.0,73.24344414414628,15.345862602344623,1672.0,285.36379167543964,60.93605722552471,0.0,0.0,0.0,10.0,0.9999999999999999,0.10000000000000003,115.0,0.6244678431018523,0.0033909572788545926
2,0.0,0,360.36627062307446,565.0,69.77915619214112,14.35652130066281,1712.0,290.3214957572402,62.22763669705274,0.0,0.0,0.0,0.0,0.0,0.0,0.0,0.0,0.0
3,0.0,0,360.20266839915047,559.0,69.21259992196246,13.703949248885541,1740.0,290.87751683569974,61.36804138299872,0.0,0.0,0.0,0.0,0.0,0.0,0.0,0.0,0.0
4,0.0,0,360.62901759440774,572.0,71.75068020583836,14.78348344040575,1699.0,288.31727431169236,62.44241155247737,0.0,0.0,0.0,0.0,0.0,0.0,0.0,0.0,0.0
5,0.0,0,360.28509741191726,564.0,68.19641123916097,13.266450367771759,1743.0,291.92565348489927,62.065680259035986,0.0,0.0,0.0,0.0,0.0,0.0,0.0,0.0,0.0
6,0.054,0,360.4818280526001,568.0,69.34044664298226,15.047174193779181,1715.0,289.3678098856968,62.055783634062024,0.0,0.0,0.0,9.0,0.8999999999999999,0.09000000000000002,85.0,0.46156318837962995,0.0025063597278490476
7,0.054,0,360.7071930969991,557.0,71.31099233088851,16.119860308164032,1686.0,287.8689607288334,61.946582177780655,0.0,0.0,0.0,6.0,0.6,0.06000000000000001,93.0,0.5050044296388893,0.002742252408117193
