id,probability_maraud,successful_mating,next_foraging_time,foraging_events,foraging_hrs,foraging_sqhrs,staying_events,staying_hrs,staying_sqhrs,repairing_events,repairing_hrs,repairing_sqhrs,marauding_events,marauding_hrs,marauding_sqhrs,traveling_events,traveling_hrs,traveling_sqhrs
0,0.0,12,360.16346934641933,558.0,65.08318297229,12.350562963443245,1598.0,264.5173978610662,55.713705235836414,169.0,30.54284160299122,6.690747066628218,0.0,0.0,0.0,0.0,0.0,0.0
1,0.054,10,360.72293763421027,568.0,73.99090545554434,16.622476326021637,1678.0,277.69738401118633,58.27529727126629,42.0,6.026227764565905,1.178490686762252,19.0,1.9000000000000006,0.1900000000000001,114.0,0.6190376879444449,0.0033614706938210745
2,0.0,10,360.175189754644,562.0,66.84895846149975,13.580859428986304,1427.0,244.2016575912248,52.3541353268862,306.0,48.96062619494154,9.90634753838309,0.0,0.0,0.0,0.0,0.0,0.0
3,0.0,9,360.2606558426231,573.0,69.8241171311533,13.671817717226494,1586.0,271.58789730959836,58.18709380127023,116.0,18.589313361416167,3.7794330755993117,0.0,0.0,0.0,0.0,0.0,0.0
4,0.0,7,360.43766650140975,557.0,69.55340923578022,15.057220003226405,1405.0,241.81781607547347,52.41421453113645,286.0,48.68855238532521,10.459470746156365,0.0,0.0,0.0,0.0,0.0,0.0
5,0.054,7,360.0200033752555,562.0,71.83505198942271,13.870194693713225,1494.0,256.2999106491553,56.020056146082965,176.0,29.790192785112115,6.518090819914212,16.0,1.6000000000000003,0.1600000000000001,89.0,0.4832838090092596,0.0026243060679831203
6,0.054,7,360.01837230994425,577.0,69.89847625985506,13.836519803567333,1425.0,246.67021393817927,53.68671388078298,257.0,42.29328574703382,8.797442285097588,8.0,0.7999999999999999,0.08000000000000002,79.0,0.4289822574351855,0.0023294402176479386
7,0.0,10,360.23195803111594,565.0,72.3647153608948,15.395775408856903,1493.0,251.10201767061838,53.527139523311035,212.0,36.588987420481814,8.041463159870842,0.0,0.0,0.0,0.0,0.0,0.0
