id,probability_maraud,successful_mating,next_foraging_time,foraging_events,foraging_hrs,foraging_sqhrs,staying_events,staying_hrs,staying_sqhrs,repairing_events,repairing_hrs,repairing_sqhrs,marauding_events,marauding_hrs,marauding_sqhrs,traveling_events,traveling_hrs,traveling_sqhrs
0,0.0,6,360.1822687947371,554.0,70.38713158094636,14.919414818792278,1404.0,235.19714930648357,49.329602144697404,325.0,54.54961052831918,11.3522996676411,0.0,0.0,0.0,0.0,0.0,0.0
1,0.0,10,360.459637179576,560.0,71.11436636775045,14.363099524661155,1367.0,234.2789248228442,50.37239688812065,317.0,54.786970643266464,11.882650212567318,0.0,0.0,0.0,0.0,0.0,0.0
2,0.054,7,360.1302620246101,564.0,73.70075041259595,15.79697200567571,1439.0,241.34406376223973,51.12930894534357,255.0,42.752963335906166,9.216116864432626,18.0,1.8000000000000005,0.1800000000000001,77.0,0.41812194712037065,0.0022704670475809023
3,0.054,9,360.3731067011017,574.0,71.0833945902783,14.666159846436614,1590.0,268.39425322802543,57.69914695009856,112.0,18.440862767528092,3.9388651722720245,17.0,1.7000000000000004,0.1700000000000001,96.0,0.5212948951111115,0.0028307121632177475
4,0.0,4,360.03672962591673,552.0,70.92357239164251,15.12987535297312,1411.0,240.28671971700052,52.09016002114581,279.0,48.82643173026808,10.666578467368454,0.0,0.0,0.0,0.0,0.0,0.0
5,0.054,14,360.2645939467748,569.0,70.72165831068452,14.270688811363582,1669.0,280.96631154693006,60.432977063176835,31.0,6.0971495874369595,1.4918752970075722,18.0,1.8000000000000005,0.1800000000000001,90.0,0.488713964166667,0.0026537926530166385
6,0.0,10,360.3588401461324,567.0,65.7365740678074,13.199307281562994,1466.0,245.4352527073613,52.044553273328376,284.0,48.85654073998354,10.428347433654906,0.0,0.0,0.0,0.0,0.0,0.0
7,0.0,12,360.23879280360654,566.0,69.93232592501775,13.922250320597064,1468.0,241.28141872314893,50.97645467539176,294.0,48.908436211759245,10.493466163216304,0.0,0.0,0.0,0.0,0.0,0.0
