id,probability_maraud,successful_mating,next_foraging_time,foraging_events,foraging_hrs,foraging_sqhrs,staying_events,staying_hrs,staying_sqhrs,repairing_events,repairing_hrs,repairing_sqhrs,marauding_events,marauding_hrs,marauding_sqhrs,traveling_events,traveling_hrs,traveling_sqhrs
0,0.054,15,360.6674207199165,553.0,70.61020545068804,15.764412688831362,1497.0,256.79667516836224,55.729387750774144,187.0,30.429633297915547,6.076567258700068,18.0,1.8000000000000005,0.1800000000000001,91.0,0.4941441193240744,0.0026832792380501566
1,0.0,7,360.0581803518412,562.0,71.08517093157668,14.410731540951332,1554.0,260.2498906885183,55.251628257860396,166.0,28.80966052649543,6.334896993152515,0.0,0.0,0.0,0.0,0.0,0.0
2,0.054,8,360.16378518997954,554.0,67.59474976250225,13.989782677523795,1589.0,268.6130422558623,57.71858252615445,135.0,22.0045417467897,4.630174451172375,14.0,1.4000000000000001,0.14000000000000007,80.0,0.4344124125925929,0.002358926802681457
3,0.054,11,360.2172035270986,569.0,70.97938523334422,14.459207373665002,1515.0,253.6405998577777,53.31212630148849,201.0,33.73771699503702,6.986198931547226,13.0,1.3,0.13000000000000006,92.0,0.49957427448148184,0.002712765823083675
4,0.0,6,359.9258354142098,561.0,71.88611659995539,15.319808389759862,1415.0,245.50763094474388,53.86718294323838,249.0,42.6874895174125,9.489064515562836,0.0,0.0,0.0,0.0,0.0,0.0
5,0.0,10,360.6761639039149,563.0,75.48065187177039,17.121945525724087,1329.0,229.59729545265733,50.087377255752024,332.0,55.05626676481752,11.673767067821663,0.0,0.0,0.0,0.0,0.0,0.0
6,0.0,7,359.9179529601199,576.0,73.50728732625522,16.14404338109961,1511.0,255.81553477856198,54.33724493461388,178.0,30.70091016176557,6.471549091535187,0.0,0.0,0.0,0.0,0.0,0.0
7,0.0,8,360.02207031216,560.0,71.5202095384361,14.305954853337095,1549.0,264.1059228475775,56.799387485905456,149.0,24.386828442735478,5.07689895585365,0.0,0.0,0.0,0.0,0.0,0.0
