id,probability_maraud,successful_mating,next_foraging_time,foraging_events,foraging_hrs,foraging_sqhrs,staying_events,staying_hrs,staying_sqhrs,repairing_events,repairing_hrs,repairing_sqhrs,marauding_events,marauding_hrs,marauding_sqhrs,traveling_events,traveling_hrs,traveling_sqhrs
0,0.0,6,360.4865252421738,556.0,72.0727450303523,15.773201525877715,1555.0,262.0854862964153,55.59346454849792,159.0,25.932097881278118,5.4553089051125845,0.0,0.0,0.0,0.0,0.0,0.0
1,0.0,12,360.0640084188347,575.0,72.70328820745075,15.947889125207045,1425.0,238.87430037224982,50.80928218922142,298.0,48.500736110280805,10.08195222877189,0.0,0.0,0.0,0.0,0.0,0.0
2,0.054,10,360.5037825102156,565.0,73.0297214117819,16.63951037517433,1558.0,260.6264694710837,54.75844262139795,160.0,24.465680518775095,4.660939001516595,15.0,1.5000000000000002,0.15000000000000008,94.0,0.5104345847962967,0.002771738993150711
3,0.0,7,360.2829706550629,564.0,71.8423493516103,14.52108677645131,1542.0,263.40328878161904,56.63209036630166,156.0,24.756413979746608,4.918551382199664,0.0,0.0,0.0,0.0,0.0,0.0
4,0.0,13,360.4037558281084,573.0,70.1440656552729,13.20422634752841,1440.0,247.1687949837073,53.569002690774,249.0,42.68744621021428,9.108056458997742,0.0,0.0,0.0,0.0,0.0,0.0
5,0.054,7,360.422545212065,563.0,71.48938011052502,15.563427902337521,1582.0,269.85513679091787,58.306962867878404,104.0,17.42221247732667,3.778538764897352,9.0,0.8999999999999999,0.09000000000000002,97.0,0.5267250502685189,0.0028601987482512656
6,0.0,6,360.14083500305065,565.0,71.29025359732447,15.325497937571976,1447.0,240.27425243013886,50.604599529276044,304.0,48.660805758392364,9.736799934875508,0.0,0.0,0.0,0.0,0.0,0.0
7,0.054,11,360.6630336521566,561.0,69.11243394821756,14.438408401581722,1651.0,278.0293274117323,59.340155436381316,58.0,10.721750218868856,2.367566194151767,17.0,1.7000000000000004,0.1700000000000001,87.0,0.4724234986944448,0.002565332897916084
