id,probability_maraud,successful_mating,next_foraging_time,foraging_events,foraging_hrs,foraging_sqhrs,staying_events,staying_hrs,staying_sqhrs,repairing_events,repairing_hrs,repairing_sqhrs,marauding_events,marauding_hrs,marauding_sqhrs,traveling_events,traveling_hrs,traveling_sqhrs
0,0.054,21,360.0489384816351,575.0,68.38207759453745,13.63219624346582,966.0,167.80251605022244,36.485707822584374,720.0,122.36302092431059,26.432351835937716,12.0,1.2,0.12000000000000005,60.0,0.32580930944444464,0.0017691951020110935
1,0.0,51,360.43747310209704,581.0,72.30436565267115,15.183100467160694,1311.0,220.79764305311986,47.830888883192785,399.0,67.0397595868499,14.415250284564546,0.0,0.0,0.0,0.0,0.0,0.0
2,0.054,0,360.41946882779547,553.0,72.36350070389685,16.806236243246772,1680.0,286.18997500987535,61.538290044827825,0.0,0.0,0.0,10.0,0.9999999999999999,0.10000000000000003,89.0,0.4832838090092596,0.0026243060679831203
3,0.0,0,360.8247424408167,582.0,72.8307868707581,14.821701242540527,1706.0,287.27196062608135,61.904442782617316,0.0,0.0,0.0,0.0,0.0,0.0,0.0,0.0,0.0
4,0.0,0,360.28521585797887,562.0,66.2035082121086,13.080495388018873,1716.0,293.91880601652156,63.625828262821365,0.0,0.0,0.0,0.0,0.0,0.0,0.0,0.0,0.0
5,0.0,0,360.3038537939436,561.0,71.93939157356276,15.090236826300549,1743.0,288.1315724186789,60.53755373774264,0.0,0.0,0.0,0.0,0.0,0.0,0.0,0.0,0.0
6,0.054,0,360.28061111002046,577.0,69.7534338082121,14.457242463845331,1711.0,289.0249989793553,61.9864399662772,0.0,0.0,0.0,10.0,0.9999999999999999,0.10000000000000003,82.0,0.4452727229074077,0.002417899972748493
7,0.0,0,360.38107756195103,564.0,73.24854533675996,15.865574739061021,1666.0,286.8033153216691,62.24415355892962,0.0,0.0,0.0,0.0,0.0,0.0,0.0,0.0,0.0
