id,probability_maraud,successful_mating,next_foraging_time,foraging_events,foraging_hrs,foraging_sqhrs,staying_events,staying_hrs,staying_sqhrs,repairing_events,repairing_hrs,repairing_sqhrs,marauding_events,marauding_hrs,marauding_sqhrs,traveling_events,traveling_hrs,traveling_sqhrs
0,0.0,3,360.48280280068,578.0,67.11582700055023,13.01312870336417,1445.0,250.36846204902727,54.55517872734851,273.0,42.58839972246075,8.445390901377579,0.0,0.0,0.0,0.0,0.0,0.0
1,0.0,10,360.44090898725784,572.0,68.43112066212022,13.495034759895574,1433.0,240.66584198039573,51.223481905769525,310.0,50.96785416916734,10.879952402633412,0.0,0.0,0.0,0.0,0.0,0.0
2,0.054,8,360.682503993346,574.0,71.2362234679413,14.506453781158834,1585.0,268.91593196273186,57.556346643784956,104.0,18.396473393364356,4.0372620713358005,10.0,0.9999999999999999,0.10000000000000003,88.0,0.4778536538518522,0.002594819482949602
3,0.0,10,359.9889157567607,579.0,72.65430923367789,14.852937641851659,1593.0,269.174111561819,57.88692153198224,116.0,18.384933181261633,3.722652750578981,0.0,0.0,0.0,0.0,0.0,0.0
4,0.054,9,360.2514501109498,559.0,72.68727586291325,16.066356008948752,1552.0,255.0177804348184,53.30848159504596,182.0,30.390664385211252,6.536941023086217,16.0,1.6000000000000003,0.1600000000000001,89.0,0.4832838090092596,0.0026243060679831203
5,0.0,8,360.28492466410273,563.0,67.45944915638225,13.955508237224384,1554.0,268.2294220283502,57.99055967112359,132.0,24.411353264227802,5.466809145865851,0.0,0.0,0.0,0.0,0.0,0.0
6,0.0,11,360.32852362071975,575.0,66.80647290367735,13.030976463183666,1538.0,256.87963892272137,54.79431984392237,231.0,36.44627825661911,7.075920150589519,0.0,0.0,0.0,0.0,0.0,0.0
7,0.054,13,360.55494677527054,559.0,76.67851448585212,17.92835136970054,1528.0,257.06501705665863,54.40464113575216,145.0,24.449895254635006,5.0498411072647,15.0,1.5000000000000002,0.15000000000000008,99.0,0.5375853605833337,0.002919171918318302
