id,probability_maraud,successful_mating,next_foraging_time,foraging_events,foraging_hrs,foraging_sqhrs,staying_events,staying_hrs,staying_sqhrs,repairing_events,repairing_hrs,repairing_sqhrs,marauding_events,marauding_hrs,marauding_sqhrs,traveling_events,traveling_hrs,traveling_sqhrs
0,0.054,13,360.0975458189812,571.0,70.88123873385759,15.100335483208248,1575.0,269.03765906170236,57.81845251180585,105.0,18.544662707510806,4.1918864781750225,13.0,1.3,0.13000000000000006,92.0,0.49957427448148184,0.002712765823083675
1,0.0,7,360.8049690978711,584.0,69.50835086971134,13.961788256292241,1430.0,241.6925583933738,51.95708670133083,290.0,48.91144915232146,10.226564762922408,0.0,0.0,0.0,0.0,0.0,0.0
2,0.054,5,360.1449619117499,572.0,70.75183584318641,15.001798398354843,1520.0,256.9487410626699,54.41864630468288,193.0,30.689356606173536,6.410582900817869,14.0,1.4000000000000001,0.14000000000000007,80.0,0.4344124125925929,0.002358926802681457
3,0.0,12,360.02115315754406,555.0,71.6804151903462,14.956606352547679,1425.0,247.92133155682916,53.98495854744116,240.0,40.60327377047767,8.91781596739954,0.0,0.0,0.0,0.0,0.0,0.0
4,0.0,9,360.35516670258653,577.0,71.85675569865614,14.438105288001411,1526.0,251.6004016961184,53.4305501893072,224.0,36.66319087093375,7.211787259985377,0.0,0.0,0.0,0.0,0.0,0.0
5,0.054,9,360.04477599593656,570.0,74.12153972069723,15.978446415953261,1492.0,253.35629783953107,54.981224053278254,191.0,30.452543666125067,6.325799438487184,17.0,1.7000000000000004,0.1700000000000001,91.0,0.4941441193240744,0.0026832792380501566
6,0.0,6,360.1879980185596,583.0,74.32384628818494,16.16443161718269,1464.0,249.60682812324688,53.68766224287821,229.0,36.32409064406912,7.448550640746366,0.0,0.0,0.0,0.0,0.0,0.0
7,0.0,11,360.2757393656936,560.0,70.67236308160093,13.884320752740862,1548.0,264.64836168254607,57.43513897981217,149.0,24.70104036230268,5.363809518747913,0.0,0.0,0.0,0.0,0.0,0.0
