id,probability_maraud,successful_mating,next_foraging_time,foraging_events,foraging_hrs,foraging_sqhrs,staying_events,staying_hrs,staying_sqhrs,repairing_events,repairing_hrs,repairing_sqhrs,marauding_events,marauding_hrs,marauding_sqhrs,traveling_events,traveling_hrs,traveling_sqhrs
0,0.054,10,360.4332530848999,581.0,71.61661718952404,14.063012121118765,1572.0,262.08134416975565,55.92128403490297,150.0,24.399676098226738,5.062567798996223,14.0,1.4000000000000001,0.14000000000000007,102.0,0.553875826055556,0.0030076316734188565
1,0.0,11,360.1599265309185,566.0,71.20270496112825,15.55640673920765,1512.0,258.4046620694879,55.894397781213144,184.0,30.408830047562006,6.436175365542604,0.0,0.0,0.0,0.0,0.0,0.0
2,0.0,7,360.1607286897803,562.0,69.69725022168934,14.418527219685016,1369.0,229.45851004712077,48.96766384285999,347.0,60.898388668601875,13.420854468259147,0.0,0.0,0.0,0.0,0.0,0.0
3,0.054,10,360.06616010079296,560.0,72.04548478429206,15.35274109034016,1489.0,255.66302809633873,55.62545217120421,182.0,30.268057081926337,6.405229780415769,17.0,1.7000000000000004,0.1700000000000001,80.0,0.4344124125925929,0.002358926802681457
4,0.054,7,360.52834664237383,566.0,71.05720588280778,14.731339757441601,1580.0,268.40795653600213,57.9542924044649,114.0,18.343475179924408,3.698041800541455,19.0,1.9000000000000006,0.1900000000000001,95.0,0.5158647399537041,0.0028012255781842293
5,0.0,8,359.99175509198346,558.0,71.58249008383127,16.597130192238538,1446.0,246.4495443291888,53.43113220927852,254.0,42.268997397017,9.099945896185789,0.0,0.0,0.0,0.0,0.0,0.0
6,0.0,6,360.0198582508893,571.0,67.90413024592098,13.361853620909859,1445.0,243.22767273000068,51.88437933295116,300.0,48.94022891527656,10.206458883677204,0.0,0.0,0.0,0.0,0.0,0.0
7,0.0,13,360.6266642120274,567.0,70.04265500173409,13.510586106505905,1415.0,242.09811844141373,52.09578737169692,268.0,47.86700453501175,10.928758539097913,0.0,0.0,0.0,0.0,0.0,0.0
