id,probability_maraud,successful_mating,next_foraging_time,foraging_events,foraging_hrs,foraging_sqhrs,staying_events,staying_hrs,staying_sqhrs,repairing_events,repairing_hrs,repairing_sqhrs,marauding_events,marauding_hrs,marauding_sqhrs,traveling_events,traveling_hrs,traveling_sqhrs
0,0.054,36,360.13558182257657,578.0,68.43129294385818,13.247524574049164,901.0,156.31347387834364,33.717895788675555,788.0,134.30990031503703,29.266163051535223,7.0,0.7,0.07,49.0,0.2660776027129631,0.0014448426666423936
1,0.0,36,360.1532979419893,569.0,74.32701956782137,16.210595552278146,1424.0,243.15208612770815,52.221276659327685,242.0,42.64369412914844,9.451809305354814,0.0,0.0,0.0,0.0,0.0,0.0
2,0.0,0,360.12777076953205,561.0,69.04945110568487,13.962906140585883,1719.0,291.09731631611385,62.18836802612497,0.0,0.0,0.0,0.0,0.0,0.0,0.0,0.0,0.0
3,0.0,0,360.29503867837053,570.0,72.24648868309322,15.660189030279316,1687.0,287.8759042400169,61.28092995934298,0.0,0.0,0.0,0.0,0.0,0.0,0.0,0.0,0.0
4,0.054,0,360.3714425949621,559.0,70.57101612246952,15.137854592703638,1691.0,288.0986950213997,62.32329415361656,0.0,0.0,0.0,9.0,0.8999999999999999,0.09000000000000002,87.0,0.4724234986944448,0.002565332897916084
5,0.0,0,360.58528967286884,565.0,70.6202887957237,14.170784564384793,1712.0,289.56052144618576,62.52957765946953,0.0,0.0,0.0,0.0,0.0,0.0,0.0,0.0,0.0
6,0.054,0,360.3588401964167,582.0,69.30705550575891,13.529361302253117,1712.0,288.87367903910206,62.11108395870294,0.0,0.0,0.0,13.0,1.3,0.13000000000000006,99.0,0.5375853605833337,0.002919171918318302
7,0.0,0,360.20328664439006,566.0,69.56882866284111,14.909929550248998,1702.0,290.44063420270237,62.77965664196261,0.0,0.0,0.0,0.0,0.0,0.0,0.0,0.0,0.0
