id,probability_maraud,successful_mating,next_foraging_time,foraging_events,foraging_hrs,foraging_sqhrs,staying_events,staying_hrs,staying_sqhrs,repairing_events,repairing_hrs,repairing_sqhrs,marauding_events,marauding_hrs,marauding_sqhrs,traveling_events,traveling_hrs,traveling_sqhrs
0,0.0,12,360.30492817281265,564.0,73.13551752568763,15.989618521685356,1579.0,262.39907212874004,55.30757762564548,145.0,24.483291657680894,5.244828936392453,0.0,0.0,0.0,0.0,0.0,0.0
1,0.0,7,360.0986166587423,572.0,72.7446804978535,15.413594763347401,1384.0,226.83437006480614,47.62130901625164,378.0,60.58940049324892,12.425562195002591,0.0,0.0,0.0,0.0,0.0,0.0
2,0.054,13,360.52547628224863,555.0,73.59978260370625,15.368147787672621,1529.0,266.71024874467025,58.46698303818279,102.0,18.363905596858025,4.173136492861441,10.0,0.9999999999999999,0.10000000000000003,81.0,0.4398425677500003,0.002388413387714975
3,0.0,9,360.1026060281534,568.0,70.7808482521526,14.521327811964284,1576.0,267.69608943490744,57.13105227868039,127.0,21.60279039770204,4.4997614398432875,0.0,0.0,0.0,0.0,0.0,0.0
4,0.054,6,360.1692893738873,564.0,67.81443094338168,13.445300623837523,1595.0,272.3289965584679,58.759809158007045,104.0,18.32302985170756,3.9191032874126748,12.0,1.2,0.12000000000000005,74.0,0.4018314816481484,0.002182007292480348
5,0.0,7,360.3066914725381,559.0,68.76164159476642,14.362085885775931,1594.0,266.92873727964127,56.72961373589833,150.0,24.47307957165499,5.271752349170416,0.0,0.0,0.0,0.0,0.0,0.0
6,0.054,9,360.1216645288185,569.0,70.02066530927031,14.047548239531006,1578.0,269.6736026005862,57.59315199295413,112.0,18.325510481785123,3.7932300873717453,16.0,1.6000000000000003,0.1600000000000001,90.0,0.488713964166667,0.0026537926530166385
7,0.0,9,360.16925206841887,564.0,72.4412010544303,15.206798876463209,1453.0,247.51607177733112,53.391553284668035,212.0,40.08626844323673,9.279086490186103,0.0,0.0,0.0,0.0,0.0,0.0
