id,probability_maraud,successful_mating,next_foraging_time,foraging_events,foraging_hrs,foraging_sqhrs,staying_events,staying_hrs,staying_sqhrs,repairing_events,repairing_hrs,repairing_sqhrs,marauding_events,marauding_hrs,marauding_sqhrs,traveling_events,traveling_hrs,traveling_sqhrs
0,0.054,38,360.4576005711813,558.0,75.13764205928695,17.227645840745108,976.0,167.73121183093352,35.44809100208584,645.0,115.81730077189656,25.792396731561542,11.0,1.0999999999999999,0.11000000000000004,72.0,0.3909711713333336,0.0021230341224133115
1,0.054,34,359.9318580379048,570.0,74.80500828593956,16.216534858460314,1291.0,217.0080885945757,46.225958661904016,387.0,66.73928115015161,14.226424140495048,11.0,1.0999999999999999,0.11000000000000004,83.0,0.4507028780648151,0.0024473865577820113
2,0.0,0,360.3364150936133,567.0,68.55119309638583,13.610240914331733,1733.0,291.462512801756,61.42347455541765,0.0,0.0,0.0,0.0,0.0,0.0,0.0,0.0,0.0
3,0.0,0,360.68674320512696,559.0,71.67568861192838,15.161201750637701,1710.0,288.34894523890915,61.67259371825518,0.0,0.0,0.0,0.0,0.0,0.0,0.0,0.0,0.0
4,0.0,0,360.3343425418459,557.0,70.74904537866709,14.798245919605943,1675.0,289.2881942206099,63.029295657391735,0.0,0.0,0.0,0.0,0.0,0.0,0.0,0.0,0.0
5,0.054,0,360.1176149008527,571.0,72.18836468646187,15.44265358071097,1676.0,286.5767860806128,61.636123804384496,0.0,0.0,0.0,8.0,0.7999999999999999,0.08000000000000002,90.0,0.488713964166667,0.0026537926530166385
6,0.0,0,360.2232205954045,551.0,73.66312371800744,16.07485747629957,1719.0,286.5376584615374,60.918152377421876,0.0,0.0,0.0,0.0,0.0,0.0,0.0,0.0,0.0
7,0.0,0,360.00230792391613,574.0,67.06153231399766,12.978060860426016,1746.0,292.9667055061852,63.00328364469664,0.0,0.0,0.0,0.0,0.0,0.0,0.0,0.0,0.0
