id,probability_maraud,successful_mating,next_foraging_time,foraging_events,foraging_hrs,foraging_sqhrs,staying_events,staying_hrs,staying_sqhrs,repairing_events,repairing_hrs,repairing_sqhrs,marauding_events,marauding_hrs,marauding_sqhrs,traveling_events,traveling_hrs,traveling_sqhrs
0,0.054,38,360.2748174724075,563.0,71.88283226975769,14.67973990384866,988.0,167.41344455767359,36.109373357918585,706.0,119.47901640063593,25.72869842344504,9.0,0.8999999999999999,0.09000000000000002,60.0,0.32580930944444464,0.0017691951020110935
1,0.0,34,360.08283912239335,567.0,69.5870928021986,13.84362222589141,1412.0,235.5748623399857,50.587796780134504,312.0,54.8862501519152,12.041217128957758,0.0,0.0,0.0,0.0,0.0,0.0
2,0.054,0,360.4955485276045,565.0,70.53511429023742,15.13844925004574,1706.0,288.0799700631541,61.7897659730227,0.0,0.0,0.0,10.0,0.9999999999999999,0.10000000000000003,100.0,0.5430155157407411,0.00294865850335182
3,0.0,0,360.454949938753,568.0,68.37327155585145,13.614425800715194,1688.0,291.77745749725693,63.287968497148086,0.0,0.0,0.0,0.0,0.0,0.0,0.0,0.0,0.0
4,0.0,0,360.3109462135798,568.0,67.24960836295864,13.368198171320087,1692.0,292.8181973480861,63.82045924602515,0.0,0.0,0.0,0.0,0.0,0.0,0.0,0.0,0.0
5,0.054,0,360.1606572570951,566.0,71.3982172347848,14.527543494385894,1689.0,287.3638642577078,62.30881131072426,0.0,0.0,0.0,10.0,0.9999999999999999,0.10000000000000003,88.0,0.4778536538518522,0.002594819482949602
6,0.0,0,359.8906261452163,562.0,71.54945196484812,15.370105981077272,1697.0,288.5596322142999,62.39617581378857,0.0,0.0,0.0,0.0,0.0,0.0,0.0,0.0,0.0
7,0.0,0,359.9546555248005,570.0,72.29593637856955,15.552760425247193,1698.0,287.7123892715393,61.44948243641912,0.0,0.0,0.0,0.0,0.0,0.0,0.0,0.0,0.0
