id,probability_maraud,successful_mating,next_foraging_time,foraging_events,foraging_hrs,foraging_sqhrs,staying_events,staying_hrs,staying_sqhrs,repairing_events,repairing_hrs,repairing_sqhrs,marauding_events,marauding_hrs,marauding_sqhrs,traveling_events,traveling_hrs,traveling_sqhrs
0,0.054,44,359.92410577637276,557.0,71.75601750601335,15.183937243665447,1264.0,213.56843130423576,45.719355219666724,434.0,73.45060217685533,15.980135131785932,9.0,0.8999999999999999,0.09000000000000002,62.0,0.33666961975925946,0.0018281682720781298
1,0.054,28,360.5509513292644,576.0,69.54832818854761,13.686211549673668,1397.0,237.17752160952423,50.208389656679294,322.0,52.46054189938059,11.13448147159552,6.0,0.6,0.06000000000000001,64.0,0.3475299300740743,0.0018871414421451661
2,0.0,0,360.04236724545456,561.0,71.18041596630529,14.690306912694712,1685.0,289.0072164065785,62.0236005633537,0.0,0.0,0.0,0.0,0.0,0.0,0.0,0.0,0.0
3,0.0,0,360.46967720840365,572.0,70.67461491335047,14.39681877309665,1693.0,289.5949799973047,62.0350554985774,0.0,0.0,0.0,0.0,0.0,0.0,0.0,0.0,0.0
4,0.0,0,360.34876704030205,545.0,69.88213913423954,15.01707007733506,1673.0,290.13613415611616,63.82929790956171,0.0,0.0,0.0,0.0,0.0,0.0,0.0,0.0,0.0
5,0.054,0,360.11197602185104,570.0,69.94739277779584,14.344655162908635,1700.0,289.1217638778103,62.399895762840806,0.0,0.0,0.0,6.0,0.6,0.06000000000000001,96.0,0.5212948951111115,0.0028307121632177475
6,0.0,0,360.51727236688885,560.0,67.9815962984226,14.31787499055658,1755.0,292.0708158369918,61.461811695936575,0.0,0.0,0.0,0.0,0.0,0.0,0.0,0.0,0.0
7,0.0,0,359.9578941352578,553.0,71.39422886294145,15.322042504346271,1691.0,288.8762522478956,62.54178427463363,0.0,0.0,0.0,0.0,0.0,0.0,0.0,0.0,0.0
