id,probability_maraud,successful_mating,next_foraging_time,foraging_events,foraging_hrs,foraging_sqhrs,staying_events,staying_hrs,staying_sqhrs,repairing_events,repairing_hrs,repairing_sqhrs,marauding_events,marauding_hrs,marauding_sqhrs,traveling_events,traveling_hrs,traveling_sqhrs
0,0.0,24,359.99919951806254,571.0,69.31643749019226,13.988984932078145,670.0,116.35637881804779,25.585716676345992,1027.0,174.5216353570376,38.03891430528523,0.0,0.0,0.0,0.0,0.0,0.0
1,0.0,48,360.03912058894025,575.0,66.63922261201577,12.451765968026086,1716.0,293.36922836111313,63.28958022001206,0.0,0.0,0.0,0.0,0.0,0.0,0.0,0.0,0.0
2,0.0,0,360.049021428185,570.0,73.67443674813605,16.574663959037444,1699.0,286.46184871306207,60.93032036729165,0.0,0.0,0.0,0.0,0.0,0.0,0.0,0.0,0.0
3,0.0,0,360.2049422438463,567.0,70.56339072936984,13.862564856322305,1708.0,289.4559414689327,62.14430362279926,0.0,0.0,0.0,0.0,0.0,0.0,0.0,0.0,0.0
4,0.054,0,360.1410385094466,563.0,70.63553155514616,14.974092540326664,1633.0,287.88011905494744,64.15375295491786,0.0,0.0,0.0,10.0,0.9999999999999999,0.10000000000000003,101.0,0.5484456708981486,0.0029781450883853383
5,0.0,0,360.28519500255044,565.0,66.60771533511111,14.172082576201916,1749.0,293.415748996141,62.286180428243156,0.0,0.0,0.0,0.0,0.0,0.0,0.0,0.0,0.0
6,0.054,0,360.46855634809623,563.0,70.69089180511205,14.910762576257165,1736.0,288.26657507491115,61.20711185708801,0.0,0.0,0.0,6.0,0.6,0.06000000000000001,97.0,0.5267250502685189,0.0028601987482512656
7,0.054,0,360.27688732052184,574.0,68.23860805562916,12.710232369399717,1736.0,289.88116008623973,61.39158213144399,0.0,0.0,0.0,13.0,1.3,0.13000000000000006,113.0,0.6136075327870375,0.0033319841087875563
