id,probability_maraud,successful_mating,next_foraging_time,foraging_events,foraging_hrs,foraging_sqhrs,staying_events,staying_hrs,staying_sqhrs,repairing_events,repairing_hrs,repairing_sqhrs,marauding_events,marauding_hrs,marauding_sqhrs,traveling_events,traveling_hrs,traveling_sqhrs
0,0.0,25,360.1712316088478,576.0,67.93361577697605,13.06637008141323,842.0,141.1402664338729,30.225851568104105,882.0,150.95623381102834,32.58892409160961,0.0,0.0,0.0,0.0,0.0,0.0
1,0.054,47,360.75950809403713,564.0,69.77422193478945,14.396286606542606,1704.0,288.9039158945506,61.90398093947489,0.0,0.0,0.0,8.0,0.7999999999999999,0.08000000000000002,97.0,0.5267250502685189,0.0028601987482512656
2,0.054,0,360.35920420587195,555.0,72.4646775174545,16.534059600761623,1700.0,285.9076714842757,60.745049883466514,0.0,0.0,0.0,11.0,1.0999999999999999,0.11000000000000004,103.0,0.5593059812129634,0.0030371182584523746
3,0.054,0,360.36352648712403,573.0,71.40021771802138,14.617315260430262,1705.0,287.5665088840746,61.751847837956824,0.0,0.0,0.0,6.0,0.6,0.06000000000000001,85.0,0.46156318837962995,0.0025063597278490476
4,0.0,0,360.62316987528726,584.0,71.01062588880889,13.916158632459624,1683.0,289.07780906301986,62.130808680328755,0.0,0.0,0.0,0.0,0.0,0.0,0.0,0.0,0.0
5,0.0,0,360.39395457141524,579.0,71.58227060571195,13.893710738877578,1717.0,288.42364892747827,61.45225585346882,0.0,0.0,0.0,0.0,0.0,0.0,0.0,0.0,0.0
6,0.0,0,359.9503271633301,573.0,71.10139214234019,14.325065522406781,1738.0,288.9421641453463,61.430948275423134,0.0,0.0,0.0,0.0,0.0,0.0,0.0,0.0,0.0
7,0.0,0,360.50385110189933,570.0,69.88938539271703,14.921598903799723,1705.0,290.20058282368956,62.76253965763338,0.0,0.0,0.0,0.0,0.0,0.0,0.0,0.0,0.0
