id,probability_maraud,successful_mating,next_foraging_time,foraging_events,foraging_hrs,foraging_sqhrs,staying_events,staying_hrs,staying_sqhrs,repairing_events,repairing_hrs,repairing_sqhrs,marauding_events,marauding_hrs,marauding_sqhrs,traveling_events,traveling_hrs,traveling_sqhrs
0,0.0,8,360.1160925157073,571.0,69.67458432315138,13.831619783219255,1418.0,241.72746619969533,51.83529934899559,283.0,48.6118373547573,10.591338127174362,0.0,0.0,0.0,0.0,0.0,0.0
1,0.054,7,360.376729820026,561.0,70.39992739206234,15.13992434101683,1551.0,260.67288640722535,55.19985305414814,164.0,27.14225020171994,5.67563891881662,15.0,1.5000000000000002,0.15000000000000008,102.0,0.553875826055556,0.0030076316734188565
2,0.054,9,360.0495721155901,566.0,70.5091006938831,14.53763941237392,1567.0,263.4890499842268,56.21321942716641,142.0,24.375532902026183,5.1450052054049715,13.0,1.3,0.13000000000000006,88.0,0.4778536538518522,0.002594819482949602
3,0.0,6,359.9588443283449,564.0,70.0117095807141,13.715874172022593,1532.0,265.51336825472634,57.823371323874305,134.0,24.575182634061118,5.372830075112007,0.0,0.0,0.0,0.0,0.0,0.0
4,0.0,9,360.21164879672705,573.0,68.8361240551496,14.195886845174075,1496.0,248.7155674519689,52.65991829626719,242.0,42.658812164740006,9.307244674973258,0.0,0.0,0.0,0.0,0.0,0.0
5,0.054,15,360.29581820534236,564.0,69.08555620444001,14.294402067095413,1555.0,258.7731022367164,54.44861743423017,183.0,30.49031779166851,6.412736703773813,13.0,1.3,0.13000000000000006,74.0,0.4018314816481484,0.002182007292480348
6,0.0,9,359.96083693026753,565.0,70.71783306188976,15.096001236809883,1556.0,264.99545936677356,57.47545336388468,140.0,24.28975822582926,5.258008659320592,0.0,0.0,0.0,0.0,0.0,0.0
7,0.0,9,359.9335658097425,573.0,70.54775266622427,13.742027027345195,1569.0,265.0462856171538,56.61031752894327,145.0,24.491337523318997,5.286360216401034,0.0,0.0,0.0,0.0,0.0,0.0
