id,probability_maraud,successful_mating,next_foraging_time,foraging_events,foraging_hrs,foraging_sqhrs,staying_events,staying_hrs,staying_sqhrs,repairing_events,repairing_hrs,repairing_sqhrs,marauding_events,marauding_hrs,marauding_sqhrs,traveling_events,traveling_hrs,traveling_sqhrs
0,0.0,5,360.74991158110237,571.0,71.60075197109012,16.062051513110532,1521.0,252.02944464107665,52.95881244282884,223.0,36.458413381334964,7.657335099350414,0.0,0.0,0.0,0.0,0.0,0.0
1,0.054,9,360.2515625229868,566.0,72.9985035878219,16.347270284456293,1681.0,278.26327297681183,58.539552306994025,40.0,6.083637925750283,1.1843260543201077,21.0,2.1000000000000005,0.21000000000000013,110.0,0.5973170673148153,0.003243524353687002
2,0.0,11,360.31048694977176,571.0,70.60509306570061,14.43551111856702,1368.0,234.63309616377754,50.66054184410518,332.0,54.8756425774806,12.033620144029426,0.0,0.0,0.0,0.0,0.0,0.0
3,0.0,13,359.81092985449686,559.0,75.00145262385432,17.124785288419254,1253.0,211.79328996852982,45.262381727266394,417.0,73.21217455976898,15.843155248040768,0.0,0.0,0.0,0.0,0.0,0.0
4,0.054,10,360.07489241867495,561.0,75.47867386712788,16.74040336947485,1519.0,251.49333901598212,54.093076096867854,189.0,30.803851257998982,6.343840586767005,18.0,1.8000000000000005,0.1800000000000001,85.0,0.46156318837962995,0.0025063597278490476
5,0.0,12,360.3784090179999,564.0,70.72050319377273,14.62849836789529,1344.0,229.87413902189365,49.53662409092376,343.0,59.47786614851739,13.10531595952722,0.0,0.0,0.0,0.0,0.0,0.0
6,0.054,5,359.9401070102713,560.0,70.09869754611566,14.551603192383583,1542.0,263.11565505236626,57.046529102724605,141.0,24.531279326340595,5.277702706541735,18.0,1.8000000000000005,0.1800000000000001,111.0,0.6027472224722227,0.00327301093872052
7,0.0,7,359.8732039172153,564.0,69.09766257617544,13.836707934427249,1344.0,229.86291027089894,49.729879658853065,360.0,61.0849021191131,13.231694606170157,0.0,0.0,0.0,0.0,0.0,0.0
