id,probability_maraud,successful_mating,next_foraging_time,foraging_events,foraging_hrs,foraging_sqhrs,staying_events,staying_hrs,staying_sqhrs,repairing_events,repairing_hrs,repairing_sqhrs,marauding_events,marauding_hrs,marauding_sqhrs,traveling_events,traveling_hrs,traveling_sqhrs
0,0.0,9,360.0771931563649,579.0,72.33054592329083,15.482809770576882,1423.0,238.8410603995774,51.234391368543704,300.0,48.83115285598234,9.979338927251518,0.0,0.0,0.0,0.0,0.0,0.0
1,0.054,3,360.25207162476374,560.0,69.34376814607897,14.218345107865762,1515.0,257.94674028304433,56.13965515895006,185.0,30.71417602187769,6.583179584547771,15.0,1.5000000000000002,0.15000000000000008,95.0,0.5158647399537041,0.0028012255781842293
2,0.054,13,360.1927208179762,569.0,70.71934224498105,14.38883698565593,1537.0,263.4912234483646,56.78189513151746,151.0,24.1211028005079,5.251238754270663,13.0,1.3,0.13000000000000006,73.0,0.396401326490741,0.0021525207074468296
3,0.0,11,360.50274172132674,565.0,68.84264468777897,13.5683445031233,1475.0,253.30736746717503,55.11993355789647,231.0,37.87479185706039,7.767515078443864,0.0,0.0,0.0,0.0,0.0,0.0
4,0.0,8,360.2388645363476,550.0,72.61391025718014,16.18470635525538,1573.0,256.67191594033227,53.45607155146381,181.0,30.740911621640887,6.376268006083389,0.0,0.0,0.0,0.0,0.0,0.0
5,0.0,12,360.22094034014606,571.0,68.18169638643081,13.659039984406977,1627.0,272.7483373051487,57.4399192263814,110.0,19.175957977235505,4.079949758990188,0.0,0.0,0.0,0.0,0.0,0.0
6,0.054,11,360.0873516418445,570.0,68.73714978624184,13.990697941738393,1618.0,276.9460582884091,60.00211384909765,75.0,12.121427818445184,2.3832986105996814,17.0,1.7000000000000004,0.1700000000000001,112.0,0.6081773776296301,0.003302497523754038
7,0.0,5,360.25895935148105,556.0,71.57384730731559,15.043291864967218,1283.0,227.5966770874621,50.18251769417819,351.0,60.94168944125557,13.272697813906918,0.0,0.0,0.0,0.0,0.0,0.0
