id,probability_maraud,successful_mating,next_foraging_time,foraging_events,foraging_hrs,foraging_sqhrs,staying_events,staying_hrs,staying_sqhrs,repairing_events,repairing_hrs,repairing_sqhrs,marauding_events,marauding_hrs,marauding_sqhrs,traveling_events,traveling_hrs,traveling_sqhrs
0,0.054,28,360.38135997797986,565.0,70.92848521968808,15.133245686511234,925.0,165.84792659013732,37.58359752993201,722.0,122.36492988209719,26.288253014435707,7.0,0.7,0.07,48.0,0.2606474475555557,0.0014153560816088755
1,0.0,44,360.44819136724146,573.0,73.71391646396262,15.761177126983737,1432.0,243.68276387274219,51.83521596172564,259.0,42.740694742410234,8.940611672839607,0.0,0.0,0.0,0.0,0.0,0.0
2,0.0,0,360.19138148149534,573.0,67.47375513971686,13.447244878376381,1719.0,292.7482641037887,62.11872659566193,0.0,0.0,0.0,0.0,0.0,0.0,0.0,0.0,0.0
3,0.054,0,360.2350212007043,559.0,72.98187817187146,15.482897449687645,1695.0,285.4348808164482,61.44154703300147,0.0,0.0,0.0,10.0,0.9999999999999999,0.10000000000000003,108.0,0.5864567570000004,0.0031845511836199655
4,0.0,0,360.3633069839027,572.0,72.0761758492503,14.838977626739101,1677.0,287.9770101295231,61.916175023344145,0.0,0.0,0.0,0.0,0.0,0.0,0.0,0.0,0.0
5,0.0,0,359.8510576474518,570.0,72.65264962679244,15.05122435103814,1679.0,287.4495504062924,62.1599613469666,0.0,0.0,0.0,0.0,0.0,0.0,0.0,0.0,0.0
6,0.0,0,360.39478634784246,563.0,68.08785248488876,13.53437450646696,1738.0,292.05553414482256,62.42939850900133,0.0,0.0,0.0,0.0,0.0,0.0,0.0,0.0,0.0
7,0.054,0,360.0327278079095,566.0,73.09803817571233,15.982708416754063,1672.0,285.5543082403167,61.818383891387676,0.0,0.0,0.0,10.0,0.9999999999999999,0.10000000000000003,102.0,0.553875826055556,0.0030076316734188565
