id,probability_maraud,successful_mating,next_foraging_time,foraging_events,foraging_hrs,foraging_sqhrs,staying_events,staying_hrs,staying_sqhrs,repairing_events,repairing_hrs,repairing_sqhrs,marauding_events,marauding_hrs,marauding_sqhrs,traveling_events,traveling_hrs,traveling_sqhrs
0,0.0,9,359.96403015377194,560.0,69.21339999890016,14.373059312302733,1529.0,260.5319890922703,56.18149878839113,185.0,30.33844926368578,6.237616009185758,0.0,0.0,0.0,0.0,0.0,0.0
1,0.0,8,359.9905542061385,572.0,66.59881067831476,12.835530080089514,1627.0,274.18027229944363,58.46504778604817,120.0,19.372196333348608,4.237856024581366,0.0,0.0,0.0,0.0,0.0,0.0
2,0.0,12,360.39523060397397,579.0,73.42945938281613,16.607652516903418,1469.0,249.26525418350624,53.34294125099402,225.0,37.34411105503202,8.165538053793139,0.0,0.0,0.0,0.0,0.0,0.0
3,0.0,3,360.37633319475793,555.0,74.05555129431609,17.556685691115867,1529.0,261.7225294397147,56.56800146416651,137.0,24.247528096616097,5.293864494456793,0.0,0.0,0.0,0.0,0.0,0.0
4,0.0,10,360.02619612634004,572.0,65.65940171623564,12.436219443319876,1455.0,251.7677205566267,54.31117237435708,250.0,42.695426286583036,9.204504445161318,0.0,0.0,0.0,0.0,0.0,0.0
5,0.054,10,360.4833153218483,577.0,68.07441964710034,13.14957066421205,1561.0,259.8395328066188,54.52792656457579,184.0,30.192645952833438,6.242855250119238,14.0,1.4000000000000001,0.14000000000000007,100.0,0.5430155157407411,0.00294865850335182
6,0.054,9,360.21613280226035,580.0,70.37143847082845,14.792166146469238,1426.0,245.68354353537538,52.90154611822542,258.0,42.654487690091514,9.06359974964985,10.0,0.9999999999999999,0.10000000000000003,71.0,0.3855410161759262,0.0020935475373797933
7,0.054,11,360.3178249540952,571.0,72.08625009244867,15.12601005535824,1561.0,261.3288277915173,55.71538039313373,152.0,24.361900287769704,5.072756255844326,18.0,1.8000000000000005,0.1800000000000001,98.0,0.5321552054259263,0.002889685333284784
