id,probability_maraud,successful_mating,next_foraging_time,foraging_events,foraging_hrs,foraging_sqhrs,staying_events,staying_hrs,staying_sqhrs,repairing_events,repairing_hrs,repairing_sqhrs,marauding_events,marauding_hrs,marauding_sqhrs,traveling_events,traveling_hrs,traveling_sqhrs
0,0.0,8,360.106186672906,578.0,72.02869239516767,14.717892051849038,1548.0,263.7913951653861,56.12348824039648,150.0,24.248097925312614,5.087731764253643,0.0,0.0,0.0,0.0,0.0,0.0
1,0.0,12,360.4275371791617,562.0,70.43217341086397,15.67278968361294,1686.0,283.5306173105784,60.75216253374379,36.0,6.073687769444412,1.2175139615209536,0.0,0.0,0.0,0.0,0.0,0.0
2,0.0,7,360.22349879818586,562.0,70.33334444418765,13.991612110752847,1508.0,253.08352162695115,53.42214183554347,208.0,36.764961346511775,8.176704770600303,0.0,0.0,0.0,0.0,0.0,0.0
3,0.054,10,360.2943133172886,560.0,66.98185807134595,12.167818903468856,1594.0,273.5368236347126,59.37105286585778,108.0,18.22639459686913,3.9164302747133637,10.0,0.9999999999999999,0.10000000000000003,87.0,0.4724234986944448,0.002565332897916084
4,0.054,8,360.4954878581542,571.0,69.31575873248836,14.029959313735553,1562.0,265.00748610928656,57.05753095204593,140.0,24.257988212399397,5.365188527700991,10.0,0.9999999999999999,0.10000000000000003,82.0,0.4452727229074077,0.002417899972748493
5,0.0,12,360.144265791338,568.0,71.76944471113714,14.84241551678717,1564.0,263.9895565642887,56.65066101834727,153.0,24.410039280112755,4.9890614725595235,0.0,0.0,0.0,0.0,0.0,0.0
6,0.0,6,360.4669759169354,565.0,69.63749731089378,14.275130896569276,1521.0,253.6649705628551,54.03669359292004,221.0,36.790910789943574,7.5575143855265186,0.0,0.0,0.0,0.0,0.0,0.0
7,0.054,9,360.596910587731,573.0,73.02229354939035,14.928274665755772,1522.0,254.93006785692566,54.65606250605838,179.0,30.41838863152082,6.690231769645566,13.0,1.3,0.13000000000000006,66.0,0.3583902403888891,0.0019461146122122025
