id,probability_maraud,successful_mating,next_foraging_time,foraging_events,foraging_hrs,foraging_sqhrs,staying_events,staying_hrs,staying_sqhrs,repairing_events,repairing_hrs,repairing_sqhrs,marauding_events,marauding_hrs,marauding_sqhrs,traveling_events,traveling_hrs,traveling_sqhrs
0,0.054,32,359.9515246579473,561.0,70.53811932724685,16.6601838644478,945.0,160.05335408204817,34.33664510141744,753.0,128.3188459375334,27.652654823879747,9.0,0.8999999999999999,0.09000000000000002,60.0,0.32580930944444464,0.0017691951020110935
1,0.054,40,360.604199371863,563.0,69.95314705385047,14.406319312009535,1373.0,234.03647366707892,50.51550075732315,313.0,54.68999246614126,12.151406599589098,10.0,0.9999999999999999,0.10000000000000003,91.0,0.4941441193240744,0.0026832792380501566
2,0.0,0,360.16943838221613,566.0,69.15000968127138,13.750871858261426,1707.0,290.8660868692992,62.93427793806542,0.0,0.0,0.0,0.0,0.0,0.0,0.0,0.0,0.0
3,0.054,0,360.2115336561943,557.0,75.14263914082554,17.843133961814278,1681.0,283.3207989755661,60.57809693981343,0.0,0.0,0.0,11.0,1.0999999999999999,0.11000000000000004,94.0,0.5104345847962967,0.002771738993150711
4,0.0,0,359.95789807687913,562.0,71.47750405896919,15.42529903056652,1701.0,288.62213048059436,62.02951718422433,0.0,0.0,0.0,0.0,0.0,0.0,0.0,0.0,0.0
5,0.0,0,360.1707239424322,552.0,69.74628632225063,14.384744475103101,1720.0,290.25435259489547,62.00504545409288,0.0,0.0,0.0,0.0,0.0,0.0,0.0,0.0,0.0
6,0.0,0,360.28012045812494,563.0,69.35526089620113,14.679942474760594,1705.0,290.7154127658948,62.90594387269358,0.0,0.0,0.0,0.0,0.0,0.0,0.0,0.0,0.0
7,0.0,0,360.3771437020703,555.0,70.94825199479354,14.70766609799294,1712.0,289.3058970521158,61.88226005007837,0.0,0.0,0.0,0.0,0.0,0.0,0.0,0.0,0.0
