id,probability_maraud,successful_mating,next_foraging_time,foraging_events,foraging_hrs,foraging_sqhrs,staying_events,staying_hrs,staying_sqhrs,repairing_events,repairing_hrs,repairing_sqhrs,marauding_events,marauding_hrs,marauding_sqhrs,traveling_events,traveling_hrs,traveling_sqhrs
0,0.054,37,359.9958005366833,580.0,69.868161151032,13.91276945200585,1040.0,172.87260136771621,35.721340237092775,693.0,116.33634033888616,24.856369702201544,7.0,0.7,0.07,50.0,0.2715077578703705,0.0014743292516759118
1,0.0,35,360.0009550882135,555.0,71.15399353681919,15.819701736476768,1450.0,246.22404941250653,53.087582750043964,261.0,42.86380134499996,8.783984396585913,0.0,0.0,0.0,0.0,0.0,0.0
2,0.0,0,360.36260436614435,564.0,70.63559513211163,14.593723356088924,1737.0,289.4210708735589,61.39191679392885,0.0,0.0,0.0,0.0,0.0,0.0,0.0,0.0,0.0
3,0.0,0,360.2141953688124,565.0,72.66151343562058,15.626886014205875,1707.0,287.4989208364016,61.719061959057804,0.0,0.0,0.0,0.0,0.0,0.0,0.0,0.0,0.0
4,0.0,0,359.9460385651825,559.0,74.87813223829606,16.516040228600087,1675.0,285.14026339695044,60.697790778077355,0.0,0.0,0.0,0.0,0.0,0.0,0.0,0.0,0.0
5,0.0,0,360.45130123670504,566.0,73.66470491653543,15.605690944952112,1696.0,286.48844381479717,60.701629915608045,0.0,0.0,0.0,0.0,0.0,0.0,0.0,0.0,0.0
6,0.054,0,360.14808507909055,574.0,68.96173307793497,14.053584619814119,1735.0,290.00309136267833,61.49974242479033,0.0,0.0,0.0,7.0,0.7,0.07,80.0,0.4344124125925929,0.002358926802681457
7,0.054,0,360.14790617490814,568.0,72.861594662957,15.64932520370718,1675.0,285.43090304034246,61.636948652297875,0.0,0.0,0.0,12.0,1.2,0.12000000000000005,97.0,0.5267250502685189,0.0028601987482512656
