id,probability_maraud,successful_mating,next_foraging_time,foraging_events,foraging_hrs,foraging_sqhrs,staying_events,staying_hrs,staying_sqhrs,repairing_events,repairing_hrs,repairing_sqhrs,marauding_events,marauding_hrs,marauding_sqhrs,traveling_events,traveling_hrs,traveling_sqhrs
0,0.0,21,360.0612962304103,561.0,71.14120092043018,14.789452011368855,611.0,105.17439215518154,22.975789289005466,1072.0,183.73800060262204,40.06305010265483,0.0,0.0,0.0,0.0,0.0,0.0
1,0.0,51,360.24042279214524,575.0,69.09585312008625,13.790426257399218,1701.0,291.2254626603885,62.72222479397139,0.0,0.0,0.0,0.0,0.0,0.0,0.0,0.0,0.0
2,0.0,0,359.99531606448403,567.0,70.8333538218218,14.807002914640876,1749.0,289.16952725728856,61.250341001851815,0.0,0.0,0.0,0.0,0.0,0.0,0.0,0.0,0.0
3,0.0,0,360.4809454535432,564.0,71.28768697402266,15.404062393221041,1759.0,288.8455571762452,60.18034614893664,0.0,0.0,0.0,0.0,0.0,0.0,0.0,0.0,0.0
4,0.054,0,359.89780252817457,587.0,69.51649629037028,13.69600070347061,1714.0,289.06681331265906,61.14625962522087,0.0,0.0,0.0,10.0,0.9999999999999999,0.10000000000000003,111.0,0.6027472224722227,0.00327301093872052
5,0.054,0,360.00723225286896,572.0,69.96222258244308,14.737575267373302,1729.0,288.4394042525691,60.96462719401781,0.0,0.0,0.0,11.0,1.0999999999999999,0.11000000000000004,100.0,0.5430155157407411,0.00294865850335182
6,0.0,0,360.7612339859218,572.0,72.16139711784433,15.306924467017595,1696.0,287.90150257928644,62.21396572822217,0.0,0.0,0.0,0.0,0.0,0.0,0.0,0.0,0.0
7,0.054,0,360.71016798567024,568.0,70.90000159179199,15.081583382814864,1682.0,288.0271507594283,61.79751632752463,0.0,0.0,0.0,9.0,0.8999999999999999,0.09000000000000002,112.0,0.6081773776296301,0.003302497523754038
