id,probability_maraud,successful_mating,next_foraging_time,foraging_events,foraging_hrs,foraging_sqhrs,staying_events,staying_hrs,staying_sqhrs,repairing_events,repairing_hrs,repairing_sqhrs,marauding_events,marauding_hrs,marauding_sqhrs,traveling_events,traveling_hrs,traveling_sqhrs
0,0.054,8,359.9300627390706,565.0,72.48102117025535,16.262778557520452,1621.0,273.6893216882852,58.902930734614124,76.0,12.340742303038425,2.474734754537852,10.0,0.9999999999999999,0.10000000000000003,107.0,0.581026601842593,0.0031550645985864473
1,0.0,13,360.15855006127134,563.0,71.63357462621981,15.792986110041474,1505.0,257.817413662855,55.98005536760637,190.0,30.848370253174256,6.482960272794466,0.0,0.0,0.0,0.0,0.0,0.0
2,0.054,5,360.11154874526625,568.0,69.70783505216708,14.757016089581777,1663.0,276.2392441619072,58.5367120352797,68.0,12.096806861619267,2.7818378130853345,17.0,1.7000000000000004,0.1700000000000001,94.0,0.5104345847962967,0.002771738993150711
3,0.0,9,360.5757308689038,570.0,71.92061997909559,15.304449329646829,1528.0,257.65954971596585,55.23933026764831,177.0,30.63707486749236,6.637331907673167,0.0,0.0,0.0,0.0,0.0,0.0
4,0.054,11,360.0719352951873,560.0,73.51213539986746,16.102846406576234,1495.0,254.48652895731615,54.586148917286316,172.0,30.3908066826365,6.5689173149261055,12.0,1.2,0.12000000000000005,84.0,0.45613303322222254,0.0024768731428155295
5,0.0,7,360.3772370136515,568.0,73.12134947055812,16.279267980561613,1416.0,238.06372303264885,50.82924763528549,282.0,48.872613452393026,10.390337626211016,0.0,0.0,0.0,0.0,0.0,0.0
6,0.0,10,360.5544872975096,564.0,68.56706743325941,14.071981705787845,1560.0,267.23895817158416,57.750475422672075,148.0,24.209165222355704,5.1243414904629505,0.0,0.0,0.0,0.0,0.0,0.0
7,0.0,9,360.3042884392191,558.0,71.15650915166405,15.818863493738958,1427.0,246.0742819205896,53.34579291578701,256.0,42.870414415467835,9.191973979381794,0.0,0.0,0.0,0.0,0.0,0.0
