id,probability_maraud,successful_mating,next_foraging_time,foraging_events,foraging_hrs,foraging_sqhrs,staying_events,staying_hrs,staying_sqhrs,repairing_events,repairing_hrs,repairing_sqhrs,marauding_events,marauding_hrs,marauding_sqhrs,traveling_events,traveling_hrs,traveling_sqhrs
0,0.0,6,360.2911468606646,565.0,69.09967875951592,14.141500744017499,1353.0,223.88377373711373,46.86731298410196,387.0,67.0828336723228,14.721568995602093,0.0,0.0,0.0,0.0,0.0,0.0
1,0.0,10,359.97715701545377,563.0,66.41222575841718,13.407262187353652,1367.0,239.0835093861091,52.412679798561015,325.0,54.61420739449847,11.55972023858396,0.0,0.0,0.0,0.0,0.0,0.0
2,0.0,6,360.2685774378969,582.0,69.77593392615711,13.21832900454027,1562.0,265.7429458480972,56.769916038434395,140.0,24.483829570142337,5.5652439663634,0.0,0.0,0.0,0.0,0.0,0.0
3,0.054,8,360.3887077888499,565.0,71.73285157333956,14.84404349627486,1587.0,273.56838372719704,59.0148235214351,72.0,12.188548258875386,2.6481666372165504,20.0,2.0000000000000004,0.20000000000000012,108.0,0.5864567570000004,0.0031845511836199655
4,0.0,6,360.0659372990354,583.0,71.19823468166712,13.328639249987773,1462.0,246.20212474545036,52.940795774558715,247.0,42.711459690318826,9.237049242773514,0.0,0.0,0.0,0.0,0.0,0.0
5,0.0,8,359.9407772390806,565.0,70.26726211827838,14.453510176537495,1530.0,252.35097583886747,53.4776473814545,209.0,37.44998308093308,8.44921397406467,0.0,0.0,0.0,0.0,0.0,0.0
6,0.054,17,360.23748506509025,561.0,68.572161170277,13.682227826250715,1511.0,253.26910510508782,54.29699530101133,231.0,36.61478831758449,7.673588521274751,11.0,1.0999999999999999,0.11000000000000004,82.0,0.4452727229074077,0.002417899972748493
7,0.054,11,360.26552294018796,575.0,73.87607329669153,16.462591625682684,1571.0,265.6989873778754,57.10138273920455,106.0,18.22232453088084,3.9394584718142562,18.0,1.8000000000000005,0.1800000000000001,96.0,0.5212948951111115,0.0028307121632177475
