id,probability_maraud,successful_mating,next_foraging_time,foraging_events,foraging_hrs,foraging_sqhrs,staying_events,staying_hrs,staying_sqhrs,repairing_events,repairing_hrs,repairing_sqhrs,marauding_events,marauding_hrs,marauding_sqhrs,traveling_events,traveling_hrs,traveling_sqhrs
0,0.0,13,360.07897984168574,551.0,69.55797955807714,14.055472808314594,1466.0,253.87229372982102,55.31883118924434,209.0,36.580420691838754,7.831857892359864,0.0,0.0,0.0,0.0,0.0,0.0
1,0.0,13,360.5197003244717,556.0,71.03550804105451,14.599715340260701,1557.0,264.32315489607106,56.90560296788338,147.0,24.68376198704882,5.236774710357557,0.0,0.0,0.0,0.0,0.0,0.0
2,0.054,3,360.4035515600225,573.0,72.20527350148139,14.958468118444868,1481.0,248.89618548279063,53.16992647505763,233.0,36.954217512111,7.803098469769032,17.0,1.7000000000000004,0.1700000000000001,58.0,0.3149489991296298,0.0017102219319440571
3,0.0,3,360.0153657179589,556.0,69.79925131071295,14.668499109861264,1381.0,235.31410197010118,50.76688220284396,330.0,55.039234315217676,11.678889843844079,0.0,0.0,0.0,0.0,0.0,0.0
4,0.054,4,360.0028571151626,574.0,74.18960473507961,15.459311866481642,1482.0,253.67983972264537,54.50927600737176,173.0,30.346835665542226,6.478759448801957,16.0,1.6000000000000003,0.1600000000000001,90.0,0.488713964166667,0.0026537926530166385
5,0.0,9,360.0710832558222,550.0,70.21073322144585,15.074766392893936,1449.0,246.9922987252614,52.97712516780643,242.0,42.91409976798674,9.67591361001103,0.0,0.0,0.0,0.0,0.0,0.0
6,0.054,13,360.72216093808515,560.0,68.7600145496962,13.750645395678973,1508.0,254.32085296211727,54.72476249684681,199.0,35.03246610105553,7.707663790105212,16.0,1.6000000000000003,0.1600000000000001,78.0,0.42355210227777806,0.0022999536326144205
7,0.0,14,360.20285346873357,564.0,69.79052936515697,14.625355403189092,1510.0,253.85177313083983,53.81127172618115,222.0,36.478745650164065,7.676848157069348,0.0,0.0,0.0,0.0,0.0,0.0
