id,probability_maraud,successful_mating,next_foraging_time,foraging_events,foraging_hrs,foraging_sqhrs,staying_events,staying_hrs,staying_sqhrs,repairing_events,repairing_hrs,repairing_sqhrs,marauding_events,marauding_hrs,marauding_sqhrs,traveling_events,traveling_hrs,traveling_sqhrs
0,0.054,32,360.2898746344698,571.0,72.18442107721854,14.598751493958549,929.0,152.85556228108803,31.953090386004362,791.0,133.71094377024315,28.49129470415486,10.0,0.9999999999999999,0.10000000000000003,50.0,0.2715077578703705,0.0014743292516759118
1,0.0,40,360.3421426040492,565.0,75.38737872006186,16.99769329071896,1318.0,223.51731467883707,48.006094408970334,372.0,61.09597082298836,12.566613542521191,0.0,0.0,0.0,0.0,0.0,0.0
2,0.0,0,360.4386860301942,565.0,71.91939576975334,14.918462539052413,1675.0,288.09058774465075,62.50053323832898,0.0,0.0,0.0,0.0,0.0,0.0,0.0,0.0,0.0
3,0.0,0,360.2354688575155,569.0,69.5053695634893,14.071586138461162,1708.0,290.5700120001891,62.636119314591575,0.0,0.0,0.0,0.0,0.0,0.0,0.0,0.0,0.0
4,0.0,0,360.1172953623107,559.0,70.19833263165494,14.599505207840659,1688.0,289.93781185485386,63.16014743479189,0.0,0.0,0.0,0.0,0.0,0.0,0.0,0.0,0.0
5,0.054,0,360.34965969425576,566.0,71.78679179991728,14.974556236545132,1679.0,286.6984619371891,61.985567543897815,0.0,0.0,0.0,13.0,1.3,0.13000000000000006,90.0,0.488713964166667,0.0026537926530166385
6,0.0,0,360.58844423727174,567.0,68.58535951113042,13.727630286804404,1740.0,291.7234342157779,62.02622105168861,0.0,0.0,0.0,0.0,0.0,0.0,0.0,0.0,0.0
7,0.054,0,359.996746644318,556.0,72.58092271355197,14.93643129252288,1696.0,286.0679492710382,60.7618364470187,0.0,0.0,0.0,9.0,0.8999999999999999,0.09000000000000002,95.0,0.5158647399537041,0.0028012255781842293
