id,probability_maraud,successful_mating,next_foraging_time,foraging_events,foraging_hrs,foraging_sqhrs,staying_events,staying_hrs,staying_sqhrs,repairing_events,repairing_hrs,repairing_sqhrs,marauding_events,marauding_hrs,marauding_sqhrs,traveling_events,traveling_hrs,traveling_sqhrs
0,0.0,12,360.46133532683706,588.0,68.21010361175941,14.01561355084742,1573.0,259.5728346122953,55.050254179815056,199.0,32.414588651862665,6.637795149728087,0.0,0.0,0.0,0.0,0.0,0.0
1,0.0,10,360.18291847333546,561.0,66.90969047930328,13.437844612086815,1447.0,244.02399267168053,51.79380615273043,276.0,49.16066475777826,10.651415553789608,0.0,0.0,0.0,0.0,0.0,0.0
2,0.0,10,360.0312644875182,558.0,69.02741626003126,14.480795236276856,1456.0,248.06772245750204,53.93317434548011,267.0,43.14140565329434,9.051210196449059,0.0,0.0,0.0,0.0,0.0,0.0
3,0.054,9,359.9996720593128,565.0,68.87287186136177,13.845563704030464,1628.0,276.5884242886611,59.5543795099735,71.0,12.033656217429494,2.4744678735923142,20.0,2.0000000000000004,0.20000000000000012,103.0,0.5593059812129634,0.0030371182584523746
4,0.0,6,360.448866615945,563.0,70.55200258222271,14.4683456240017,1630.0,271.1298764608403,57.03415410715907,115.0,18.54608500958674,3.836035849170707,0.0,0.0,0.0,0.0,0.0,0.0
5,0.0,9,360.5251284975653,563.0,74.11037436489019,16.811132121016637,1417.0,243.55996469502085,53.04628587867304,240.0,42.62370729296479,9.636949592849188,0.0,0.0,0.0,0.0,0.0,0.0
6,0.054,12,360.5984504919189,568.0,71.99178841907214,14.764431226985987,1473.0,249.5981034731101,53.300419669879524,213.0,36.94478439719666,8.144292031518809,13.0,1.3,0.13000000000000006,75.0,0.4072616368055558,0.002211493877513866
7,0.054,4,360.2017503739486,564.0,70.1133479033137,14.425418455095599,1515.0,257.8504533123372,54.96456060566386,176.0,30.59809650953541,6.632200584800498,11.0,1.0999999999999999,0.11000000000000004,82.0,0.4452727229074077,0.002417899972748493
