id,probability_maraud,successful_mating,next_foraging_time,foraging_events,foraging_hrs,foraging_sqhrs,staying_events,staying_hrs,staying_sqhrs,repairing_events,repairing_hrs,repairing_sqhrs,marauding_events,marauding_hrs,marauding_sqhrs,traveling_events,traveling_hrs,traveling_sqhrs
0,0.054,28,360.51264033677114,561.0,70.99396636820542,14.836423795301426,989.0,165.7216767648836,35.13337503242365,726.0,122.06586158684601,25.905779238433826,11.0,1.0999999999999999,0.11000000000000004,61.0,0.33123946460185205,0.0017986816870446116
1,0.0,44,360.39406139186855,564.0,73.292077739727,16.35691405867936,1303.0,219.74335273701524,46.844265314825364,407.0,66.99807615542795,14.560488750027371,0.0,0.0,0.0,0.0,0.0,0.0
2,0.054,0,360.11543956823357,560.0,70.51564280964412,14.19633642452138,1696.0,287.98409014805827,61.76657650517176,0.0,0.0,0.0,11.0,1.0999999999999999,0.11000000000000004,85.0,0.46156318837962995,0.0025063597278490476
3,0.0,0,360.0071637295912,569.0,68.43765471423322,13.596799040726777,1731.0,291.6264644290205,62.09459132326534,0.0,0.0,0.0,0.0,0.0,0.0,0.0,0.0,0.0
4,0.0,0,360.568838865124,567.0,70.5056080656916,14.591721171541531,1749.0,289.5098956402102,61.24479310264734,0.0,0.0,0.0,0.0,0.0,0.0,0.0,0.0,0.0
5,0.054,0,360.3605848334784,573.0,69.9296400828094,15.005819729510668,1667.0,288.8462454983148,62.336380672969526,0.0,0.0,0.0,9.0,0.8999999999999999,0.09000000000000002,75.0,0.4072616368055558,0.002211493877513866
6,0.0,0,360.0186597656486,571.0,70.76083819993197,13.983301544459405,1717.0,289.40709775863,62.001866366320826,0.0,0.0,0.0,0.0,0.0,0.0,0.0,0.0,0.0
7,0.0,0,360.141728977429,579.0,69.3211195373197,14.040111256183645,1721.0,290.82606940412586,61.67719891261865,0.0,0.0,0.0,0.0,0.0,0.0,0.0,0.0,0.0
