id,probability_maraud,successful_mating,next_foraging_time,foraging_events,foraging_hrs,foraging_sqhrs,staying_events,staying_hrs,staying_sqhrs,repairing_events,repairing_hrs,repairing_sqhrs,marauding_events,marauding_hrs,marauding_sqhrs,traveling_events,traveling_hrs,traveling_sqhrs
0,0.054,18,360.162274605249,572.0,72.54207181067612,14.954128086683589,1617.0,272.48300419021103,59.02635741381251,65.0,12.224297442874539,2.751141219788036,23.0,2.3000000000000007,0.23000000000000015,102.0,0.553875826055556,0.0030076316734188565
1,0.0,6,360.006784014844,562.0,68.31966477910778,13.710460878174773,1381.0,230.67725190742823,48.676934685329236,369.0,61.02759220609578,12.775745670607785,0.0,0.0,0.0,0.0,0.0,0.0
2,0.0,10,360.71692764444873,563.0,69.69366656271858,14.022120852791,1360.0,229.43512582535053,48.97755011187445,362.0,61.03094111368709,12.769926755740041,0.0,0.0,0.0,0.0,0.0,0.0
3,0.0,4,360.78731546893374,565.0,72.07688578983092,15.51411993804113,1287.0,221.24223232777385,48.37654586681179,396.0,66.88422820225675,14.58614332945869,0.0,0.0,0.0,0.0,0.0,0.0
4,0.054,9,360.13382098186975,553.0,72.3423377759273,16.13832393743592,1406.0,236.865658952047,51.016340460288944,295.0,49.46971460995729,10.797359245241891,12.0,1.2,0.12000000000000005,71.0,0.3855410161759262,0.0020935475373797933
5,0.054,10,359.8070695053504,567.0,70.34263775371394,14.036289049194405,1595.0,268.84678918915495,58.00494976534963,119.0,18.100404337524456,3.772958127665033,22.0,2.2000000000000006,0.22000000000000014,111.0,0.6027472224722227,0.00327301093872052
6,0.0,5,359.8790560069836,568.0,70.07444609813085,14.67117818111462,1433.0,240.99769648418146,51.58070081059083,290.0,49.024754162815555,10.71325211582719,0.0,0.0,0.0,0.0,0.0,0.0
7,0.0,10,360.1107969882393,582.0,69.00778206256234,13.596388950048286,1536.0,260.6953184782528,55.77178357097834,174.0,30.522874400089922,6.680066510294231,0.0,0.0,0.0,0.0,0.0,0.0
