id,probability_maraud,successful_mating,next_foraging_time,foraging_events,foraging_hrs,foraging_sqhrs,staying_events,staying_hrs,staying_sqhrs,repairing_events,repairing_hrs,repairing_sqhrs,marauding_events,marauding_hrs,marauding_sqhrs,traveling_events,traveling_hrs,traveling_sqhrs
0,0.0,28,360.6446905603297,567.0,72.97830043886216,15.985223923940746,812.0,133.86899654799845,27.999675932908275,939.0,153.37341943076538,32.13303133462693,0.0,0.0,0.0,0.0,0.0,0.0
1,0.054,44,360.3564539850965,569.0,72.44042597382851,16.11909096898371,1687.0,286.0713198688008,61.496547681251776,0.0,0.0,0.0,12.0,1.2,0.12000000000000005,98.0,0.5321552054259263,0.002889685333284784
2,0.054,0,360.2067332082449,562.0,68.02827797764849,13.540682886590416,1728.0,291.18832192642185,62.635321086480765,0.0,0.0,0.0,4.0,0.4,0.04000000000000001,84.0,0.45613303322222254,0.0024768731428155295
3,0.0,0,359.9758498742006,580.0,71.77143862647365,14.927973202553803,1716.0,288.39428766871316,61.037049207085005,0.0,0.0,0.0,0.0,0.0,0.0,0.0,0.0,0.0
4,0.0,0,360.14375096186257,553.0,69.04675044769097,14.009871951066378,1766.0,291.0301089217699,60.87605742817812,0.0,0.0,0.0,0.0,0.0,0.0,0.0,0.0,0.0
5,0.0,0,360.6243513986639,559.0,69.99058514176912,13.935188086452367,1692.0,290.0218316274334,62.42729170553632,0.0,0.0,0.0,0.0,0.0,0.0,0.0,0.0,0.0
6,0.054,0,359.9981925760118,563.0,70.15500686856907,14.478127710406033,1667.0,288.3331735386734,62.704397213163396,0.0,0.0,0.0,10.0,0.9999999999999999,0.10000000000000003,105.0,0.5701662915277782,0.003096091428519411
7,0.0,0,360.0828279686138,562.0,72.42042630057931,15.338886074282133,1682.0,287.6574156290029,61.99211486742871,0.0,0.0,0.0,0.0,0.0,0.0,0.0,0.0,0.0
