id,probability_maraud,successful_mating,next_foraging_time,foraging_events,foraging_hrs,foraging_sqhrs,staying_events,staying_hrs,staying_sqhrs,repairing_events,repairing_hrs,repairing_sqhrs,marauding_events,marauding_hrs,marauding_sqhrs,traveling_events,traveling_hrs,traveling_sqhrs
0,0.0,9,360.0825363397837,549.0,70.70670441228184,15.440955964461173,1561.0,265.1463729896821,56.04815673562249,139.0,24.50590544417388,5.571078581503197,0.0,0.0,0.0,0.0,0.0,0.0
1,0.018,9,360.2509364855046,574.0,76.01199420047972,16.949097675225662,1659.0,283.3558040642065,61.7537712841251,0.0,0.0,0.0,4.0,0.4,0.04000000000000001,24.0,0.5208116074999999,0.011301863771113918
