id,probability_maraud,successful_mating,next_foraging_time,foraging_events,foraging_hrs,foraging_sqhrs,staying_events,staying_hrs,staying_sqhrs,repairing_events,repairing_hrs,repairing_sqhrs,marauding_events,marauding_hrs,marauding_sqhrs,traveling_events,traveling_hrs,traveling_sqhrs
0,0.0,9,360.3110083185484,569.0,68.81556480033184,15.009775535337713,1600.0,272.7508386843082,58.626353683338635,97.0,18.51979855544457,4.369429275622604,0.0,0.0,0.0,0.0,0.0,0.0
1,0.018,9,359.8772835158356,581.0,69.20169864560329,13.833676328393732,1741.0,290.05624765312973,61.51188434429184,0.0,0.0,0.0,3.0,0.30000000000000004,0.030000000000000006,25.0,0.5425120911458332,0.011772774761576997
