id,probability_maraud,successful_mating,next_foraging_time,foraging_events,foraging_hrs,foraging_sqhrs,staying_events,staying_hrs,staying_sqhrs,repairing_events,repairing_hrs,repairing_sqhrs,marauding_events,marauding_hrs,marauding_sqhrs,traveling_events,traveling_hrs,traveling_sqhrs
0,0.0,5,359.8579429952336,563.0,69.76572310715767,14.88176534698152,1396.0,241.38353915144452,52.406853336470824,291.0,48.86603443492368,10.489438146070022,0.0,0.0,0.0,0.0,0.0,0.0
1,0.018,13,360.21624974240706,550.0,72.44874807475216,15.535809627807195,1654.0,285.9937915657616,62.81522433698819,0.0,0.0,0.0,8.0,0.7999999999999999,0.08000000000000002,39.0,0.8463188621874997,0.018365528628060117
