id,probability_maraud,successful_mating,next_foraging_time,foraging_events,foraging_hrs,foraging_sqhrs,staying_events,staying_hrs,staying_sqhrs,repairing_events,repairing_hrs,repairing_sqhrs,marauding_events,marauding_hrs,marauding_sqhrs,traveling_events,traveling_hrs,traveling_sqhrs
0,0.0,11,360.52180724574714,568.0,69.18117336458853,14.420107409793284,1610.0,266.73695952325807,56.23368270711746,140.0,24.195792685587442,5.268268474068265,0.0,0.0,0.0,0.0,0.0,0.0
1,0.018,7,360.3785965431197,565.0,70.4732691557862,14.494082533766695,1671.0,288.5002726006835,62.685896534218955,0.0,0.0,0.0,4.0,0.4,0.04000000000000001,38.0,0.8246183785416664,0.017894617637597036
