id,probability_maraud,successful_mating,next_foraging_time,foraging_events,foraging_hrs,foraging_sqhrs,staying_events,staying_hrs,staying_sqhrs,repairing_events,repairing_hrs,repairing_sqhrs,marauding_events,marauding_hrs,marauding_sqhrs,traveling_events,traveling_hrs,traveling_sqhrs
0,0.0,7,360.02764148219416,562.0,70.11176922596538,13.978732266516923,1534.0,259.123707496006,54.982879222859154,191.0,30.765245198462324,6.370755369037519,0.0,0.0,0.0,0.0,0.0,0.0
1,0.018,11,360.412382083802,557.0,70.87517487667947,14.856508355678457,1691.0,288.3487384469406,61.28263643912601,0.0,0.0,0.0,5.0,0.5,0.05000000000000001,16.0,0.34720773833333324,0.0075345758474092825
