id,probability_maraud,successful_mating,next_foraging_time,foraging_events,foraging_hrs,foraging_sqhrs,staying_events,staying_hrs,staying_sqhrs,repairing_events,repairing_hrs,repairing_sqhrs,marauding_events,marauding_hrs,marauding_sqhrs,traveling_events,traveling_hrs,traveling_sqhrs
0,0.0,4,360.52718868641574,567.0,72.29915475035692,15.548033981242154,1363.0,233.1237406259202,50.313727075405374,324.0,54.64775919999797,11.716089745548588,0.0,0.0,0.0,0.0,0.0,0.0
1,0.018,14,360.68903358144235,574.0,70.19509138196703,14.14262962231695,1715.0,287.99838868939116,60.81061722969519,0.0,0.0,0.0,10.0,0.9999999999999999,0.10000000000000003,39.0,0.8463188621874997,0.018365528628060117
