id,probability_maraud,successful_mating,next_foraging_time,foraging_events,foraging_hrs,foraging_sqhrs,staying_events,staying_hrs,staying_sqhrs,repairing_events,repairing_hrs,repairing_sqhrs,marauding_events,marauding_hrs,marauding_sqhrs,traveling_events,traveling_hrs,traveling_sqhrs
0,0.0,6,360.43458921422393,569.0,74.91953326059684,16.76389603517708,1477.0,248.8168076509947,53.319070538415126,220.0,36.51591397564492,7.8385135838579965,0.0,0.0,0.0,0.0,0.0,0.0
1,0.018,12,360.40098373653746,555.0,70.74236791780947,15.060361120040923,1688.0,288.08375485632297,62.054304058526164,0.0,0.0,0.0,6.0,0.6,0.06000000000000001,27.0,0.5859130584374999,0.012714596742503156
