id,probability_maraud,successful_mating,next_foraging_time,foraging_events,foraging_hrs,foraging_sqhrs,staying_events,staying_hrs,staying_sqhrs,repairing_events,repairing_hrs,repairing_sqhrs,marauding_events,marauding_hrs,marauding_sqhrs,traveling_events,traveling_hrs,traveling_sqhrs
0,0.0,8,359.80638636245584,551.0,68.53005104295312,14.381120638794942,1482.0,254.7012850634119,55.413492765066536,212.0,36.784287806754946,7.977846022023426,0.0,0.0,0.0,0.0,0.0,0.0
1,0.018,10,360.3558895064707,584.0,68.60154769432363,13.8165325035383,1722.0,290.1337685590392,62.64832677804584,0.0,0.0,0.0,6.0,0.6,0.06000000000000001,31.0,0.6727149930208332,0.014598240704355473
