id,probability_maraud,successful_mating,next_foraging_time,foraging_events,foraging_hrs,foraging_sqhrs,staying_events,staying_hrs,staying_sqhrs,repairing_events,repairing_hrs,repairing_sqhrs,marauding_events,marauding_hrs,marauding_sqhrs,traveling_events,traveling_hrs,traveling_sqhrs
0,0.0,6,360.4604967866736,566.0,74.89673627176451,15.903317701531165,1490.0,248.68478281774995,52.97768115030462,219.0,36.49577135464921,7.731189344551986,0.0,0.0,0.0,0.0,0.0,0.0
1,0.018,12,360.63494083789567,571.0,68.36547946344137,13.344967985029978,1704.0,290.3817729756154,61.90783691083306,0.0,0.0,0.0,6.0,0.6,0.06000000000000001,35.0,0.7595169276041664,0.016481884666207793
