id,probability_maraud,successful_mating,next_foraging_time,foraging_events,foraging_hrs,foraging_sqhrs,staying_events,staying_hrs,staying_sqhrs,repairing_events,repairing_hrs,repairing_sqhrs,marauding_events,marauding_hrs,marauding_sqhrs,traveling_events,traveling_hrs,traveling_sqhrs
0,0.0,6,360.17003029471846,544.0,70.29136863351812,15.234672892832801,1629.0,271.6476140417347,57.288481035890406,106.0,18.156292515422862,3.918098258803452,0.0,0.0,0.0,0.0,0.0,0.0
1,0.018,11,360.37275487728175,576.0,70.8930846030912,14.361613089887294,1702.0,288.3249489175337,62.13129514143244,0.0,0.0,0.0,3.0,0.30000000000000004,0.030000000000000006,26.0,0.5642125747916665,0.012243685752040077
