id,probability_maraud,successful_mating,next_foraging_time,foraging_events,foraging_hrs,foraging_sqhrs,staying_events,staying_hrs,staying_sqhrs,repairing_events,repairing_hrs,repairing_sqhrs,marauding_events,marauding_hrs,marauding_sqhrs,traveling_events,traveling_hrs,traveling_sqhrs
0,0.0,11,360.04967215292265,560.0,67.48431103072676,12.83235928341636,1547.0,262.08537048133144,56.50705827634086,176.0,30.64523887593801,6.598771700024874,0.0,0.0,0.0,0.0,0.0,0.0
1,0.018,7,360.2343059669024,561.0,70.95772716200287,14.753599078485566,1691.0,287.9126801403919,62.16372699193272,0.0,0.0,0.0,5.0,0.5,0.05000000000000001,35.0,0.7595169276041664,0.016481884666207793
