id,probability_maraud,successful_mating,next_foraging_time,foraging_events,foraging_hrs,foraging_sqhrs,staying_events,staying_hrs,staying_sqhrs,repairing_events,repairing_hrs,repairing_sqhrs,marauding_events,marauding_hrs,marauding_sqhrs,traveling_events,traveling_hrs,traveling_sqhrs
0,0.0,12,360.31751781354325,576.0,69.67149010062352,13.993990038491313,1505.0,259.7659886297943,56.19706769214305,184.0,30.603762880584526,6.303428429423142,0.0,0.0,0.0,0.0,0.0,0.0
1,0.018,6,360.5455718043139,566.0,74.59432940797248,15.764887123314342,1705.0,284.17875483649385,59.856803991405584,0.0,0.0,0.0,5.0,0.5,0.05000000000000001,35.0,0.7595169276041664,0.016481884666207793
