id,probability_maraud,successful_mating,next_foraging_time,foraging_events,foraging_hrs,foraging_sqhrs,staying_events,staying_hrs,staying_sqhrs,repairing_events,repairing_hrs,repairing_sqhrs,marauding_events,marauding_hrs,marauding_sqhrs,traveling_events,traveling_hrs,traveling_sqhrs
0,0.0,9,360.15832334325836,569.0,70.80081808212108,14.598336691558634,1549.0,258.8662509212278,55.036515221833994,168.0,30.37658482294439,6.781720643416993,0.0,0.0,0.0,0.0,0.0,0.0
1,0.018,9,360.17739604771555,584.0,70.72648525397614,14.265176664562489,1703.0,288.2386517969624,61.6197595225149,0.0,0.0,0.0,5.0,0.5,0.05000000000000001,27.0,0.5859130584374999,0.012714596742503156
