id,probability_maraud,successful_mating,next_foraging_time,foraging_events,foraging_hrs,foraging_sqhrs,staying_events,staying_hrs,staying_sqhrs,repairing_events,repairing_hrs,repairing_sqhrs,marauding_events,marauding_hrs,marauding_sqhrs,traveling_events,traveling_hrs,traveling_sqhrs
0,0.0,9,360.3932019051648,573.0,68.7679984578261,14.761842017106988,1507.0,254.46970551588362,54.494263405924855,224.0,36.83488230405988,7.472425018499653,0.0,0.0,0.0,0.0,0.0,0.0
1,0.018,9,360.28033693165236,558.0,68.86488059842264,13.885412607395146,1651.0,289.95590122010657,63.2751453075569,0.0,0.0,0.0,6.0,0.6,0.06000000000000001,28.0,0.6076135420833332,0.013185507732966235
