id,probability_maraud,successful_mating,next_foraging_time,foraging_events,foraging_hrs,foraging_sqhrs,staying_events,staying_hrs,staying_sqhrs,repairing_events,repairing_hrs,repairing_sqhrs,marauding_events,marauding_hrs,marauding_sqhrs,traveling_events,traveling_hrs,traveling_sqhrs
0,0.0,9,360.0495368896481,568.0,71.51558481422269,14.463441780044905,1468.0,251.37671019246312,54.128326203613355,216.0,37.10984246260015,8.045112699610543,0.0,0.0,0.0,0.0,0.0,0.0
1,0.018,9,360.0919201159875,567.0,75.17759089364333,17.007274386901017,1667.0,283.4905526254467,60.74661192878487,0.0,0.0,0.0,7.0,0.7,0.07,30.0,0.6510145093749998,0.014127329713892394
