id,probability_maraud,successful_mating,next_foraging_time,foraging_events,foraging_hrs,foraging_sqhrs,staying_events,staying_hrs,staying_sqhrs,repairing_events,repairing_hrs,repairing_sqhrs,marauding_events,marauding_hrs,marauding_sqhrs,traveling_events,traveling_hrs,traveling_sqhrs
0,0.0,8,359.9819777973134,556.0,74.19833284996388,17.339361266164225,1479.0,249.64731164213035,53.16050584492057,215.0,36.28669635386695,7.700103558535382,0.0,0.0,0.0,0.0,0.0,0.0
1,0.018,10,359.92875564958706,548.0,71.85470225542005,15.85722751517372,1723.0,287.1417275523318,60.82588702402821,0.0,0.0,0.0,6.0,0.6,0.06000000000000001,23.0,0.4991111238541665,0.010830952780650839
