id,probability_maraud,successful_mating,next_foraging_time,foraging_events,foraging_hrs,foraging_sqhrs,staying_events,staying_hrs,staying_sqhrs,repairing_events,repairing_hrs,repairing_sqhrs,marauding_events,marauding_hrs,marauding_sqhrs,traveling_events,traveling_hrs,traveling_sqhrs
0,0.0,5,359.99495118183125,566.0,69.84616772358689,14.16530296334775,1610.0,278.07948052000705,60.484099695758026,74.0,12.222850284585716,2.5601525379023085,0.0,0.0,0.0,0.0,0.0,0.0
1,0.018,13,360.2316041461965,558.0,73.16064962397012,15.454107858609918,1696.0,286.06274177745973,61.01871439383086,0.0,0.0,0.0,2.0,0.2,0.020000000000000004,30.0,0.6510145093749998,0.014127329713892394
