id,probability_maraud,successful_mating,next_foraging_time,foraging_events,foraging_hrs,foraging_sqhrs,staying_events,staying_hrs,staying_sqhrs,repairing_events,repairing_hrs,repairing_sqhrs,marauding_events,marauding_hrs,marauding_sqhrs,traveling_events,traveling_hrs,traveling_sqhrs
0,0.0,6,360.125185542317,564.0,69.3328288911078,14.092703986258503,1557.0,260.3061999880903,54.850696919367294,183.0,30.509077361034194,6.397505892370874,0.0,0.0,0.0,0.0,0.0,0.0
1,0.018,12,360.04085352193994,564.0,69.93068103895715,15.217886006773766,1727.0,288.88741322006035,60.763224017873924,0.0,0.0,0.0,5.0,0.5,0.05000000000000001,32.0,0.6944154766666665,0.015069151694818553
