id,probability_maraud,successful_mating,next_foraging_time,foraging_events,foraging_hrs,foraging_sqhrs,staying_events,staying_hrs,staying_sqhrs,repairing_events,repairing_hrs,repairing_sqhrs,marauding_events,marauding_hrs,marauding_sqhrs,traveling_events,traveling_hrs,traveling_sqhrs
0,0.0,10,360.2128503632636,567.0,71.60103828013813,15.35155143150171,1585.0,269.86329730381607,58.1789150938078,119.0,18.56760410540642,3.6531496754429567,0.0,0.0,0.0,0.0,0.0,0.0
1,0.018,8,360.1095324108088,572.0,70.19374805096432,14.662059847398693,1661.0,289.02112057778857,63.169230280497366,0.0,0.0,0.0,3.0,0.30000000000000004,0.030000000000000006,25.0,0.5425120911458332,0.011772774761576997
