id,probability_maraud,successful_mating,next_foraging_time,foraging_events,foraging_hrs,foraging_sqhrs,staying_events,staying_hrs,staying_sqhrs,repairing_events,repairing_hrs,repairing_sqhrs,marauding_events,marauding_hrs,marauding_sqhrs,traveling_events,traveling_hrs,traveling_sqhrs
0,0.0,9,360.5528067742489,552.0,73.0736667258897,15.334640384232967,1541.0,262.4167692576421,56.663306854331644,150.0,24.555141557540402,5.098941626894926,0.0,0.0,0.0,0.0,0.0,0.0
1,0.018,9,360.42656821489084,572.0,73.04176146039394,16.888652047518228,1700.0,286.177300278334,60.673826741676045,0.0,0.0,0.0,4.0,0.4,0.04000000000000001,19.0,0.4123091892708332,0.008947308818798521
