id,probability_maraud,successful_mating,next_foraging_time,foraging_events,foraging_hrs,foraging_sqhrs,staying_events,staying_hrs,staying_sqhrs,repairing_events,repairing_hrs,repairing_sqhrs,marauding_events,marauding_hrs,marauding_sqhrs,traveling_events,traveling_hrs,traveling_sqhrs
0,0.0,10,360.3375759560153,564.0,69.87949525038155,14.927290930079202,1413.0,241.4174117138202,52.13104192454362,301.0,48.90760934408147,10.537953555639765,0.0,0.0,0.0,0.0,0.0,0.0
1,0.018,8,360.4412795080686,563.0,71.95934184903149,15.008030053108476,1735.0,286.856899597873,60.3426159542509,0.0,0.0,0.0,8.0,0.7999999999999999,0.08000000000000002,25.0,0.5425120911458332,0.011772774761576997
