id,probability_maraud,successful_mating,next_foraging_time,foraging_events,foraging_hrs,foraging_sqhrs,staying_events,staying_hrs,staying_sqhrs,repairing_events,repairing_hrs,repairing_sqhrs,marauding_events,marauding_hrs,marauding_sqhrs,traveling_events,traveling_hrs,traveling_sqhrs
0,0.0,5,360.0434591176928,568.0,70.9694507331861,14.811290235484982,1406.0,234.13576244898547,49.67568673058384,316.0,54.97840228649093,11.93059421459687,0.0,0.0,0.0,0.0,0.0,0.0
1,0.018,13,360.3247656848553,563.0,70.52766698168513,15.248166824626955,1697.0,287.85926599792293,61.784777337471915,0.0,0.0,0.0,9.0,0.8999999999999999,0.09000000000000002,33.0,0.7161159603124998,0.015540062685281632
