id,probability_maraud,successful_mating,next_foraging_time,foraging_events,foraging_hrs,foraging_sqhrs,staying_events,staying_hrs,staying_sqhrs,repairing_events,repairing_hrs,repairing_sqhrs,marauding_events,marauding_hrs,marauding_sqhrs,traveling_events,traveling_hrs,traveling_sqhrs
0,0.0,9,360.28255613106774,549.0,71.66821305780161,15.287357912338525,1595.0,270.53291075949164,57.788331842347084,105.0,18.039187530940893,3.8814737147887124,0.0,0.0,0.0,0.0,0.0,0.0
1,0.018,9,360.5181793284845,552.0,70.20597664559739,14.454066233517596,1687.0,288.8667359113767,62.20795730841821,0.0,0.0,0.0,3.0,0.30000000000000004,0.030000000000000006,31.0,0.6727149930208332,0.014598240704355473
