id,probability_maraud,successful_mating,next_foraging_time,foraging_events,foraging_hrs,foraging_sqhrs,staying_events,staying_hrs,staying_sqhrs,repairing_events,repairing_hrs,repairing_sqhrs,marauding_events,marauding_hrs,marauding_sqhrs,traveling_events,traveling_hrs,traveling_sqhrs
0,0.0,7,360.37273543790684,566.0,71.88365454725621,15.719310397359001,1476.0,251.82127805874958,54.694762510353485,211.0,36.37013860416297,7.5484369577772465,0.0,0.0,0.0,0.0,0.0,0.0
1,0.018,11,360.4780884454234,569.0,70.04244338728695,14.925493631643734,1691.0,288.9883241869679,61.975388041572955,0.0,0.0,0.0,6.0,0.6,0.06000000000000001,24.0,0.5208116074999999,0.011301863771113918
