id,probability_maraud,successful_mating,next_foraging_time,foraging_events,foraging_hrs,foraging_sqhrs,staying_events,staying_hrs,staying_sqhrs,repairing_events,repairing_hrs,repairing_sqhrs,marauding_events,marauding_hrs,marauding_sqhrs,traveling_events,traveling_hrs,traveling_sqhrs
0,0.0,10,360.1193403804904,571.0,73.1914760597996,16.17039707754141,1536.0,262.82442858176574,56.68778803705194,148.0,24.356147527808627,5.096418525398874,0.0,0.0,0.0,0.0,0.0,0.0
1,0.018,8,360.57444635730377,568.0,70.47228422791065,14.215850762843274,1694.0,288.67618335020666,61.868228332411846,0.0,0.0,0.0,4.0,0.4,0.04000000000000001,31.0,0.6727149930208332,0.014598240704355473
