id,probability_maraud,successful_mating,next_foraging_time,foraging_events,foraging_hrs,foraging_sqhrs,staying_events,staying_hrs,staying_sqhrs,repairing_events,repairing_hrs,repairing_sqhrs,marauding_events,marauding_hrs,marauding_sqhrs,traveling_events,traveling_hrs,traveling_sqhrs
0,0.0,8,360.4392300647519,558.0,72.1063016289868,15.73678169259018,1431.0,244.57883491826993,51.951909571984686,273.0,43.54125141490889,9.201421473658746,0.0,0.0,0.0,0.0,0.0,0.0
1,0.018,10,360.9418598575935,563.0,72.3696942708511,15.736798867305701,1728.0,286.3607866840959,60.36439302036395,0.0,0.0,0.0,8.0,0.7999999999999999,0.08000000000000002,33.0,0.7161159603124998,0.015540062685281632
