id,probability_maraud,successful_mating,next_foraging_time,foraging_events,foraging_hrs,foraging_sqhrs,staying_events,staying_hrs,staying_sqhrs,repairing_events,repairing_hrs,repairing_sqhrs,marauding_events,marauding_hrs,marauding_sqhrs,traveling_events,traveling_hrs,traveling_sqhrs
0,0.0,7,359.9196350609153,559.0,69.2950579708336,14.734556064973022,1359.0,229.3578332816573,49.49781790553198,364.0,61.34994175057018,12.926973543634366,0.0,0.0,0.0,0.0,0.0,0.0
1,0.018,11,359.84272222077243,553.0,71.49689234062288,15.892080915622161,1681.0,286.83078960929106,61.10061317526707,0.0,0.0,0.0,10.0,0.9999999999999999,0.10000000000000003,41.0,0.8897198294791664,0.01930735060898628
