id,probability_maraud,successful_mating,next_foraging_time,foraging_events,foraging_hrs,foraging_sqhrs,staying_events,staying_hrs,staying_sqhrs,repairing_events,repairing_hrs,repairing_sqhrs,marauding_events,marauding_hrs,marauding_sqhrs,traveling_events,traveling_hrs,traveling_sqhrs
0,0.0,7,360.2844945560215,569.0,72.26763355548269,15.530516591767867,1550.0,258.214729041154,55.41379985118262,164.0,29.539924741079982,6.664038680520402,0.0,0.0,0.0,0.0,0.0,0.0
1,0.018,11,360.10983774313576,561.0,68.53125663175061,14.538079704797543,1720.0,290.5056996752753,61.82194861716248,0.0,0.0,0.0,5.0,0.5,0.05000000000000001,25.0,0.5425120911458332,0.011772774761576997
