id,probability_maraud,successful_mating,next_foraging_time,foraging_events,foraging_hrs,foraging_sqhrs,staying_events,staying_hrs,staying_sqhrs,repairing_events,repairing_hrs,repairing_sqhrs,marauding_events,marauding_hrs,marauding_sqhrs,traveling_events,traveling_hrs,traveling_sqhrs
0,0.0,7,359.9500858660252,559.0,72.12002818682345,16.558534388837447,1477.0,251.2922329881641,54.13450347257889,205.0,36.62603075342152,8.191320694458199,0.0,0.0,0.0,0.0,0.0,0.0
1,0.018,11,360.43966952564,567.0,71.16177670733506,14.840004602109065,1666.0,287.8004297716046,62.197811257312864,0.0,0.0,0.0,6.0,0.6,0.06000000000000001,25.0,0.5425120911458332,0.011772774761576997
