id,probability_maraud,successful_mating,next_foraging_time,foraging_events,foraging_hrs,foraging_sqhrs,staying_events,staying_hrs,staying_sqhrs,repairing_events,repairing_hrs,repairing_sqhrs,marauding_events,marauding_hrs,marauding_sqhrs,traveling_events,traveling_hrs,traveling_sqhrs
0,0.0,10,360.5822041571311,562.0,68.89800557723859,13.651233274634944,1486.0,248.50974213674988,52.74015031642134,255.0,42.65992058305689,9.133722826915793,0.0,0.0,0.0,0.0,0.0,0.0
1,0.018,8,360.21499329471624,568.0,69.46412308649134,14.24548276254642,1695.0,289.4523415947577,62.18533836361504,0.0,0.0,0.0,7.0,0.7,0.07,22.0,0.4774106402083332,0.01036004179018776
