id,probability_maraud,successful_mating,next_foraging_time,foraging_events,foraging_hrs,foraging_sqhrs,staying_events,staying_hrs,staying_sqhrs,repairing_events,repairing_hrs,repairing_sqhrs,marauding_events,marauding_hrs,marauding_sqhrs,traveling_events,traveling_hrs,traveling_sqhrs
0,0.054,6,360.0704975283412,568.0,72.06469705959456,14.90674703582458,1396.0,236.5969666546437,50.93706107818941,293.0,49.065783881876,10.226901021908086,20.0,2.0000000000000004,0.20000000000000012,85.0,0.46156318837962995,0.0025063597278490476
1,0.0,9,360.626835032452,558.0,73.75777655520595,16.180708454066934,1400.0,237.72539826559682,51.03866309543464,288.0,48.85263252581085,10.328849626667887,0.0,0.0,0.0,0.0,0.0,0.0
2,0.054,8,360.4999608158765,569.0,67.32723974750985,13.091684400510653,1418.0,243.0406016316937,52.3158415345996,280.0,46.944857378022974,9.856142550752526,22.0,2.2000000000000006,0.22000000000000014,91.0,0.4941441193240744,0.0026832792380501566
3,0.054,7,360.0872119939498,566.0,70.4583603113144,14.229494032236724,1271.0,214.62799599722555,46.01052991149082,426.0,73.5093883568551,16.20722076112055,10.0,0.9999999999999999,0.10000000000000003,77.0,0.41812194712037065,0.0022704670475809023
4,0.054,13,360.02859142935097,567.0,72.17689321061582,14.742713932491109,1254.0,213.092119353457,46.00354410377232,446.0,73.46028138790946,15.3886900589585,10.0,0.9999999999999999,0.10000000000000003,74.0,0.4018314816481484,0.002182007292480348
5,0.054,12,360.1231751276073,564.0,74.20507725608154,16.073454948612184,1451.0,247.71937701565727,53.49962700882359,226.0,36.23442351520763,7.464978079911674,15.0,1.5000000000000002,0.15000000000000008,89.0,0.4832838090092596,0.0026243060679831203
6,0.0,9,360.36805204156275,563.0,68.13067059363564,13.602907024522082,1300.0,218.72573487708777,46.967940291922766,431.0,73.18488546216021,15.930505562776343,0.0,0.0,0.0,0.0,0.0,0.0
7,0.0,8,360.5601892957713,558.0,74.98131738979096,16.679639035095107,1341.0,217.94093269594714,45.184382010684345,408.0,67.12782782751565,14.166021956610766,0.0,0.0,0.0,0.0,0.0,0.0
