id,probability_maraud,successful_mating,next_foraging_time,foraging_events,foraging_hrs,foraging_sqhrs,staying_events,staying_hrs,staying_sqhrs,repairing_events,repairing_hrs,repairing_sqhrs,marauding_events,marauding_hrs,marauding_sqhrs,traveling_events,traveling_hrs,traveling_sqhrs
0,0.054,31,360.4303029565919,562.0,72.17320418881181,15.362551440118397,773.0,134.34261929728723,29.13928740006057,895.0,152.3114877468871,32.77702678991988,9.0,0.8999999999999999,0.09000000000000002,55.0,0.2986585336574076,0.0016217621768435026
1,0.054,41,360.10891920474916,565.0,68.80044721337329,14.645547370695551,1399.0,235.8894721292466,50.16170819435582,322.0,54.82254191548838,11.650931571939148,2.0,0.2,0.020000000000000004,72.0,0.3909711713333336,0.0021230341224133115
2,0.054,0,360.21570316807475,572.0,69.00619428187605,13.887703006149174,1743.0,290.1712554177298,61.768788428675386,0.0,0.0,0.0,4.0,0.4,0.04000000000000001,80.0,0.4344124125925929,0.002358926802681457
3,0.054,0,360.68641482368497,562.0,71.52316669358862,15.30624749756688,1658.0,287.3649874702084,63.084601227737856,0.0,0.0,0.0,9.0,0.8999999999999999,0.09000000000000002,92.0,0.49957427448148184,0.002712765823083675
4,0.054,0,360.0947689738869,568.0,72.41191554711492,15.870285021833965,1690.0,286.1129974418222,61.49950961400037,0.0,0.0,0.0,10.0,0.9999999999999999,0.10000000000000003,98.0,0.5321552054259263,0.002889685333284784
5,0.0,0,360.21654204004324,583.0,72.12543670238577,14.060722938810192,1721.0,287.90391481797485,61.63399821357421,0.0,0.0,0.0,0.0,0.0,0.0,0.0,0.0,0.0
6,0.0,0,360.435178580834,563.0,69.44050322240048,14.626255059637028,1751.0,290.57370865336856,61.36591892390182,0.0,0.0,0.0,0.0,0.0,0.0,0.0,0.0,0.0
7,0.0,0,360.6919408812709,572.0,73.01711566513879,15.70453616298094,1685.0,287.0464217903527,62.0776159225532,0.0,0.0,0.0,0.0,0.0,0.0,0.0,0.0,0.0
