id,probability_maraud,successful_mating,next_foraging_time,foraging_events,foraging_hrs,foraging_sqhrs,staying_events,staying_hrs,staying_sqhrs,repairing_events,repairing_hrs,repairing_sqhrs,marauding_events,marauding_hrs,marauding_sqhrs,traveling_events,traveling_hrs,traveling_sqhrs
0,0.054,21,360.40671297538006,553.0,74.7855743427223,17.94990210118071,677.0,114.1109375163685,24.348743755819523,1005.0,170.25757880364327,36.7888396417482,8.0,0.7999999999999999,0.08000000000000002,28.0,0.15204434440740747,0.0008256243809385116
1,0.054,50,360.3086362170487,564.0,66.95922754685678,13.493378592005257,1426.0,244.56951998912606,52.58929576584323,283.0,47.16906945626758,10.199769397855759,10.0,0.9999999999999999,0.10000000000000003,64.0,0.3475299300740743,0.0018871414421451661
2,0.0,0,360.304767869552,569.0,69.56852979285497,13.630978145159382,1699.0,290.5510098009084,62.76331254730251,0.0,0.0,0.0,0.0,0.0,0.0,0.0,0.0,0.0
3,0.054,0,359.8904565540124,566.0,70.96374510242886,14.930903013990253,1695.0,288.00571208428795,62.09597916906878,0.0,0.0,0.0,6.0,0.6,0.06000000000000001,83.0,0.4507028780648151,0.0024473865577820113
4,0.0,0,359.9882023288447,562.0,71.26953982256526,14.310182617867559,1678.0,288.82661552691536,62.1948506354801,0.0,0.0,0.0,0.0,0.0,0.0,0.0,0.0,0.0
5,0.0,0,359.89049198273756,570.0,67.87566573911107,13.243233384531106,1740.0,292.19295018120977,62.41302033737302,0.0,0.0,0.0,0.0,0.0,0.0,0.0,0.0,0.0
6,0.054,0,360.3394096839219,562.0,71.85061504353807,15.878453899125288,1735.0,287.2769790368489,61.23115178758213,0.0,0.0,0.0,5.0,0.5,0.05000000000000001,118.0,0.6407583085740746,0.003479417033955147
7,0.054,0,360.198946166589,559.0,69.41771625634286,14.559085884213442,1715.0,289.334019286389,61.99921060953434,0.0,0.0,0.0,7.0,0.7,0.07,107.0,0.581026601842593,0.0031550645985864473
