id,probability_maraud,successful_mating,next_foraging_time,foraging_events,foraging_hrs,foraging_sqhrs,staying_events,staying_hrs,staying_sqhrs,repairing_events,repairing_hrs,repairing_sqhrs,marauding_events,marauding_hrs,marauding_sqhrs,traveling_events,traveling_hrs,traveling_sqhrs
0,0.0,18,360.32505348890066,579.0,72.61577520305966,14.873737069252742,572.0,95.54116595384768,20.21069801049397,1169.0,191.93852083797591,40.74206499290087,0.0,0.0,0.0,0.0,0.0,0.0
1,0.0,54,360.2380203556439,563.0,69.50009749142367,14.049894598338874,1704.0,290.6172108384118,63.27048031783337,0.0,0.0,0.0,0.0,0.0,0.0,0.0,0.0,0.0
2,0.054,0,359.8508729523118,570.0,71.92047822028164,15.34966148691433,1718.0,287.04387465157146,61.05286366850801,0.0,0.0,0.0,6.0,0.6,0.06000000000000001,107.0,0.581026601842593,0.0031550645985864473
3,0.054,0,360.46877249824865,569.0,68.4832439184303,14.01020798978509,1705.0,290.4161970044146,63.897853602884595,0.0,0.0,0.0,6.0,0.6,0.06000000000000001,100.0,0.5430155157407411,0.00294865850335182
4,0.0,0,360.42511126358977,558.0,68.15361383366329,14.232555796909788,1721.0,292.06408466454036,63.06389076811623,0.0,0.0,0.0,0.0,0.0,0.0,0.0,0.0,0.0
5,0.054,0,360.0779312160521,569.0,72.70710329665587,15.250414471261347,1664.0,286.5563867463682,62.34962266804062,0.0,0.0,0.0,3.0,0.30000000000000004,0.030000000000000006,97.0,0.5267250502685189,0.0028601987482512656
6,0.054,0,360.0478734728991,572.0,68.96715864647612,13.826428685726745,1702.0,289.4295810976869,62.1178440980848,0.0,0.0,0.0,10.0,0.9999999999999999,0.10000000000000003,112.0,0.6081773776296301,0.003302497523754038
7,0.054,0,360.00856156614174,559.0,68.24932666779098,13.685261594428672,1750.0,290.7042226294906,60.9043909514199,0.0,0.0,0.0,7.0,0.7,0.07,82.0,0.4452727229074077,0.002417899972748493
