id,probability_maraud,successful_mating,next_foraging_time,foraging_events,foraging_hrs,foraging_sqhrs,staying_events,staying_hrs,staying_sqhrs,repairing_events,repairing_hrs,repairing_sqhrs,marauding_events,marauding_hrs,marauding_sqhrs,traveling_events,traveling_hrs,traveling_sqhrs
0,0.054,30,360.408170558734,562.0,71.21461913514433,14.837778632397715,673.0,111.82807208649902,23.11713739444751,1040.0,176.27250420457528,37.96593061337236,7.0,0.7,0.07,34.0,0.18462527535185194,0.0010025438911396211
1,0.054,42,360.29386218096886,563.0,71.24711586095073,15.411700135726155,1399.0,245.73814230789492,53.960497396794146,252.0,42.73861146042063,9.182682718088195,1.0,0.1,0.010000000000000002,69.0,0.37468070586111135,0.002034574367312757
2,0.0,0,360.422779574686,561.0,67.43295763507385,13.497139594840677,1731.0,292.6719248484402,62.088208172305364,0.0,0.0,0.0,0.0,0.0,0.0,0.0,0.0,0.0
3,0.054,0,359.9359164438018,561.0,70.62620381581965,14.256416368686684,1745.0,287.98647199873585,60.46604841742559,0.0,0.0,0.0,8.0,0.7999999999999999,0.08000000000000002,114.0,0.6190376879444449,0.0033614706938210745
4,0.0,0,360.6776171037201,560.0,69.85326877839223,14.68578982913746,1690.0,290.1899133582929,63.156177207184484,0.0,0.0,0.0,0.0,0.0,0.0,0.0,0.0,0.0
5,0.0,0,360.47675474986227,564.0,66.4467683349363,12.4366711778871,1720.0,293.58317095799276,63.02150751173329,0.0,0.0,0.0,0.0,0.0,0.0,0.0,0.0,0.0
6,0.054,0,359.94960735673556,561.0,71.11313650717709,14.451634938535882,1698.0,287.5555384731072,62.051669552634,0.0,0.0,0.0,8.0,0.7999999999999999,0.08000000000000002,99.0,0.5375853605833337,0.002919171918318302
7,0.054,0,360.1648602836458,564.0,72.40016186029472,15.744863893216582,1692.0,286.14931371184423,61.364824247925654,0.0,0.0,0.0,12.0,1.2,0.12000000000000005,84.0,0.45613303322222254,0.0024768731428155295
