id,probability_maraud,successful_mating,next_foraging_time,foraging_events,foraging_hrs,foraging_sqhrs,staying_events,staying_hrs,staying_sqhrs,repairing_events,repairing_hrs,repairing_sqhrs,marauding_events,marauding_hrs,marauding_sqhrs,traveling_events,traveling_hrs,traveling_sqhrs
0,0.054,28,360.85801513114455,567.0,69.80733055268338,14.157694333225443,578.0,100.47591888219462,21.741609161085616,1100.0,189.34562379621136,41.346772704698346,5.0,0.5,0.05000000000000001,39.0,0.211776051138889,0.001149976816307212
1,0.054,44,360.4066274126089,569.0,72.06609862327228,15.450845313649348,1502.0,255.98121844975964,54.34948492176685,175.0,31.081064596012567,7.036848974293242,5.0,0.5,0.05000000000000001,83.0,0.4507028780648151,0.0024473865577820113
2,0.054,0,359.97059517165434,569.0,68.66422330455818,13.57374872052988,1674.0,289.47035988576346,63.31104901641267,0.0,0.0,0.0,15.0,1.5000000000000002,0.15000000000000008,90.0,0.488713964166667,0.0026537926530166385
3,0.0,0,359.9180895060004,563.0,67.09634983961233,12.995913707281188,1706.0,293.0635957757819,63.60921742705998,0.0,0.0,0.0,0.0,0.0,0.0,0.0,0.0,0.0
4,0.0,0,360.10072924991414,550.0,69.38765734285907,13.490262448707115,1719.0,290.73093545490804,62.1693604187054,0.0,0.0,0.0,0.0,0.0,0.0,0.0,0.0,0.0
5,0.054,0,360.43244954544815,563.0,70.79829336260462,14.845583827102512,1671.0,287.98455704291564,63.08727899263016,0.0,0.0,0.0,9.0,0.8999999999999999,0.09000000000000002,97.0,0.5267250502685189,0.0028601987482512656
6,0.0,0,360.6017532943773,558.0,70.56658998877552,14.929836208585035,1697.0,289.57172966456847,61.930922450814165,0.0,0.0,0.0,0.0,0.0,0.0,0.0,0.0,0.0
7,0.054,0,360.46515869803426,553.0,74.36975733648772,16.88378275844434,1670.0,284.8263594062007,61.51041822303432,0.0,0.0,0.0,3.0,0.30000000000000004,0.030000000000000006,102.0,0.553875826055556,0.0030076316734188565
