id,probability_maraud,successful_mating,next_foraging_time,foraging_events,foraging_hrs,foraging_sqhrs,staying_events,staying_hrs,staying_sqhrs,repairing_events,repairing_hrs,repairing_sqhrs,marauding_events,marauding_hrs,marauding_sqhrs,traveling_events,traveling_hrs,traveling_sqhrs
0,0.0,27,360.3428716691193,561.0,68.27814630092391,13.200742067267111,774.0,134.20086732826397,28.66880026946291,938.0,157.66668272561674,33.87364384673231,0.0,0.0,0.0,0.0,0.0,0.0
1,0.054,45,360.12071922063103,565.0,73.29801797252948,15.793487867699834,1717.0,285.721803599764,60.030785136323246,0.0,0.0,0.0,5.0,0.5,0.05000000000000001,92.0,0.49957427448148184,0.002712765823083675
2,0.054,0,360.0147977098663,568.0,69.75262706938649,14.249398930642089,1672.0,289.5589506934009,63.15903379051281,0.0,0.0,0.0,5.0,0.5,0.05000000000000001,91.0,0.4941441193240744,0.0026832792380501566
3,0.054,0,360.6343094482213,549.0,72.4354018599207,16.105395266749866,1708.0,286.52404566366675,60.79246959377653,0.0,0.0,0.0,6.0,0.6,0.06000000000000001,87.0,0.4724234986944448,0.002565332897916084
4,0.0,0,360.8988157140594,570.0,71.57617002521648,14.527460330005454,1735.0,288.5900288602157,60.73714414352504,0.0,0.0,0.0,0.0,0.0,0.0,0.0,0.0,0.0
5,0.0,0,360.5556968341895,557.0,73.12021212409455,16.241106120695587,1673.0,286.96138824895417,61.828065785370754,0.0,0.0,0.0,0.0,0.0,0.0,0.0,0.0,0.0
6,0.054,0,360.59641248062627,569.0,74.48893788991406,16.014639747637112,1685.0,284.99707681227613,61.26924591573872,0.0,0.0,0.0,3.0,0.30000000000000004,0.030000000000000006,82.0,0.4452727229074077,0.002417899972748493
7,0.054,0,359.97455265022705,552.0,74.75346847935407,17.00015257705254,1717.0,283.9794226728704,60.30867800124016,0.0,0.0,0.0,7.0,0.7,0.07,109.0,0.5918869121574079,0.0032140377686534836
