id,probability_maraud,successful_mating,next_foraging_time,foraging_events,foraging_hrs,foraging_sqhrs,staying_events,staying_hrs,staying_sqhrs,repairing_events,repairing_hrs,repairing_sqhrs,marauding_events,marauding_hrs,marauding_sqhrs,traveling_events,traveling_hrs,traveling_sqhrs
0,0.0,14,360.0297297725275,567.0,70.78937832446985,15.173578519248984,590.0,101.03541862938373,21.641520936568874,1082.0,188.19333904756138,40.74225449810168,0.0,0.0,0.0,0.0,0.0,0.0
1,0.054,58,360.3444344402834,570.0,69.15054269004654,13.914134694180431,1715.0,289.57053033325406,61.3200541401464,0.0,0.0,0.0,8.0,0.7999999999999999,0.08000000000000002,99.0,0.5375853605833337,0.002919171918318302
2,0.054,0,359.97636566987916,559.0,70.17062391090069,15.231657429447633,1703.0,288.5383424418154,62.28915960940232,0.0,0.0,0.0,7.0,0.7,0.07,115.0,0.6244678431018523,0.0033909572788545926
3,0.054,0,360.0199564737154,561.0,73.46684475960265,16.13228889207827,1668.0,285.9326935006835,62.01325814027372,0.0,0.0,0.0,3.0,0.30000000000000004,0.030000000000000006,91.0,0.4941441193240744,0.0026832792380501566
4,0.0,0,360.3476192073693,566.0,71.28127149220614,14.761485249439337,1713.0,288.83761444448567,61.03045836099861,0.0,0.0,0.0,0.0,0.0,0.0,0.0,0.0,0.0
5,0.054,0,360.38694340828886,566.0,70.41050736615546,14.70716805622554,1653.0,288.635535416964,63.49328361337718,0.0,0.0,0.0,6.0,0.6,0.06000000000000001,100.0,0.5430155157407411,0.00294865850335182
6,0.054,0,360.38322255453676,579.0,70.43900880956441,15.184391274909027,1701.0,288.44608640845894,61.83277020472715,0.0,0.0,0.0,7.0,0.7,0.07,92.0,0.49957427448148184,0.002712765823083675
7,0.0,0,360.1034594455013,561.0,67.54614814564277,14.075623700066824,1710.0,292.5320496210906,63.101856203301544,0.0,0.0,0.0,0.0,0.0,0.0,0.0,0.0,0.0
