id,probability_maraud,successful_mating,next_foraging_time,foraging_events,foraging_hrs,foraging_sqhrs,staying_events,staying_hrs,staying_sqhrs,repairing_events,repairing_hrs,repairing_sqhrs,marauding_events,marauding_hrs,marauding_sqhrs,traveling_events,traveling_hrs,traveling_sqhrs
0,0.0,22,360.56784269422457,569.0,74.12411613298407,16.383329244752105,578.0,96.84545033306014,20.53198153295613,1102.0,189.1449235144106,41.09469724514759,0.0,0.0,0.0,0.0,0.0,0.0
1,0.054,50,360.5383836916005,564.0,69.43230618721829,14.238371044755041,1759.0,289.26893969100746,60.70954934061556,0.0,0.0,0.0,8.0,0.7999999999999999,0.08000000000000002,101.0,0.5484456708981486,0.0029781450883853383
2,0.054,0,360.39563005543573,560.0,68.50336758999691,14.343760355304978,1745.0,290.19005270619834,61.18960719436442,0.0,0.0,0.0,8.0,0.7999999999999999,0.08000000000000002,102.0,0.553875826055556,0.0030076316734188565
3,0.0,0,360.2045327983788,569.0,71.36147017517494,15.117468348147138,1643.0,288.7218791891133,63.276535960428156,0.0,0.0,0.0,0.0,0.0,0.0,0.0,0.0,0.0
4,0.054,0,360.9145806139057,562.0,70.1965960260807,14.366851752036743,1703.0,288.97929505651666,62.24240098628963,0.0,0.0,0.0,3.0,0.30000000000000004,0.030000000000000006,99.0,0.5375853605833337,0.002919171918318302
5,0.054,0,360.1386464868849,570.0,73.12436541510418,16.058343922101532,1727.0,285.5516159679082,60.33510329535428,0.0,0.0,0.0,8.0,0.7999999999999999,0.08000000000000002,116.0,0.6298979982592597,0.003420443863888111
6,0.0,0,360.2940105162052,570.0,70.84775194570456,14.853018491552493,1707.0,289.18637214671827,62.327517485724414,0.0,0.0,0.0,0.0,0.0,0.0,0.0,0.0,0.0
7,0.054,0,360.5466308263313,567.0,72.43036065114741,14.84476535819819,1730.0,286.89408274087594,60.6238275060487,0.0,0.0,0.0,4.0,0.4,0.04000000000000001,94.0,0.5104345847962967,0.002771738993150711
