id,probability_maraud,successful_mating,next_foraging_time,foraging_events,foraging_hrs,foraging_sqhrs,staying_events,staying_hrs,staying_sqhrs,repairing_events,repairing_hrs,repairing_sqhrs,marauding_events,marauding_hrs,marauding_sqhrs,traveling_events,traveling_hrs,traveling_sqhrs
0,0.054,27,360.31801058888055,570.0,68.57070273257851,13.874462892407722,775.0,133.83441954653523,29.068395951309768,918.0,156.85471294323952,33.8832049181822,6.0,0.6,0.06000000000000001,31.0,0.1683348098796297,0.0009140841360390664
1,0.054,45,360.0592639520327,559.0,72.1213903358351,16.1482691440022,1507.0,250.37168942149813,52.0578624914705,210.0,36.47962018463305,8.061474949439125,7.0,0.7,0.07,83.0,0.4507028780648151,0.0024473865577820113
2,0.054,0,360.6644613089561,573.0,68.93762281923351,14.49270689597607,1739.0,290.25120461653984,61.90424898421317,0.0,0.0,0.0,6.0,0.6,0.06000000000000001,97.0,0.5267250502685189,0.0028601987482512656
3,0.054,0,360.17892221108445,582.0,75.32887494670898,16.122936532778134,1704.0,283.8536747494452,60.29563117105087,0.0,0.0,0.0,4.0,0.4,0.04000000000000001,86.0,0.46699334353703736,0.002535846312882566
4,0.0,0,360.2681064913338,561.0,70.8862400472761,15.331825978229325,1726.0,289.23499233052087,61.46174727285225,0.0,0.0,0.0,0.0,0.0,0.0,0.0,0.0,0.0
5,0.0,0,360.0736003025462,564.0,73.09017746884449,16.626483028265948,1692.0,287.06598572642275,61.660397973058025,0.0,0.0,0.0,0.0,0.0,0.0,0.0,0.0,0.0
6,0.0,0,360.4471011763584,566.0,73.49679482467182,15.028056393259847,1698.0,286.5429260733442,60.459976855996274,0.0,0.0,0.0,0.0,0.0,0.0,0.0,0.0,0.0
7,0.054,0,360.1987949131979,567.0,74.75542597088395,16.394769286601555,1651.0,283.80429425702545,61.331564435987374,0.0,0.0,0.0,9.0,0.8999999999999999,0.09000000000000002,107.0,0.581026601842593,0.0031550645985864473
