id,probability_maraud,successful_mating,next_foraging_time,foraging_events,foraging_hrs,foraging_sqhrs,staying_events,staying_hrs,staying_sqhrs,repairing_events,repairing_hrs,repairing_sqhrs,marauding_events,marauding_hrs,marauding_sqhrs,traveling_events,traveling_hrs,traveling_sqhrs
0,0.054,21,360.52800569464137,568.0,73.02911985909482,15.339053809052414,728.0,121.33061525817513,25.627223484911692,1007.0,164.854385199826,34.62026393002406,7.0,0.7,0.07,42.0,0.22806651661111124,0.0012384365714077665
1,0.0,51,360.07543398584085,571.0,71.68859976283731,14.662011960707476,1453.0,245.66130712083856,52.87005305181532,255.0,42.674876951650724,8.905348672689156,0.0,0.0,0.0,0.0,0.0,0.0
2,0.054,0,360.18278234989214,578.0,65.43727037582029,12.29631760547537,1708.0,294.04585176883813,63.853707873183865,0.0,0.0,0.0,3.0,0.30000000000000004,0.030000000000000006,69.0,0.37468070586111135,0.002034574367312757
3,0.0,0,360.02162125614433,559.0,66.56424617587909,13.188284750311546,1722.0,293.50731479378277,64.17627389629749,0.0,0.0,0.0,0.0,0.0,0.0,0.0,0.0,0.0
4,0.054,0,360.51082730675796,556.0,70.90592328637383,15.00107257969608,1699.0,287.6155640107856,61.814786500376464,0.0,0.0,0.0,10.0,0.9999999999999999,0.10000000000000003,107.0,0.581026601842593,0.0031550645985864473
5,0.0,0,360.1234372158396,569.0,70.16090417015093,14.663870617501583,1704.0,290.00087672083373,62.54719394027155,0.0,0.0,0.0,0.0,0.0,0.0,0.0,0.0,0.0
6,0.054,0,360.09568497479677,565.0,69.96531283502381,14.759733439004446,1697.0,288.8641333664871,62.067667473048246,0.0,0.0,0.0,7.0,0.7,0.07,90.0,0.488713964166667,0.0026537926530166385
7,0.054,0,359.9756075536468,563.0,69.96208265321673,14.87978201795838,1742.0,288.80542930939146,60.74736622663463,0.0,0.0,0.0,7.0,0.7,0.07,108.0,0.5864567570000004,0.0031845511836199655
