id,probability_maraud,successful_mating,next_foraging_time,foraging_events,foraging_hrs,foraging_sqhrs,staying_events,staying_hrs,staying_sqhrs,repairing_events,repairing_hrs,repairing_sqhrs,marauding_events,marauding_hrs,marauding_sqhrs,traveling_events,traveling_hrs,traveling_sqhrs
0,0.0,13,360.20143722439724,576.0,69.51494551230034,12.938921474830032,622.0,101.98791852718985,21.48289488243788,1115.0,188.7773241982651,40.49712603606602,0.0,0.0,0.0,0.0,0.0,0.0
1,0.054,59,360.44628370591965,547.0,76.03694813413256,17.04175951607563,1624.0,283.34887010687754,61.88875352650724,0.0,0.0,0.0,3.0,0.30000000000000004,0.030000000000000006,101.0,0.5484456708981486,0.0029781450883853383
2,0.054,0,360.0530646202165,581.0,70.84934622067877,14.138174874848609,1690.0,288.1714695598403,62.03783044950765,0.0,0.0,0.0,6.0,0.6,0.06000000000000001,79.0,0.4289822574351855,0.0023294402176479386
3,0.054,0,360.198014602772,565.0,67.24370834187859,14.16068922220471,1730.0,291.4791511445714,62.50826312851648,0.0,0.0,0.0,9.0,0.8999999999999999,0.09000000000000002,94.0,0.5104345847962967,0.002771738993150711
4,0.054,0,360.4181431859574,565.0,73.22412895900075,15.094620690431265,1690.0,285.67828506617576,62.14559674087626,0.0,0.0,0.0,7.0,0.7,0.07,91.0,0.4941441193240744,0.0026832792380501566
5,0.054,0,360.1504138673096,553.0,71.06232692650889,14.378751477175106,1720.0,287.8262744832701,61.361381748467814,0.0,0.0,0.0,6.0,0.6,0.06000000000000001,109.0,0.5918869121574079,0.0032140377686534836
6,0.0,0,359.9997328330476,549.0,71.97308154364075,16.72930900192199,1692.0,288.07797008533544,62.5200478013723,0.0,0.0,0.0,0.0,0.0,0.0,0.0,0.0,0.0
7,0.0,0,360.1093335057609,571.0,71.0848935081415,14.996473916009068,1713.0,288.91609903012466,61.58475479953497,0.0,0.0,0.0,0.0,0.0,0.0,0.0,0.0,0.0
