id,probability_maraud,successful_mating,next_foraging_time,foraging_events,foraging_hrs,foraging_sqhrs,staying_events,staying_hrs,staying_sqhrs,repairing_events,repairing_hrs,repairing_sqhrs,marauding_events,marauding_hrs,marauding_sqhrs,traveling_events,traveling_hrs,traveling_sqhrs
0,0.0,5,360.1690359616848,548.0,72.98085495056574,16.425059315761636,1258.0,214.0621872048517,46.45582173353719,438.0,73.01633877548188,15.08275678793671,0.0,0.0,0.0,0.0,0.0,0.0
1,0.054,9,360.5036437682759,558.0,67.68864482344364,13.685751796474044,1463.0,248.2913055959729,53.72715199984528,247.0,42.462544327324316,9.299205708860983,12.0,1.2,0.12000000000000005,95.0,0.5158647399537041,0.0028012255781842293
2,0.054,7,360.03944718734624,571.0,68.06744323898361,13.094706236618167,1518.0,254.118600139504,54.3633942670366,218.0,36.48976139788112,7.748763937039242,10.0,0.9999999999999999,0.10000000000000003,89.0,0.4832838090092596,0.0026243060679831203
3,0.054,13,360.35083541547954,580.0,70.09345899896192,14.544063320733226,1472.0,251.17645909195662,53.80122425354541,221.0,36.84361495778592,7.79586122367776,14.0,1.4000000000000001,0.14000000000000007,91.0,0.4941441193240744,0.0026832792380501566
4,0.054,12,360.00076549491257,576.0,69.79225874265323,13.888560167886371,1463.0,246.58540130770604,53.383874492472444,247.0,42.69477069450817,9.411504431698264,7.0,0.7,0.07,71.0,0.3855410161759262,0.0020935475373797933
5,0.0,6,360.14204938497505,568.0,75.13765247015925,16.808630768488822,1402.0,236.22561136806678,50.060255758534275,288.0,48.727107873718445,10.2802307050717,0.0,0.0,0.0,0.0,0.0,0.0
6,0.054,11,360.63919606330234,568.0,71.30253525959962,14.649673881541256,1392.0,237.4337468991029,51.21230896492436,283.0,48.89344830797915,10.717647470644232,20.0,2.0000000000000004,0.20000000000000012,77.0,0.41812194712037065,0.0022704670475809023
7,0.0,9,359.8601066202928,565.0,74.67903144602681,16.362433994676582,1383.0,232.1820056423678,49.65099819975191,317.0,53.28583390439587,11.331633480967117,0.0,0.0,0.0,0.0,0.0,0.0
