id,probability_maraud,successful_mating,next_foraging_time,foraging_events,foraging_hrs,foraging_sqhrs,staying_events,staying_hrs,staying_sqhrs,repairing_events,repairing_hrs,repairing_sqhrs,marauding_events,marauding_hrs,marauding_sqhrs,traveling_events,traveling_hrs,traveling_sqhrs
0,0.0,6,359.9684183882555,556.0,71.13518804144593,14.370798197654972,1262.0,221.92697024549662,48.448157577660105,406.0,67.04290690215934,14.064388113494969,0.0,0.0,0.0,0.0,0.0,0.0
1,0.054,16,359.94356248236136,564.0,71.06613798192053,14.320513081939128,1471.0,244.68407891328138,52.911954150288246,255.0,42.931807719920236,9.187146106994085,10.0,0.9999999999999999,0.10000000000000003,72.0,0.3909711713333336,0.0021230341224133115
2,0.054,5,360.21407855804466,572.0,67.22006640022748,12.48821380020977,1404.0,242.28598016168283,53.03478840698971,284.0,48.79226450117487,10.36584925825209,14.0,1.4000000000000001,0.14000000000000007,88.0,0.4778536538518522,0.002594819482949602
3,0.054,8,359.9098553410593,564.0,69.33771606165895,13.829854104480365,1314.0,227.37122870114305,49.47776073968346,347.0,61.78887618313118,13.646725166616205,12.0,1.2,0.12000000000000005,76.0,0.41269179196296324,0.002240980462547384
4,0.0,6,359.97933656454774,561.0,68.83648522018045,14.088124891419643,1583.0,266.74695480392444,57.118024679725266,152.0,24.45341473903256,5.167363044293944,0.0,0.0,0.0,0.0,0.0,0.0
5,0.0,15,360.4006449080737,569.0,69.14839376771468,14.272004311118044,1410.0,241.6141467636106,51.54934927933286,289.0,49.307920649444796,11.083292581604955,0.0,0.0,0.0,0.0,0.0,0.0
6,0.054,10,360.12199546104455,559.0,66.36767636302145,13.413661171178205,1441.0,249.57509955325162,54.35517444618541,258.0,42.58648863684087,8.94159792807989,13.0,1.3,0.13000000000000006,68.0,0.36925055070370394,0.002005087782279239
7,0.054,6,360.7308260277991,556.0,71.51205679712933,16.284260348857156,1472.0,244.135506566143,52.28197868619238,253.0,42.713309102743686,9.0299868407058,13.0,1.3,0.13000000000000006,87.0,0.4724234986944448,0.002565332897916084
