id,probability_maraud,successful_mating,next_foraging_time,foraging_events,foraging_hrs,foraging_sqhrs,staying_events,staying_hrs,staying_sqhrs,repairing_events,repairing_hrs,repairing_sqhrs,marauding_events,marauding_hrs,marauding_sqhrs,traveling_events,traveling_hrs,traveling_sqhrs
0,0.054,25,360.09678033092706,571.0,70.2787205874574,13.993552356511634,721.0,123.33696735346479,26.591069098915185,943.0,165.50435718680637,36.447690479406994,7.0,0.7,0.07,38.0,0.2063458959814816,0.0011204902312736938
1,0.054,47,360.60359681864105,566.0,70.52216113080533,14.083108767302523,1482.0,250.33216338050337,53.907616965116695,232.0,38.23051061105714,7.99060299817602,7.0,0.7,0.07,92.0,0.49957427448148184,0.002712765823083675
2,0.054,0,360.7399379190617,556.0,72.61522329664115,15.418200844338717,1641.0,286.5101901916139,62.55202898628315,0.0,0.0,0.0,7.0,0.7,0.07,78.0,0.42355210227777806,0.0022999536326144205
3,0.054,0,359.9192621977078,572.0,72.99147714539383,16.148664221696745,1668.0,285.88985119555764,61.7036913087143,0.0,0.0,0.0,6.0,0.6,0.06000000000000001,105.0,0.5701662915277782,0.003096091428519411
4,0.0,0,359.8951882162308,557.0,68.61055022489144,14.669852773902969,1726.0,291.4526772555959,62.87945015376302,0.0,0.0,0.0,0.0,0.0,0.0,0.0,0.0,0.0
5,0.0,0,359.97481501995725,556.0,73.79856428847529,15.961213282193699,1697.0,286.27585760150106,60.68032219538406,0.0,0.0,0.0,0.0,0.0,0.0,0.0,0.0,0.0
6,0.0,0,360.5429341262509,578.0,67.97678837448062,13.365851166844868,1703.0,292.0957401721749,63.34311519427408,0.0,0.0,0.0,0.0,0.0,0.0,0.0,0.0,0.0
7,0.054,0,359.9948181389181,564.0,70.41206407953278,14.636734063930195,1700.0,288.5140719015288,61.99953179493945,0.0,0.0,0.0,7.0,0.7,0.07,88.0,0.4778536538518522,0.002594819482949602
