id,probability_maraud,successful_mating,next_foraging_time,foraging_events,foraging_hrs,foraging_sqhrs,staying_events,staying_hrs,staying_sqhrs,repairing_events,repairing_hrs,repairing_sqhrs,marauding_events,marauding_hrs,marauding_sqhrs,traveling_events,traveling_hrs,traveling_sqhrs
0,0.054,26,360.0378501687956,560.0,71.09746661058723,14.891096833501308,796.0,134.9005705835146,29.33826434368313,903.0,153.0516303022541,32.5579848384047,7.0,0.7,0.07,47.0,0.2552172923981483,0.0013858694965753573
1,0.0,46,359.77582949681226,572.0,71.88160933957582,15.197493515540769,1451.0,249.40776329029748,54.05253105470144,229.0,38.71677016945158,8.105485300542702,0.0,0.0,0.0,0.0,0.0,0.0
2,0.0,0,360.3562672233059,561.0,70.38657331453847,14.766243398949179,1675.0,289.79974485860856,62.927914424710124,0.0,0.0,0.0,0.0,0.0,0.0,0.0,0.0,0.0
3,0.054,0,360.1347527528184,572.0,75.24299326855066,16.630634163754763,1650.0,283.63667750289,62.5096981276677,0.0,0.0,0.0,7.0,0.7,0.07,95.0,0.5158647399537041,0.0028012255781842293
4,0.0,0,359.8277289123736,558.0,72.72818308966629,16.005971920259785,1728.0,287.3446493226952,59.66557271287023,0.0,0.0,0.0,0.0,0.0,0.0,0.0,0.0,0.0
5,0.054,0,360.15317161293393,556.0,72.07125728790746,15.636277764785099,1731.0,287.1542832204102,59.735390109821516,0.0,0.0,0.0,5.0,0.5,0.05000000000000001,112.0,0.6081773776296301,0.003302497523754038
6,0.054,0,360.07802816676167,569.0,73.19254025025714,15.589841702172558,1692.0,286.01875770969775,61.309589033995216,0.0,0.0,0.0,5.0,0.5,0.05000000000000001,90.0,0.488713964166667,0.0026537926530166385
7,0.054,0,360.24122391781697,573.0,70.77660481950394,14.420970801957255,1714.0,287.9938410704838,61.485768251838415,0.0,0.0,0.0,8.0,0.7999999999999999,0.08000000000000002,101.0,0.5484456708981486,0.0029781450883853383
