id,probability_maraud,successful_mating,next_foraging_time,foraging_events,foraging_hrs,foraging_sqhrs,staying_events,staying_hrs,staying_sqhrs,repairing_events,repairing_hrs,repairing_sqhrs,marauding_events,marauding_hrs,marauding_sqhrs,traveling_events,traveling_hrs,traveling_sqhrs
0,0.054,9,360.14060193172116,565.0,72.87878592368439,15.375367932278847,534.0,86.18883318230544,17.73242546854796,1167.0,200.96168993505995,43.566224531789274,1.0,0.1,0.010000000000000002,31.0,0.1683348098796297,0.0009140841360390664
1,0.054,62,360.5917368219777,575.0,68.71258106795263,13.521062308385636,1674.0,283.955375809117,60.56995534195034,33.0,6.167028727143898,1.4086043525270493,7.0,0.7,0.07,101.0,0.5484456708981486,0.0029781450883853383
2,0.0,0,360.49909640183535,573.0,73.33621096693878,15.653025375521368,1697.0,286.81385258887855,61.97309603978899,0.0,0.0,0.0,0.0,0.0,0.0,0.0,0.0,0.0
3,0.054,0,359.9464510663647,557.0,72.2486443694701,15.569849894963006,1698.0,286.4944777243895,60.82826204583271,0.0,0.0,0.0,8.0,0.7999999999999999,0.08000000000000002,89.0,0.4832838090092596,0.0026243060679831203
4,0.0,0,359.9504225897814,582.0,71.18930125032892,13.493156562826846,1723.0,288.844623301386,61.65619131583044,0.0,0.0,0.0,0.0,0.0,0.0,0.0,0.0,0.0
5,0.054,0,360.2040847509844,564.0,69.59319754154659,14.520327871902598,1704.0,289.4652847270773,62.499091750678154,0.0,0.0,0.0,6.0,0.6,0.06000000000000001,97.0,0.5267250502685189,0.0028601987482512656
6,0.054,0,359.8155118747818,576.0,72.62719032116422,14.458483461921274,1701.0,285.6702482894431,60.393758432491374,0.0,0.0,0.0,12.0,1.2,0.12000000000000005,94.0,0.5104345847962967,0.002771738993150711
7,0.0,0,360.28528834585615,570.0,69.1280805550405,13.480369069098586,1716.0,291.1626507750493,62.669935372053274,0.0,0.0,0.0,0.0,0.0,0.0,0.0,0.0,0.0
