id,probability_maraud,successful_mating,next_foraging_time,foraging_events,foraging_hrs,foraging_sqhrs,staying_events,staying_hrs,staying_sqhrs,repairing_events,repairing_hrs,repairing_sqhrs,marauding_events,marauding_hrs,marauding_sqhrs,traveling_events,traveling_hrs,traveling_sqhrs
0,0.0,9,360.0290482834521,559.0,69.99074179256591,14.242562288896389,1276.0,222.70795123426603,48.50778211784418,397.0,67.39983674705113,14.176539540391618,0.0,0.0,0.0,0.0,0.0,0.0
1,0.0,9,360.25858966800945,567.0,71.33011157127835,14.715677549639562,1423.0,245.6054224186636,53.06169427439025,240.0,43.125883017832244,9.92188975878134,0.0,0.0,0.0,0.0,0.0,0.0
2,0.054,8,360.3500757121097,564.0,70.44573556610808,15.50412219556105,1325.0,220.86725143019075,47.225562350868806,384.0,67.0717843452751,14.683846142290177,14.0,1.4000000000000001,0.14000000000000007,77.0,0.41812194712037065,0.0022704670475809023
3,0.054,12,360.2600893034687,570.0,71.5009010937303,15.07086729537808,1496.0,250.14425213300393,53.14089087087092,224.0,36.44103093109671,7.519031406293995,16.0,1.6000000000000003,0.1600000000000001,84.0,0.45613303322222254,0.0024768731428155295
4,0.0,8,360.00403601658735,564.0,73.94689339321674,15.75497470500339,1339.0,226.2524642243099,48.838338529154555,361.0,59.8281924137997,12.55868006489999,0.0,0.0,0.0,0.0,0.0,0.0
5,0.054,10,360.3273345651448,570.0,71.85397373325064,15.148552565253931,1302.0,219.01991948045008,47.063114166895005,409.0,67.14478027506364,14.414187967986708,16.0,1.6000000000000003,0.1600000000000001,76.0,0.41269179196296324,0.002240980462547384
6,0.054,8,360.6025261342,568.0,72.43633435148688,15.80471453554791,1379.0,231.3270054283022,48.41522160084659,324.0,54.76870254517796,11.564692124097473,12.0,1.2,0.12000000000000005,82.0,0.4452727229074077,0.002417899972748493
7,0.054,8,360.6652040532953,564.0,69.61120613082255,13.310104953962478,1473.0,248.14348957674258,53.054251674410985,240.0,40.499948599396006,8.50291669373621,14.0,1.4000000000000001,0.14000000000000007,78.0,0.42355210227777806,0.0022999536326144205
