id,probability_maraud,successful_mating,next_foraging_time,foraging_events,foraging_hrs,foraging_sqhrs,staying_events,staying_hrs,staying_sqhrs,repairing_events,repairing_hrs,repairing_sqhrs,marauding_events,marauding_hrs,marauding_sqhrs,traveling_events,traveling_hrs,traveling_sqhrs
0,0.0,10,360.23109379358937,571.0,70.17794149279166,14.068258210962734,1471.0,253.09104678643257,54.76329167259776,219.0,36.8483430783304,7.680933894600179,0.0,0.0,0.0,0.0,0.0,0.0
1,0.0,11,360.11114831481683,564.0,72.47156345066703,14.883366457023461,1455.0,238.84045332298186,50.168378783846535,291.0,48.881866432457976,10.289576512760043,0.0,0.0,0.0,0.0,0.0,0.0
2,0.054,7,360.50990216926647,571.0,70.61337124694118,14.333449283664702,1457.0,243.15250469975902,51.38760469738601,262.0,44.54998718629083,9.37729944379383,14.0,1.4000000000000001,0.14000000000000007,84.0,0.45613303322222254,0.0024768731428155295
3,0.054,10,360.18286414936733,566.0,71.02192883142723,15.002664932441098,1374.0,232.81335215316741,49.843379467638165,324.0,54.89663233643112,11.869885399040479,9.0,0.8999999999999999,0.09000000000000002,79.0,0.4289822574351855,0.0023294402176479386
4,0.054,9,360.0779120922059,571.0,68.38805483878194,13.47835868626853,1495.0,246.89720219826512,51.92419711725695,258.0,42.58968430951907,8.920172865835372,17.0,1.7000000000000004,0.1700000000000001,88.0,0.4778536538518522,0.002594819482949602
5,0.054,11,360.4508914567978,563.0,71.94041394349365,14.714152419258763,1185.0,201.90504246377756,43.051626622786486,532.0,84.8884135081696,17.5875325761847,10.0,0.9999999999999999,0.10000000000000003,69.0,0.37468070586111135,0.002034574367312757
6,0.054,10,360.2685914949351,572.0,74.63688166655425,15.91445467062824,1477.0,253.0840792529096,55.046894646791586,174.0,30.550569981065017,6.516396015608537,16.0,1.6000000000000003,0.1600000000000001,78.0,0.42355210227777806,0.0022999536326144205
7,0.0,4,360.33206569490693,552.0,75.19943979290319,16.469357689620303,1358.0,229.9232457966801,49.02358881899797,322.0,54.902972446335305,11.523448250026544,0.0,0.0,0.0,0.0,0.0,0.0
