id,probability_maraud,successful_mating,next_foraging_time,foraging_events,foraging_hrs,foraging_sqhrs,staying_events,staying_hrs,staying_sqhrs,repairing_events,repairing_hrs,repairing_sqhrs,marauding_events,marauding_hrs,marauding_sqhrs,traveling_events,traveling_hrs,traveling_sqhrs
0,0.054,7,360.1330351731146,569.0,73.84734942514845,15.61212877047556,1396.0,234.03845214646213,48.80416602041597,306.0,50.837569820774256,10.531861492928163,9.0,0.8999999999999999,0.09000000000000002,82.0,0.4452727229074077,0.002417899972748493
1,0.054,6,359.9418722914982,576.0,70.3350329102881,14.702278784070518,1339.0,226.88769445875695,48.26297514432411,371.0,60.928753366642965,12.793678012949806,14.0,1.4000000000000001,0.14000000000000007,83.0,0.4507028780648151,0.0024473865577820113
2,0.0,4,360.010915998355,565.0,71.8144962834346,14.507425986937118,1264.0,214.4537529125838,45.94303731493702,431.0,73.7453430423134,15.610439537065327,0.0,0.0,0.0,0.0,0.0,0.0
3,0.054,10,360.43469732352463,564.0,71.02542421105001,14.74321814995226,1499.0,256.51195065318433,54.85063626723681,184.0,30.53733201654927,6.387088841135884,17.0,1.7000000000000004,0.1700000000000001,79.0,0.4289822574351855,0.0023294402176479386
4,0.054,11,359.95475360840675,562.0,71.98806170173783,14.740646640711718,1455.0,243.49037456607573,51.56116631336842,251.0,43.19767494790427,9.552005130206016,10.0,0.9999999999999999,0.10000000000000003,73.0,0.396401326490741,0.0021525207074468296
5,0.054,13,360.5329441021745,559.0,71.45779460851688,14.685067296101332,1541.0,259.79711718428115,55.65901285511234,145.0,26.622325516445965,5.960002438503355,16.0,1.6000000000000003,0.1600000000000001,98.0,0.5321552054259263,0.002889685333284784
6,0.0,14,360.76210363952606,585.0,70.66835800071689,14.092956520450647,1499.0,252.79173855862382,53.76336844625979,205.0,36.76583380976895,8.024047524255524,0.0,0.0,0.0,0.0,0.0,0.0
7,0.0,7,360.05930840602645,575.0,72.9945426752822,15.84040268320396,1257.0,213.819554160892,46.22665068511404,428.0,73.33879129092703,16.026728478404422,0.0,0.0,0.0,0.0,0.0,0.0
