id,probability_maraud,successful_mating,next_foraging_time,foraging_events,foraging_hrs,foraging_sqhrs,staying_events,staying_hrs,staying_sqhrs,repairing_events,repairing_hrs,repairing_sqhrs,marauding_events,marauding_hrs,marauding_sqhrs,traveling_events,traveling_hrs,traveling_sqhrs
0,0.0,12,360.15168980067136,563.0,71.1492937835052,15.163276372527871,1492.0,252.42118021459623,54.48912501862431,206.0,36.49632607039595,8.014433342095025,0.0,0.0,0.0,0.0,0.0,0.0
1,0.0,11,360.47416845677884,569.0,69.21746285204637,13.628727254972803,1382.0,236.08692318727523,50.63789478794895,325.0,54.784856164485326,11.599146208738423,0.0,0.0,0.0,0.0,0.0,0.0
2,0.054,11,360.15550344884866,576.0,69.73745099051051,14.86910161853515,1489.0,252.66960121336385,54.38399135228998,230.0,36.477831550829734,7.43097685971519,7.0,0.7,0.07,83.0,0.4507028780648151,0.0024473865577820113
3,0.054,12,360.2750299652752,578.0,72.4521825485091,15.359797567170032,1440.0,242.86727356733314,51.73511117306101,262.0,42.6795064046505,8.783666146543649,16.0,1.6000000000000003,0.1600000000000001,89.0,0.4832838090092596,0.0026243060679831203
4,0.0,7,360.3410736502594,558.0,75.0540874039745,16.63949482771967,1361.0,230.14813800963367,49.76825536533652,324.0,54.83789102696513,11.663261388591923,0.0,0.0,0.0,0.0,0.0,0.0
5,0.054,5,360.30615474533585,557.0,67.18655809597995,13.820522862674947,1417.0,238.09310988424787,50.746960952480734,312.0,53.02579796002413,11.074412064226726,14.0,1.4000000000000001,0.14000000000000007,66.0,0.3583902403888891,0.0019461146122122025
6,0.054,11,360.2742584917064,578.0,68.1725333989337,13.118087255681822,1352.0,229.01690404679368,48.45085249052176,369.0,61.010713332014674,12.807039427494988,16.0,1.6000000000000003,0.1600000000000001,65.0,0.3529600852314817,0.0019166280271786843
7,0.054,3,360.56425027397455,571.0,69.66272574916431,14.316694891046106,1481.0,252.02431048823877,53.75194970839495,221.0,36.929696650691376,7.814039243105504,9.0,0.8999999999999999,0.09000000000000002,89.0,0.4832838090092596,0.0026243060679831203
