id,probability_maraud,successful_mating,next_foraging_time,foraging_events,foraging_hrs,foraging_sqhrs,staying_events,staying_hrs,staying_sqhrs,repairing_events,repairing_hrs,repairing_sqhrs,marauding_events,marauding_hrs,marauding_sqhrs,traveling_events,traveling_hrs,traveling_sqhrs
0,0.054,20,360.19814488715315,576.0,69.67691198179915,13.930343619760684,751.0,124.60702231210794,26.434987008092673,960.0,164.63880402205712,35.00010579375579,9.0,0.8999999999999999,0.09000000000000002,53.0,0.28779822334259275,0.0015627890067764663
1,0.054,52,360.2444452766718,562.0,69.19398152251775,15.047840662696338,1366.0,234.49407176811314,50.439124814435466,328.0,55.29767833346162,11.726696440560719,7.0,0.7,0.07,79.0,0.4289822574351855,0.0023294402176479386
2,0.0,0,360.3952642805978,565.0,70.12040962838965,14.59715548371553,1725.0,290.0252438096748,61.78169126848928,0.0,0.0,0.0,0.0,0.0,0.0,0.0,0.0,0.0
3,0.054,0,360.1841059760992,562.0,66.80416316663874,12.756290070312996,1724.0,291.94984585614327,63.18478892517166,0.0,0.0,0.0,11.0,1.0999999999999999,0.11000000000000004,92.0,0.49957427448148184,0.002712765823083675
4,0.0,0,360.71747693511423,551.0,72.29457631768189,16.06777819840767,1689.0,288.10010875550137,61.99081260235854,0.0,0.0,0.0,0.0,0.0,0.0,0.0,0.0,0.0
5,0.054,0,360.1636316634141,576.0,68.95652552053127,13.814623516415066,1697.0,290.3200827717191,63.70182713671773,0.0,0.0,0.0,2.0,0.2,0.020000000000000004,101.0,0.5484456708981486,0.0029781450883853383
6,0.054,0,360.03320407320695,565.0,71.60797811500699,15.41748137130262,1714.0,287.1465267837441,60.88607544044198,0.0,0.0,0.0,7.0,0.7,0.07,116.0,0.6298979982592597,0.003420443863888111
7,0.0,0,359.76580750320005,569.0,70.16741008210215,14.514143145436183,1716.0,289.8736439795197,61.95348546667419,0.0,0.0,0.0,0.0,0.0,0.0,0.0,0.0,0.0
