id,probability_maraud,successful_mating,next_foraging_time,foraging_events,foraging_hrs,foraging_sqhrs,staying_events,staying_hrs,staying_sqhrs,repairing_events,repairing_hrs,repairing_sqhrs,marauding_events,marauding_hrs,marauding_sqhrs,traveling_events,traveling_hrs,traveling_sqhrs
0,0.054,6,360.25176555380733,572.0,67.59779859614922,13.45468016985891,1363.0,230.00534632193424,49.20901038866868,345.0,60.85697577223797,13.428962388507605,13.0,1.3,0.13000000000000006,66.0,0.3583902403888891,0.0019461146122122025
1,0.0,12,360.51692726954013,573.0,73.79557091946349,15.881979117068072,1358.0,227.07605012370973,48.156632365587136,352.0,59.24805523541611,12.912091788705979,0.0,0.0,0.0,0.0,0.0,0.0
2,0.054,10,359.83989850896586,570.0,71.53394988139773,14.333421008146614,1370.0,237.43590272738828,51.65561228867146,273.0,49.137373133245426,11.214979201111728,15.0,1.5000000000000002,0.15000000000000008,75.0,0.4072616368055558,0.002211493877513866
3,0.054,9,360.02239529509797,566.0,70.50319459594074,14.93559048392407,1480.0,251.13266824007485,54.11505770661634,215.0,36.54349197084466,7.785437120780647,14.0,1.4000000000000001,0.14000000000000007,85.0,0.46156318837962995,0.0025063597278490476
4,0.054,6,360.53658039064675,563.0,72.96736432691212,15.683134471631268,1319.0,224.5643414584297,48.17187527635585,337.0,60.944296421830245,14.026739405786495,12.0,1.2,0.12000000000000005,69.0,0.37468070586111135,0.002034574367312757
5,0.054,6,360.0226038411036,573.0,72.07589472017104,14.580510837321686,1488.0,247.39875557692392,52.480726129433705,239.0,38.65719857755442,7.8205285500705095,15.0,1.5000000000000002,0.15000000000000008,88.0,0.4778536538518522,0.002594819482949602
6,0.0,11,360.01715829869454,570.0,69.9991003322675,14.729060243737841,1375.0,235.6270956659469,51.139989494796104,334.0,54.55014471444894,11.61949951601196,0.0,0.0,0.0,0.0,0.0,0.0
7,0.0,12,360.37896709898683,567.0,70.82679132201939,14.09295760188964,1386.0,234.41074185086967,50.87176453627997,330.0,54.89425294208044,11.504832458434246,0.0,0.0,0.0,0.0,0.0,0.0
