id,probability_maraud,successful_mating,next_foraging_time,foraging_events,foraging_hrs,foraging_sqhrs,staying_events,staying_hrs,staying_sqhrs,repairing_events,repairing_hrs,repairing_sqhrs,marauding_events,marauding_hrs,marauding_sqhrs,traveling_events,traveling_hrs,traveling_sqhrs
0,0.0,17,359.82310827357367,564.0,72.40516935211144,16.181727750695,612.0,106.62935470674144,23.376922971762795,1063.0,181.0607939352041,38.55991050503466,0.0,0.0,0.0,0.0,0.0,0.0
1,0.054,55,360.23304390893566,558.0,75.247606658672,17.382538189908956,1697.0,283.96936747608356,60.35585817920082,0.0,0.0,0.0,5.0,0.5,0.05000000000000001,83.0,0.4507028780648151,0.0024473865577820113
2,0.0,0,360.1778926519425,565.0,68.16175340801632,13.208164968108438,1688.0,291.86225503851995,63.5111710701688,0.0,0.0,0.0,0.0,0.0,0.0,0.0,0.0,0.0
3,0.054,0,360.2907255672827,554.0,69.90309325041937,15.402242137863114,1684.0,288.72902783397416,62.825515983517256,0.0,0.0,0.0,9.0,0.8999999999999999,0.09000000000000002,94.0,0.5104345847962967,0.002771738993150711
4,0.054,0,360.4161088755307,545.0,71.33499917351953,15.586190091675679,1692.0,287.82736329000977,61.90145012531267,0.0,0.0,0.0,4.0,0.4,0.04000000000000001,100.0,0.5430155157407411,0.00294865850335182
5,0.0,0,360.2920298379649,558.0,70.24032038959106,14.889318269915012,1714.0,289.8460310926246,62.2107460905059,0.0,0.0,0.0,0.0,0.0,0.0,0.0,0.0,0.0
6,0.054,0,360.46958751758467,570.0,70.09561572225282,14.775459227858303,1706.0,289.5256326095073,62.262860707792626,0.0,0.0,0.0,1.0,0.1,0.010000000000000002,75.0,0.4072616368055558,0.002211493877513866
7,0.054,0,360.04720695102884,579.0,66.89962974033678,12.689319489905895,1719.0,291.3822594118566,62.525621087877866,0.0,0.0,0.0,11.0,1.0999999999999999,0.11000000000000004,117.0,0.6353281534166672,0.003449930448921629
