id,probability_maraud,successful_mating,next_foraging_time,foraging_events,foraging_hrs,foraging_sqhrs,staying_events,staying_hrs,staying_sqhrs,repairing_events,repairing_hrs,repairing_sqhrs,marauding_events,marauding_hrs,marauding_sqhrs,traveling_events,traveling_hrs,traveling_sqhrs
0,0.0,18,360.4313405708037,557.0,70.02618539858571,14.477128448009587,633.0,108.42300440842207,23.68303750354653,1075.0,181.57175465096861,39.44237155032911,0.0,0.0,0.0,0.0,0.0,0.0
1,0.0,54,360.17375860506803,571.0,72.24353462737628,14.92393699474787,1685.0,287.792064085368,62.51378856320106,0.0,0.0,0.0,0.0,0.0,0.0,0.0,0.0,0.0
2,0.054,0,360.3083001086763,578.0,68.44918359585178,13.205939369976527,1736.0,290.57031403316205,62.26259938068281,0.0,0.0,0.0,6.0,0.6,0.06000000000000001,93.0,0.5050044296388893,0.002742252408117193
3,0.054,0,359.92313641936795,573.0,73.25835608363997,15.233419892924163,1694.0,285.7834097986077,60.404889231615755,0.0,0.0,0.0,6.0,0.6,0.06000000000000001,75.0,0.4072616368055558,0.002211493877513866
4,0.054,0,359.84230485170343,563.0,69.91510707275692,14.867002844757787,1702.0,288.9998158892633,62.140848630920246,0.0,0.0,0.0,6.0,0.6,0.06000000000000001,100.0,0.5430155157407411,0.00294865850335182
5,0.0,0,361.0509558475821,556.0,66.96913566778802,13.233561987394497,1719.0,293.3564961032653,62.92546513910392,0.0,0.0,0.0,0.0,0.0,0.0,0.0,0.0,0.0
6,0.054,0,359.98039934216456,556.0,68.75459896946461,14.957653033116625,1703.0,290.23178802039945,62.90231636986871,0.0,0.0,0.0,7.0,0.7,0.07,90.0,0.488713964166667,0.0026537926530166385
7,0.054,0,360.16343554993006,555.0,67.8278783623586,13.18777621894579,1707.0,291.34359740777353,62.4759698773407,0.0,0.0,0.0,5.0,0.5,0.05000000000000001,87.0,0.4724234986944448,0.002565332897916084
