id,probability_maraud,successful_mating,next_foraging_time,foraging_events,foraging_hrs,foraging_sqhrs,staying_events,staying_hrs,staying_sqhrs,repairing_events,repairing_hrs,repairing_sqhrs,marauding_events,marauding_hrs,marauding_sqhrs,traveling_events,traveling_hrs,traveling_sqhrs
0,0.054,13,360.4217842107684,564.0,66.7375934058219,13.545611846972426,1439.0,249.6179785344895,53.56342159042301,255.0,42.524126188620464,8.84799232805355,8.0,0.7999999999999999,0.08000000000000002,63.0,0.3420997749166669,0.001857654857111648
1,0.0,7,360.2586818402962,567.0,71.7972667167892,14.80760500040048,1456.0,247.90878725405676,53.972823583228916,244.0,40.499707792672226,8.598255802788543,0.0,0.0,0.0,0.0,0.0,0.0
2,0.0,6,359.816553461417,572.0,68.57297103433895,13.765141274085607,1355.0,236.0017724573464,51.54312727911542,344.0,55.43956597841797,11.637408492036789,0.0,0.0,0.0,0.0,0.0,0.0
3,0.054,9,360.4805738009221,564.0,73.76671249482524,15.320152408286086,1389.0,241.8226434700048,52.80148315191459,255.0,42.99878465205442,9.160790364631794,11.0,1.0999999999999999,0.11000000000000004,84.0,0.45613303322222254,0.0024768731428155295
4,0.054,8,360.49211111088414,582.0,71.14813165220109,14.055611480235306,1399.0,238.82548904912747,51.52658762438223,289.0,48.87979985601933,10.480465141647187,10.0,0.9999999999999999,0.10000000000000003,76.0,0.41269179196296324,0.002240980462547384
5,0.054,10,360.559978603189,567.0,71.60411709439134,15.250164523157183,1520.0,256.75022401459245,55.458947104774516,188.0,30.761526763338782,6.312073344024888,7.0,0.7,0.07,75.0,0.4072616368055558,0.002211493877513866
6,0.0,9,360.0367299178701,562.0,69.6336428649573,13.579481340345662,1387.0,235.3274080064881,50.56444047451096,330.0,55.16973777382917,11.527706151315298,0.0,0.0,0.0,0.0,0.0,0.0
7,0.054,10,360.25023110330187,558.0,75.60247378576037,17.425857095885036,1546.0,263.704394525675,56.28689330023721,102.0,18.563342753118505,4.249725846498043,19.0,1.9000000000000006,0.1900000000000001,87.0,0.4724234986944448,0.002565332897916084
