id,probability_maraud,successful_mating,next_foraging_time,foraging_events,foraging_hrs,foraging_sqhrs,staying_events,staying_hrs,staying_sqhrs,repairing_events,repairing_hrs,repairing_sqhrs,marauding_events,marauding_hrs,marauding_sqhrs,traveling_events,traveling_hrs,traveling_sqhrs
0,0.0,19,359.89670612648035,563.0,70.76934729878282,15.07100439641532,472.0,80.7746842711652,17.391816662114095,1236.0,208.52046760706114,45.091760936523514,0.0,0.0,0.0,0.0,0.0,0.0
1,0.0,53,360.17206393147984,564.0,71.09727250796752,14.842240933275313,1697.0,289.12070736084956,63.10321131878916,0.0,0.0,0.0,0.0,0.0,0.0,0.0,0.0,0.0
2,0.054,0,359.91724190678303,555.0,72.817031274331,15.743182506097659,1676.0,285.88657925021005,61.26176735627641,0.0,0.0,0.0,8.0,0.7999999999999999,0.08000000000000002,93.0,0.5050044296388893,0.002742252408117193
3,0.054,0,360.145348954367,574.0,68.68484633237587,13.470106955815558,1727.0,290.04203647339995,61.75065178780357,0.0,0.0,0.0,7.0,0.7,0.07,107.0,0.581026601842593,0.0031550645985864473
4,0.054,0,359.92134762616485,553.0,70.49506013997035,14.914048900705714,1701.0,288.23121907823634,61.33418707364336,0.0,0.0,0.0,7.0,0.7,0.07,106.0,0.5755964466851856,0.003125578013552929
5,0.054,0,360.02109484441746,556.0,70.75285993040792,15.275602444239558,1708.0,288.376663172904,61.29951415386721,0.0,0.0,0.0,5.0,0.5,0.05000000000000001,99.0,0.5375853605833337,0.002919171918318302
6,0.0,0,360.0661295405667,553.0,72.02070256036177,15.485665432018669,1723.0,288.0878221236574,61.99954032535496,0.0,0.0,0.0,0.0,0.0,0.0,0.0,0.0,0.0
7,0.054,0,359.86013213004816,566.0,76.37558412995337,17.020585345251398,1668.0,282.44234364712906,60.21184894967163,0.0,0.0,0.0,7.0,0.7,0.07,110.0,0.5973170673148153,0.003243524353687002
