id,probability_maraud,successful_mating,next_foraging_time,foraging_events,foraging_hrs,foraging_sqhrs,staying_events,staying_hrs,staying_sqhrs,repairing_events,repairing_hrs,repairing_sqhrs,marauding_events,marauding_hrs,marauding_sqhrs,traveling_events,traveling_hrs,traveling_sqhrs
0,0.0,6,360.27147278114535,570.0,73.2447467255906,16.248270367660986,1165.0,195.17489437936354,41.02439142031196,521.0,91.7322193786541,20.225823881551218,0.0,0.0,0.0,0.0,0.0,0.0
1,0.0,5,360.305808518337,558.0,72.01982255559999,15.346407569998009,1313.0,221.43344516627377,47.609561740996504,395.0,66.76078756111478,14.249960822700647,0.0,0.0,0.0,0.0,0.0,0.0
2,0.054,10,360.23619289835506,580.0,70.73833122323103,13.593949273572509,1387.0,232.58043257920346,49.81929767658488,322.0,54.76820917061181,11.66225151048721,15.0,1.5000000000000002,0.15000000000000008,84.0,0.45613303322222254,0.0024768731428155295
3,0.054,12,360.15697742839336,557.0,68.20373513040147,14.291705594921886,1439.0,247.20710090928725,53.52462229379438,274.0,42.90704830296194,8.822201858604295,13.0,1.3,0.13000000000000006,76.0,0.41269179196296324,0.002240980462547384
4,0.0,9,360.4410468112066,561.0,71.07765696525688,14.827293421504589,1368.0,231.77518789271517,49.22696963549243,339.0,57.33767020637299,12.694609903331294,0.0,0.0,0.0,0.0,0.0,0.0
5,0.054,10,360.4848818411896,585.0,68.53087690913266,13.788619603784962,1361.0,228.54374173213083,48.63712706412352,362.0,60.90457261508459,12.875823139183288,17.0,1.7000000000000004,0.1700000000000001,87.0,0.4724234986944448,0.002565332897916084
6,0.054,4,360.6619670534409,568.0,71.48458833071692,14.862524870002167,1441.0,244.52690677508468,52.898065579925266,235.0,42.433542347343455,9.421916336248415,12.0,1.2,0.12000000000000005,80.0,0.4344124125925929,0.002358926802681457
7,0.054,16,360.5142520070836,571.0,69.39820376445783,13.69540289321753,1439.0,245.68461887995906,52.90692292691564,256.0,42.6886726688026,9.016385530694759,20.0,2.0000000000000004,0.20000000000000012,74.0,0.4018314816481484,0.002182007292480348
