id,probability_maraud,successful_mating,next_foraging_time,foraging_events,foraging_hrs,foraging_sqhrs,staying_events,staying_hrs,staying_sqhrs,repairing_events,repairing_hrs,repairing_sqhrs,marauding_events,marauding_hrs,marauding_sqhrs,traveling_events,traveling_hrs,traveling_sqhrs
0,0.054,5,360.687682829703,566.0,68.93148122225504,13.775542521714716,1411.0,239.91760792049973,51.97183839716315,301.0,48.6754082110573,10.1760228282484,21.0,2.1000000000000005,0.21000000000000013,84.0,0.45613303322222254,0.0024768731428155295
1,0.054,14,359.85936462061846,572.0,74.28844997652575,14.807788141387565,1487.0,247.50888383600088,52.43727003916343,215.0,36.33145470330127,7.540078032295826,16.0,1.6000000000000003,0.1600000000000001,77.0,0.41812194712037065,0.0022704670475809023
2,0.054,6,360.59985687969265,576.0,71.58907305554013,14.403011302411963,1302.0,220.32906751538184,46.89396685586458,383.0,66.6524380625354,14.529063211249136,12.0,1.2,0.12000000000000005,62.0,0.33666961975925946,0.0018281682720781298
3,0.054,9,360.01313994130595,571.0,69.31923840905009,13.83284713786002,1395.0,233.97075708160938,49.84458279230717,323.0,55.165811166589,11.814034393802096,13.0,1.3,0.13000000000000006,73.0,0.396401326490741,0.0021525207074468296
4,0.0,10,360.2494278633546,559.0,71.23234952826022,15.211331423342648,1307.0,216.47364205399126,45.30966943971481,433.0,72.4591252975018,15.502617103813206,0.0,0.0,0.0,0.0,0.0,0.0
5,0.0,6,359.9520237653037,567.0,71.94888705884152,15.14014717593484,1248.0,214.54466720517829,46.40285886180665,423.0,73.54024845954424,16.03586186966275,0.0,0.0,0.0,0.0,0.0,0.0
6,0.0,10,360.2111244935333,568.0,74.10948016194493,17.097730314744958,1377.0,230.90748126479733,49.16734291218667,336.0,55.11253981343584,11.289890721756256,0.0,0.0,0.0,0.0,0.0,0.0
7,0.054,12,360.26627337393097,573.0,72.39136904803931,16.12362268951444,1517.0,249.9432978735222,52.91448451944655,220.0,36.398217043114705,7.633635130519995,11.0,1.0999999999999999,0.11000000000000004,76.0,0.41269179196296324,0.002240980462547384
