id,probability_maraud,successful_mating,next_foraging_time,foraging_events,foraging_hrs,foraging_sqhrs,staying_events,staying_hrs,staying_sqhrs,repairing_events,repairing_hrs,repairing_sqhrs,marauding_events,marauding_hrs,marauding_sqhrs,traveling_events,traveling_hrs,traveling_sqhrs
0,0.0,8,360.0382130708038,555.0,67.81616034574337,13.441417394882677,1452.0,243.4906860262862,52.31670271024281,291.0,48.74344249753053,10.328848856270213,0.0,0.0,0.0,0.0,0.0,0.0
1,0.054,12,359.86801746178946,570.0,66.93880020291623,13.228156036297907,1605.0,273.1161599215404,59.03277916073726,113.0,18.298672799488706,3.525506844112135,12.0,1.2,0.12000000000000005,91.0,0.4941441193240744,0.0026832792380501566
2,0.054,9,360.2358944411504,559.0,66.795051563108,13.694115224735425,1503.0,254.29199427711998,54.3109145513088,210.0,36.66239776532549,7.901319263379952,18.0,1.8000000000000005,0.1800000000000001,89.0,0.4832838090092596,0.0026243060679831203
3,0.0,17,360.0305464976676,574.0,68.8036262076054,14.555305516831146,1415.0,236.1717987172241,50.43860866305738,319.0,55.09022722962168,12.00412246131698,0.0,0.0,0.0,0.0,0.0,0.0
4,0.054,6,360.0210524446445,570.0,76.22151259995357,17.181756684220947,1269.0,215.28217860655587,46.31332338809614,400.0,67.30698810043333,14.549825908150739,9.0,0.8999999999999999,0.09000000000000002,61.0,0.33123946460185205,0.0017986816870446116
5,0.0,5,360.30255791366346,566.0,69.87590419928374,13.972308074589293,1259.0,205.78598436899912,43.262243926962825,494.0,84.44719699315958,18.026532140690932,0.0,0.0,0.0,0.0,0.0,0.0
6,0.054,7,360.0921979321896,564.0,72.30641714493169,14.850697877476419,1364.0,231.4967266819065,49.220416140603376,337.0,54.847582897491506,11.460288134616656,10.0,0.9999999999999999,0.10000000000000003,76.0,0.41269179196296324,0.002240980462547384
7,0.054,8,359.68106790723095,561.0,72.69610474779358,14.815898144404846,1535.0,260.64374087978825,55.82684749835985,144.0,24.69170833563653,5.154349620689906,15.0,1.5000000000000002,0.15000000000000008,92.0,0.49957427448148184,0.002712765823083675
