id,probability_maraud,successful_mating,next_foraging_time,foraging_events,foraging_hrs,foraging_sqhrs,staying_events,staying_hrs,staying_sqhrs,repairing_events,repairing_hrs,repairing_sqhrs,marauding_events,marauding_hrs,marauding_sqhrs,traveling_events,traveling_hrs,traveling_sqhrs
0,0.0,23,360.9106307492938,575.0,73.67957580542115,15.248988636800558,684.0,117.9254340701297,25.630218830637283,991.0,168.4790075735383,36.2284735252912,0.0,0.0,0.0,0.0,0.0,0.0
1,0.054,49,360.05563339779263,573.0,73.73355709376719,15.978567008665834,1700.0,285.7715874349585,61.20620613398116,0.0,0.0,0.0,3.0,0.30000000000000004,0.030000000000000006,76.0,0.41269179196296324,0.002240980462547384
2,0.054,0,359.85877290390556,570.0,74.19992308066799,16.145052832737846,1683.0,284.4685202082652,61.606177357712944,0.0,0.0,0.0,8.0,0.7999999999999999,0.08000000000000002,106.0,0.5755964466851856,0.003125578013552929
3,0.054,0,359.96187193696977,562.0,72.8718499069064,15.594431868506707,1681.0,286.24412093620026,62.115307796491486,0.0,0.0,0.0,4.0,0.4,0.04000000000000001,99.0,0.5375853605833337,0.002919171918318302
4,0.0,0,360.36708876381334,567.0,71.77864288136753,15.289565549635523,1666.0,288.27448512834735,63.28744659623373,0.0,0.0,0.0,0.0,0.0,0.0,0.0,0.0,0.0
5,0.054,0,360.5786585562869,580.0,67.76370481169063,13.22253644110465,1747.0,290.86802890113495,62.31465689036717,0.0,0.0,0.0,8.0,0.7999999999999999,0.08000000000000002,110.0,0.5973170673148153,0.003243524353687002
6,0.0,0,360.13894414540414,561.0,68.00074740257425,14.62998089440593,1755.0,292.0180678659931,62.293887944066064,0.0,0.0,0.0,0.0,0.0,0.0,0.0,0.0,0.0
7,0.054,0,359.97028171398983,571.0,70.2860561122868,14.569030531050755,1718.0,288.66420691266745,61.47581469797125,0.0,0.0,0.0,5.0,0.5,0.05000000000000001,106.0,0.5755964466851856,0.003125578013552929
