id,probability_maraud,successful_mating,next_foraging_time,foraging_events,foraging_hrs,foraging_sqhrs,staying_events,staying_hrs,staying_sqhrs,repairing_events,repairing_hrs,repairing_sqhrs,marauding_events,marauding_hrs,marauding_sqhrs,traveling_events,traveling_hrs,traveling_sqhrs
0,0.0,8,360.2566627606971,555.0,70.58677783211255,14.721589019338898,1274.0,216.59005100045383,46.55811318864621,426.0,73.03102703522359,15.749792521750729,0.0,0.0,0.0,0.0,0.0,0.0
1,0.0,4,360.042060149699,568.0,72.56932940406655,16.535903354619222,1335.0,226.31628873125894,48.82291635534724,378.0,61.19035572476057,12.611184171054663,0.0,0.0,0.0,0.0,0.0,0.0
2,0.054,8,360.4180779916617,579.0,70.66511548523745,14.51759687125067,1424.0,239.10208496130213,51.70500390161938,281.0,48.97918211661293,10.697917399605586,10.0,0.9999999999999999,0.10000000000000003,63.0,0.3420997749166669,0.001857654857111648
3,0.054,11,360.3243690313699,564.0,71.23346547006997,14.651081584783737,1408.0,238.76750342855343,51.263565869592206,293.0,48.53979335737275,10.04855019447339,11.0,1.0999999999999999,0.11000000000000004,89.0,0.4832838090092596,0.0026243060679831203
4,0.0,11,360.51147798681416,559.0,73.40749647408393,16.270025726095568,1509.0,256.0391195036742,54.56590611519365,190.0,30.597020856290445,6.120283620796707,0.0,0.0,0.0,0.0,0.0,0.0
5,0.054,9,360.18792425120864,565.0,70.78959499365092,13.643287295960837,1508.0,256.7372580350639,55.52946242250892,191.0,30.599603546513745,6.27332005425672,16.0,1.6000000000000003,0.1600000000000001,81.0,0.4398425677500003,0.002388413387714975
6,0.054,10,360.30665791416243,570.0,66.58310019323503,12.368061409296638,1590.0,267.3129785767087,56.87189731387686,150.0,24.63890326686454,5.148891495731096,13.0,1.3,0.13000000000000006,91.0,0.4941441193240744,0.0026832792380501566
7,0.054,11,360.56231769367935,562.0,65.8768964883724,11.975022636159634,1532.0,262.5872733636667,57.015405240196856,168.0,30.545990418884983,7.075443485218789,7.0,0.7,0.07,90.0,0.488713964166667,0.0026537926530166385
