id,probability_maraud,successful_mating,next_foraging_time,foraging_events,foraging_hrs,foraging_sqhrs,staying_events,staying_hrs,staying_sqhrs,repairing_events,repairing_hrs,repairing_sqhrs,marauding_events,marauding_hrs,marauding_sqhrs,traveling_events,traveling_hrs,traveling_sqhrs
0,0.054,16,359.92761428856613,549.0,70.91427483493243,15.47654594882758,719.0,117.36330274787045,24.34207326517812,1007.0,171.08337935013435,37.05902449292717,5.0,0.5,0.05000000000000001,53.0,0.28779822334259275,0.0015627890067764663
1,0.0,56,360.5971154758274,577.0,65.95168427022337,13.388911086427347,1574.0,263.9263738352497,56.1736161350963,166.0,30.300197058163693,6.837843784971858,0.0,0.0,0.0,0.0,0.0,0.0
2,0.054,0,360.20678671111557,566.0,72.028661930068,14.469680245247343,1661.0,286.8376982510979,62.360747035926394,0.0,0.0,0.0,9.0,0.8999999999999999,0.09000000000000002,81.0,0.4398425677500003,0.002388413387714975
3,0.054,0,360.09738247438753,569.0,71.00644998958731,15.247332135747037,1703.0,288.29380089056286,62.06859956677044,0.0,0.0,0.0,3.0,0.30000000000000004,0.030000000000000006,87.0,0.4724234986944448,0.002565332897916084
4,0.0,0,360.5617565946003,590.0,72.31402899678604,16.013014403659454,1708.0,287.7050022143229,60.70849433320312,0.0,0.0,0.0,0.0,0.0,0.0,0.0,0.0,0.0
5,0.0,0,360.55115278948557,558.0,70.44076214178381,14.317502871980949,1713.0,289.5730495460172,61.89560717407899,0.0,0.0,0.0,0.0,0.0,0.0,0.0,0.0,0.0
6,0.054,0,360.4733965790963,572.0,70.64705363270411,14.993144965608906,1695.0,288.2390609386656,62.297618522829396,0.0,0.0,0.0,9.0,0.8999999999999999,0.09000000000000002,100.0,0.5430155157407411,0.00294865850335182
7,0.054,0,360.10252600981545,563.0,70.91421551561149,14.906003912954562,1694.0,287.9722876251713,61.800431574436224,0.0,0.0,0.0,7.0,0.7,0.07,102.0,0.553875826055556,0.0030076316734188565
