id,probability_maraud,successful_mating,next_foraging_time,foraging_events,foraging_hrs,foraging_sqhrs,staying_events,staying_hrs,staying_sqhrs,repairing_events,repairing_hrs,repairing_sqhrs,marauding_events,marauding_hrs,marauding_sqhrs,traveling_events,traveling_hrs,traveling_sqhrs
0,0.054,28,360.53101652458474,556.0,73.15581014114093,16.13703111532276,742.0,129.49289693134293,28.40584172508786,940.0,156.72551288745925,33.27302075065224,5.0,0.5,0.05000000000000001,36.0,0.19548558566666677,0.0010615170612066575
1,0.054,44,360.54235467503975,571.0,73.42036607607879,15.674233723068955,1461.0,254.99562148273415,56.1180889797085,172.0,30.601130778547184,6.762274310824556,8.0,0.7999999999999999,0.08000000000000002,80.0,0.4344124125925929,0.002358926802681457
2,0.0,0,360.0180735538397,562.0,69.76013729186302,14.345610031708432,1717.0,290.45201401556426,62.017171376973515,0.0,0.0,0.0,0.0,0.0,0.0,0.0,0.0,0.0
3,0.0,0,360.4484051355131,572.0,69.67415201400644,13.6776578178804,1716.0,290.5342188794235,62.06137032277036,0.0,0.0,0.0,0.0,0.0,0.0,0.0,0.0,0.0
4,0.054,0,360.10400551945804,566.0,68.97564989232737,14.421096132010302,1744.0,290.032274490758,61.21818530704679,0.0,0.0,0.0,5.0,0.5,0.05000000000000001,94.0,0.5104345847962967,0.002771738993150711
5,0.054,0,360.1669516465309,568.0,73.05875403498966,16.159443012760246,1730.0,285.9815001759327,60.16218164020473,0.0,0.0,0.0,5.0,0.5,0.05000000000000001,91.0,0.4941441193240744,0.0026832792380501566
6,0.0,0,360.00172378492135,566.0,76.68896169250922,17.98770114227959,1652.0,283.38678121494837,61.76232286193142,0.0,0.0,0.0,0.0,0.0,0.0,0.0,0.0,0.0
7,0.054,0,360.28117217851576,552.0,71.73035195571916,16.25115388719579,1742.0,287.2742283858396,60.645531169164165,0.0,0.0,0.0,8.0,0.7999999999999999,0.08000000000000002,100.0,0.5430155157407411,0.00294865850335182
