id,probability_maraud,successful_mating,next_foraging_time,foraging_events,foraging_hrs,foraging_sqhrs,staying_events,staying_hrs,staying_sqhrs,repairing_events,repairing_hrs,repairing_sqhrs,marauding_events,marauding_hrs,marauding_sqhrs,traveling_events,traveling_hrs,traveling_sqhrs
0,0.054,24,360.72530024390403,574.0,71.73862901536681,15.308160803555332,689.0,117.31657581962007,25.61681516356803,1000.0,170.60729526435668,36.193319028222376,3.0,0.30000000000000004,0.030000000000000006,30.0,0.1629046547222223,0.0008845975510055481
1,0.0,48,360.1082790851717,567.0,68.48350836077019,13.997254424040426,1610.0,273.231515677463,59.01815365580871,113.0,18.32871946210727,3.704878730836335,0.0,0.0,0.0,0.0,0.0,0.0
2,0.054,0,360.17153426082797,573.0,68.85958496638084,13.656831032566233,1673.0,289.7169208821541,62.76722413430255,0.0,0.0,0.0,8.0,0.7999999999999999,0.08000000000000002,118.0,0.6407583085740746,0.003479417033955147
3,0.054,0,360.2108213538056,566.0,71.68333620352591,15.603653632468086,1714.0,287.57093006873015,61.41220872768541,0.0,0.0,0.0,3.0,0.30000000000000004,0.030000000000000006,106.0,0.5755964466851856,0.003125578013552929
4,0.054,0,360.402200858761,572.0,68.28176109665262,13.45501512849549,1726.0,290.27101916591533,61.84159648345288,0.0,0.0,0.0,10.0,0.9999999999999999,0.10000000000000003,97.0,0.5267250502685189,0.0028601987482512656
5,0.0,0,360.2531095158651,563.0,73.35546685281969,15.287662833761246,1695.0,286.65079923470427,60.88108401953561,0.0,0.0,0.0,0.0,0.0,0.0,0.0,0.0,0.0
6,0.054,0,360.3790020996519,561.0,73.1683638093235,16.203104336708222,1682.0,285.5405869026241,60.82724183568554,0.0,0.0,0.0,7.0,0.7,0.07,115.0,0.6244678431018523,0.0033909572788545926
7,0.0,0,360.0327281006724,571.0,69.12336351867657,14.391783011917143,1758.0,291.0195713111201,62.20038917324147,0.0,0.0,0.0,0.0,0.0,0.0,0.0,0.0,0.0
