id,probability_maraud,successful_mating,next_foraging_time,foraging_events,foraging_hrs,foraging_sqhrs,staying_events,staying_hrs,staying_sqhrs,repairing_events,repairing_hrs,repairing_sqhrs,marauding_events,marauding_hrs,marauding_sqhrs,traveling_events,traveling_hrs,traveling_sqhrs
0,0.0,8,360.1742204621062,561.0,70.79427049269982,15.050745927761424,1497.0,254.18807190103365,54.4228434142406,210.0,35.054323234975136,7.640459374529804,0.0,0.0,0.0,0.0,0.0,0.0
1,0.054,9,360.0507192630065,550.0,68.9785067233274,14.685720923992191,1427.0,241.188101096554,52.191345803709204,291.0,48.76595445256821,10.791576422084715,8.0,0.7999999999999999,0.08000000000000002,75.0,0.4072616368055558,0.002211493877513866
2,0.054,9,360.83511458130414,564.0,74.36774754124802,16.60599177140343,1435.0,242.01265277510802,51.72440287606353,244.0,42.63579994959056,9.098727602702564,8.0,0.7999999999999999,0.08000000000000002,74.0,0.4018314816481484,0.002182007292480348
3,0.054,9,360.20754145699357,568.0,69.89215851675722,14.15390490408154,1420.0,245.84891104641855,52.55389980011332,259.0,42.55237768487855,8.966227671303248,14.0,1.4000000000000001,0.14000000000000007,77.0,0.41812194712037065,0.0022704670475809023
4,0.0,6,360.57840944486094,572.0,70.5169301902299,14.812179909795693,1506.0,259.3279000577689,56.619213366179075,181.0,30.2997995031138,6.387921206823139,0.0,0.0,0.0,0.0,0.0,0.0
5,0.054,14,360.47853139217574,563.0,68.24733883456102,13.85518389246248,1476.0,254.52039717254348,54.92107242544384,212.0,35.99032091965015,7.7776934029277855,11.0,1.0999999999999999,0.11000000000000004,64.0,0.3475299300740743,0.0018871414421451661
6,0.054,7,360.020770412249,575.0,71.59243933352195,14.529772278817939,1352.0,229.6657600067117,48.53413996792497,331.0,56.88832534657994,12.37890867080727,14.0,1.4000000000000001,0.14000000000000007,85.0,0.46156318837962995,0.0025063597278490476
7,0.0,10,360.2647691567815,556.0,71.12575374534012,14.747737072446172,1494.0,252.37931754876956,53.7164055668648,212.0,36.54746136843821,7.779921873202225,0.0,0.0,0.0,0.0,0.0,0.0
