id,probability_maraud,successful_mating,next_foraging_time,foraging_events,foraging_hrs,foraging_sqhrs,staying_events,staying_hrs,staying_sqhrs,repairing_events,repairing_hrs,repairing_sqhrs,marauding_events,marauding_hrs,marauding_sqhrs,traveling_events,traveling_hrs,traveling_sqhrs
0,0.054,20,359.97597874639433,554.0,72.3251783772263,15.245133466836124,614.0,103.04828644077918,22.053891459680774,1081.0,183.99978599319084,39.53106497543599,6.0,0.6,0.06000000000000001,38.0,0.2063458959814816,0.0011204902312736938
1,0.0,52,360.3436646527322,573.0,68.3329333472137,13.57185173887116,1530.0,260.0100978650002,56.16305510766655,186.0,31.716380388284872,7.006153249570582,0.0,0.0,0.0,0.0,0.0,0.0
2,0.054,0,360.1587536893089,574.0,68.89325365320724,13.476647592966643,1697.0,289.67570878846624,62.762337299220604,0.0,0.0,0.0,9.0,0.8999999999999999,0.09000000000000002,104.0,0.5647361363703708,0.003066604843485893
3,0.054,0,360.350668090731,570.0,66.95669120419355,12.80817400493058,1725.0,291.999960194249,62.518410995254314,0.0,0.0,0.0,6.0,0.6,0.06000000000000001,96.0,0.5212948951111115,0.0028307121632177475
4,0.0,0,360.2315344530343,554.0,70.33562952912234,15.436776002016254,1642.0,289.8047103952411,64.64344521138946,0.0,0.0,0.0,0.0,0.0,0.0,0.0,0.0,0.0
5,0.054,0,359.91689110581876,565.0,69.23482478686796,13.730791815412834,1704.0,289.4794853953581,61.876544549091854,0.0,0.0,0.0,9.0,0.8999999999999999,0.09000000000000002,96.0,0.5212948951111115,0.0028307121632177475
6,0.0,0,360.1469972342147,565.0,69.6765081300089,14.311248838990052,1745.0,290.5731904826316,61.55919134518623,0.0,0.0,0.0,0.0,0.0,0.0,0.0,0.0,0.0
7,0.054,0,360.5302035672137,564.0,72.77501306102783,16.38780910068513,1677.0,286.1267630674858,61.46874408070642,0.0,0.0,0.0,7.0,0.7,0.07,76.0,0.41269179196296324,0.002240980462547384
