id,probability_maraud,successful_mating,next_foraging_time,foraging_events,foraging_hrs,foraging_sqhrs,staying_events,staying_hrs,staying_sqhrs,repairing_events,repairing_hrs,repairing_sqhrs,marauding_events,marauding_hrs,marauding_sqhrs,traveling_events,traveling_hrs,traveling_sqhrs
0,0.0,18,359.82780248718603,556.0,69.63247015672007,14.680143093946446,566.0,98.40814259539832,21.648987705068155,1125.0,192.15861054821013,41.37116534972161,0.0,0.0,0.0,0.0,0.0,0.0
1,0.0,54,360.34092610763975,578.0,68.83118349421508,13.446063408332403,1740.0,291.220807700451,61.30680039909247,0.0,0.0,0.0,0.0,0.0,0.0,0.0,0.0,0.0
2,0.054,0,360.7106365686812,553.0,68.88790259677022,14.823634786891533,1726.0,290.10910722244375,62.00090130992294,0.0,0.0,0.0,6.0,0.6,0.06000000000000001,103.0,0.5593059812129634,0.0030371182584523746
3,0.0,0,360.6587143007091,561.0,71.76341409001067,15.787078655808951,1734.0,288.4129704286648,61.11567290261325,0.0,0.0,0.0,0.0,0.0,0.0,0.0,0.0,0.0
4,0.054,0,360.29507963386254,550.0,68.60217917906795,14.20593498911124,1727.0,290.1013222104207,62.024669056468134,0.0,0.0,0.0,8.0,0.7999999999999999,0.08000000000000002,97.0,0.5267250502685189,0.0028601987482512656
5,0.054,0,360.04109064348506,577.0,72.1383621631084,16.05389599211262,1709.0,287.08509045706825,60.60563321011474,0.0,0.0,0.0,4.0,0.4,0.04000000000000001,90.0,0.488713964166667,0.0026537926530166385
6,0.054,0,359.8545236387562,568.0,67.58737755773801,13.176050251581826,1709.0,291.2943451744213,63.047240419724304,0.0,0.0,0.0,6.0,0.6,0.06000000000000001,102.0,0.553875826055556,0.0030076316734188565
7,0.054,0,360.07492734391127,555.0,70.01309539654353,14.404243015158317,1707.0,288.5940683681154,61.91153790566504,0.0,0.0,0.0,8.0,0.7999999999999999,0.08000000000000002,111.0,0.6027472224722227,0.00327301093872052
