id,probability_maraud,successful_mating,next_foraging_time,foraging_events,foraging_hrs,foraging_sqhrs,staying_events,staying_hrs,staying_sqhrs,repairing_events,repairing_hrs,repairing_sqhrs,marauding_events,marauding_hrs,marauding_sqhrs,traveling_events,traveling_hrs,traveling_sqhrs
0,0.054,5,360.1687647863662,564.0,70.06802729938516,14.505457723988421,1436.0,241.0970134637309,51.82519435854611,285.0,47.95891104197313,10.296340371364709,5.0,0.5,0.05000000000000001,80.0,0.4344124125925929,0.002358926802681457
1,0.054,9,360.200928297676,575.0,72.3943530213735,15.47302844692652,1481.0,243.497718803239,50.76433640003398,244.0,42.66502738685375,9.295998793297157,10.0,0.9999999999999999,0.10000000000000003,84.0,0.45613303322222254,0.0024768731428155295
2,0.054,11,360.4019467046018,566.0,71.93113214105125,15.212122364830694,1601.0,267.7240679060126,56.74851687304207,107.0,18.341771772425655,3.88213541124758,17.0,1.7000000000000004,0.1700000000000001,88.0,0.4778536538518522,0.002594819482949602
3,0.054,11,360.1826611541204,561.0,70.67290844171832,15.425794527736278,1379.0,238.82669917796565,52.04674428916051,295.0,48.87990724777318,10.227697072647551,13.0,1.3,0.13000000000000006,77.0,0.41812194712037065,0.0022704670475809023
4,0.0,9,360.544385210294,559.0,70.03762691592902,15.079615528543659,1311.0,222.95475739349456,48.24562261845462,401.0,67.04463151863717,14.725325912277313,0.0,0.0,0.0,0.0,0.0,0.0
5,0.0,10,360.47733226667447,572.0,71.09455749352018,14.593121666727997,1365.0,233.90906588921817,50.439687085809744,317.0,55.06280055669272,11.989778214385128,0.0,0.0,0.0,0.0,0.0,0.0
6,0.0,8,360.27797277917864,571.0,69.86292211210544,15.145013636215186,1517.0,250.43702442537764,52.82875823258121,229.0,39.74987391380514,8.55179895962812,0.0,0.0,0.0,0.0,0.0,0.0
7,0.054,9,359.8938808237867,564.0,67.69494174527043,13.151305947479143,1498.0,247.54300674203364,51.913949028522985,246.0,42.724075712620326,9.351701888432508,16.0,1.6000000000000003,0.1600000000000001,89.0,0.4832838090092596,0.0026243060679831203
