id,probability_maraud,successful_mating,next_foraging_time,foraging_events,foraging_hrs,foraging_sqhrs,staying_events,staying_hrs,staying_sqhrs,repairing_events,repairing_hrs,repairing_sqhrs,marauding_events,marauding_hrs,marauding_sqhrs,traveling_events,traveling_hrs,traveling_sqhrs
0,0.0,12,360.2985642525523,555.0,67.4988327618097,13.193598589785095,1581.0,272.87213964733553,59.263230884767644,112.0,19.745768518625475,4.331546698156106,0.0,0.0,0.0,0.0,0.0,0.0
1,0.0,8,359.84893855046545,569.0,73.72578092566965,15.923887718792178,1386.0,231.56917877365692,49.11196779287852,325.0,54.72587280060741,11.906464059618882,0.0,0.0,0.0,0.0,0.0,0.0
2,0.054,9,360.49698146195107,559.0,73.73392715653537,16.875969745048714,1367.0,234.1588347462526,50.3149689049157,292.0,50.43113573865124,10.94949481539871,14.0,1.4000000000000001,0.14000000000000007,69.0,0.37468070586111135,0.002034574367312757
3,0.054,5,360.4521955892401,569.0,70.98459804035295,15.141292088328429,1461.0,238.7557975236404,49.70646572747828,282.0,48.8790967939879,10.468028963022944,10.0,0.9999999999999999,0.10000000000000003,82.0,0.4452727229074077,0.002417899972748493
4,0.054,10,360.73622161966244,571.0,70.34579058736433,14.980195736974098,1544.0,258.208145630853,55.00741294038989,185.0,30.470227034328207,6.446382666147369,9.0,0.8999999999999999,0.09000000000000002,77.0,0.41812194712037065,0.0022704670475809023
5,0.054,8,360.065828240343,564.0,68.59704661373917,14.71289589025334,1418.0,241.22537949470382,51.15433898333002,282.0,48.965179659030326,10.764734691828004,8.0,0.7999999999999999,0.08000000000000002,85.0,0.46156318837962995,0.0025063597278490476
6,0.054,6,360.0871153174363,578.0,69.04299875194312,14.578638211609109,1364.0,228.08335491456154,47.81383821092844,341.0,61.0385929599135,13.706150588061607,15.0,1.5000000000000002,0.15000000000000008,99.0,0.5375853605833337,0.002919171918318302
7,0.0,14,359.9279422830177,562.0,68.18119481823781,13.586076460579017,1644.0,273.1401834777997,58.182785232889024,108.0,18.722335597089877,4.076148266288235,0.0,0.0,0.0,0.0,0.0,0.0
