id,probability_maraud,successful_mating,next_foraging_time,foraging_events,foraging_hrs,foraging_sqhrs,staying_events,staying_hrs,staying_sqhrs,repairing_events,repairing_hrs,repairing_sqhrs,marauding_events,marauding_hrs,marauding_sqhrs,traveling_events,traveling_hrs,traveling_sqhrs
0,0.0,26,359.94154020394654,568.0,72.60477082219447,15.285700406653412,562.0,92.09815994444955,18.842171712310357,1163.0,195.48458299761447,41.02975544695429,0.0,0.0,0.0,0.0,0.0,0.0
1,0.054,46,359.98999540318096,555.0,73.80908006017451,15.981697806893216,1679.0,284.98122589248715,61.030825211081826,0.0,0.0,0.0,8.0,0.7999999999999999,0.08000000000000002,106.0,0.5755964466851856,0.003125578013552929
2,0.054,0,359.86212344225623,561.0,74.71336080364723,17.117757009075465,1674.0,284.136766853749,61.669155548140836,0.0,0.0,0.0,7.0,0.7,0.07,85.0,0.46156318837962995,0.0025063597278490476
3,0.054,0,359.8741688467401,573.0,70.23787908997693,15.00336866194404,1717.0,288.7389994383668,61.69888487072746,0.0,0.0,0.0,5.0,0.5,0.05000000000000001,110.0,0.5973170673148153,0.003243524353687002
4,0.0,0,360.5784912350416,580.0,69.70194935683612,13.447130548897027,1740.0,290.48280584327784,62.190198296059926,0.0,0.0,0.0,0.0,0.0,0.0,0.0,0.0,0.0
5,0.0,0,360.3008627666422,568.0,69.9165321206007,14.20188496366257,1707.0,290.09484158259795,61.71205481429342,0.0,0.0,0.0,0.0,0.0,0.0,0.0,0.0,0.0
6,0.054,0,360.0110293616077,557.0,70.85519098295764,15.671896891730508,1736.0,288.2003437297273,61.37422013220431,0.0,0.0,0.0,5.0,0.5,0.05000000000000001,105.0,0.5701662915277782,0.003096091428519411
7,0.054,0,360.48108763204783,579.0,71.25509450908174,13.727948671001908,1732.0,287.6329862373594,61.073516764508085,0.0,0.0,0.0,7.0,0.7,0.07,97.0,0.5267250502685189,0.0028601987482512656
