id,probability_maraud,successful_mating,next_foraging_time,foraging_events,foraging_hrs,foraging_sqhrs,staying_events,staying_hrs,staying_sqhrs,repairing_events,repairing_hrs,repairing_sqhrs,marauding_events,marauding_hrs,marauding_sqhrs,traveling_events,traveling_hrs,traveling_sqhrs
0,0.054,6,360.0219965168065,560.0,70.60561091814208,15.03045497635765,1500.0,251.2866165641364,53.52182953169691,214.0,36.63662451333704,7.916242312527795,11.0,1.0999999999999999,0.11000000000000004,85.0,0.46156318837962995,0.0025063597278490476
1,0.0,10,360.1225188310821,567.0,67.98139619528195,13.527148484257005,1445.0,243.59104458286458,52.54375088839782,292.0,48.57014998513581,10.310102883354626,0.0,0.0,0.0,0.0,0.0,0.0
2,0.0,10,360.0290308251371,569.0,71.34840235072829,14.472932187861002,1574.0,264.07015720235944,56.56578543030394,149.0,24.774729052426405,5.198244894478684,0.0,0.0,0.0,0.0,0.0,0.0
3,0.054,4,360.2085583871999,547.0,67.75088113335116,14.405421838732966,1387.0,236.0402637227578,51.07638153360635,321.0,54.818161502705394,11.568740038170116,12.0,1.2,0.12000000000000005,62.0,0.33666961975925946,0.0018281682720781298
4,0.054,3,360.02961670134204,568.0,72.08294152737423,15.65574123855409,1287.0,219.2253517751456,47.29519482488022,402.0,67.31032669442625,14.286936446454444,13.0,1.3,0.13000000000000006,80.0,0.4344124125925929,0.002358926802681457
5,0.054,12,359.9970926082547,587.0,72.63196084821374,14.152815470955634,1422.0,232.14074033067348,48.90790673611458,312.0,53.782666009767155,11.7968350364172,12.0,1.2,0.12000000000000005,78.0,0.42355210227777806,0.0022999536326144205
6,0.054,19,360.3695925714509,572.0,75.10466255875848,15.965431371581635,1475.0,246.27937047838623,51.88496730173556,209.0,36.757290096370134,7.793244449711428,16.0,1.6000000000000003,0.1600000000000001,80.0,0.4344124125925929,0.002358926802681457
7,0.0,8,360.43623640105847,570.0,70.09937996291225,13.863074573284525,1333.0,223.32345045409184,47.585472316546465,395.0,66.75354210045779,14.005759579849595,0.0,0.0,0.0,0.0,0.0,0.0
