id,probability_maraud,successful_mating,next_foraging_time,foraging_events,foraging_hrs,foraging_sqhrs,staying_events,staying_hrs,staying_sqhrs,repairing_events,repairing_hrs,repairing_sqhrs,marauding_events,marauding_hrs,marauding_sqhrs,traveling_events,traveling_hrs,traveling_sqhrs
0,0.054,12,360.34895870609637,562.0,70.33142782715021,14.922086531652486,1406.0,233.54906513971318,49.96150964679825,323.0,54.763652580462576,11.833794062794194,10.0,0.9999999999999999,0.10000000000000003,80.0,0.4344124125925929,0.002358926802681457
1,0.0,10,359.92760786973287,572.0,71.4979041006819,15.172453434989258,1528.0,257.98123855488666,55.352510751536784,192.0,30.590412239186453,6.122076294334043,0.0,0.0,0.0,0.0,0.0,0.0
2,0.0,10,360.1556916484489,553.0,73.25950276174905,16.072591090284412,1387.0,237.92863710982516,51.43479182773915,277.0,48.874765342099174,10.81278096143612,0.0,0.0,0.0,0.0,0.0,0.0
3,0.054,10,360.9773358009019,575.0,69.85943807097962,14.506646841186845,1429.0,240.28729387035202,51.89137052350041,286.0,48.97331986046166,10.660223387678567,10.0,0.9999999999999999,0.10000000000000003,67.0,0.3638203955462965,0.0019756011972457206
4,0.0,9,359.8409740933584,578.0,71.69129930582808,14.574517568329618,1413.0,230.87534091225163,47.772562268611786,340.0,57.49357175000258,12.28971627907738,0.0,0.0,0.0,0.0,0.0,0.0
5,0.054,8,360.26052861777407,567.0,68.85414846818267,13.69175079386634,1483.0,251.65168625665075,53.842483979684765,215.0,36.62843675495436,7.6356413752470536,23.0,2.3000000000000007,0.23000000000000015,110.0,0.5973170673148153,0.003243524353687002
6,0.054,7,360.42599959939355,565.0,72.73036696312835,16.182607824114037,1231.0,212.03361680911922,46.35888520758329,431.0,73.94858310672711,15.983832927762139,9.0,0.8999999999999999,0.09000000000000002,76.0,0.41269179196296324,0.002240980462547384
7,0.054,6,359.7632102691504,556.0,69.52108400948529,13.476630101126998,1402.0,239.32295534989768,51.225148744086255,267.0,49.20333819976575,11.073032622331977,14.0,1.4000000000000001,0.14000000000000007,105.0,0.5701662915277782,0.003096091428519411
