id,probability_maraud,successful_mating,next_foraging_time,foraging_events,foraging_hrs,foraging_sqhrs,staying_events,staying_hrs,staying_sqhrs,repairing_events,repairing_hrs,repairing_sqhrs,marauding_events,marauding_hrs,marauding_sqhrs,traveling_events,traveling_hrs,traveling_sqhrs
0,0.054,22,359.8486582052263,579.0,71.70176847401511,14.96166154842707,654.0,110.52614923443852,23.97621802425331,1033.0,176.67470540709215,37.94087858581566,9.0,0.8999999999999999,0.09000000000000002,45.0,0.24435698208333348,0.001326896326508321
1,0.054,50,360.7313071189423,563.0,74.38018059630562,16.845372973678217,1386.0,234.6322797944299,49.93589233353165,305.0,50.20141611949112,10.909589321053385,5.0,0.5,0.05000000000000001,81.0,0.4398425677500003,0.002388413387714975
2,0.054,0,360.0317755790184,553.0,71.58352642370558,15.566998198220364,1703.0,287.4623706732011,61.81210720501842,0.0,0.0,0.0,6.0,0.6,0.06000000000000001,96.0,0.5212948951111115,0.0028307121632177475
3,0.0,0,360.12780388287644,552.0,73.07628228957034,15.381561100000232,1709.0,286.9615091723943,60.89966015090173,0.0,0.0,0.0,0.0,0.0,0.0,0.0,0.0,0.0
4,0.0,0,360.50412810180626,576.0,69.12926375088328,13.56729782263443,1714.0,290.95313629683454,63.01926438752167,0.0,0.0,0.0,0.0,0.0,0.0,0.0,0.0,0.0
5,0.0,0,360.4583506846,580.0,70.0758922052273,14.049748184500663,1720.0,290.02107957481246,62.21991420481463,0.0,0.0,0.0,0.0,0.0,0.0,0.0,0.0,0.0
6,0.054,0,359.9385126382774,559.0,71.07650862874911,15.149828019625817,1693.0,287.52173666752634,62.474503795581086,0.0,0.0,0.0,9.0,0.8999999999999999,0.09000000000000002,97.0,0.5267250502685189,0.0028601987482512656
7,0.054,0,360.6295367582568,565.0,66.2541262740171,13.73822287642377,1728.0,292.3822437963412,62.762383367004624,0.0,0.0,0.0,9.0,0.8999999999999999,0.09000000000000002,101.0,0.5484456708981486,0.0029781450883853383
