id,probability_maraud,successful_mating,next_foraging_time,foraging_events,foraging_hrs,foraging_sqhrs,staying_events,staying_hrs,staying_sqhrs,repairing_events,repairing_hrs,repairing_sqhrs,marauding_events,marauding_hrs,marauding_sqhrs,traveling_events,traveling_hrs,traveling_sqhrs
0,0.054,7,360.20530873862486,591.0,69.95488285781096,13.659733171944685,1506.0,252.52842622152892,54.1342081402367,214.0,36.40038283114374,7.7594265562075035,8.0,0.7999999999999999,0.08000000000000002,75.0,0.4072616368055558,0.002211493877513866
1,0.054,9,360.64325987532214,562.0,71.92890031874235,15.182124326904864,1442.0,243.33537080885836,51.46072573753987,235.0,42.84923333788322,9.454627049819642,17.0,1.7000000000000004,0.1700000000000001,92.0,0.49957427448148184,0.002712765823083675
2,0.0,8,360.2688995253825,568.0,69.24219310084004,13.867018085622302,1482.0,247.47901303359495,51.974073916968024,259.0,43.33089687192887,9.221598963992202,0.0,0.0,0.0,0.0,0.0,0.0
3,0.054,14,360.61094137149047,559.0,70.57255122254654,14.883116410011182,1487.0,244.90794152011125,51.67484328055712,254.0,42.836141090128756,9.3392523339982,12.0,1.2,0.12000000000000005,95.0,0.5158647399537041,0.0028012255781842293
4,0.054,9,359.9892441709877,565.0,74.47196753286012,16.256128492715693,1428.0,241.5521717492267,51.539230176375476,250.0,42.66146359135355,9.132952506894494,11.0,1.0999999999999999,0.11000000000000004,79.0,0.4289822574351855,0.0023294402176479386
5,0.0,10,359.92185949027294,569.0,70.4908552895165,14.007895495668198,1424.0,234.36231003291624,48.76973464643014,329.0,55.17523376221967,11.686549483531325,0.0,0.0,0.0,0.0,0.0,0.0
6,0.0,11,360.05966813398607,562.0,69.69268185337442,14.350755938433602,1490.0,247.75206604940118,52.99060154688438,254.0,42.7608148681173,9.37195536895698,0.0,0.0,0.0,0.0,0.0,0.0
7,0.054,4,360.2636924693764,556.0,71.80278262105486,15.55618306669709,1293.0,219.42066911064435,47.027788194402014,388.0,67.10435293329196,14.809000872022017,13.0,1.3,0.13000000000000006,77.0,0.41812194712037065,0.0022704670475809023
