id,probability_maraud,successful_mating,next_foraging_time,foraging_events,foraging_hrs,foraging_sqhrs,staying_events,staying_hrs,staying_sqhrs,repairing_events,repairing_hrs,repairing_sqhrs,marauding_events,marauding_hrs,marauding_sqhrs,traveling_events,traveling_hrs,traveling_sqhrs
0,0.054,14,360.29820871834374,568.0,71.92910785460597,14.93497194688808,1447.0,243.54056768291548,52.52452834818073,257.0,42.64851505702468,9.083761356651635,15.0,1.5000000000000002,0.15000000000000008,83.0,0.4507028780648151,0.0024473865577820113
1,0.054,6,360.43442770482744,562.0,70.17316151560709,15.326929862048406,1469.0,252.39483550864668,54.84564968012233,222.0,36.435457527770126,7.707941902752924,6.0,0.6,0.06000000000000001,83.0,0.4507028780648151,0.0024473865577820113
2,0.0,13,360.1526111980814,562.0,69.01312694450037,13.515759274783436,1341.0,225.48734619066644,48.26353447407609,376.0,65.55577470327711,14.148105971804851,0.0,0.0,0.0,0.0,0.0,0.0
3,0.054,6,360.30868058226844,582.0,72.71831917187495,15.220717829409699,1497.0,248.44050914239443,52.90674191081082,223.0,36.59002494140943,7.6237620326940325,18.0,1.8000000000000005,0.1800000000000001,86.0,0.46699334353703736,0.002535846312882566
4,0.054,13,360.2793774874067,572.0,71.26124982248949,14.723066007112127,1418.0,240.39572356316734,52.102412093567,271.0,46.96794655220322,10.26368411542969,11.0,1.0999999999999999,0.11000000000000004,77.0,0.41812194712037065,0.0022704670475809023
5,0.0,9,360.16853554763503,573.0,71.05813062853281,14.272106214552492,1486.0,252.1263066538404,53.954805165199566,233.0,36.8189334844689,7.255952705069088,0.0,0.0,0.0,0.0,0.0,0.0
6,0.0,7,360.2118398511132,566.0,67.92538389574476,12.465801799841225,1466.0,243.32511226627372,50.704088768526546,308.0,49.01819424678938,9.905468937625937,0.0,0.0,0.0,0.0,0.0,0.0
7,0.054,4,360.461810799264,550.0,70.31041899309824,14.455057121001133,1487.0,252.0059411373253,54.562996618929624,205.0,36.51134518302551,8.181261250099373,8.0,0.7999999999999999,0.08000000000000002,82.0,0.4452727229074077,0.002417899972748493
