id,probability_maraud,successful_mating,next_foraging_time,foraging_events,foraging_hrs,foraging_sqhrs,staying_events,staying_hrs,staying_sqhrs,repairing_events,repairing_hrs,repairing_sqhrs,marauding_events,marauding_hrs,marauding_sqhrs,traveling_events,traveling_hrs,traveling_sqhrs
0,0.054,6,360.29987992813955,560.0,69.88234274391468,14.107468421736375,1570.0,257.95427093548756,54.21805056137341,180.0,30.458742255589577,6.597897140959359,13.0,1.3,0.13000000000000006,81.0,0.4398425677500003,0.002388413387714975
1,0.054,13,360.46366190449794,562.0,67.81728224017475,13.732828968956266,1437.0,248.25863988437615,54.00979245304919,258.0,42.39519014562868,8.877671958519217,11.0,1.0999999999999999,0.11000000000000004,82.0,0.4452727229074077,0.002417899972748493
2,0.054,7,360.05507487547413,569.0,68.92274415532042,14.252143109858437,1421.0,241.8314981256192,51.847431616665325,281.0,47.19821034993999,10.061927017683363,15.0,1.5000000000000002,0.15000000000000008,104.0,0.5647361363703708,0.003066604843485893
3,0.0,11,360.921969765217,560.0,69.07215283476275,15.443872870881254,1226.0,212.16509350326635,46.29434657231597,462.0,79.1054438299581,16.89605743481061,0.0,0.0,0.0,0.0,0.0,0.0
4,0.0,10,360.07987069808127,567.0,70.22758547349295,14.708910894802433,1448.0,240.45247817583004,50.57232639242118,286.0,49.461122798536685,10.508483356781282,0.0,0.0,0.0,0.0,0.0,0.0
5,0.0,11,360.18247947531535,564.0,72.11017940041891,14.985513625470183,1327.0,227.06973552157964,48.43736616362047,362.0,60.84837880536644,13.014110349411814,0.0,0.0,0.0,0.0,0.0,0.0
6,0.054,8,360.13219439448847,561.0,71.27026978141646,14.844543727206766,1347.0,227.82275678557664,48.7032094348055,338.0,58.67406548379766,12.556534817269096,18.0,1.8000000000000005,0.1800000000000001,84.0,0.45613303322222254,0.0024768731428155295
7,0.054,6,360.2615565090745,558.0,71.80743557319046,15.494792990919564,1420.0,237.95987984841705,50.471579924094875,294.0,48.55441991042849,10.169750744882728,12.0,1.2,0.12000000000000005,90.0,0.488713964166667,0.0026537926530166385
