id,probability_maraud,successful_mating,next_foraging_time,foraging_events,foraging_hrs,foraging_sqhrs,staying_events,staying_hrs,staying_sqhrs,repairing_events,repairing_hrs,repairing_sqhrs,marauding_events,marauding_hrs,marauding_sqhrs,traveling_events,traveling_hrs,traveling_sqhrs
0,0.0,13,360.2660343876733,581.0,68.82075603204099,13.753367924399916,1350.0,230.182575061517,49.19798367286182,356.0,61.03189281632305,13.601232882855399,0.0,0.0,0.0,0.0,0.0,0.0
1,0.054,10,360.30376807214003,559.0,67.31066128593753,13.544428211518982,1571.0,265.53818660399116,56.16761201130037,148.0,24.322180282689693,5.091170971696902,24.0,2.400000000000001,0.24000000000000016,101.0,0.5484456708981486,0.0029781450883853383
2,0.054,13,360.4505307008926,557.0,74.49160370904808,16.207772015123286,1342.0,229.29054767667208,49.075551639141096,339.0,54.929324485860825,11.08245974278148,9.0,0.8999999999999999,0.09000000000000002,72.0,0.3909711713333336,0.0021230341224133115
3,0.054,10,360.10249432798236,573.0,74.54915500575083,16.26635205678002,1202.0,211.54477403966,47.052806059193145,432.0,73.33569426595962,15.977737617774517,3.0,0.30000000000000004,0.030000000000000006,66.0,0.3583902403888891,0.0019461146122122025
4,0.054,5,360.3003987469942,572.0,70.77160215958223,14.88831249864706,1423.0,239.07889053118868,50.80001666578769,268.0,48.58947861191163,10.908237614207192,12.0,1.2,0.12000000000000005,89.0,0.4832838090092596,0.0026243060679831203
5,0.054,3,360.07527710068445,570.0,67.39531503616074,12.91879766006186,1452.0,241.21924527732892,51.529670214389256,284.0,49.00677777293464,10.827295092617943,20.0,2.0000000000000004,0.20000000000000012,84.0,0.45613303322222254,0.0024768731428155295
6,0.0,6,360.25899998938246,568.0,72.02478939051134,14.695575272455983,1470.0,251.22236059136742,53.716679346961826,217.0,36.85672169096574,8.050625253384762,0.0,0.0,0.0,0.0,0.0,0.0
7,0.0,12,360.4643387153344,557.0,72.94347842218154,16.483749933741557,1345.0,225.95182557981724,47.9459373925808,363.0,61.14359105972411,13.128211517112048,0.0,0.0,0.0,0.0,0.0,0.0
