id,probability_maraud,successful_mating,next_foraging_time,foraging_events,foraging_hrs,foraging_sqhrs,staying_events,staying_hrs,staying_sqhrs,repairing_events,repairing_hrs,repairing_sqhrs,marauding_events,marauding_hrs,marauding_sqhrs,traveling_events,traveling_hrs,traveling_sqhrs
0,0.0,22,360.02190019366043,567.0,68.78067951792774,14.713800186529047,693.0,119.82655864367246,26.34239862638716,1000.0,171.42252943456572,37.34765784830728,0.0,0.0,0.0,0.0,0.0,0.0
1,0.054,50,359.78555992463197,569.0,69.56427357348912,14.836538495566673,1703.0,289.76174617112156,62.30501331500144,0.0,0.0,0.0,2.0,0.2,0.020000000000000004,88.0,0.4778536538518522,0.002594819482949602
2,0.054,0,360.29915089056306,566.0,73.79654786362758,16.501632039735068,1651.0,285.3405036911628,61.25607399562848,0.0,0.0,0.0,5.0,0.5,0.05000000000000001,95.0,0.5158647399537041,0.0028012255781842293
3,0.054,0,359.9153717594864,568.0,65.83019717423194,12.462734182950811,1731.0,293.07707319092145,62.68674080672621,0.0,0.0,0.0,6.0,0.6,0.06000000000000001,93.0,0.5050044296388893,0.002742252408117193
4,0.054,0,359.95868167423737,544.0,70.63230340812711,14.961166101701714,1707.0,288.2333521580359,62.033167242757095,0.0,0.0,0.0,6.0,0.6,0.06000000000000001,99.0,0.5375853605833337,0.002919171918318302
5,0.054,0,359.90085021219426,577.0,67.91008989251463,13.02741740062571,1718.0,290.7932402676751,63.10827222065609,0.0,0.0,0.0,9.0,0.8999999999999999,0.09000000000000002,88.0,0.4778536538518522,0.002594819482949602
6,0.0,0,360.4740455664256,570.0,73.49860397109053,15.71085158933637,1704.0,286.6228427434274,61.984118306026694,0.0,0.0,0.0,0.0,0.0,0.0,0.0,0.0,0.0
7,0.0,0,360.09840018892345,567.0,69.54319070215513,13.571429917199143,1670.0,290.58453371084823,63.06001813543443,0.0,0.0,0.0,0.0,0.0,0.0,0.0,0.0,0.0
