id,probability_maraud,successful_mating,next_foraging_time,foraging_events,foraging_hrs,foraging_sqhrs,staying_events,staying_hrs,staying_sqhrs,repairing_events,repairing_hrs,repairing_sqhrs,marauding_events,marauding_hrs,marauding_sqhrs,traveling_events,traveling_hrs,traveling_sqhrs
0,0.0,7,360.37148761759084,571.0,71.13329787269828,14.65290688317874,1153.0,191.54826375912307,40.3520674414032,571.0,97.39243740374852,21.338406865140165,0.0,0.0,0.0,0.0,0.0,0.0
1,0.054,11,360.57426203421477,568.0,75.06669716038701,16.12688629601461,1688.0,282.3532400472204,59.696431973371226,0.0,0.0,0.0,8.0,0.7999999999999999,0.08000000000000002,89.0,1.9313430444791706,0.041911078151214094
