id,probability_maraud,successful_mating,next_foraging_time,foraging_events,foraging_hrs,foraging_sqhrs,staying_events,staying_hrs,staying_sqhrs,repairing_events,repairing_hrs,repairing_sqhrs,marauding_events,marauding_hrs,marauding_sqhrs,traveling_events,traveling_hrs,traveling_sqhrs
0,0.0,4,360.01536427002264,575.0,68.10926880629117,13.576815309834766,669.0,115.19806143550692,24.983466608253828,1055.0,176.92116139048528,37.360290292933605,0.0,0.0,0.0,0.0,0.0,0.0
1,0.054,14,360.4617950945596,576.0,68.90469945239609,13.391123187821105,1738.0,287.782122131652,60.32450380963444,0.0,0.0,0.0,15.0,1.5000000000000002,0.15000000000000008,84.0,1.8228406262500034,0.039556523198898706
