id,probability_maraud,successful_mating,next_foraging_time,foraging_events,foraging_hrs,foraging_sqhrs,staying_events,staying_hrs,staying_sqhrs,repairing_events,repairing_hrs,repairing_sqhrs,marauding_events,marauding_hrs,marauding_sqhrs,traveling_events,traveling_hrs,traveling_sqhrs
0,0.0,3,360.73069227329194,573.0,71.3140402583654,15.060278489378023,939.0,156.1313282309817,33.10083532502519,768.0,132.79465974845894,28.730055980959612,0.0,0.0,0.0,0.0,0.0,0.0
1,0.054,15,360.18102526046874,562.0,69.90572095388097,14.756005217772236,1698.0,287.111347062991,60.888386793307326,0.0,0.0,0.0,11.0,1.0999999999999999,0.11000000000000004,92.0,1.996444495416671,0.04332381112260333
