id,probability_maraud,successful_mating,next_foraging_time,foraging_events,foraging_hrs,foraging_sqhrs,staying_events,staying_hrs,staying_sqhrs,repairing_events,repairing_hrs,repairing_sqhrs,marauding_events,marauding_hrs,marauding_sqhrs,traveling_events,traveling_hrs,traveling_sqhrs
0,0.0,0,360.1065305009511,561.0,67.22393685022236,13.727358410029968,819.0,135.49327352032054,28.75130043678508,964.0,157.35959649649598,32.94117966641535,0.0,0.0,0.0,0.0,0.0,0.0
1,0.054,18,360.39598521124907,569.0,68.01309685739255,13.473892004465268,1718.0,288.4760724701499,61.161624971954474,0.0,0.0,0.0,13.0,1.3,0.13000000000000006,103.0,2.2351498155208365,0.04850383201769718
