id,probability_maraud,successful_mating,next_foraging_time,foraging_events,foraging_hrs,foraging_sqhrs,staying_events,staying_hrs,staying_sqhrs,repairing_events,repairing_hrs,repairing_sqhrs,marauding_events,marauding_hrs,marauding_sqhrs,traveling_events,traveling_hrs,traveling_sqhrs
0,0.0,8,360.31410259393,565.0,69.5782879298298,14.847533260804678,1112.0,187.85780279578944,40.38269683213615,612.0,102.61936198003525,22.04233335628386,0.0,0.0,0.0,0.0,0.0,0.0
1,0.054,10,360.2771190356385,581.0,71.48599529487947,14.406347230479307,1702.0,285.57825452816525,60.92975058455076,0.0,0.0,0.0,9.0,0.8999999999999999,0.09000000000000002,97.0,2.104946913645837,0.045678366074918715
