id,probability_maraud,successful_mating,next_foraging_time,foraging_events,foraging_hrs,foraging_sqhrs,staying_events,staying_hrs,staying_sqhrs,repairing_events,repairing_hrs,repairing_sqhrs,marauding_events,marauding_hrs,marauding_sqhrs,traveling_events,traveling_hrs,traveling_sqhrs
0,0.0,6,360.01300719145473,564.0,71.87609399645739,15.548956409226278,927.0,155.1629272099275,33.00450059470192,784.0,133.21975859068343,29.120411915996815,0.0,0.0,0.0,0.0,0.0,0.0
1,0.054,11,360.2980833735487,560.0,71.21327968755119,14.967574177202575,1674.0,285.66423605914696,61.45368908084888,0.0,0.0,0.0,11.0,1.0999999999999999,0.11000000000000004,97.0,2.104946913645837,0.045678366074918715
