id,probability_maraud,successful_mating,next_foraging_time,foraging_events,foraging_hrs,foraging_sqhrs,staying_events,staying_hrs,staying_sqhrs,repairing_events,repairing_hrs,repairing_sqhrs,marauding_events,marauding_hrs,marauding_sqhrs,traveling_events,traveling_hrs,traveling_sqhrs
0,0.0,2,359.90793220008993,563.0,72.60198972727135,14.81977415022763,933.0,154.42167966211804,32.72774267757859,788.0,133.0449559797931,28.1748875646278,0.0,0.0,0.0,0.0,0.0,0.0
1,0.054,15,360.4062358744951,561.0,69.31725933672377,13.824575732500705,1693.0,287.78954578867695,62.261384932727935,0.0,0.0,0.0,11.0,1.0999999999999999,0.11000000000000004,92.0,1.996444495416671,0.04332381112260333
