id,probability_maraud,successful_mating,next_foraging_time,foraging_events,foraging_hrs,foraging_sqhrs,staying_events,staying_hrs,staying_sqhrs,repairing_events,repairing_hrs,repairing_sqhrs,marauding_events,marauding_hrs,marauding_sqhrs,traveling_events,traveling_hrs,traveling_sqhrs
0,0.0,8,360.117154752561,576.0,70.3723361445111,13.578695823791266,931.0,156.56192189423234,33.74944226381872,807.0,133.12155765807742,28.393387246034425,0.0,0.0,0.0,0.0,0.0,0.0
1,0.054,10,360.31177736454686,563.0,69.16057038422278,13.071734331997986,1717.0,287.61788955223636,61.1699712289302,0.0,0.0,0.0,11.0,1.0999999999999999,0.11000000000000004,99.0,2.1483478809375036,0.04662018805584487
