id,probability_maraud,successful_mating,next_foraging_time,foraging_events,foraging_hrs,foraging_sqhrs,staying_events,staying_hrs,staying_sqhrs,repairing_events,repairing_hrs,repairing_sqhrs,marauding_events,marauding_hrs,marauding_sqhrs,traveling_events,traveling_hrs,traveling_sqhrs
0,0.0,8,360.3951389020661,567.0,70.80242286291416,15.50784219289938,1051.0,179.86734514784177,38.67863216044359,652.0,109.37582356961585,23.10982872010799,0.0,0.0,0.0,0.0,0.0,0.0
1,0.054,10,360.0004363722974,565.0,69.3268647652164,13.869924727419013,1727.0,288.13128353943466,61.383733078095005,0.0,0.0,0.0,9.0,0.8999999999999999,0.09000000000000002,80.0,1.7360386916666697,0.037672879237046396
