id,probability_maraud,successful_mating,next_foraging_time,foraging_events,foraging_hrs,foraging_sqhrs,staying_events,staying_hrs,staying_sqhrs,repairing_events,repairing_hrs,repairing_sqhrs,marauding_events,marauding_hrs,marauding_sqhrs,traveling_events,traveling_hrs,traveling_sqhrs
0,0.0,5,360.4988654447444,562.0,74.98246773266479,15.944695962098242,1109.0,187.81344966916004,40.198368505518374,570.0,97.32078309755143,21.0263848674982,0.0,0.0,0.0,0.0,0.0,0.0
1,0.054,13,360.05330462236947,556.0,68.91666740284778,14.223587478003719,1721.0,288.0061377089281,61.793703211621356,0.0,0.0,0.0,9.0,0.8999999999999999,0.09000000000000002,104.0,2.2568502991666697,0.04897474300816026
