id,probability_maraud,successful_mating,next_foraging_time,foraging_events,foraging_hrs,foraging_sqhrs,staying_events,staying_hrs,staying_sqhrs,repairing_events,repairing_hrs,repairing_sqhrs,marauding_events,marauding_hrs,marauding_sqhrs,traveling_events,traveling_hrs,traveling_sqhrs
0,0.0,6,360.3271078405645,566.0,70.85714265469512,15.08458970053643,943.0,156.16402828425564,32.51843312972676,798.0,133.00899892232633,28.350977784700046,0.0,0.0,0.0,0.0,0.0,0.0
1,0.054,12,360.1189580004116,550.0,69.99494038335027,15.07480316098734,1681.0,286.93398272496205,62.104533805716066,0.0,0.0,0.0,11.0,1.0999999999999999,0.11000000000000004,94.0,2.0398454627083376,0.04426563310352948
