id,probability_maraud,successful_mating,next_foraging_time,foraging_events,foraging_hrs,foraging_sqhrs,staying_events,staying_hrs,staying_sqhrs,repairing_events,repairing_hrs,repairing_sqhrs,marauding_events,marauding_hrs,marauding_sqhrs,traveling_events,traveling_hrs,traveling_sqhrs
0,0.0,5,359.9440749860864,577.0,69.85706938206688,13.870519617991532,1070.0,184.88967861560042,39.964148747684355,633.0,105.40866151208645,22.099598794341464,0.0,0.0,0.0,0.0,0.0,0.0
1,0.054,13,359.9851060465577,561.0,70.77360985937875,14.761144660461166,1694.0,285.8837142873141,60.7014375059641,0.0,0.0,0.0,9.0,0.8999999999999999,0.09000000000000002,114.0,2.473855135625002,0.053683852912791034
