id,probability_maraud,successful_mating,next_foraging_time,foraging_events,foraging_hrs,foraging_sqhrs,staying_events,staying_hrs,staying_sqhrs,repairing_events,repairing_hrs,repairing_sqhrs,marauding_events,marauding_hrs,marauding_sqhrs,traveling_events,traveling_hrs,traveling_sqhrs
0,0.0,7,359.9469597284846,556.0,70.77140249028231,14.434560042708354,1058.0,177.29072885414868,38.078416841759484,677.0,112.02115908896145,23.35869906193004,0.0,0.0,0.0,0.0,0.0,0.0
1,0.054,11,360.0376574222958,581.0,68.75617394778175,12.897115787862495,1738.0,288.43361327142884,61.14647398790762,0.0,0.0,0.0,10.0,0.9999999999999999,0.10000000000000003,95.0,2.0615459463541708,0.04473654409399256
