id,probability_maraud,successful_mating,next_foraging_time,foraging_events,foraging_hrs,foraging_sqhrs,staying_events,staying_hrs,staying_sqhrs,repairing_events,repairing_hrs,repairing_sqhrs,marauding_events,marauding_hrs,marauding_sqhrs,traveling_events,traveling_hrs,traveling_sqhrs
0,0.0,6,359.9047861882639,563.0,70.87086561889666,14.609538032740833,934.0,155.97486268266175,33.44975076094959,808.0,133.2422345592688,27.75277940458662,0.0,0.0,0.0,0.0,0.0,0.0
1,0.054,12,360.4607409421233,545.0,69.35785597778604,14.913015868772195,1661.0,287.20135362207725,62.33046726309245,0.0,0.0,0.0,11.0,1.0999999999999999,0.11000000000000004,112.0,2.4304541683333354,0.05274203093186488
