id,probability_maraud,successful_mating,next_foraging_time,foraging_events,foraging_hrs,foraging_sqhrs,staying_events,staying_hrs,staying_sqhrs,repairing_events,repairing_hrs,repairing_sqhrs,marauding_events,marauding_hrs,marauding_sqhrs,traveling_events,traveling_hrs,traveling_sqhrs
0,0.0,4,360.51597003066325,563.0,72.16518374185657,15.73651925985722,1048.0,179.00029539581098,38.30005667732598,658.0,108.91707636360897,22.962989778527472,0.0,0.0,0.0,0.0,0.0,0.0
1,0.054,14,359.99126466873753,571.0,71.51927030830043,14.643511589273333,1697.0,285.2975592459245,61.15122683289289,0.0,0.0,0.0,9.0,0.8999999999999999,0.09000000000000002,106.0,2.300251266458336,0.049916564989086414
