id,probability_maraud,successful_mating,next_foraging_time,foraging_events,foraging_hrs,foraging_sqhrs,staying_events,staying_hrs,staying_sqhrs,repairing_events,repairing_hrs,repairing_sqhrs,marauding_events,marauding_hrs,marauding_sqhrs,traveling_events,traveling_hrs,traveling_sqhrs
0,0.0,8,360.0777964541857,547.0,68.88406962445809,13.667893857158818,1213.0,206.26761628353077,45.1079122275401,491.0,84.85958519031215,18.41196479443184,0.0,0.0,0.0,0.0,0.0,0.0
1,0.054,10,360.01080161833204,569.0,71.25258040435158,14.562377087926464,1736.0,286.62489234492443,59.62493492610391,0.0,0.0,0.0,7.0,0.7,0.07,76.0,1.649236757083336,0.035789235275194085
