id,probability_maraud,successful_mating,next_foraging_time,foraging_events,foraging_hrs,foraging_sqhrs,staying_events,staying_hrs,staying_sqhrs,repairing_events,repairing_hrs,repairing_sqhrs,marauding_events,marauding_hrs,marauding_sqhrs,traveling_events,traveling_hrs,traveling_sqhrs
0,0.0,3,360.11599922141824,559.0,71.73837912504727,14.788161362544527,699.0,118.7238599455058,25.169184090360154,1006.0,169.5518156702306,35.87509184960703,0.0,0.0,0.0,0.0,0.0,0.0
1,0.054,15,360.31321338438056,576.0,69.25843591858332,13.585655813102163,1663.0,287.1689810499303,62.013969458260725,0.0,0.0,0.0,14.0,1.4000000000000001,0.14000000000000007,111.0,2.408753684687502,0.0522711199414018
