id,probability_maraud,successful_mating,next_foraging_time,foraging_events,foraging_hrs,foraging_sqhrs,staying_events,staying_hrs,staying_sqhrs,repairing_events,repairing_hrs,repairing_sqhrs,marauding_events,marauding_hrs,marauding_sqhrs,traveling_events,traveling_hrs,traveling_sqhrs
0,0.0,8,360.77168968445096,568.0,66.23445789297442,12.712368079400932,1108.0,182.56578000897713,38.077484609760454,670.0,111.37955179564291,23.5671535380109,0.0,0.0,0.0,0.0,0.0,0.0
1,0.054,10,360.2025882012889,574.0,73.78746596298613,16.14196287423965,1642.0,283.37420185578895,61.339906005833726,0.0,0.0,0.0,10.0,0.9999999999999999,0.10000000000000003,90.0,1.953043528125004,0.04238198914167717
