id,probability_maraud,successful_mating,next_foraging_time,foraging_events,foraging_hrs,foraging_sqhrs,staying_events,staying_hrs,staying_sqhrs,repairing_events,repairing_hrs,repairing_sqhrs,marauding_events,marauding_hrs,marauding_sqhrs,traveling_events,traveling_hrs,traveling_sqhrs
0,0.0,8,360.10553143236234,556.0,69.35847981921853,14.022035323903465,917.0,155.54758997382083,33.708370011100875,792.0,135.29532675639587,29.30007826090881,0.0,0.0,0.0,0.0,0.0,0.0
1,0.054,9,360.05787382955947,575.0,72.79117600211686,14.958569299637933,1671.0,284.0668290663867,60.51400336872737,0.0,0.0,0.0,12.0,1.2,0.12000000000000005,98.0,2.1266473972916704,0.04614927706538179
