id,probability_maraud,successful_mating,next_foraging_time,foraging_events,foraging_hrs,foraging_sqhrs,staying_events,staying_hrs,staying_sqhrs,repairing_events,repairing_hrs,repairing_sqhrs,marauding_events,marauding_hrs,marauding_sqhrs,traveling_events,traveling_hrs,traveling_sqhrs
0,0.0,6,360.3209309675133,565.0,69.66658793544511,14.11281737589683,1059.0,176.00653582105983,37.33389819208076,677.0,114.41195533957452,24.528544365661602,0.0,0.0,0.0,0.0,0.0,0.0
1,0.054,12,360.1281588659001,566.0,76.62107795558912,17.256334374256497,1687.0,280.1941062895339,58.8629000261138,0.0,0.0,0.0,10.0,0.9999999999999999,0.10000000000000003,104.0,2.2568502991666697,0.04897474300816026
