id,probability_maraud,successful_mating,next_foraging_time,foraging_events,foraging_hrs,foraging_sqhrs,staying_events,staying_hrs,staying_sqhrs,repairing_events,repairing_hrs,repairing_sqhrs,marauding_events,marauding_hrs,marauding_sqhrs,traveling_events,traveling_hrs,traveling_sqhrs
0,0.0,4,360.0911666168337,563.0,73.07728081564915,15.693582410549025,979.0,168.53774428323254,36.47658083883572,667.0,118.60429701042112,26.42841967128804,0.0,0.0,0.0,0.0,0.0,0.0
1,0.054,14,360.01650977508785,561.0,73.09294891745839,15.645709887850048,1671.0,283.6570926361628,61.10630886398879,0.0,0.0,0.0,10.0,0.9999999999999999,0.10000000000000003,104.0,2.2568502991666697,0.04897474300816026
