id,probability_maraud,successful_mating,next_foraging_time,foraging_events,foraging_hrs,foraging_sqhrs,staying_events,staying_hrs,staying_sqhrs,repairing_events,repairing_hrs,repairing_sqhrs,marauding_events,marauding_hrs,marauding_sqhrs,traveling_events,traveling_hrs,traveling_sqhrs
0,0.0,15,359.9772871722142,577.0,72.28921617147535,14.721495063295267,624.0,104.98047916321364,22.429414317416644,1088.0,182.89150274754,38.85504533299903,0.0,0.0,0.0,0.0,0.0,0.0
1,0.054,39,360.24211151583387,560.0,71.52261757319286,14.900007969572844,1675.0,287.62248649341154,61.871174972479125,0.0,0.0,0.0,5.0,0.5,0.05000000000000001,99.0,0.5375853605833337,0.002919171918318302
2,0.054,0,360.3677028221035,582.0,70.81629055170806,13.938410802764404,1714.0,287.6338153699788,61.131484977413145,0.0,0.0,0.0,10.0,0.9999999999999999,0.10000000000000003,111.0,0.6027472224722227,0.00327301093872052
3,0.0,0,359.9642303235298,567.0,70.05913284708275,14.453586770926194,1705.0,289.94922962566574,62.12759797455222,0.0,0.0,0.0,0.0,0.0,0.0,0.0,0.0,0.0
4,0.054,0,359.94471750250403,572.0,69.47391029150066,14.331578869302792,1694.0,289.28488538780624,62.739052687364186,0.0,0.0,0.0,8.0,0.7999999999999999,0.08000000000000002,99.0,0.5375853605833337,0.002919171918318302
5,0.054,0,360.4416721329449,574.0,67.6314322436769,13.602429363331495,1758.0,291.3077081138542,60.7507481108907,0.0,0.0,0.0,7.0,0.7,0.07,104.0,0.5647361363703708,0.003066604843485893
