id,probability_maraud,successful_mating,next_foraging_time,foraging_events,foraging_hrs,foraging_sqhrs,staying_events,staying_hrs,staying_sqhrs,repairing_events,repairing_hrs,repairing_sqhrs,marauding_events,marauding_hrs,marauding_sqhrs,traveling_events,traveling_hrs,traveling_sqhrs
0,0.054,27,360.4453107192137,573.0,70.26023790327034,14.25263718003008,781.0,129.9625646232816,27.44758938497591,947.0,158.9515771133333,33.710324471881165,6.0,0.6,0.06000000000000001,45.0,0.24435698208333348,0.001326896326508321
1,0.0,27,360.2505935422898,548.0,72.02414753612186,15.710868633345271,1478.0,251.3738117786914,53.43353143257396,221.0,36.8915313223313,7.707750344817354,0.0,0.0,0.0,0.0,0.0,0.0
2,0.0,0,360.5524165438333,572.0,70.60299612780501,13.938234995098059,1668.0,289.60894946426777,63.842678882656564,0.0,0.0,0.0,0.0,0.0,0.0,0.0,0.0,0.0
3,0.054,0,360.541699342829,566.0,72.15652846298589,15.676705849928917,1689.0,286.64899445449515,62.153418273635175,0.0,0.0,0.0,8.0,0.7999999999999999,0.08000000000000002,82.0,0.4452727229074077,0.002417899972748493
4,0.054,0,360.0379945469704,578.0,70.92471357774525,14.637018695422002,1697.0,287.82136231714037,61.58755635091671,0.0,0.0,0.0,8.0,0.7999999999999999,0.08000000000000002,97.0,0.5267250502685189,0.0028601987482512656
5,0.054,0,360.0310485004002,564.0,72.65507793840356,15.414945456915156,1725.0,285.87797701111657,60.1635003867549,0.0,0.0,0.0,10.0,0.9999999999999999,0.10000000000000003,89.0,0.4832838090092596,0.0026243060679831203
