id,probability_maraud,successful_mating,next_foraging_time,foraging_events,foraging_hrs,foraging_sqhrs,staying_events,staying_hrs,staying_sqhrs,repairing_events,repairing_hrs,repairing_sqhrs,marauding_events,marauding_hrs,marauding_sqhrs,traveling_events,traveling_hrs,traveling_sqhrs
0,0.054,19,360.0739061441925,571.0,69.21416805576465,13.399246372474165,663.0,111.93640144086288,24.1098393330821,1044.0,177.97936522352026,38.055071206111286,8.0,0.7999999999999999,0.08000000000000002,33.0,0.17919512019444453,0.000973057306106103
1,0.054,35,360.29516386812264,573.0,68.26411020248527,13.25580914490848,1510.0,247.90555087139256,52.66796438549273,260.0,42.87224574480106,9.005179621967615,5.0,0.5,0.05000000000000001,97.0,0.5267250502685189,0.0028601987482512656
2,0.0,0,359.91505673729034,566.0,70.26342960529252,14.374026157158315,1705.0,289.86967636376033,61.8359467320558,0.0,0.0,0.0,0.0,0.0,0.0,0.0,0.0,0.0
3,0.0,0,360.50267853440107,557.0,68.30816419485053,13.189167766560658,1712.0,291.81083352848606,62.93931267617973,0.0,0.0,0.0,0.0,0.0,0.0,0.0,0.0,0.0
4,0.054,0,360.5796086825661,562.0,69.42139817529734,14.334234159913287,1738.0,288.60038248690074,61.18492161241446,0.0,0.0,0.0,14.0,1.4000000000000001,0.14000000000000007,113.0,0.6136075327870375,0.0033319841087875563
5,0.054,0,360.2872200433309,558.0,71.65808949606146,15.79671211673454,1681.0,286.9546445442737,62.09503481067613,0.0,0.0,0.0,10.0,0.9999999999999999,0.10000000000000003,87.0,0.4724234986944448,0.002565332897916084
