id,probability_maraud,successful_mating,next_foraging_time,foraging_events,foraging_hrs,foraging_sqhrs,staying_events,staying_hrs,staying_sqhrs,repairing_events,repairing_hrs,repairing_sqhrs,marauding_events,marauding_hrs,marauding_sqhrs,traveling_events,traveling_hrs,traveling_sqhrs
0,0.054,20,360.1579727664616,557.0,68.99242075269356,13.938279035393755,633.0,110.37790362705557,24.49129850969307,1054.0,179.66874615148993,38.8443808889295,8.0,0.7999999999999999,0.08000000000000002,43.0,0.23349667176851865,0.0012679231564412846
1,0.054,34,360.1994379177568,569.0,71.57413326672216,15.729286030170151,1414.0,238.89045115206184,51.32022175909528,279.0,48.620291959672386,10.444662179775992,6.0,0.6,0.06000000000000001,81.0,0.4398425677500003,0.002388413387714975
2,0.0,0,359.78849408939953,561.0,72.80239740596787,15.960339441705543,1684.0,287.26745492689844,62.671727262823666,0.0,0.0,0.0,0.0,0.0,0.0,0.0,0.0,0.0
3,0.0,0,360.11288612048884,566.0,69.8650565189501,13.975435660110534,1733.0,290.1788234021873,61.78557148959983,0.0,0.0,0.0,0.0,0.0,0.0,0.0,0.0,0.0
4,0.054,0,360.22495762966577,564.0,71.4144290332772,14.448269517009395,1708.0,286.6074375267441,60.08708473204276,0.0,0.0,0.0,15.0,1.5000000000000002,0.15000000000000008,110.0,0.5973170673148153,0.003243524353687002
5,0.054,0,360.74138690785463,567.0,68.7433960353526,13.822496532210586,1701.0,290.0477671390003,62.2222026575579,0.0,0.0,0.0,9.0,0.8999999999999999,0.09000000000000002,110.0,0.5973170673148153,0.003243524353687002
