id,probability_maraud,successful_mating,next_foraging_time,foraging_events,foraging_hrs,foraging_sqhrs,staying_events,staying_hrs,staying_sqhrs,repairing_events,repairing_hrs,repairing_sqhrs,marauding_events,marauding_hrs,marauding_sqhrs,traveling_events,traveling_hrs,traveling_sqhrs
0,0.054,12,360.4555382873618,555.0,72.03461372306622,15.18392444825937,1421.0,242.95251571056374,52.80947345842661,257.0,42.70731801917243,8.946554915183487,18.0,1.8000000000000005,0.1800000000000001,95.0,0.5158647399537041,0.0028012255781842293
1,0.054,7,360.03655710235233,568.0,70.28068359031444,14.725523314388195,1442.0,244.89842451480772,52.352158749686055,259.0,43.48834623071238,9.280013328101619,10.0,0.9999999999999999,0.10000000000000003,76.0,0.41269179196296324,0.002240980462547384
2,0.0,5,360.61137092226727,565.0,69.44855079071733,13.506092478464726,1376.0,228.17376089357833,48.148185434748086,395.0,62.57762326860339,12.94676092343631,0.0,0.0,0.0,0.0,0.0,0.0
3,0.0,10,360.09566314270506,542.0,76.35169945433593,17.535599387015402,1330.0,228.69857744681167,49.08293599535314,325.0,54.96217341408577,11.620431263326493,0.0,0.0,0.0,0.0,0.0,0.0
4,0.054,9,360.1208786315267,564.0,71.09591087868172,14.609625827472476,1279.0,219.9706808247696,47.797409466727856,403.0,66.87410906458523,14.34519496980085,17.0,1.7000000000000004,0.1700000000000001,75.0,0.4072616368055558,0.002211493877513866
5,0.054,11,360.11435385039994,562.0,68.56042146552186,13.880762770043594,1294.0,222.95312415274378,49.108022042023975,384.0,67.16367090625512,14.910408106791806,12.0,1.2,0.12000000000000005,65.0,0.3529600852314817,0.0019166280271786843
