id,probability_maraud,successful_mating,next_foraging_time,foraging_events,foraging_hrs,foraging_sqhrs,staying_events,staying_hrs,staying_sqhrs,repairing_events,repairing_hrs,repairing_sqhrs,marauding_events,marauding_hrs,marauding_sqhrs,traveling_events,traveling_hrs,traveling_sqhrs
0,0.0,5,360.61670375171684,560.0,73.92133598761782,16.983839999433837,1423.0,237.58139574020123,50.424910555132925,284.0,48.75607604783085,10.19876611500881,0.0,0.0,0.0,0.0,0.0,0.0
1,0.054,11,360.017527576377,563.0,70.68447405511421,14.745917888307053,1403.0,244.7831572206812,54.555785044627676,246.0,42.99358283797708,9.519833263927366,12.0,1.2,0.12000000000000005,71.0,0.3855410161759262,0.0020935475373797933
2,0.054,7,360.28824698758206,567.0,67.10226313453455,12.957896370218835,1492.0,249.13576502029287,53.23501368546849,246.0,42.42778854708282,9.259316464776939,9.0,0.8999999999999999,0.09000000000000002,92.0,0.49957427448148184,0.002712765823083675
3,0.054,10,360.12499982355536,562.0,72.12329094038674,15.839637964523822,1392.0,231.59647566873912,49.37582301135235,324.0,55.23087512786855,11.904535199019897,8.0,0.7999999999999999,0.08000000000000002,75.0,0.4072616368055558,0.002211493877513866
4,0.054,13,359.955766007416,572.0,71.31992442139409,15.726958752272768,1471.0,244.00026987204723,52.47649133203658,248.0,42.786204405499674,9.141434462390079,15.0,1.5000000000000002,0.15000000000000008,80.0,0.4344124125925929,0.002358926802681457
5,0.0,8,359.86876184913376,556.0,73.60918290439838,15.800886253640517,1515.0,255.64371555982007,54.86259281417063,171.0,30.822364090432472,6.868752662150484,0.0,0.0,0.0,0.0,0.0,0.0
