id,probability_maraud,successful_mating,next_foraging_time,foraging_events,foraging_hrs,foraging_sqhrs,staying_events,staying_hrs,staying_sqhrs,repairing_events,repairing_hrs,repairing_sqhrs,marauding_events,marauding_hrs,marauding_sqhrs,traveling_events,traveling_hrs,traveling_sqhrs
0,0.054,8,360.5196753825551,564.0,71.04330415543443,15.328515790753874,1284.0,220.99013533823913,48.33394211023406,393.0,66.94211682158867,14.66116033442454,7.0,0.7,0.07,71.0,0.3855410161759262,0.0020935475373797933
1,0.054,7,360.26200609061635,567.0,72.31347131447569,15.772653133537167,1309.0,224.33092648705647,48.47725165975687,357.0,61.24913993595653,13.363864638259509,17.0,1.7000000000000004,0.1700000000000001,80.0,0.4344124125925929,0.002358926802681457
2,0.0,8,359.9660702279455,568.0,69.69545175070532,13.751206216751635,1379.0,229.3262565471428,49.57462880815941,355.0,61.122123071066,13.20521340170517,0.0,0.0,0.0,0.0,0.0,0.0
3,0.054,6,360.6171810981136,572.0,67.93608893016228,13.736258800784288,1476.0,247.8895198315943,52.275224131018945,259.0,42.67180359764908,8.982426940576905,11.0,1.0999999999999999,0.11000000000000004,86.0,0.46699334353703736,0.002535846312882566
4,0.0,12,359.95999168585735,580.0,72.42202111147638,15.118457106657601,1338.0,226.5109144691646,48.399245916426544,356.0,61.12337868236683,13.18136568892485,0.0,0.0,0.0,0.0,0.0,0.0
5,0.054,13,360.4087990504775,560.0,73.79355921384045,16.427116660788784,1554.0,259.8185781924962,55.03241039542687,141.0,24.383371837644553,5.230664334974049,17.0,1.7000000000000004,0.1700000000000001,101.0,0.5484456708981486,0.0029781450883853383
