id,probability_maraud,successful_mating,next_foraging_time,foraging_events,foraging_hrs,foraging_sqhrs,staying_events,staying_hrs,staying_sqhrs,repairing_events,repairing_hrs,repairing_sqhrs,marauding_events,marauding_hrs,marauding_sqhrs,traveling_events,traveling_hrs,traveling_sqhrs
0,0.0,5,360.24031691802566,556.0,71.97751958567068,14.98877581454239,1142.0,195.79837436584052,42.09260696933746,552.0,92.32898421536268,19.43248312150901,0.0,0.0,0.0,0.0,0.0,0.0
1,0.054,8,360.0763919640187,558.0,69.91866093508774,14.642380003589698,1309.0,220.9425798225817,47.520866419397294,396.0,67.23281728293586,14.357619236925792,15.0,1.5000000000000002,0.15000000000000008,77.0,0.41812194712037065,0.0022704670475809023
2,0.054,12,360.0440977676447,566.0,73.59261503494328,15.94144696939617,1301.0,217.85551936448655,46.4118867950306,399.0,67.03390809100853,14.050877133810245,11.0,1.0999999999999999,0.11000000000000004,80.0,0.4344124125925929,0.002358926802681457
3,0.054,8,360.7069127017068,565.0,71.7898529861364,15.370065244467543,1462.0,249.47757167784968,54.462227222538196,217.0,36.53519760708999,7.723537392900213,18.0,1.8000000000000005,0.1800000000000001,105.0,0.5701662915277782,0.003096091428519411
4,0.0,10,360.25624574717864,577.0,71.1242439376174,14.92840969009193,1475.0,246.4117990587978,52.79334976388415,263.0,42.68961770014195,8.703030053361303,0.0,0.0,0.0,0.0,0.0,0.0
5,0.054,11,360.4118942556321,559.0,68.82558721064355,13.669787045680087,1349.0,228.25100231187042,49.02664162752734,355.0,60.872947820804974,12.939738299302128,17.0,1.7000000000000004,0.1700000000000001,84.0,0.45613303322222254,0.0024768731428155295
