id,probability_maraud,successful_mating,next_foraging_time,foraging_events,foraging_hrs,foraging_sqhrs,staying_events,staying_hrs,staying_sqhrs,repairing_events,repairing_hrs,repairing_sqhrs,marauding_events,marauding_hrs,marauding_sqhrs,traveling_events,traveling_hrs,traveling_sqhrs
0,0.054,10,360.0777798847825,562.0,73.79042941114483,16.788981713859574,1203.0,205.3098827036311,43.752659208676896,491.0,79.53907481892614,16.61415396746482,11.0,1.0999999999999999,0.11000000000000004,64.0,0.3475299300740743,0.0018871414421451661
1,0.0,8,360.11117550533,570.0,70.00399811250719,13.997655324914223,1294.0,217.17350259380854,46.307785871975106,428.0,73.03290573162099,15.514649399165346,0.0,0.0,0.0,0.0,0.0,0.0
2,0.054,6,360.02463574461234,568.0,70.15812139930385,14.9703771030748,1506.0,257.2590142901222,55.703921244098595,188.0,30.6721221750086,6.443870680385255,14.0,1.4000000000000001,0.14000000000000007,100.0,0.5430155157407411,0.00294865850335182
3,0.054,10,360.06333790162245,560.0,69.43356548794767,14.47742529516244,1452.0,239.33361097329686,50.31503425622155,292.0,49.0045672090481,10.458306467305501,20.0,2.0000000000000004,0.20000000000000012,95.0,0.5158647399537041,0.0028012255781842293
4,0.054,10,360.2619910811994,568.0,69.96380699394655,15.047123864802735,1395.0,233.4039214478491,49.752675331767556,338.0,54.845500293022525,11.362856883820573,17.0,1.7000000000000004,0.1700000000000001,91.0,0.4941441193240744,0.0026832792380501566
5,0.0,10,360.719377392756,558.0,71.06870389794358,15.712991880991543,1164.0,198.2596819933326,42.50792911548561,531.0,90.80056546364128,19.975476309573466,0.0,0.0,0.0,0.0,0.0,0.0
