id,probability_maraud,successful_mating,next_foraging_time,foraging_events,foraging_hrs,foraging_sqhrs,staying_events,staying_hrs,staying_sqhrs,repairing_events,repairing_hrs,repairing_sqhrs,marauding_events,marauding_hrs,marauding_sqhrs,traveling_events,traveling_hrs,traveling_sqhrs
0,0.054,12,360.709484415388,562.0,71.040771680313,14.35215723297858,1223.0,208.56593344929766,44.80038703742034,472.0,79.42870138517019,16.96137924848203,8.0,0.7999999999999999,0.08000000000000002,67.0,0.3638203955462965,0.0019756011972457206
1,0.054,9,359.70127322570767,555.0,71.15192133010221,14.946977140258996,1388.0,231.54025968629335,49.326057399164675,319.0,55.13082385293176,11.934204412212909,17.0,1.7000000000000004,0.1700000000000001,88.0,0.4778536538518522,0.002594819482949602
2,0.054,7,360.3021851928921,571.0,72.1371109269536,15.305642695432876,1375.0,225.24599694471905,46.96845790191357,352.0,60.69449066461961,13.516721601405726,15.0,1.5000000000000002,0.15000000000000008,84.0,0.45613303322222254,0.0024768731428155295
3,0.054,8,360.08766534448176,572.0,71.63107053188934,15.60534453685196,1459.0,242.6481984723387,50.476595714902274,263.0,43.25941782984287,8.950762217824414,20.0,2.0000000000000004,0.20000000000000012,97.0,0.5267250502685189,0.0028601987482512656
4,0.0,7,360.1337762128628,564.0,69.28692372599716,14.094177589861618,1435.0,244.70771758922444,52.82585103780206,286.0,46.05937579905381,9.546088450977072,0.0,0.0,0.0,0.0,0.0,0.0
5,0.0,11,360.51439330926195,555.0,70.85429881035563,14.867346327564611,1274.0,215.88543419693283,46.36009846434402,434.0,73.33869249692222,15.440720518520052,0.0,0.0,0.0,0.0,0.0,0.0
