id,probability_maraud,successful_mating,next_foraging_time,foraging_events,foraging_hrs,foraging_sqhrs,staying_events,staying_hrs,staying_sqhrs,repairing_events,repairing_hrs,repairing_sqhrs,marauding_events,marauding_hrs,marauding_sqhrs,traveling_events,traveling_hrs,traveling_sqhrs
0,0.054,8,360.5111451880647,564.0,71.04553564760664,14.539868240295322,1365.0,232.2966740507435,50.219512236747704,326.0,55.3097087923619,11.741820886690856,10.0,0.9999999999999999,0.10000000000000003,87.0,0.4724234986944448,0.002565332897916084
1,0.054,14,360.3922476824288,570.0,69.06176029911896,13.758425231905875,1508.0,258.20358774587754,56.6017077409678,169.0,30.369724001513447,6.941490292022823,19.0,1.9000000000000006,0.1900000000000001,100.0,0.5430155157407411,0.00294865850335182
2,0.054,10,360.0957645715192,566.0,66.3430601578831,12.89377470364464,1416.0,237.42916824800182,50.97385873505612,324.0,55.04718087141905,11.456205011076857,10.0,0.9999999999999999,0.10000000000000003,68.0,0.36925055070370394,0.002005087782279239
3,0.0,8,360.14369342784767,578.0,69.41362320418241,13.657090447803421,1222.0,205.40978035390083,43.16285497308658,496.0,85.4371908794046,18.47401810994046,0.0,0.0,0.0,0.0,0.0,0.0
4,0.054,10,360.55114562233916,572.0,70.39289291001354,15.270909008033478,1537.0,259.2735039562479,54.866684159501666,175.0,28.528606395611284,5.582647569195909,14.0,1.4000000000000001,0.14000000000000007,92.0,0.49957427448148184,0.002712765823083675
5,0.0,4,360.3228482689248,574.0,69.45924949763784,14.10685846934421,1306.0,222.98737854556148,47.88997174999893,403.0,67.58618169422738,14.520180516941553,0.0,0.0,0.0,0.0,0.0,0.0
