id,probability_maraud,successful_mating,next_foraging_time,foraging_events,foraging_hrs,foraging_sqhrs,staying_events,staying_hrs,staying_sqhrs,repairing_events,repairing_hrs,repairing_sqhrs,marauding_events,marauding_hrs,marauding_sqhrs,traveling_events,traveling_hrs,traveling_sqhrs
0,0.054,8,359.8937607655624,561.0,71.8354510736466,15.088776680149687,1433.0,243.33825814109423,51.98694370187875,252.0,42.6417836854489,8.969084170206344,18.0,1.8000000000000005,0.1800000000000001,95.0,0.5158647399537041,0.0028012255781842293
1,0.0,10,360.6617115431885,573.0,70.69808273309734,14.69310349659581,1289.0,216.08320423486742,45.26182031605094,445.0,73.42001038296944,15.54624750807936,0.0,0.0,0.0,0.0,0.0,0.0
2,0.054,12,360.24976672266183,560.0,68.73205768871614,13.880601400443743,1356.0,228.36678645280514,49.53240637155454,361.0,61.401179960804605,13.52586986233902,12.0,1.2,0.12000000000000005,74.0,0.4018314816481484,0.002182007292480348
3,0.054,5,359.9532226601533,563.0,69.08622922589133,14.644042670877901,1320.0,222.03608574214132,47.24316293681991,404.0,67.29740661097168,14.005587786619992,12.0,1.2,0.12000000000000005,90.0,0.488713964166667,0.0026537926530166385
4,0.054,13,360.38842294364997,565.0,72.54140478093319,15.2369976668405,1413.0,242.78819360070221,52.97894929079397,265.0,42.72103723589443,8.945400398020828,16.0,1.6000000000000003,0.1600000000000001,79.0,0.4289822574351855,0.0023294402176479386
5,0.0,6,359.8923698133446,559.0,69.00934434298352,13.625538032813548,1288.0,223.78590567340467,48.90420477105499,387.0,67.26780353486215,14.77963661221872,0.0,0.0,0.0,0.0,0.0,0.0
