id,probability_maraud,successful_mating,next_foraging_time,foraging_events,foraging_hrs,foraging_sqhrs,staying_events,staying_hrs,staying_sqhrs,repairing_events,repairing_hrs,repairing_sqhrs,marauding_events,marauding_hrs,marauding_sqhrs,traveling_events,traveling_hrs,traveling_sqhrs
0,0.054,19,360.09008317275,568.0,68.66957050867376,13.772268489628374,928.0,155.05975377090698,32.88796218551163,815.0,135.1393788677289,28.30885873498239,10.0,0.9999999999999999,0.10000000000000003,48.0,0.2606474475555557,0.0014153560816088755
1,0.054,35,360.18942036400017,560.0,68.89894171777883,14.435232425430085,1401.0,234.08868364858589,49.243389239065884,358.0,56.72862920055174,11.715791002128334,3.0,0.30000000000000004,0.030000000000000006,62.0,0.33666961975925946,0.0018281682720781298
2,0.0,0,360.0534940255024,566.0,69.43294760245358,13.566217180755263,1713.0,290.77892099326215,62.60426257152965,0.0,0.0,0.0,0.0,0.0,0.0,0.0,0.0,0.0
3,0.0,0,360.8754658170631,568.0,70.50943987759877,13.374966002913226,1705.0,289.7402287463498,62.842569007118804,0.0,0.0,0.0,0.0,0.0,0.0,0.0,0.0,0.0
4,0.054,0,360.12505774043973,566.0,70.90129804758611,14.163170691760147,1689.0,287.5369413695058,61.230574705625926,0.0,0.0,0.0,10.0,0.9999999999999999,0.10000000000000003,107.0,0.581026601842593,0.0031550645985864473
5,0.054,0,359.8907189568433,568.0,66.18416809523345,12.563060368504768,1729.0,292.41532718992664,62.33664615381909,0.0,0.0,0.0,9.0,0.8999999999999999,0.09000000000000002,95.0,0.5158647399537041,0.0028012255781842293
