id,probability_maraud,successful_mating,next_foraging_time,foraging_events,foraging_hrs,foraging_sqhrs,staying_events,staying_hrs,staying_sqhrs,repairing_events,repairing_hrs,repairing_sqhrs,marauding_events,marauding_hrs,marauding_sqhrs,traveling_events,traveling_hrs,traveling_sqhrs
0,0.054,19,359.9170074284179,558.0,70.50745487484754,15.104567247151994,1604.0,269.4416158005796,56.966638751785155,107.0,18.168094972359388,3.922381563367893,15.0,1.5000000000000002,0.15000000000000008,91.0,0.4941441193240744,0.0026832792380501566
1,0.054,7,360.1578026021934,558.0,73.19777097687255,16.057466253604147,1514.0,260.18675200222526,56.764358758398934,136.0,24.564587143284502,5.354076324609267,16.0,1.6000000000000003,0.1600000000000001,92.0,0.49957427448148184,0.002712765823083675
2,0.054,8,360.82819040586014,554.0,67.65778564615721,13.455150239274028,1367.0,236.49515349419494,51.458290309960304,320.0,55.073331855368814,11.729121926793525,5.0,0.5,0.05000000000000001,72.0,0.3909711713333336,0.0021230341224133115
3,0.0,10,360.0395643528446,565.0,68.21405673676145,13.494394091490207,1317.0,224.35334277454712,47.634115758978524,388.0,67.44932856998686,14.935333704211867,0.0,0.0,0.0,0.0,0.0,0.0
4,0.0,5,360.1883080395698,576.0,68.73123188139175,13.711668667215148,1375.0,234.91409406886436,51.329908954416915,318.0,56.4850969081937,12.482294878594125,0.0,0.0,0.0,0.0,0.0,0.0
5,0.054,5,360.17296259772826,555.0,74.96346315001456,16.705772272938106,1496.0,250.42999776520386,53.316903147177804,192.0,33.52028644389086,7.168813152898304,7.0,0.7,0.07,79.0,0.4289822574351855,0.0023294402176479386
