id,probability_maraud,successful_mating,next_foraging_time,foraging_events,foraging_hrs,foraging_sqhrs,staying_events,staying_hrs,staying_sqhrs,repairing_events,repairing_hrs,repairing_sqhrs,marauding_events,marauding_hrs,marauding_sqhrs,traveling_events,traveling_hrs,traveling_sqhrs
0,0.054,23,360.0922035632575,566.0,69.31984241679305,14.495096907976043,843.0,142.79414120786421,30.446481487142503,852.0,146.69656333668684,31.75977682999264,10.0,0.9999999999999999,0.10000000000000003,63.0,0.3420997749166669,0.001857654857111648
1,0.054,31,360.2378739539558,554.0,71.38128209571448,15.369443139500211,1312.0,226.18309763173127,49.17494514540018,359.0,61.606938643984684,13.328930285381759,4.0,0.4,0.04000000000000001,84.0,0.45613303322222254,0.0024768731428155295
2,0.0,0,360.4982451222771,571.0,70.93502519658044,14.656954542803678,1715.0,289.1896861768584,62.40185868341709,0.0,0.0,0.0,0.0,0.0,0.0,0.0,0.0,0.0
3,0.054,0,360.1270601422169,575.0,70.4883813626786,14.31933439626538,1711.0,288.345157030061,61.73003209474283,0.0,0.0,0.0,7.0,0.7,0.07,100.0,0.5430155157407411,0.00294865850335182
4,0.0,0,359.88257540002945,564.0,70.49204025766873,14.0490204686648,1699.0,289.6948744913858,62.70923267289865,0.0,0.0,0.0,0.0,0.0,0.0,0.0,0.0,0.0
5,0.054,0,360.09296479788674,570.0,70.31757886978036,14.118494953066271,1680.0,287.9362318039596,62.345461133818006,0.0,0.0,0.0,13.0,1.3,0.13000000000000006,107.0,0.581026601842593,0.0031550645985864473
