id,probability_maraud,successful_mating,next_foraging_time,foraging_events,foraging_hrs,foraging_sqhrs,staying_events,staying_hrs,staying_sqhrs,repairing_events,repairing_hrs,repairing_sqhrs,marauding_events,marauding_hrs,marauding_sqhrs,traveling_events,traveling_hrs,traveling_sqhrs
0,0.054,25,360.38115256230634,554.0,70.20798468608692,15.162914643932112,993.0,168.5868137619776,36.429336838818635,708.0,120.17718299480217,25.74118936726186,8.0,0.7999999999999999,0.08000000000000002,56.0,0.304088688814815,0.0016512487618770208
1,0.054,29,360.33689000812126,570.0,71.5089658585417,15.519260810397425,1434.0,238.54340073261366,49.91458750272116,276.0,48.70495791015228,10.63420548110978,8.0,0.7999999999999999,0.08000000000000002,98.0,0.5321552054259263,0.002889685333284784
2,0.054,0,360.17541379479,557.0,66.9827270616759,12.92648656586546,1655.0,292.1090329939993,64.71174875739486,0.0,0.0,0.0,5.0,0.5,0.05000000000000001,85.0,0.46156318837962995,0.0025063597278490476
3,0.054,0,359.97226122335326,563.0,71.92561655791441,14.94397840410448,1724.0,286.87327239012006,61.19464499913566,0.0,0.0,0.0,7.0,0.7,0.07,97.0,0.5267250502685189,0.0028601987482512656
4,0.0,0,360.1946213965273,564.0,71.85849450509927,15.663305008290246,1727.0,288.40939411900393,60.98079447893522,0.0,0.0,0.0,0.0,0.0,0.0,0.0,0.0,0.0
5,0.0,0,360.26987607487945,561.0,72.66300362718977,15.640194425481955,1692.0,287.38911523188864,61.788872741770895,0.0,0.0,0.0,0.0,0.0,0.0,0.0,0.0,0.0
