id,probability_maraud,successful_mating,next_foraging_time,foraging_events,foraging_hrs,foraging_sqhrs,staying_events,staying_hrs,staying_sqhrs,repairing_events,repairing_hrs,repairing_sqhrs,marauding_events,marauding_hrs,marauding_sqhrs,traveling_events,traveling_hrs,traveling_sqhrs
0,0.054,13,360.26923732824565,558.0,71.10758053652137,14.85777260622302,765.0,131.0399766471151,28.19944605367213,908.0,157.26113609301953,34.13845620463213,4.0,0.4,0.04000000000000001,38.0,0.2063458959814816,0.0011204902312736938
1,0.0,40,360.185226180622,577.0,68.12422084156663,13.79689900251155,1564.0,267.4130300228868,57.68233458644835,148.0,24.515765305858825,5.22312295540848,0.0,0.0,0.0,0.0,0.0,0.0
2,0.054,0,359.92563146963795,572.0,67.53851448408813,13.054514042131705,1733.0,291.6172073553555,62.819916479181025,0.0,0.0,0.0,5.0,0.5,0.05000000000000001,83.0,0.4507028780648151,0.0024473865577820113
3,0.054,0,360.32523073009014,572.0,71.46488901582462,15.62215828560794,1730.0,287.21856235701966,60.94673732661725,0.0,0.0,0.0,9.0,0.8999999999999999,0.09000000000000002,111.0,0.6027472224722227,0.00327301093872052
4,0.054,0,360.22847341771103,573.0,71.07840498572213,15.319200199881339,1730.0,287.12099455702946,60.71353897510096,0.0,0.0,0.0,12.0,1.2,0.12000000000000005,113.0,0.6136075327870375,0.0033319841087875563
5,0.0,0,360.44544204353394,561.0,66.68406830465715,13.032627183928893,1717.0,293.48926273553155,63.55043682369613,0.0,0.0,0.0,0.0,0.0,0.0,0.0,0.0,0.0
