id,probability_maraud,successful_mating,next_foraging_time,foraging_events,foraging_hrs,foraging_sqhrs,staying_events,staying_hrs,staying_sqhrs,repairing_events,repairing_hrs,repairing_sqhrs,marauding_events,marauding_hrs,marauding_sqhrs,traveling_events,traveling_hrs,traveling_sqhrs
0,0.054,36,360.3390373826635,543.0,71.81121178574018,15.937659735203425,929.0,158.88896658710743,33.91512031812019,748.0,128.07080940453477,27.56353215876964,9.0,0.8999999999999999,0.09000000000000002,62.0,0.33666961975925946,0.0018281682720781298
1,0.054,18,360.32350832997804,578.0,71.61271265213962,15.203835637097393,1396.0,237.5688882308602,50.35806394892214,311.0,49.926507554023416,10.25145811424066,6.0,0.6,0.06000000000000001,87.0,0.4724234986944448,0.002565332897916084
2,0.054,0,360.28215080622147,567.0,67.84750735624543,13.471693971166644,1718.0,290.66977843141,61.739921825874454,0.0,0.0,0.0,11.0,1.0999999999999999,0.11000000000000004,84.0,0.45613303322222254,0.0024768731428155295
3,0.0,0,360.21304475244835,562.0,69.61525609954177,15.251411498125288,1687.0,290.41312764217156,63.19307503960606,0.0,0.0,0.0,0.0,0.0,0.0,0.0,0.0,0.0
4,0.054,0,359.94411610926846,566.0,70.61447005141765,14.722455429287747,1705.0,288.5210096405029,61.781316486218984,0.0,0.0,0.0,4.0,0.4,0.04000000000000001,89.0,0.4832838090092596,0.0026243060679831203
5,0.0,0,360.3352916221138,572.0,68.634084420425,13.646876832099363,1729.0,291.3885990604308,61.64730338161983,0.0,0.0,0.0,0.0,0.0,0.0,0.0,0.0,0.0
