id,probability_maraud,successful_mating,next_foraging_time,foraging_events,foraging_hrs,foraging_sqhrs,staying_events,staying_hrs,staying_sqhrs,repairing_events,repairing_hrs,repairing_sqhrs,marauding_events,marauding_hrs,marauding_sqhrs,traveling_events,traveling_hrs,traveling_sqhrs
0,0.054,20,360.0374969492592,556.0,71.4854331539977,14.635656492122866,801.0,129.70712700100785,27.125885936814633,940.0,158.46493177723224,34.36222745211303,4.0,0.4,0.04000000000000001,50.0,0.2715077578703705,0.0014743292516759118
1,0.0,34,360.1534806290666,559.0,70.97343293544648,15.207100242396919,1558.0,264.8093904227254,57.23455187386286,147.0,24.309823314568764,4.943929000758437,0.0,0.0,0.0,0.0,0.0,0.0
2,0.054,0,360.14474664479167,567.0,72.33919995383206,15.315121729271853,1684.0,286.57503444911146,61.81231553000287,0.0,0.0,0.0,8.0,0.7999999999999999,0.08000000000000002,86.0,0.46699334353703736,0.002535846312882566
3,0.054,0,360.11376719608165,558.0,68.36847913329643,14.006231653481196,1725.0,290.4606468883085,62.34479307673785,0.0,0.0,0.0,7.0,0.7,0.07,90.0,0.488713964166667,0.0026537926530166385
4,0.054,0,359.8738614472903,563.0,70.85399015093968,15.205081230353937,1713.0,287.52831183219024,60.994663751731736,0.0,0.0,0.0,11.0,1.0999999999999999,0.11000000000000004,103.0,0.5593059812129634,0.0030371182584523746
5,0.0,0,360.10046364218033,578.0,68.48128007602553,13.155451691729713,1738.0,291.66579352367444,62.57760806812412,0.0,0.0,0.0,0.0,0.0,0.0,0.0,0.0,0.0
