id,probability_maraud,successful_mating,next_foraging_time,foraging_events,foraging_hrs,foraging_sqhrs,staying_events,staying_hrs,staying_sqhrs,repairing_events,repairing_hrs,repairing_sqhrs,marauding_events,marauding_hrs,marauding_sqhrs,traveling_events,traveling_hrs,traveling_sqhrs
0,0.054,34,360.0429868828753,572.0,71.77404273670808,15.560050045371009,884.0,152.54526271078132,33.063263149428195,805.0,134.7045137413049,28.4592289389837,7.0,0.7,0.07,59.0,0.3203791542870372,0.0017397085169775753
1,0.054,20,359.7641089257735,565.0,73.97390540253966,16.39807985655667,1454.0,242.24872757877785,51.485494631931054,258.0,43.02005618636214,9.148467324693211,4.0,0.4,0.04000000000000001,69.0,0.37468070586111135,0.002034574367312757
2,0.054,0,360.38440375523334,566.0,69.85455564890248,14.171235462270486,1692.0,289.1173518138231,62.47504014308794,0.0,0.0,0.0,9.0,0.8999999999999999,0.09000000000000002,88.0,0.4778536538518522,0.002594819482949602
3,0.0,0,360.1241015571239,555.0,70.03430043333368,15.329126452730852,1736.0,289.9908247446962,62.032524345646806,0.0,0.0,0.0,0.0,0.0,0.0,0.0,0.0,0.0
4,0.054,0,359.8131306282719,563.0,68.21623554638765,13.815800123963562,1655.0,290.4276246395096,63.83205865208594,0.0,0.0,0.0,9.0,0.8999999999999999,0.09000000000000002,87.0,0.4724234986944448,0.002565332897916084
5,0.0,0,360.72207273842906,567.0,70.41468123113006,15.312030360072068,1718.0,289.8166728261872,61.70023947025695,0.0,0.0,0.0,0.0,0.0,0.0,0.0,0.0,0.0
