id,probability_maraud,successful_mating,next_foraging_time,foraging_events,foraging_hrs,foraging_sqhrs,staying_events,staying_hrs,staying_sqhrs,repairing_events,repairing_hrs,repairing_sqhrs,marauding_events,marauding_hrs,marauding_sqhrs,traveling_events,traveling_hrs,traveling_sqhrs
0,0.054,11,360.08953186970956,580.0,66.0239687918017,12.388218336410663,1488.0,249.18920641303148,52.953599342858574,245.0,42.745354787306596,9.205143685157847,17.0,1.7000000000000004,0.1700000000000001,77.0,0.41812194712037065,0.0022704670475809023
1,0.054,11,360.0885647423308,567.0,73.76520044783544,16.258782504341568,1368.0,229.91543460956447,48.64678336504397,346.0,54.90302742509749,11.072699977235473,10.0,0.9999999999999999,0.10000000000000003,77.0,0.41812194712037065,0.0022704670475809023
2,0.054,9,360.0686918830247,574.0,69.92088831993907,14.236552637281763,1523.0,258.31039161874685,55.574910103272835,183.0,30.194191480140795,6.549145794779149,12.0,1.2,0.12000000000000005,91.0,0.4941441193240744,0.0026832792380501566
3,0.0,5,360.2836485025728,562.0,71.95225435637404,14.609420907995876,1281.0,214.8363812096492,46.19330852506971,447.0,73.28918292750168,15.472047737644251,0.0,0.0,0.0,0.0,0.0,0.0
4,0.054,7,359.94255955029456,572.0,73.55684253798458,15.728594071290575,1308.0,223.3038272660851,47.94728818860596,366.0,61.59261041801086,13.185302488565453,11.0,1.0999999999999999,0.11000000000000004,83.0,0.4507028780648151,0.0024473865577820113
5,0.0,11,359.95758609682304,575.0,71.41232826016336,14.907742084373554,1442.0,245.94778623811683,52.931159771173604,265.0,42.70374303741919,8.76734627416221,0.0,0.0,0.0,0.0,0.0,0.0
