id,probability_maraud,successful_mating,next_foraging_time,foraging_events,foraging_hrs,foraging_sqhrs,staying_events,staying_hrs,staying_sqhrs,repairing_events,repairing_hrs,repairing_sqhrs,marauding_events,marauding_hrs,marauding_sqhrs,traveling_events,traveling_hrs,traveling_sqhrs
0,0.054,5,360.0259962509033,564.0,69.49291558843848,15.054311613755438,1304.0,222.22970623172517,48.30658636394447,403.0,67.14099578823905,14.462975795324038,9.0,0.8999999999999999,0.09000000000000002,62.0,0.33666961975925946,0.0018281682720781298
1,0.0,14,360.46737027540746,565.0,70.80882534987133,14.259441007975154,1496.0,253.83993023582005,55.05790363567723,225.0,35.459202690054155,7.328089237101388,0.0,0.0,0.0,0.0,0.0,0.0
2,0.054,7,360.42391622271975,569.0,71.77143822865284,15.03195259863451,1375.0,237.43833428120297,51.29603330206927,289.0,48.84563777605344,10.348055496132957,16.0,1.6000000000000003,0.1600000000000001,91.0,0.4941441193240744,0.0026832792380501566
3,0.054,8,360.02109692356254,564.0,68.89721324086355,14.103749283090785,1474.0,246.9587417805496,52.10341015280368,248.0,42.62217285012433,9.376926969989315,13.0,1.3,0.13000000000000006,80.0,0.4344124125925929,0.002358926802681457
4,0.054,10,360.43869287532533,582.0,72.35403193410437,15.118536066596134,1514.0,249.61851570461874,52.100993709970425,218.0,36.57986223544125,7.599189622859439,10.0,0.9999999999999999,0.10000000000000003,91.0,0.4941441193240744,0.0026832792380501566
5,0.0,10,360.4182151085125,572.0,72.4409137802374,16.315734264886007,1332.0,226.52730876677668,48.89804034116501,359.0,61.11070025259645,13.160229613749284,0.0,0.0,0.0,0.0,0.0,0.0
