id,probability_maraud,successful_mating,next_foraging_time,foraging_events,foraging_hrs,foraging_sqhrs,staying_events,staying_hrs,staying_sqhrs,repairing_events,repairing_hrs,repairing_sqhrs,marauding_events,marauding_hrs,marauding_sqhrs,traveling_events,traveling_hrs,traveling_sqhrs
0,0.0,17,360.2874688909297,562.0,71.69620632822031,15.822294145090584,626.0,104.83970396491661,22.38954530736941,1109.0,183.49015470258968,39.46789745638737,0.0,0.0,0.0,0.0,0.0,0.0
1,0.054,37,360.13343774713314,570.0,70.02674036330741,14.547095230850692,1709.0,288.74256766362873,62.192376739574904,0.0,0.0,0.0,7.0,0.7,0.07,98.0,0.5321552054259263,0.002889685333284784
2,0.054,0,360.101843266411,561.0,69.72292267801244,14.175903581692275,1693.0,288.75483729044794,62.334519577916915,0.0,0.0,0.0,9.0,0.8999999999999999,0.09000000000000002,120.0,0.6516186188888894,0.0035383902040221835
3,0.0,0,359.99545443816174,576.0,69.30227927141067,14.328433037833214,1741.0,290.756539546112,62.11787495228414,0.0,0.0,0.0,0.0,0.0,0.0,0.0,0.0,0.0
4,0.054,0,360.4628036647218,576.0,69.42915478781553,13.92395204498241,1732.0,289.8210946485253,62.524303649962896,0.0,0.0,0.0,3.0,0.30000000000000004,0.030000000000000006,101.0,0.5484456708981486,0.0029781450883853383
5,0.054,0,360.5808668459454,566.0,74.91599815319549,16.305317081111887,1647.0,283.7073256929549,61.4940386922768,0.0,0.0,0.0,11.0,1.0999999999999999,0.11000000000000004,97.0,0.5267250502685189,0.0028601987482512656
