id,probability_maraud,successful_mating,next_foraging_time,foraging_events,foraging_hrs,foraging_sqhrs,staying_events,staying_hrs,staying_sqhrs,repairing_events,repairing_hrs,repairing_sqhrs,marauding_events,marauding_hrs,marauding_sqhrs,traveling_events,traveling_hrs,traveling_sqhrs
0,0.0,24,360.26392721464146,557.0,70.99901181323347,15.0183827427705,757.0,130.28916405579434,28.865451828330897,944.0,158.71715364493932,33.89260288835811,0.0,0.0,0.0,0.0,0.0,0.0
1,0.0,30,360.0421850249904,591.0,67.47806256833884,13.131366157113009,1732.0,292.7513473697266,62.56662257554135,0.0,0.0,0.0,0.0,0.0,0.0,0.0,0.0,0.0
2,0.054,0,360.02445124491936,565.0,68.90692823229557,14.153544230239397,1742.0,289.9780088776735,60.9409903280989,0.0,0.0,0.0,7.0,0.7,0.07,99.0,0.5375853605833337,0.002919171918318302
3,0.054,0,360.4084073696772,574.0,71.92400114767545,15.255107798869867,1721.0,287.19906285069493,60.69201954010314,0.0,0.0,0.0,5.0,0.5,0.05000000000000001,88.0,0.4778536538518522,0.002594819482949602
4,0.054,0,360.3217040698182,580.0,69.1476345038159,12.882667582921608,1705.0,289.77134807091,61.315383736816976,0.0,0.0,0.0,7.0,0.7,0.07,101.0,0.5484456708981486,0.0029781450883853383
5,0.054,0,360.4769320733763,561.0,72.04604605773355,15.488988944209574,1703.0,286.95441726741564,61.31299977850537,0.0,0.0,0.0,7.0,0.7,0.07,92.0,0.49957427448148184,0.002712765823083675
