id,probability_maraud,successful_mating,next_foraging_time,foraging_events,foraging_hrs,foraging_sqhrs,staying_events,staying_hrs,staying_sqhrs,repairing_events,repairing_hrs,repairing_sqhrs,marauding_events,marauding_hrs,marauding_sqhrs,traveling_events,traveling_hrs,traveling_sqhrs
0,0.054,29,360.20926856977184,571.0,69.87058026696452,14.148948145179332,885.0,147.4812912278027,31.492194025678895,824.0,141.72685019675106,30.413992959321828,9.0,0.8999999999999999,0.09000000000000002,38.0,0.2063458959814816,0.0011204902312736938
1,0.054,25,360.3564059139014,570.0,72.87210917952319,15.48157298478927,1370.0,230.49135043798987,49.10710510775688,333.0,55.2466746246037,11.586556371291909,10.0,0.9999999999999999,0.10000000000000003,85.0,0.46156318837962995,0.0025063597278490476
2,0.054,0,360.13043504638966,557.0,65.40959614183488,13.209623275106834,1747.0,293.05611376650154,62.5722872851024,0.0,0.0,0.0,10.0,0.9999999999999999,0.10000000000000003,105.0,0.5701662915277782,0.003096091428519411
3,0.0,0,360.65291223221664,566.0,71.62108885001237,15.223383495528541,1704.0,288.44715199798986,62.04772751205993,0.0,0.0,0.0,0.0,0.0,0.0,0.0,0.0,0.0
4,0.054,0,360.14008802937593,553.0,72.04987825978483,15.28350655342877,1720.0,287.1865581545172,60.46037466152395,0.0,0.0,0.0,4.0,0.4,0.04000000000000001,85.0,0.46156318837962995,0.0025063597278490476
5,0.0,0,360.31413376835144,572.0,69.06980685075082,13.909932707894757,1689.0,291.0388722673577,63.503838690567484,0.0,0.0,0.0,0.0,0.0,0.0,0.0,0.0,0.0
