id,probability_maraud,successful_mating,next_foraging_time,foraging_events,foraging_hrs,foraging_sqhrs,staying_events,staying_hrs,staying_sqhrs,repairing_events,repairing_hrs,repairing_sqhrs,marauding_events,marauding_hrs,marauding_sqhrs,traveling_events,traveling_hrs,traveling_sqhrs
0,0.0,12,360.0442728471913,563.0,71.57658461504893,15.307726304995532,1441.0,239.7481049546021,50.185348221632914,285.0,48.77422885926992,10.35419824285202,0.0,0.0,0.0,0.0,0.0,0.0
1,0.0,9,360.04518832279587,570.0,69.90553426731348,14.424452908579827,1162.0,198.23022751509268,43.11121201930483,541.0,92.04258589982503,19.514094852256413,0.0,0.0,0.0,0.0,0.0,0.0
2,0.054,9,360.0096887004139,578.0,70.85982532739048,14.499515939225082,1444.0,239.40941374748374,50.69799790594747,291.0,48.77933670443956,10.410680269882471,5.0,0.5,0.05000000000000001,89.0,0.4832838090092596,0.0026243060679831203
3,0.054,10,359.9936715854189,577.0,66.28009726031573,13.027316539340047,1444.0,242.40513119890844,51.54890935930302,293.0,49.250126815806624,10.495001122706979,16.0,1.6000000000000003,0.1600000000000001,86.0,0.46699334353703736,0.002535846312882566
4,0.054,5,360.4435361831824,578.0,67.71291420589927,12.851896749604682,1474.0,247.9078245421283,53.08523580638777,252.0,42.5735216740862,8.976402477933473,14.0,1.4000000000000001,0.14000000000000007,86.0,0.46699334353703736,0.002535846312882566
5,0.054,9,359.78850285860796,562.0,68.1093718545842,13.44303770041508,1473.0,253.00368600266256,55.07690591391607,212.0,36.748360130263016,7.863358033158167,17.0,1.7000000000000004,0.1700000000000001,95.0,0.5158647399537041,0.0028012255781842293
