id,probability_maraud,successful_mating,next_foraging_time,foraging_events,foraging_hrs,foraging_sqhrs,staying_events,staying_hrs,staying_sqhrs,repairing_events,repairing_hrs,repairing_sqhrs,marauding_events,marauding_hrs,marauding_sqhrs,traveling_events,traveling_hrs,traveling_sqhrs
0,0.0,14,359.96838587962804,567.0,70.62841842810097,14.329606251717502,647.0,112.13079752176411,24.791925412198157,1043.0,177.25031309249968,37.68634569803247,0.0,0.0,0.0,0.0,0.0,0.0
1,0.054,40,359.9537434984522,581.0,66.12854332672383,12.359525108891743,1757.0,292.7539583545431,61.07194811674464,0.0,0.0,0.0,7.0,0.7,0.07,103.0,0.5593059812129634,0.0030371182584523746
2,0.0,0,360.5227023355366,555.0,70.43065228389698,15.298489464407707,1712.0,289.7487127877304,61.77232203834175,0.0,0.0,0.0,0.0,0.0,0.0,0.0,0.0,0.0
3,0.054,0,360.3149811822859,554.0,70.0162655225684,14.44421517003311,1687.0,288.94269817395246,63.7464764093389,0.0,0.0,0.0,7.0,0.7,0.07,101.0,0.5484456708981486,0.0029781450883853383
4,0.054,0,360.5159718201748,560.0,71.72590731699546,14.872626545606776,1682.0,287.178032182628,61.931648980455684,0.0,0.0,0.0,8.0,0.7999999999999999,0.08000000000000002,81.0,0.4398425677500003,0.002388413387714975
5,0.054,0,360.46896704974654,569.0,72.03061129419979,15.523856676701278,1679.0,286.81632615630963,61.504429063301096,0.0,0.0,0.0,7.0,0.7,0.07,99.0,0.5375853605833337,0.002919171918318302
