id,probability_maraud,successful_mating,next_foraging_time,foraging_events,foraging_hrs,foraging_sqhrs,staying_events,staying_hrs,staying_sqhrs,repairing_events,repairing_hrs,repairing_sqhrs,marauding_events,marauding_hrs,marauding_sqhrs,traveling_events,traveling_hrs,traveling_sqhrs
0,0.054,11,360.2395569140348,567.0,69.96930518143533,14.480529560073954,1464.0,244.88337131665807,51.56681885475687,232.0,42.80133972133994,9.956511481360216,20.0,2.0000000000000004,0.20000000000000012,94.0,0.5104345847962967,0.002771738993150711
1,0.0,8,360.04889672625893,570.0,70.89406532656005,14.111306250760991,1207.0,203.0529235274433,43.435402505363356,498.0,86.14403439765233,19.142675335010235,0.0,0.0,0.0,0.0,0.0,0.0
2,0.0,4,360.20415992839094,565.0,70.19379699239005,14.784823238448434,1351.0,233.6667384196919,51.07781548813075,332.0,56.15129627059035,12.484959507091993,0.0,0.0,0.0,0.0,0.0,0.0
3,0.054,4,360.0950620013843,561.0,72.25627210277047,15.523712521614515,1289.0,218.4834200747095,46.84519179911018,386.0,68.11386911703265,15.338496833746461,9.0,0.8999999999999999,0.09000000000000002,62.0,0.33666961975925946,0.0018281682720781298
4,0.054,12,359.8916590900787,568.0,67.68116760915481,13.52158536510831,1559.0,260.5876960256443,55.160471675599,173.0,30.405106396036416,6.697046128411738,10.0,0.9999999999999999,0.10000000000000003,66.0,0.3583902403888891,0.0019461146122122025
5,0.054,15,360.0065895487089,559.0,76.28116408513355,18.003748759795588,1458.0,244.95779265262385,52.159396724655764,212.0,36.89182497618118,8.159103801856615,15.0,1.5000000000000002,0.15000000000000008,88.0,0.4778536538518522,0.002594819482949602
