id,probability_maraud,successful_mating,next_foraging_time,foraging_events,foraging_hrs,foraging_sqhrs,staying_events,staying_hrs,staying_sqhrs,repairing_events,repairing_hrs,repairing_sqhrs,marauding_events,marauding_hrs,marauding_sqhrs,traveling_events,traveling_hrs,traveling_sqhrs
0,0.0,4,360.1840743111687,566.0,74.96441909760003,16.59755437574952,1359.0,230.41849595535345,50.23760796702743,325.0,54.74096453539148,11.770146564485277,0.0,0.0,0.0,0.0,0.0,0.0
1,0.0,7,360.148977453616,568.0,70.11579207104471,14.05693610939998,1227.0,210.9164399967257,45.59366562935229,474.0,79.06564824967177,16.697098719103007,0.0,0.0,0.0,0.0,0.0,0.0
2,0.054,11,360.5084775567223,555.0,69.55892978989895,13.732943760936562,1549.0,258.0166822459074,54.570213216992194,175.0,30.465215174628163,6.61814885818913,16.0,1.6000000000000003,0.1600000000000001,90.0,0.488713964166667,0.0026537926530166385
3,0.054,15,359.8792869583489,577.0,72.84422210861023,15.436982992136437,1319.0,226.02654832914564,48.83705419513721,337.0,60.1587958235319,13.421007441335126,7.0,0.7,0.07,65.0,0.3529600852314817,0.0019166280271786843
4,0.054,6,360.3362478324328,577.0,69.93844600275536,14.009459742247605,1422.0,239.66168524762327,51.346541523351036,279.0,48.77784748140329,10.80809603322724,13.0,1.3,0.13000000000000006,70.0,0.38011086101851876,0.002064060952346275
5,0.054,11,360.5725585166662,561.0,70.06598952256854,14.696580745424173,1509.0,257.55195141729735,55.276790583301015,182.0,30.612126587805047,6.524822205852005,14.0,1.4000000000000001,0.14000000000000007,93.0,0.5050044296388893,0.002742252408117193
