id,probability_maraud,successful_mating,next_foraging_time,foraging_events,foraging_hrs,foraging_sqhrs,staying_events,staying_hrs,staying_sqhrs,repairing_events,repairing_hrs,repairing_sqhrs,marauding_events,marauding_hrs,marauding_sqhrs,traveling_events,traveling_hrs,traveling_sqhrs
0,0.0,4,360.0563335488698,568.0,70.15646002587,14.743661074309639,1154.0,198.7068419415553,43.15501088146553,549.0,91.41995387901648,19.67417553357013,0.0,0.0,0.0,0.0,0.0,0.0
1,0.0,8,360.38672127067775,566.0,67.19268028350065,13.875438281954871,1503.0,250.08550881354182,53.10249462180791,264.0,42.729492971813805,8.779865802890175,0.0,0.0,0.0,0.0,0.0,0.0
2,0.054,8,360.27024253338743,555.0,72.57612650253917,16.532298830209452,1535.0,261.25108151018014,55.88063145783961,144.0,24.4866432063025,5.264897630942947,13.0,1.3,0.13000000000000006,84.0,0.45613303322222254,0.0024768731428155295
3,0.054,11,360.37261342390184,568.0,73.50745735334958,15.459931365630792,1430.0,242.2167954523657,51.50917920356803,254.0,42.5259409387094,8.889657392161103,14.0,1.4000000000000001,0.14000000000000007,86.0,0.46699334353703736,0.002535846312882566
4,0.054,8,359.992858045826,568.0,66.76442435596984,12.489908864750982,1491.0,249.26116545827753,53.555048889661066,251.0,42.66570094007301,9.203385819979502,10.0,0.9999999999999999,0.10000000000000003,77.0,0.41812194712037065,0.0022704670475809023
5,0.054,15,359.6846537635798,555.0,71.53701347686433,15.757893582278921,1443.0,244.3498181927606,52.69125255045297,267.0,42.668154843435985,8.833162285975405,10.0,0.9999999999999999,0.10000000000000003,83.0,0.4507028780648151,0.0024473865577820113
