id,probability_maraud,successful_mating,next_foraging_time,foraging_events,foraging_hrs,foraging_sqhrs,staying_events,staying_hrs,staying_sqhrs,repairing_events,repairing_hrs,repairing_sqhrs,marauding_events,marauding_hrs,marauding_sqhrs,traveling_events,traveling_hrs,traveling_sqhrs
0,0.054,10,360.38033511316837,569.0,72.97553466438764,15.008211023165883,1412.0,230.2732535926917,48.19819935105986,324.0,54.71579610601579,11.55990193822017,16.0,1.6000000000000003,0.1600000000000001,83.0,0.4507028780648151,0.0024473865577820113
1,0.054,11,360.0654011959447,573.0,70.15618363610281,14.916725845679627,1475.0,251.78724838235456,54.31957377761233,220.0,36.48925093746283,7.664863440250298,13.0,1.3,0.13000000000000006,86.0,0.46699334353703736,0.002535846312882566
2,0.0,8,360.0744415387524,558.0,71.58218407297943,15.999368299875812,1359.0,225.99436120592256,48.25569123194923,366.0,62.524405626833875,13.490738080547345,0.0,0.0,0.0,0.0,0.0,0.0
3,0.054,10,360.182410623064,569.0,72.0796196400019,15.66399411160987,1375.0,236.96437106904108,51.59105882133303,285.0,49.005878572665836,10.73070581404366,17.0,1.7000000000000004,0.1700000000000001,64.0,0.3475299300740743,0.0018871414421451661
4,0.054,9,360.3037430969775,574.0,68.56817729873731,14.384886610933233,1405.0,241.48325229740217,52.24765450757992,275.0,48.59188168412977,10.923380532325464,10.0,0.9999999999999999,0.10000000000000003,68.0,0.36925055070370394,0.002005087782279239
5,0.0,6,360.69576640786613,565.0,70.99477772476908,13.81881230428443,1232.0,206.5751507396786,43.08152045357048,482.0,82.61071216983741,17.948885531117128,0.0,0.0,0.0,0.0,0.0,0.0
