id,probability_maraud,successful_mating,next_foraging_time,foraging_events,foraging_hrs,foraging_sqhrs,staying_events,staying_hrs,staying_sqhrs,repairing_events,repairing_hrs,repairing_sqhrs,marauding_events,marauding_hrs,marauding_sqhrs,traveling_events,traveling_hrs,traveling_sqhrs
0,0.054,10,360.47590104117694,568.0,68.02162585076034,13.648106847211258,1448.0,245.04344812731492,52.79126416617867,265.0,45.0377437340006,9.616187868169703,15.0,1.5000000000000002,0.15000000000000008,84.0,0.45613303322222254,0.0024768731428155295
1,0.0,11,360.37315837775185,559.0,69.39992263716103,14.65166455121618,1298.0,217.26657404131146,46.52425453878373,447.0,73.61876536851963,15.28729631314697,0.0,0.0,0.0,0.0,0.0,0.0
2,0.054,7,360.27576473180784,572.0,72.28303701267906,14.83856361702739,1407.0,243.50643956602735,53.32782438540237,238.0,42.405637241590135,9.527158202817182,13.0,1.3,0.13000000000000006,93.0,0.5050044296388893,0.002742252408117193
3,0.054,7,360.5079922131899,564.0,72.18645697851025,15.367444432068968,1421.0,239.84770069203896,51.036576615935914,279.0,46.65648296422234,9.956615308990182,10.0,0.9999999999999999,0.10000000000000003,78.0,0.42355210227777806,0.0022999536326144205
4,0.0,5,360.0005530844934,557.0,68.60068346784647,14.234810372995819,1311.0,224.52392432448463,49.06641019732518,396.0,66.92270820271754,13.94936120937253,0.0,0.0,0.0,0.0,0.0,0.0
5,0.054,14,360.19029811929585,564.0,71.61157307143266,15.91297463276368,1446.0,248.44910928819596,54.37771626062136,230.0,38.07936579258851,8.200439880119621,15.0,1.5000000000000002,0.15000000000000008,89.0,0.4832838090092596,0.0026243060679831203
