id,probability_maraud,successful_mating,next_foraging_time,foraging_events,foraging_hrs,foraging_sqhrs,staying_events,staying_hrs,staying_sqhrs,repairing_events,repairing_hrs,repairing_sqhrs,marauding_events,marauding_hrs,marauding_sqhrs,traveling_events,traveling_hrs,traveling_sqhrs
0,0.0,14,360.33026893163975,571.0,72.97139559882712,15.000960654971406,702.0,114.64448798198116,24.02208491029502,1016.0,172.3901838654148,36.707930865471624,0.0,0.0,0.0,0.0,0.0,0.0
1,0.054,40,360.36229171318524,572.0,66.04046791189053,12.476256418615668,1746.0,292.5274975360124,62.675991906519705,0.0,0.0,0.0,10.0,0.9999999999999999,0.10000000000000003,105.0,0.5701662915277782,0.003096091428519411
2,0.054,0,360.0033770795146,560.0,66.8130241216536,12.880303772213468,1714.0,292.33933212392583,63.407023691289304,0.0,0.0,0.0,4.0,0.4,0.04000000000000001,97.0,0.5267250502685189,0.0028601987482512656
3,0.0,0,360.1127703909481,558.0,71.52399872256534,15.335818162616302,1710.0,288.5038493247992,62.4882006320152,0.0,0.0,0.0,0.0,0.0,0.0,0.0,0.0,0.0
4,0.054,0,360.38936234226674,563.0,70.00537713867493,14.419396616299501,1690.0,289.16824391036323,62.41782298002034,0.0,0.0,0.0,4.0,0.4,0.04000000000000001,103.0,0.5593059812129634,0.0030371182584523746
5,0.054,0,360.10568549136576,565.0,71.16264672989051,15.377125665588073,1722.0,287.22735804617764,61.30314101554536,0.0,0.0,0.0,11.0,1.0999999999999999,0.11000000000000004,106.0,0.5755964466851856,0.003125578013552929
