id,probability_maraud,successful_mating,next_foraging_time,foraging_events,foraging_hrs,foraging_sqhrs,staying_events,staying_hrs,staying_sqhrs,repairing_events,repairing_hrs,repairing_sqhrs,marauding_events,marauding_hrs,marauding_sqhrs,traveling_events,traveling_hrs,traveling_sqhrs
0,0.054,7,360.682545510203,564.0,77.61885995208412,17.23925452073665,1508.0,249.62890672031637,52.79982432257088,183.0,30.73730315220504,6.513056124570654,17.0,1.7000000000000004,0.1700000000000001,91.0,0.4941441193240744,0.0026832792380501566
1,0.0,6,360.5297540589882,562.0,66.67772276013609,12.780443046659716,1445.0,244.96446790756656,52.8361788146979,283.0,48.47696765308408,10.699645839451266,0.0,0.0,0.0,0.0,0.0,0.0
2,0.0,9,360.48344634584254,563.0,69.74515046974038,14.915752476699314,1379.0,229.50000666273408,49.33531113110563,356.0,60.805760744377686,12.864157840854533,0.0,0.0,0.0,0.0,0.0,0.0
3,0.054,11,360.16514878224643,566.0,70.10012674932557,14.425818522459391,1495.0,251.87475288771589,53.192916984316135,223.0,36.68640715092152,7.762951655320979,9.0,0.8999999999999999,0.09000000000000002,85.0,0.46156318837962995,0.0025063597278490476
4,0.054,14,360.34923632886887,560.0,71.3326613658449,15.175504219638977,1314.0,226.44822852587166,49.38562324603459,370.0,60.86739641345006,12.85865422305948,9.0,0.8999999999999999,0.09000000000000002,87.0,0.4724234986944448,0.002565332897916084
5,0.054,7,360.25433002954253,556.0,69.23681211876034,13.91671166585563,1386.0,240.60633988131008,52.82162942377156,298.0,48.69062258906369,10.053918325044064,12.0,1.2,0.12000000000000005,71.0,0.3855410161759262,0.0020935475373797933
