id,probability_maraud,successful_mating,next_foraging_time,foraging_events,foraging_hrs,foraging_sqhrs,staying_events,staying_hrs,staying_sqhrs,repairing_events,repairing_hrs,repairing_sqhrs,marauding_events,marauding_hrs,marauding_sqhrs,traveling_events,traveling_hrs,traveling_sqhrs
0,0.054,21,360.18067020205046,554.0,73.71077930308714,16.19088039191203,797.0,138.56915157700223,30.46222821766116,860.0,146.69581495364133,31.708683444384306,8.0,0.7999999999999999,0.08000000000000002,70.0,0.38011086101851876,0.002064060952346275
1,0.0,33,360.5321507660507,572.0,73.50627725848439,17.001508802714813,1447.0,237.77301167731838,49.95032011292155,295.0,48.819561799048124,10.254934703941869,0.0,0.0,0.0,0.0,0.0,0.0
2,0.054,0,360.4417630765019,581.0,66.06149626575217,12.309866870497645,1742.0,292.63981617996194,62.76708503563113,0.0,0.0,0.0,9.0,0.8999999999999999,0.09000000000000002,94.0,0.5104345847962967,0.002771738993150711
3,0.054,0,359.7660478648242,569.0,67.41976605442005,13.293562611352876,1724.0,291.52583551310994,62.291460329996234,0.0,0.0,0.0,6.0,0.6,0.06000000000000001,101.0,0.5484456708981486,0.0029781450883853383
4,0.0,0,360.48099608962644,581.0,67.70648712997914,13.425362193218103,1733.0,292.55010833009135,62.197670609588016,0.0,0.0,0.0,0.0,0.0,0.0,0.0,0.0,0.0
5,0.054,0,360.35070330849976,568.0,70.92282682169544,14.999451389320628,1689.0,287.6904525557472,60.96229895363963,0.0,0.0,0.0,9.0,0.8999999999999999,0.09000000000000002,105.0,0.5701662915277782,0.003096091428519411
