id,probability_maraud,successful_mating,next_foraging_time,foraging_events,foraging_hrs,foraging_sqhrs,staying_events,staying_hrs,staying_sqhrs,repairing_events,repairing_hrs,repairing_sqhrs,marauding_events,marauding_hrs,marauding_sqhrs,traveling_events,traveling_hrs,traveling_sqhrs
0,0.054,8,360.1515650942528,559.0,70.84796062259218,14.96799505589285,1593.0,263.5876082687517,54.887646050334745,136.0,24.22882783793638,5.389270199982737,10.0,0.9999999999999999,0.10000000000000003,85.0,0.46156318837962995,0.0025063597278490476
1,0.054,16,360.6125860432198,562.0,72.05312675905931,15.076933737653276,1538.0,256.16169178689466,54.40780715240726,191.0,30.594281085920322,6.557306355592054,9.0,0.8999999999999999,0.09000000000000002,73.0,0.396401326490741,0.0021525207074468296
2,0.0,8,360.1297676044025,570.0,68.03643471075948,13.179952458226401,1307.0,218.47046429068484,45.898670076442656,432.0,73.50851819447497,16.21001622009029,0.0,0.0,0.0,0.0,0.0,0.0
3,0.0,4,360.53100065394796,571.0,68.55980531440905,13.904934423980094,1262.0,212.48031670655394,45.31231222211362,472.0,79.13998321363228,16.65717852394315,0.0,0.0,0.0,0.0,0.0,0.0
4,0.054,8,360.2398163729489,573.0,70.40112358711828,13.621947017534449,1494.0,251.53551116235496,54.667664329694965,214.0,36.88486632526506,7.695545531912448,8.0,0.7999999999999999,0.08000000000000002,90.0,0.488713964166667,0.0026537926530166385
5,0.054,10,360.260654604228,557.0,67.05941636610127,14.198156399679513,1546.0,266.306520243784,58.45961483028062,134.0,24.463223347511512,5.58157561801248,17.0,1.7000000000000004,0.1700000000000001,92.0,0.49957427448148184,0.002712765823083675
