id,probability_maraud,successful_mating,next_foraging_time,foraging_events,foraging_hrs,foraging_sqhrs,staying_events,staying_hrs,staying_sqhrs,repairing_events,repairing_hrs,repairing_sqhrs,marauding_events,marauding_hrs,marauding_sqhrs,traveling_events,traveling_hrs,traveling_sqhrs
0,0.0,7,360.47869453817503,574.0,69.41281687730152,13.548705965185922,1283.0,217.63493861207672,47.199626269468666,442.0,73.21104715674264,15.291619548132292,0.0,0.0,0.0,0.0,0.0,0.0
1,0.0,10,359.8284418776177,550.0,70.24564303279851,15.228023134102699,1332.0,228.6855784783089,49.69613294034799,368.0,61.14106777660712,12.985414345133325,0.0,0.0,0.0,0.0,0.0,0.0
2,0.054,16,360.178123647252,575.0,69.93439942001525,14.542944481118585,1385.0,233.47039697962677,49.40784989626397,325.0,55.020243423189044,11.730665628111845,12.0,1.2,0.12000000000000005,72.0,0.3909711713333336,0.0021230341224133115
3,0.054,6,360.18656706584875,573.0,72.69861213735193,14.53171234413695,1342.0,230.6747933297896,49.98306675791488,339.0,54.75341886760069,11.515441516708234,15.0,1.5000000000000002,0.15000000000000008,86.0,0.46699334353703736,0.002535846312882566
4,0.054,6,360.4615530154986,573.0,72.14786481086715,16.42027441889214,1362.0,231.03023753568246,49.09817866962109,330.0,54.86181310178005,11.551166133060915,16.0,1.6000000000000003,0.1600000000000001,69.0,0.37468070586111135,0.002034574367312757
5,0.054,9,360.10013214487105,570.0,68.6523536021294,14.180335091640677,1453.0,240.5497490856218,50.595429488196,286.0,48.98005216798499,10.708320734623827,14.0,1.4000000000000001,0.14000000000000007,91.0,0.4941441193240744,0.0026832792380501566
