id,probability_maraud,successful_mating,next_foraging_time,foraging_events,foraging_hrs,foraging_sqhrs,staying_events,staying_hrs,staying_sqhrs,repairing_events,repairing_hrs,repairing_sqhrs,marauding_events,marauding_hrs,marauding_sqhrs,traveling_events,traveling_hrs,traveling_sqhrs
0,0.054,12,360.07420800686606,538.0,71.03694303643957,16.464221574275005,1389.0,238.64394960330327,51.502350436984266,290.0,48.77035784185825,10.248996912421871,12.0,1.2,0.12000000000000005,84.0,0.45613303322222254,0.0024768731428155295
1,0.0,5,359.9554340020804,567.0,72.21552285501453,14.889035729141055,1314.0,220.8958501138155,46.87305643026049,391.0,66.91817203209825,14.386675247482716,0.0,0.0,0.0,0.0,0.0,0.0
2,0.054,10,360.35934017987154,547.0,70.90211215911505,15.845968210543658,1444.0,244.50122250928732,52.45007800456806,259.0,43.007824406070014,9.122276175000788,12.0,1.2,0.12000000000000005,77.0,0.41812194712037065,0.0022704670475809023
3,0.054,13,359.95489740535675,561.0,74.29625302481975,16.196633338677266,1532.0,259.89219397999244,55.52919918052183,143.0,24.160213157578287,5.066545785843581,13.0,1.3,0.13000000000000006,76.0,0.41269179196296324,0.002240980462547384
4,0.054,8,360.0726204723946,562.0,68.70859786460446,13.468271620269192,1421.0,240.5345676908263,51.47264490848941,281.0,48.98782186067892,10.888456976451234,14.0,1.4000000000000001,0.14000000000000007,71.0,0.3855410161759262,0.0020935475373797933
5,0.0,6,359.9436699497047,558.0,73.23176238283772,15.056661943873442,1217.0,207.2426987713735,44.655669534872516,491.0,79.54320454919389,16.6227066443439,0.0,0.0,0.0,0.0,0.0,0.0
