id,probability_maraud,successful_mating,next_foraging_time,foraging_events,foraging_hrs,foraging_sqhrs,staying_events,staying_hrs,staying_sqhrs,repairing_events,repairing_hrs,repairing_sqhrs,marauding_events,marauding_hrs,marauding_sqhrs,traveling_events,traveling_hrs,traveling_sqhrs
0,0.0,4,360.51124604826657,557.0,72.2989194000421,14.85873680351281,1339.0,226.9696321449447,48.76578129624194,362.0,60.87495218293124,13.270412648173497,0.0,0.0,0.0,0.0,0.0,0.0
1,0.054,12,359.9844468368654,566.0,74.66928048808602,16.382219493984817,1315.0,217.59029777264638,46.18835323023809,420.0,67.10709805957873,13.476389996184285,5.0,0.5,0.05000000000000001,73.0,0.396401326490741,0.0021525207074468296
2,0.054,11,360.50577189590615,561.0,70.83854394287506,14.016529499136494,1409.0,237.6524804060731,50.718515246146005,296.0,49.214922988498344,10.702519578560453,19.0,1.9000000000000006,0.1900000000000001,87.0,0.4724234986944448,0.002565332897916084
3,0.0,9,360.02947574128206,563.0,68.33286551612078,13.879472738910177,1287.0,218.76254657055733,47.968455067560406,424.0,73.01225643675832,15.80265869119912,0.0,0.0,0.0,0.0,0.0,0.0
4,0.054,9,360.4054393412075,560.0,71.59103533788304,15.184610096932122,1543.0,255.84120994728391,54.02918682585492,178.0,30.421489704754894,6.538681234523266,17.0,1.7000000000000004,0.1700000000000001,104.0,0.5647361363703708,0.003066604843485893
5,0.054,9,359.8877993105628,575.0,69.80400076217668,13.629271429695164,1455.0,245.720070807012,52.445093816540734,250.0,42.801942170231406,9.127741773352847,12.0,1.2,0.12000000000000005,88.0,0.4778536538518522,0.002594819482949602
