id,probability_maraud,successful_mating,next_foraging_time,foraging_events,foraging_hrs,foraging_sqhrs,staying_events,staying_hrs,staying_sqhrs,repairing_events,repairing_hrs,repairing_sqhrs,marauding_events,marauding_hrs,marauding_sqhrs,traveling_events,traveling_hrs,traveling_sqhrs
0,0.054,5,360.42622035196166,556.0,75.23425596785417,16.917986736682504,1332.0,229.31150631346125,49.712090498104665,332.0,54.87843971993582,11.637769951378479,4.0,0.4,0.04000000000000001,69.0,0.37468070586111135,0.002034574367312757
1,0.054,11,360.26008774397303,564.0,68.46524900770548,13.509309336607277,1462.0,247.16477088610964,52.679009430549236,246.0,42.88968227732419,9.527243380435724,13.0,1.3,0.13000000000000006,66.0,0.3583902403888891,0.0019461146122122025
2,0.0,8,360.22140491603153,562.0,72.63981170975148,16.495808680025945,1304.0,220.39624632350038,47.017306396345205,392.0,66.96553381772195,14.189272810553014,0.0,0.0,0.0,0.0,0.0,0.0
3,0.054,11,360.4691783554875,569.0,69.2506377300793,13.877044750932873,1434.0,246.11760716802775,53.472205947106076,261.0,42.93455666976194,8.745582883694341,14.0,1.4000000000000001,0.14000000000000007,88.0,0.4778536538518522,0.002594819482949602
4,0.054,7,360.02624238402785,569.0,69.025896315984,13.562995857288628,1600.0,269.4735168841259,57.27875183582778,119.0,19.531012216838132,4.387345634233631,16.0,1.6000000000000003,0.1600000000000001,84.0,0.45613303322222254,0.0024768731428155295
5,0.0,12,359.98537527845684,556.0,70.48120275281921,14.59320622454959,1419.0,236.15289295808668,49.81013750430575,324.0,53.48176336320781,11.494249473372102,0.0,0.0,0.0,0.0,0.0,0.0
