id,probability_maraud,successful_mating,next_foraging_time,foraging_events,foraging_hrs,foraging_sqhrs,staying_events,staying_hrs,staying_sqhrs,repairing_events,repairing_hrs,repairing_sqhrs,marauding_events,marauding_hrs,marauding_sqhrs,traveling_events,traveling_hrs,traveling_sqhrs
0,0.0,9,359.99783661227264,559.0,71.70444951559335,15.364192758473852,1360.0,233.52614190121878,50.715920755290476,331.0,54.9122749654077,11.351347321062702,0.0,0.0,0.0,0.0,0.0,0.0
1,0.054,9,360.6032258430117,558.0,68.76828643208421,13.368172202244619,1575.0,265.10822142104746,57.73109775753234,148.0,24.206543059789524,5.277167417796536,15.0,1.5000000000000002,0.15000000000000008,110.0,0.5973170673148153,0.003243524353687002
2,0.054,9,360.06123098031276,568.0,69.54446188121315,14.180127682784773,1420.0,240.38301925826096,51.457902815563415,283.0,48.855376504814345,10.956922416844465,9.0,0.8999999999999999,0.09000000000000002,72.0,0.3909711713333336,0.0021230341224133115
3,0.054,6,360.28931443926797,560.0,66.1823156559619,12.802099305194886,1487.0,244.2245954683188,51.02180714941596,287.0,48.91267541969869,10.669220748972377,5.0,0.5,0.05000000000000001,63.0,0.3420997749166669,0.001857654857111648
4,0.0,7,359.83146029863644,568.0,70.83303108603558,14.123033973483048,1372.0,234.23441802342728,51.08344122068524,342.0,54.995263251270316,11.29911699062551,0.0,0.0,0.0,0.0,0.0,0.0
5,0.054,14,360.3588478939108,562.0,65.34185556882848,12.195849949719799,1496.0,256.81983308305786,56.00694661535766,208.0,36.04780475997357,7.75972472816163,15.0,1.5000000000000002,0.15000000000000008,87.0,0.4724234986944448,0.002565332897916084
