id,probability_maraud,successful_mating,next_foraging_time,foraging_events,foraging_hrs,foraging_sqhrs,staying_events,staying_hrs,staying_sqhrs,repairing_events,repairing_hrs,repairing_sqhrs,marauding_events,marauding_hrs,marauding_sqhrs,traveling_events,traveling_hrs,traveling_sqhrs
0,0.054,11,360.70713080075524,562.0,69.89049337341815,15.224930529754031,1543.0,258.13177997457524,55.156772795289385,197.0,30.493258011286244,6.294099888647302,13.0,1.3,0.13000000000000006,82.0,0.4452727229074077,0.002417899972748493
1,0.054,7,360.0905162484839,554.0,68.77492463994894,14.110400953197932,1363.0,234.29381810256893,50.73296564322834,326.0,54.80468653083936,11.69867711472432,19.0,1.9000000000000006,0.1900000000000001,74.0,0.4018314816481484,0.002182007292480348
2,0.0,9,360.53420196309236,561.0,67.8934226201485,12.473385411308843,1348.0,225.77472275664033,48.2923097507523,378.0,66.57089146164154,14.685947637547567,0.0,0.0,0.0,0.0,0.0,0.0
3,0.054,9,360.1111037243184,564.0,69.88216097959902,14.618115782975229,1321.0,221.655906146203,46.91519377016052,397.0,67.41248314889243,14.518707176380435,8.0,0.7999999999999999,0.08000000000000002,69.0,0.37468070586111135,0.002034574367312757
4,0.054,11,360.17105893556976,576.0,70.30183168857292,14.224188548497601,1464.0,245.63854747555922,52.73233996331378,250.0,42.71518619147693,9.168742325537373,11.0,1.0999999999999999,0.11000000000000004,82.0,0.4452727229074077,0.002417899972748493
5,0.0,7,359.8327992712492,567.0,71.18508919563453,14.534654540338067,1431.0,239.98311603288545,50.528059523857465,290.0,48.92576252060575,10.639739130386634,0.0,0.0,0.0,0.0,0.0,0.0
