id,probability_maraud,successful_mating,next_foraging_time,foraging_events,foraging_hrs,foraging_sqhrs,staying_events,staying_hrs,staying_sqhrs,repairing_events,repairing_hrs,repairing_sqhrs,marauding_events,marauding_hrs,marauding_sqhrs,traveling_events,traveling_hrs,traveling_sqhrs
0,0.0,14,360.66445049642084,556.0,69.16482225082017,14.290828257472912,651.0,115.64994918514967,25.771257657505316,1041.0,175.1852406836062,37.78404330241746,0.0,0.0,0.0,0.0,0.0,0.0
1,0.0,40,360.3246000898626,551.0,71.86996775252653,15.613610865693891,1684.0,288.1450626937862,62.37349926403057,0.0,0.0,0.0,0.0,0.0,0.0,0.0,0.0,0.0
2,0.054,0,360.4472474695846,557.0,71.55775555486446,15.358719814799295,1696.0,286.8326460712608,60.8616312510111,0.0,0.0,0.0,10.0,0.9999999999999999,0.10000000000000003,122.0,0.6624789292037042,0.00359736337408922
3,0.054,0,360.4078801952651,569.0,72.8313456382377,15.041283824355766,1755.0,286.0817600031947,60.28451495885275,0.0,0.0,0.0,6.0,0.6,0.06000000000000001,99.0,0.5375853605833337,0.002919171918318302
4,0.054,0,359.9611078018502,577.0,65.20676342095986,12.260421567357275,1723.0,293.294291908988,63.47113676554208,0.0,0.0,0.0,9.0,0.8999999999999999,0.09000000000000002,120.0,0.6516186188888894,0.0035383902040221835
5,0.054,0,360.35373991007435,570.0,72.04010582048623,14.485138086105772,1678.0,287.178077715837,61.84041624507882,0.0,0.0,0.0,4.0,0.4,0.04000000000000001,84.0,0.45613303322222254,0.0024768731428155295
