id,probability_maraud,successful_mating,next_foraging_time,foraging_events,foraging_hrs,foraging_sqhrs,staying_events,staying_hrs,staying_sqhrs,repairing_events,repairing_hrs,repairing_sqhrs,marauding_events,marauding_hrs,marauding_sqhrs,traveling_events,traveling_hrs,traveling_sqhrs
0,0.0,8,360.61800755723044,572.0,72.9312024840504,15.082766744878626,1300.0,226.1254775661304,48.80150570181975,350.0,61.10607121082265,13.460495978091245,0.0,0.0,0.0,0.0,0.0,0.0
1,0.054,7,360.19923718969864,563.0,73.9925672699739,16.71906295342715,1473.0,253.48693251379032,54.96909655606674,194.0,30.446829385945257,6.025945848017306,17.0,1.7000000000000004,0.1700000000000001,85.0,0.46156318837962995,0.0025063597278490476
2,0.054,14,359.97597899183245,575.0,70.87999823141085,15.179202420659339,1467.0,250.84974310688546,54.47647713252011,228.0,36.47699383521986,7.508494126291469,15.0,1.5000000000000002,0.15000000000000008,69.0,0.37468070586111135,0.002034574367312757
3,0.054,7,360.6187881336416,558.0,71.62996067015503,15.593358243616827,1416.0,231.72242197601855,48.53815668379296,316.0,55.34862160488143,11.989413822940595,11.0,1.0999999999999999,0.11000000000000004,69.0,0.37468070586111135,0.002034574367312757
4,0.0,7,359.9943604499222,568.0,69.63496140063533,14.223674309773026,1379.0,235.5900206144373,50.96553740888703,319.0,54.902115298938575,11.995519878034438,0.0,0.0,0.0,0.0,0.0,0.0
5,0.054,11,360.3971817589237,564.0,71.94037489736863,15.118859301900969,1366.0,228.01395752888575,47.867459707813616,339.0,59.07251109052317,13.06409477718451,6.0,0.6,0.06000000000000001,71.0,0.3855410161759262,0.0020935475373797933
