id,probability_maraud,successful_mating,next_foraging_time,foraging_events,foraging_hrs,foraging_sqhrs,staying_events,staying_hrs,staying_sqhrs,repairing_events,repairing_hrs,repairing_sqhrs,marauding_events,marauding_hrs,marauding_sqhrs,traveling_events,traveling_hrs,traveling_sqhrs
0,0.054,19,360.24074342033254,571.0,69.90195002529131,14.26482079691247,834.0,137.90717803311927,28.76854024841616,896.0,151.36648075773573,32.73544480114356,6.0,0.6,0.06000000000000001,53.0,0.28779822334259275,0.0015627890067764663
1,0.0,35,360.48486889791894,559.0,70.3780593514881,15.139766914800914,1479.0,253.14594079303782,55.29523993376905,232.0,36.52690878048966,7.444174713071854,0.0,0.0,0.0,0.0,0.0,0.0
2,0.054,0,360.01797550259414,557.0,74.63508889147225,17.16195547121795,1687.0,283.8885946189378,60.59065374590033,0.0,0.0,0.0,11.0,1.0999999999999999,0.11000000000000004,96.0,0.5212948951111115,0.0028307121632177475
3,0.0,0,359.89531934188665,565.0,71.53392099776687,14.963048855601565,1698.0,288.63576984725506,62.845204974126176,0.0,0.0,0.0,0.0,0.0,0.0,0.0,0.0,0.0
4,0.054,0,360.5429889840788,561.0,71.02732039051087,14.935510501387348,1692.0,287.6769006303724,61.9587102715441,0.0,0.0,0.0,9.0,0.8999999999999999,0.09000000000000002,103.0,0.5593059812129634,0.0030371182584523746
5,0.054,0,360.3110804656239,561.0,72.5664513687075,15.70037728103475,1661.0,286.6024392860988,62.42051984679094,0.0,0.0,0.0,5.0,0.5,0.05000000000000001,85.0,0.46156318837962995,0.0025063597278490476
