id,probability_maraud,successful_mating,next_foraging_time,foraging_events,foraging_hrs,foraging_sqhrs,staying_events,staying_hrs,staying_sqhrs,repairing_events,repairing_hrs,repairing_sqhrs,marauding_events,marauding_hrs,marauding_sqhrs,traveling_events,traveling_hrs,traveling_sqhrs
0,0.054,24,360.4180115220461,567.0,71.43703209357218,14.986521984531192,863.0,139.81846836693444,29.9130733593371,887.0,147.60031628362407,31.199674678589275,9.0,0.8999999999999999,0.09000000000000002,49.0,0.2660776027129631,0.0014448426666423936
1,0.0,30,360.27237221155485,566.0,72.90343654166342,15.924185786261221,1354.0,232.44201443865074,50.981002190001,310.0,54.812768998817596,12.288395507481006,0.0,0.0,0.0,0.0,0.0,0.0
2,0.054,0,360.0417418069486,566.0,69.22874517593678,14.72222287015742,1764.0,289.25144306234813,60.794183210687926,0.0,0.0,0.0,10.0,0.9999999999999999,0.10000000000000003,116.0,0.6298979982592597,0.003420443863888111
3,0.054,0,360.0232240631948,571.0,73.42217980464935,15.764016105163984,1695.0,285.582099458688,61.16398077234021,0.0,0.0,0.0,7.0,0.7,0.07,78.0,0.42355210227777806,0.0022999536326144205
4,0.0,0,360.2361819388001,570.0,70.88900801907444,14.361091698148627,1719.0,289.14899309862153,61.02562995203557,0.0,0.0,0.0,0.0,0.0,0.0,0.0,0.0,0.0
5,0.054,0,360.2100886453057,554.0,70.99833045452476,15.175692517350042,1697.0,287.88666220898534,61.86320149914182,0.0,0.0,0.0,8.0,0.7999999999999999,0.08000000000000002,96.0,0.5212948951111115,0.0028307121632177475
