id,probability_maraud,successful_mating,next_foraging_time,foraging_events,foraging_hrs,foraging_sqhrs,staying_events,staying_hrs,staying_sqhrs,repairing_events,repairing_hrs,repairing_sqhrs,marauding_events,marauding_hrs,marauding_sqhrs,traveling_events,traveling_hrs,traveling_sqhrs
0,0.054,21,360.8022564396536,574.0,70.61976333071178,14.737511443318796,785.0,136.36645673550123,29.87115517161016,863.0,152.68839205974427,33.89609500423813,4.0,0.4,0.04000000000000001,44.0,0.23892682692592607,0.0012974097414748028
1,0.054,33,360.24529235066206,559.0,74.09452234015878,16.308942890634896,1568.0,260.8930893760015,54.93439299908156,147.0,24.346699650182916,5.324456511159086,5.0,0.5,0.05000000000000001,65.0,0.3529600852314817,0.0019166280271786843
2,0.0,0,360.5334959033097,571.0,71.0094953078779,14.688791807962946,1703.0,289.0759966595034,61.776482234569215,0.0,0.0,0.0,0.0,0.0,0.0,0.0,0.0,0.0
3,0.054,0,360.16931102247753,563.0,70.30375681006615,13.945419552502784,1684.0,288.2291060294848,62.54660962130471,0.0,0.0,0.0,10.0,0.9999999999999999,0.10000000000000003,99.0,0.5375853605833337,0.002919171918318302
4,0.054,0,360.13910564051,567.0,70.16967140514141,13.938436278638978,1723.0,288.27446136179896,60.71352741222479,0.0,0.0,0.0,10.0,0.9999999999999999,0.10000000000000003,108.0,0.5864567570000004,0.0031845511836199655
5,0.0,0,360.5531399189175,572.0,69.21909347235352,13.981973522035055,1731.0,290.8711453442442,61.59250125264515,0.0,0.0,0.0,0.0,0.0,0.0,0.0,0.0,0.0
