id,probability_maraud,successful_mating,next_foraging_time,foraging_events,foraging_hrs,foraging_sqhrs,staying_events,staying_hrs,staying_sqhrs,repairing_events,repairing_hrs,repairing_sqhrs,marauding_events,marauding_hrs,marauding_sqhrs,traveling_events,traveling_hrs,traveling_sqhrs
0,0.054,30,360.29009270395943,569.0,69.20210594127131,13.885287024045459,745.0,127.60522249501234,26.944656697474265,957.0,162.43117044267188,35.08175711580792,6.0,0.6,0.06000000000000001,32.0,0.17376496503703712,0.0009435707210725847
1,0.054,24,359.9849160109716,567.0,70.05765847367809,15.025102716829233,1512.0,251.98305126549977,53.252971294133914,215.0,36.87106041826182,8.013997454449909,8.0,0.7999999999999999,0.08000000000000002,89.0,0.4832838090092596,0.0026243060679831203
2,0.054,0,360.61944465717676,555.0,70.15605764018186,14.001952822180606,1706.0,288.3361693294541,60.833903644527894,0.0,0.0,0.0,10.0,0.9999999999999999,0.10000000000000003,107.0,0.581026601842593,0.0031550645985864473
3,0.054,0,359.8934580428632,553.0,69.11271997006403,14.347818651566518,1705.0,289.5671069270205,61.80357939075914,0.0,0.0,0.0,9.0,0.8999999999999999,0.09000000000000002,93.0,0.5050044296388893,0.002742252408117193
4,0.0,0,360.2676035366864,564.0,71.86386915589102,14.550112729203967,1714.0,288.29132991820813,61.850631651976585,0.0,0.0,0.0,0.0,0.0,0.0,0.0,0.0,0.0
5,0.0,0,360.09729567414,558.0,71.99116099741639,15.460919621617636,1699.0,288.0233074185821,62.05448611195718,0.0,0.0,0.0,0.0,0.0,0.0,0.0,0.0,0.0
