id,probability_maraud,successful_mating,next_foraging_time,foraging_events,foraging_hrs,foraging_sqhrs,staying_events,staying_hrs,staying_sqhrs,repairing_events,repairing_hrs,repairing_sqhrs,marauding_events,marauding_hrs,marauding_sqhrs,traveling_events,traveling_hrs,traveling_sqhrs
0,0.0,13,360.46594625443475,571.0,71.24398749403477,15.191784710429008,573.0,96.82687656633814,20.455481523909526,1129.0,192.2779988859586,41.75428260187344,0.0,0.0,0.0,0.0,0.0,0.0
1,0.054,41,360.09898437554676,566.0,68.10309286588961,13.35809251440842,1761.0,290.8453458409015,61.2620297956329,0.0,0.0,0.0,6.0,0.6,0.06000000000000001,93.0,0.5050044296388893,0.002742252408117193
2,0.0,0,359.9474986144265,562.0,69.20120939614834,13.971218856678378,1741.0,290.8245501061291,61.70805680560506,0.0,0.0,0.0,0.0,0.0,0.0,0.0,0.0,0.0
3,0.054,0,360.25358182767286,562.0,69.28040519710632,14.55445913863967,1663.0,289.0890349782941,63.436412541993356,0.0,0.0,0.0,11.0,1.0999999999999999,0.11000000000000004,112.0,0.6081773776296301,0.003302497523754038
4,0.054,0,360.21195641128287,567.0,70.45342124989689,15.073018894252456,1702.0,288.35809685931844,62.56119288053815,0.0,0.0,0.0,7.0,0.7,0.07,120.0,0.6516186188888894,0.0035383902040221835
5,0.054,0,360.10808921686237,566.0,71.50407768404423,16.392773956571705,1701.0,287.2391937252536,61.784797681319716,0.0,0.0,0.0,8.0,0.7999999999999999,0.08000000000000002,99.0,0.5375853605833337,0.002919171918318302
