id,probability_maraud,successful_mating,next_foraging_time,foraging_events,foraging_hrs,foraging_sqhrs,staying_events,staying_hrs,staying_sqhrs,repairing_events,repairing_hrs,repairing_sqhrs,marauding_events,marauding_hrs,marauding_sqhrs,traveling_events,traveling_hrs,traveling_sqhrs
0,0.0,8,360.3455675818862,568.0,71.0032941258857,14.903415766709784,1500.0,251.9795889415745,53.449630761654525,219.0,37.042141819872775,7.91555143644188,0.0,0.0,0.0,0.0,0.0,0.0
1,0.054,10,360.30235294840185,566.0,71.42151138124449,15.579007622735023,1451.0,244.61058210458162,52.03868735227938,249.0,42.52817275090042,9.35506755426359,13.0,1.3,0.13000000000000006,73.0,0.396401326490741,0.0021525207074468296
2,0.054,10,360.5497754927279,563.0,68.94723730370018,13.6781107037345,1461.0,247.2659376359222,53.116040047499716,267.0,42.51060991422596,8.751937562589093,10.0,0.9999999999999999,0.10000000000000003,83.0,0.4507028780648151,0.0024473865577820113
3,0.054,8,360.0828421116954,572.0,68.01017559564002,13.508758403754381,1352.0,229.4485778421254,49.421089962263096,361.0,60.99376610749346,12.815568187931248,12.0,1.2,0.12000000000000005,70.0,0.38011086101851876,0.002064060952346275
4,0.054,13,360.3099053007078,556.0,70.58370750155098,15.786983117477336,1477.0,251.01846438479515,53.83739752416518,220.0,36.5383147046128,7.768750506323561,15.0,1.5000000000000002,0.15000000000000008,82.0,0.4452727229074077,0.002417899972748493
5,0.0,5,359.7496629581525,583.0,70.91883310431534,14.171843730666316,1244.0,209.72566099926536,45.2438798749008,463.0,79.41972650108794,17.172746210777063,0.0,0.0,0.0,0.0,0.0,0.0
