id,probability_maraud,successful_mating,next_foraging_time,foraging_events,foraging_hrs,foraging_sqhrs,staying_events,staying_hrs,staying_sqhrs,repairing_events,repairing_hrs,repairing_sqhrs,marauding_events,marauding_hrs,marauding_sqhrs,traveling_events,traveling_hrs,traveling_sqhrs
0,0.0,11,360.4293311628542,575.0,69.73767533698067,13.954188505131572,662.0,110.38268505428584,23.416288920491358,1066.0,179.87994187366266,38.48969509298914,0.0,0.0,0.0,0.0,0.0,0.0
1,0.054,43,360.4699706112685,575.0,69.44885847671286,14.32442648116387,1720.0,289.67508938488294,61.72837732650083,0.0,0.0,0.0,6.0,0.6,0.06000000000000001,108.0,0.5864567570000004,0.0031845511836199655
2,0.054,0,360.2000950129812,570.0,69.60181923991006,14.19801380898883,1753.0,288.9174969962136,61.33073287091947,0.0,0.0,0.0,9.0,0.8999999999999999,0.09000000000000002,113.0,0.6136075327870375,0.0033319841087875563
3,0.0,0,360.2554722782897,563.0,68.37543424343865,14.165283537071916,1717.0,291.8260140994643,62.87188152957093,0.0,0.0,0.0,0.0,0.0,0.0,0.0,0.0,0.0
4,0.054,0,360.03618397151826,565.0,71.37233124500393,15.684132836014205,1718.0,287.6507494112853,61.35891136904107,0.0,0.0,0.0,5.0,0.5,0.05000000000000001,99.0,0.5375853605833337,0.002919171918318302
5,0.054,0,360.3043594195108,565.0,71.6444589371477,15.740776469904185,1703.0,286.86066091177975,61.11941875513159,0.0,0.0,0.0,10.0,0.9999999999999999,0.10000000000000003,107.0,0.581026601842593,0.0031550645985864473
