id,probability_maraud,successful_mating,next_foraging_time,foraging_events,foraging_hrs,foraging_sqhrs,staying_events,staying_hrs,staying_sqhrs,repairing_events,repairing_hrs,repairing_sqhrs,marauding_events,marauding_hrs,marauding_sqhrs,traveling_events,traveling_hrs,traveling_sqhrs
0,0.054,12,360.49995442497675,573.0,77.95126982049456,17.874380450719663,691.0,116.197052859316,24.716781410299955,976.0,165.27864789660413,35.11728673920525,4.0,0.4,0.04000000000000001,40.0,0.21720620629629642,0.0011794634013407301
1,0.0,42,359.86655120317005,542.0,70.26588389833425,15.070448762805402,1514.0,265.32689204130537,58.07550187594162,144.0,24.510186187976277,5.378170576101283,0.0,0.0,0.0,0.0,0.0,0.0
2,0.0,0,360.0477798273415,567.0,70.52097953052062,14.659020802230442,1717.0,289.6459588446692,61.862976775056595,0.0,0.0,0.0,0.0,0.0,0.0,0.0,0.0,0.0
3,0.054,0,360.37470590612907,577.0,70.05870055533248,13.840848678553993,1688.0,288.85212197593023,62.63989555301538,0.0,0.0,0.0,7.0,0.7,0.07,105.0,0.5701662915277782,0.003096091428519411
4,0.054,0,359.96161116715746,560.0,71.24307428197945,14.941462371946931,1696.0,287.34343677980166,62.61227555902213,0.0,0.0,0.0,9.0,0.8999999999999999,0.09000000000000002,102.0,0.553875826055556,0.0030076316734188565
5,0.054,0,360.54515085488123,567.0,73.55862036010616,17.211338108917147,1683.0,284.65561736739346,61.13266937397231,0.0,0.0,0.0,12.0,1.2,0.12000000000000005,121.0,0.6570487740462968,0.0035678767890557016
