id,probability_maraud,successful_mating,next_foraging_time,foraging_events,foraging_hrs,foraging_sqhrs,staying_events,staying_hrs,staying_sqhrs,repairing_events,repairing_hrs,repairing_sqhrs,marauding_events,marauding_hrs,marauding_sqhrs,traveling_events,traveling_hrs,traveling_sqhrs
0,0.054,9,360.4135524508707,558.0,72.33538574934387,15.391324241064758,1367.0,231.96926955346075,49.60494394716016,309.0,53.17242406015964,11.546262246671994,21.0,2.1000000000000005,0.21000000000000013,96.0,0.5212948951111115,0.0028307121632177475
1,0.054,8,359.981772266764,573.0,72.88300668762942,15.500300337840413,1289.0,218.70120461045585,47.15737834177074,390.0,66.90779529293651,14.23918812882794,11.0,1.0999999999999999,0.11000000000000004,79.0,0.4289822574351855,0.0023294402176479386
2,0.054,10,360.10123679271163,562.0,69.39842104717533,14.044421693311017,1394.0,234.66842734753976,50.477353816710995,322.0,54.63957908341124,11.691487557547342,9.0,0.8999999999999999,0.09000000000000002,77.0,0.41812194712037065,0.0022704670475809023
3,0.0,4,360.7703715012,557.0,70.68711635845266,14.695481163810252,1359.0,228.0091385760892,48.57483350675428,366.0,61.42436042837102,13.266780210394389,0.0,0.0,0.0,0.0,0.0,0.0
4,0.054,10,360.6902954256293,572.0,76.09126077988056,15.934301473749342,1413.0,236.07401993011268,49.43779782577572,280.0,45.8253488590096,9.250718601082626,17.0,1.7000000000000004,0.1700000000000001,90.0,0.488713964166667,0.0026537926530166385
5,0.0,13,360.2453759724449,562.0,71.59668268659793,16.023802004325738,1329.0,226.4464484888394,48.74602724434414,371.0,61.96142983894675,13.416395192095417,0.0,0.0,0.0,0.0,0.0,0.0
