id,probability_maraud,successful_mating,next_foraging_time,foraging_events,foraging_hrs,foraging_sqhrs,staying_events,staying_hrs,staying_sqhrs,repairing_events,repairing_hrs,repairing_sqhrs,marauding_events,marauding_hrs,marauding_sqhrs,traveling_events,traveling_hrs,traveling_sqhrs
0,0.0,13,360.30846999315486,568.0,70.58648762477183,13.79206306815966,1423.0,240.79954201902402,52.56325520593243,291.0,48.6216254553231,10.145065776555382,0.0,0.0,0.0,0.0,0.0,0.0
1,0.054,8,360.2390591636818,573.0,71.16683054481719,14.899182092352191,1512.0,244.7556887424393,50.877551854597655,244.0,42.63040664038905,9.551025148228158,13.0,1.3,0.13000000000000006,72.0,0.3909711713333336,0.0021230341224133115
2,0.054,4,360.0058848115656,578.0,66.64628490397006,13.310883192639718,1497.0,249.33164016993854,53.25794745647507,257.0,42.63307068291052,9.070015520727367,10.0,0.9999999999999999,0.10000000000000003,81.0,0.4398425677500003,0.002388413387714975
3,0.054,9,359.9064040732163,559.0,72.46012931368314,15.8980256602386,1332.0,224.4240389653523,47.451838314268784,371.0,61.61982839228144,13.180139139718486,11.0,1.0999999999999999,0.11000000000000004,76.0,0.41269179196296324,0.002240980462547384
4,0.0,6,359.88859209320924,576.0,69.46568339123667,13.974716663757983,1310.0,217.57008011743574,45.63039241788541,440.0,73.12013168990111,15.261138829153783,0.0,0.0,0.0,0.0,0.0,0.0
5,0.054,14,360.21657417194746,554.0,71.9199639227273,15.107943489756595,1539.0,261.79390477437846,55.99240505589358,141.0,24.399276773423303,5.365131321333847,14.0,1.4000000000000001,0.14000000000000007,93.0,0.5050044296388893,0.002742252408117193
