id,probability_maraud,successful_mating,next_foraging_time,foraging_events,foraging_hrs,foraging_sqhrs,staying_events,staying_hrs,staying_sqhrs,repairing_events,repairing_hrs,repairing_sqhrs,marauding_events,marauding_hrs,marauding_sqhrs,traveling_events,traveling_hrs,traveling_sqhrs
0,0.0,17,360.4756239289926,570.0,67.80049562105648,13.91917797953392,720.0,121.38986123145882,26.220393640301825,1015.0,170.82074752418447,36.45125538083857,0.0,0.0,0.0,0.0,0.0,0.0
1,0.054,37,360.3916422913409,578.0,72.3078904493458,15.365237599976584,1667.0,286.6650303460004,61.9270193237505,0.0,0.0,0.0,6.0,0.6,0.06000000000000001,92.0,0.49957427448148184,0.002712765823083675
2,0.054,0,360.31297658439183,558.0,68.3311143362269,14.207153852415788,1731.0,290.3888749866314,61.68948407735161,0.0,0.0,0.0,8.0,0.7999999999999999,0.08000000000000002,98.0,0.5321552054259263,0.002889685333284784
3,0.054,0,360.16740892324793,567.0,73.71352089555207,16.271803783480635,1697.0,285.4272114182232,60.80438606374912,0.0,0.0,0.0,6.0,0.6,0.06000000000000001,101.0,0.5484456708981486,0.0029781450883853383
4,0.0,0,360.2687696999387,579.0,69.90714415920112,14.346764909176665,1715.0,290.2280089634169,61.99244325235332,0.0,0.0,0.0,0.0,0.0,0.0,0.0,0.0,0.0
5,0.054,0,360.09356049685533,561.0,69.63362835391128,14.289659288894175,1687.0,289.1323891844412,63.323558538227715,0.0,0.0,0.0,8.0,0.7999999999999999,0.08000000000000002,101.0,0.5484456708981486,0.0029781450883853383
