id,probability_maraud,successful_mating,next_foraging_time,foraging_events,foraging_hrs,foraging_sqhrs,staying_events,staying_hrs,staying_sqhrs,repairing_events,repairing_hrs,repairing_sqhrs,marauding_events,marauding_hrs,marauding_sqhrs,traveling_events,traveling_hrs,traveling_sqhrs
0,0.054,21,360.2880178504894,580.0,71.40177592697704,13.899486224806436,889.0,153.60397040316286,33.030682373535186,823.0,134.3822230551166,28.497641151051056,6.0,0.6,0.06000000000000001,43.0,0.23349667176851865,0.0012679231564412846
1,0.054,33,360.25628058808184,564.0,71.99005978056013,15.227010288490607,1462.0,250.22607716518183,54.17148151476256,221.0,36.807326954578805,7.964804510364672,7.0,0.7,0.07,81.0,0.4398425677500003,0.002388413387714975
2,0.054,0,360.6180604415166,572.0,74.99296989953389,15.626220280462089,1693.0,283.79976474194916,60.45088570268263,0.0,0.0,0.0,8.0,0.7999999999999999,0.08000000000000002,77.0,0.41812194712037065,0.0022704670475809023
3,0.054,0,360.3118098412552,555.0,73.69014366757841,16.498383121075094,1660.0,285.13446540672396,62.44163778446227,0.0,0.0,0.0,7.0,0.7,0.07,95.0,0.5158647399537041,0.0028012255781842293
4,0.0,0,360.01744974882484,570.0,69.01257232366031,13.779280735963958,1725.0,291.0230952470515,62.204550796345956,0.0,0.0,0.0,0.0,0.0,0.0,0.0,0.0,0.0
5,0.0,0,360.5032184576953,568.0,72.03924883872297,14.717514979157313,1668.0,287.9828887298173,62.24937024167744,0.0,0.0,0.0,0.0,0.0,0.0,0.0,0.0,0.0
