id,probability_maraud,successful_mating,next_foraging_time,foraging_events,foraging_hrs,foraging_sqhrs,staying_events,staying_hrs,staying_sqhrs,repairing_events,repairing_hrs,repairing_sqhrs,marauding_events,marauding_hrs,marauding_sqhrs,traveling_events,traveling_hrs,traveling_sqhrs
0,0.054,10,360.0221740653121,576.0,66.86233330695589,12.446682501743298,1608.0,273.3539403498306,57.68959939992245,108.0,18.20520926097121,3.961193291681781,11.0,1.0999999999999999,0.11000000000000004,93.0,0.5050044296388893,0.002742252408117193
1,0.0,5,360.0937659213133,574.0,73.63470778917304,15.693830588020301,1227.0,213.0784699306339,45.82449982064821,431.0,73.53764289428234,15.760153542206258,0.0,0.0,0.0,0.0,0.0,0.0
2,0.0,5,360.11098039474325,556.0,68.34301618566964,13.573015350155567,1384.0,236.00240977727816,50.8258975957582,336.0,55.76240906448673,11.904945190806082,0.0,0.0,0.0,0.0,0.0,0.0
3,0.054,7,360.5489346380727,569.0,77.12142433893084,17.380242900843037,1408.0,238.19688179177075,51.122178078507275,245.0,42.940012570369994,9.419791335691599,14.0,1.4000000000000001,0.14000000000000007,96.0,0.5212948951111115,0.0028307121632177475
4,0.054,12,360.32189489011586,571.0,70.50378091623678,14.041868171374402,1404.0,239.440434576177,50.955698895885526,282.0,48.83951920871269,10.597403391776291,10.0,0.9999999999999999,0.10000000000000003,73.0,0.396401326490741,0.0021525207074468296
5,0.054,15,360.228641275271,553.0,73.0879661638614,15.468884744654263,1443.0,244.78334711759103,52.345060743666984,240.0,40.61753205251677,8.426422162156628,12.0,1.2,0.12000000000000005,83.0,0.4507028780648151,0.0024473865577820113
