id,probability_maraud,successful_mating,next_foraging_time,foraging_events,foraging_hrs,foraging_sqhrs,staying_events,staying_hrs,staying_sqhrs,repairing_events,repairing_hrs,repairing_sqhrs,marauding_events,marauding_hrs,marauding_sqhrs,traveling_events,traveling_hrs,traveling_sqhrs
0,0.0,19,359.90793581717577,562.0,72.70050447976672,15.268313044510124,742.0,127.09497580250626,27.041411009502422,957.0,160.39682298159022,33.70056408659427,0.0,0.0,0.0,0.0,0.0,0.0
1,0.054,35,359.96198543715525,561.0,67.86386625223147,13.588669914598768,1746.0,291.21755498754175,61.754390142498224,0.0,0.0,0.0,7.0,0.7,0.07,91.0,0.4941441193240744,0.0026832792380501566
2,0.0,0,360.1252084272915,559.0,70.21112003681885,15.251312654643206,1688.0,289.8027738738169,62.47584793065363,0.0,0.0,0.0,0.0,0.0,0.0,0.0,0.0,0.0
3,0.054,0,360.1318335095108,566.0,68.62221729469103,14.081422964037266,1721.0,289.77227572446503,62.105176615237724,0.0,0.0,0.0,13.0,1.3,0.13000000000000006,104.0,0.5647361363703708,0.003066604843485893
4,0.054,0,360.425270690346,564.0,66.4775881600584,12.751788489991739,1662.0,292.61619369694716,64.56745605733829,0.0,0.0,0.0,5.0,0.5,0.05000000000000001,110.0,0.5973170673148153,0.003243524353687002
5,0.054,0,360.0714007596651,556.0,71.76849260179645,14.639946676507192,1746.0,287.4789764976854,60.76893474744072,0.0,0.0,0.0,2.0,0.2,0.020000000000000004,102.0,0.553875826055556,0.0030076316734188565
