id,probability_maraud,successful_mating,next_foraging_time,foraging_events,foraging_hrs,foraging_sqhrs,staying_events,staying_hrs,staying_sqhrs,repairing_events,repairing_hrs,repairing_sqhrs,marauding_events,marauding_hrs,marauding_sqhrs,traveling_events,traveling_hrs,traveling_sqhrs
0,0.0,4,360.116685864977,557.0,74.69729677148308,17.024202287685004,956.0,164.57267770217356,36.052157951381645,709.0,120.80923411161747,26.068477733924144,0.0,0.0,0.0,0.0,0.0,0.0
1,0.054,14,360.0114956503436,570.0,70.75815269030214,14.933022512172593,1699.0,288.2634738054477,62.22926874625453,0.0,0.0,0.0,10.0,0.9999999999999999,0.10000000000000003,88.0,0.19123531321481446,0.0004155789206860043
