id,probability_maraud,successful_mating,next_foraging_time,foraging_events,foraging_hrs,foraging_sqhrs,staying_events,staying_hrs,staying_sqhrs,repairing_events,repairing_hrs,repairing_sqhrs,marauding_events,marauding_hrs,marauding_sqhrs,traveling_events,traveling_hrs,traveling_sqhrs
0,0.0,3,360.3721074961191,567.0,66.98377926276113,12.189683203887244,904.0,158.13338039512374,34.8039381966081,789.0,134.99320007428346,29.299656010204245,0.0,0.0,0.0,0.0,0.0,0.0
1,0.054,15,359.87563201207325,567.0,71.36826999936626,15.27708310312595,1714.0,287.31641064501116,60.46631991156906,0.0,0.0,0.0,12.0,1.2,0.12000000000000005,91.0,0.1977546988925922,0.000429746383891209
