id,probability_maraud,successful_mating,next_foraging_time,foraging_events,foraging_hrs,foraging_sqhrs,staying_events,staying_hrs,staying_sqhrs,repairing_events,repairing_hrs,repairing_sqhrs,marauding_events,marauding_hrs,marauding_sqhrs,traveling_events,traveling_hrs,traveling_sqhrs
0,0.0,8,360.0616994178736,553.0,74.6398920570085,15.98625243889956,978.0,167.59556633994123,35.820472853903645,715.0,117.83546090907565,24.72784614956628,0.0,0.0,0.0,0.0,0.0,0.0
1,0.054,10,360.2698609060241,578.0,70.54708259053938,14.336773247356769,1714.0,288.3013034234899,61.70183396498264,0.0,0.0,0.0,10.0,0.9999999999999999,0.10000000000000003,87.0,0.18906218465555522,0.0004108564329509361
