id,probability_maraud,successful_mating,next_foraging_time,foraging_events,foraging_hrs,foraging_sqhrs,staying_events,staying_hrs,staying_sqhrs,repairing_events,repairing_hrs,repairing_sqhrs,marauding_events,marauding_hrs,marauding_sqhrs,traveling_events,traveling_hrs,traveling_sqhrs
0,0.0,7,359.95870544635306,564.0,68.50162481554,14.166369196845041,998.0,170.18293378105616,36.51923402105876,711.0,121.34227276796062,26.788950381204682,0.0,0.0,0.0,0.0,0.0,0.0
1,0.054,11,359.92571656545726,561.0,70.4713119593028,14.0923767626428,1735.0,288.39863805865684,60.68757171613118,0.0,0.0,0.0,10.0,0.9999999999999999,0.10000000000000003,90.0,0.19558157033333295,0.0004250238961561408
