id,probability_maraud,successful_mating,next_foraging_time,foraging_events,foraging_hrs,foraging_sqhrs,staying_events,staying_hrs,staying_sqhrs,repairing_events,repairing_hrs,repairing_sqhrs,marauding_events,marauding_hrs,marauding_sqhrs,traveling_events,traveling_hrs,traveling_sqhrs
0,0.0,3,360.00130866466503,559.0,71.92852214654661,15.41764251273749,993.0,167.4962814824861,36.231076815403604,718.0,120.82334857131107,25.361355085547206,0.0,0.0,0.0,0.0,0.0,0.0
1,0.054,15,360.4132864123476,566.0,70.96871822322447,14.256679641141384,1716.0,287.8865270007743,60.930547708936885,0.0,0.0,0.0,10.0,0.9999999999999999,0.10000000000000003,89.0,0.1934084417740737,0.00042030140842107256
