id,probability_maraud,successful_mating,next_foraging_time,foraging_events,foraging_hrs,foraging_sqhrs,staying_events,staying_hrs,staying_sqhrs,repairing_events,repairing_hrs,repairing_sqhrs,marauding_events,marauding_hrs,marauding_sqhrs,traveling_events,traveling_hrs,traveling_sqhrs
0,0.0,4,360.17863061033637,562.0,69.7617730666556,14.272532510714221,944.0,159.97595733407,34.27583595453397,747.0,130.37236650104762,28.832576277700504,0.0,0.0,0.0,0.0,0.0,0.0
1,0.054,14,360.6726140928817,557.0,70.36709310271883,14.514895703122857,1704.0,288.4857109701653,61.47409500490659,0.0,0.0,0.0,11.0,1.0999999999999999,0.11000000000000004,116.0,0.25208291287407336,0.0005478085772679149
