id,probability_maraud,successful_mating,next_foraging_time,foraging_events,foraging_hrs,foraging_sqhrs,staying_events,staying_hrs,staying_sqhrs,repairing_events,repairing_hrs,repairing_sqhrs,marauding_events,marauding_hrs,marauding_sqhrs,traveling_events,traveling_hrs,traveling_sqhrs
0,0.0,8,360.5295768292409,572.0,74.1800502574371,15.68199907601352,920.0,152.8220815121383,31.84836334752802,768.0,133.04394199240022,29.227987409954928,0.0,0.0,0.0,0.0,0.0,0.0
1,0.054,10,360.29846945785005,567.0,65.68909379953877,12.276743082809027,1721.0,293.0182905251039,62.56560467525947,0.0,0.0,0.0,11.0,1.0999999999999999,0.11000000000000004,98.0,0.21296659880740693,0.00046280379803668667
