id,probability_maraud,successful_mating,next_foraging_time,foraging_events,foraging_hrs,foraging_sqhrs,staying_events,staying_hrs,staying_sqhrs,repairing_events,repairing_hrs,repairing_sqhrs,marauding_events,marauding_hrs,marauding_sqhrs,traveling_events,traveling_hrs,traveling_sqhrs
0,0.0,5,360.2223927777085,570.0,67.95958178915542,13.506369195121161,1021.0,171.51357438444342,36.47481601992422,709.0,120.6933290065485,25.785409129627,0.0,0.0,0.0,0.0,0.0,0.0
1,0.054,13,360.1691572389729,572.0,69.14378600706857,14.103308388033918,1697.0,289.7940521301641,62.45623217527842,0.0,0.0,0.0,10.0,0.9999999999999999,0.10000000000000003,98.0,0.21296659880740693,0.00046280379803668667
