id,probability_maraud,successful_mating,next_foraging_time,foraging_events,foraging_hrs,foraging_sqhrs,staying_events,staying_hrs,staying_sqhrs,repairing_events,repairing_hrs,repairing_sqhrs,marauding_events,marauding_hrs,marauding_sqhrs,traveling_events,traveling_hrs,traveling_sqhrs
0,0.0,5,359.9933492700976,574.0,73.28098826638822,15.933920384492264,1059.0,177.8555122621944,37.96986184672775,648.0,108.88122145258356,22.87880263463766,0.0,0.0,0.0,0.0,0.0,0.0
1,0.054,13,360.10273274354574,557.0,73.73636535623972,16.056880546144424,1676.0,285.33414348951743,60.739677404295534,0.0,0.0,0.0,9.0,0.8999999999999999,0.09000000000000002,91.0,0.1977546988925922,0.000429746383891209
