id,probability_maraud,successful_mating,next_foraging_time,foraging_events,foraging_hrs,foraging_sqhrs,staying_events,staying_hrs,staying_sqhrs,repairing_events,repairing_hrs,repairing_sqhrs,marauding_events,marauding_hrs,marauding_sqhrs,traveling_events,traveling_hrs,traveling_sqhrs
0,0.0,9,360.04797416760346,552.0,72.27812055981207,15.559427896065694,1042.0,178.5445296821593,38.77804506508436,626.0,109.2845495117367,24.21466990742635,0.0,0.0,0.0,0.0,0.0,0.0
1,0.054,9,360.16705436151005,564.0,72.6159048239415,15.554578667068967,1754.0,286.2667254238926,59.49028914640304,0.0,0.0,0.0,9.0,0.8999999999999999,0.09000000000000002,105.0,0.22817849872222165,0.0004958612121821643
