id,probability_maraud,successful_mating,next_foraging_time,foraging_events,foraging_hrs,foraging_sqhrs,staying_events,staying_hrs,staying_sqhrs,repairing_events,repairing_hrs,repairing_sqhrs,marauding_events,marauding_hrs,marauding_sqhrs,traveling_events,traveling_hrs,traveling_sqhrs
0,0.0,4,360.2764546536659,576.0,66.71889619247328,12.692022954722816,937.0,159.55112266316982,34.183773844724875,804.0,133.8432627307768,28.403540296664833,0.0,0.0,0.0,0.0,0.0,0.0
1,0.054,14,360.08425325324083,577.0,67.22602666401629,13.015873282200623,1685.0,291.401376292034,63.72964781103262,0.0,0.0,0.0,12.0,1.2,0.12000000000000005,102.0,0.2216591130444439,0.0004816937489769596
