id,probability_maraud,successful_mating,next_foraging_time,foraging_events,foraging_hrs,foraging_sqhrs,staying_events,staying_hrs,staying_sqhrs,repairing_events,repairing_hrs,repairing_sqhrs,marauding_events,marauding_hrs,marauding_sqhrs,traveling_events,traveling_hrs,traveling_sqhrs
0,0.0,1,360.3614905285515,561.0,72.78503149373793,15.190167107848108,991.0,166.69484131435908,35.618482251967826,723.0,120.62181715492153,25.871641380661803,0.0,0.0,0.0,0.0,0.0,0.0
1,0.054,16,360.24575611595634,562.0,73.61855642543466,16.053506102961627,1678.0,285.24535503605546,61.72694250485424,0.0,0.0,0.0,10.0,0.9999999999999999,0.10000000000000003,100.0,0.21731285592592542,0.00047224877350682314
