id,probability_maraud,successful_mating,next_foraging_time,foraging_events,foraging_hrs,foraging_sqhrs,staying_events,staying_hrs,staying_sqhrs,repairing_events,repairing_hrs,repairing_sqhrs,marauding_events,marauding_hrs,marauding_sqhrs,traveling_events,traveling_hrs,traveling_sqhrs
0,0.0,6,360.17141358161797,549.0,69.88494390370039,15.213915977116075,1072.0,180.98355720869333,38.60494221531811,626.0,109.17267018185487,24.098413766575497,0.0,0.0,0.0,0.0,0.0,0.0
1,0.054,12,359.99237786889626,562.0,69.49865473595851,14.16402795940624,1714.0,289.5917165054095,62.16172001680614,0.0,0.0,0.0,9.0,0.8999999999999999,0.09000000000000002,95.0,0.2064472131296292,0.00044863633483148196
