id,probability_maraud,successful_mating,next_foraging_time,foraging_events,foraging_hrs,foraging_sqhrs,staying_events,staying_hrs,staying_sqhrs,repairing_events,repairing_hrs,repairing_sqhrs,marauding_events,marauding_hrs,marauding_sqhrs,traveling_events,traveling_hrs,traveling_sqhrs
0,0.0,7,360.47739583465693,570.0,73.28136961471209,15.469168396381303,1075.0,177.96387445769,37.271937507888,629.0,108.86373848477736,23.99831590179588,0.0,0.0,0.0,0.0,0.0,0.0
1,0.054,11,360.2441841082645,552.0,69.82628756590445,14.634697126489659,1710.0,289.1588562978957,61.79212454807438,0.0,0.0,0.0,9.0,0.8999999999999999,0.09000000000000002,103.0,0.22383224160370316,0.00048641623671202784
