id,probability_maraud,successful_mating,next_foraging_time,foraging_events,foraging_hrs,foraging_sqhrs,staying_events,staying_hrs,staying_sqhrs,repairing_events,repairing_hrs,repairing_sqhrs,marauding_events,marauding_hrs,marauding_sqhrs,traveling_events,traveling_hrs,traveling_sqhrs
0,0.0,9,360.12670571021505,567.0,68.97672125204636,13.329414619831068,1002.0,170.31849723933726,36.383241001353696,709.0,120.81638218817073,25.969973926923384,0.0,0.0,0.0,0.0,0.0,0.0
1,0.054,9,360.46703614390935,555.0,71.35176944134089,14.55789056839112,1679.0,287.4503392389032,62.03209184742091,0.0,0.0,0.0,10.0,0.9999999999999999,0.10000000000000003,93.0,0.2021009560111107,0.0004391913593613455
