id,probability_maraud,successful_mating,next_foraging_time,foraging_events,foraging_hrs,foraging_sqhrs,staying_events,staying_hrs,staying_sqhrs,repairing_events,repairing_hrs,repairing_sqhrs,marauding_events,marauding_hrs,marauding_sqhrs,traveling_events,traveling_hrs,traveling_sqhrs
0,0.0,6,360.058527997455,566.0,73.10561103023879,15.825348645243212,997.0,165.88556169123405,35.180710208880996,726.0,121.02909482447949,25.764870963172214,0.0,0.0,0.0,0.0,0.0,0.0
1,0.054,12,360.2213950763841,573.0,73.3933001840795,16.04390845223837,1676.0,285.47100992031073,61.234564822806576,0.0,0.0,0.0,10.0,0.9999999999999999,0.10000000000000003,74.0,0.160811513385185,0.00034946409239504904
