id,probability_maraud,successful_mating,next_foraging_time,foraging_events,foraging_hrs,foraging_sqhrs,staying_events,staying_hrs,staying_sqhrs,repairing_events,repairing_hrs,repairing_sqhrs,marauding_events,marauding_hrs,marauding_sqhrs,traveling_events,traveling_hrs,traveling_sqhrs
0,0.0,3,360.24206417091835,561.0,71.31567835284744,14.976647956723518,891.0,152.92991674671427,32.83373772707657,806.0,136.01496722859073,28.60494397697921,0.0,0.0,0.0,0.0,0.0,0.0
1,0.054,15,359.93096253652044,556.0,72.06677262035159,15.60279870746579,1699.0,286.5882160167264,61.10515650093473,0.0,0.0,0.0,12.0,1.2,0.12000000000000005,97.0,0.21079347024814768,0.00045808131030161843
