id,probability_maraud,successful_mating,next_foraging_time,foraging_events,foraging_hrs,foraging_sqhrs,staying_events,staying_hrs,staying_sqhrs,repairing_events,repairing_hrs,repairing_sqhrs,marauding_events,marauding_hrs,marauding_sqhrs,traveling_events,traveling_hrs,traveling_sqhrs
0,0.0,7,359.87772376550373,570.0,70.38782923952753,15.311828292039001,862.0,146.53485736501452,31.615703443477816,836.0,143.0891297329068,31.33890143376218,0.0,0.0,0.0,0.0,0.0,0.0
1,0.054,11,360.16434864302107,571.0,66.76255353424212,13.067239554330145,1716.0,291.8818206880172,62.67573242166049,0.0,0.0,0.0,12.0,1.2,0.12000000000000005,104.0,0.2260053701629624,0.0004911387244470961
