id,probability_maraud,successful_mating,next_foraging_time,foraging_events,foraging_hrs,foraging_sqhrs,staying_events,staying_hrs,staying_sqhrs,repairing_events,repairing_hrs,repairing_sqhrs,marauding_events,marauding_hrs,marauding_sqhrs,traveling_events,traveling_hrs,traveling_sqhrs
0,0.0,5,360.30758908767194,578.0,69.64371147829239,14.497910151215336,1078.0,182.69099186415016,38.51364080267214,628.0,107.69302926862974,23.405482433388357,0.0,0.0,0.0,0.0,0.0,0.0
1,0.054,13,360.18826639479056,559.0,70.89562571993356,15.670350886421382,1720.0,288.21494671918464,61.50278098819176,0.0,0.0,0.0,9.0,0.8999999999999999,0.09000000000000002,99.0,0.21513972736666617,0.0004675262857717549
