id,probability_maraud,successful_mating,next_foraging_time,foraging_events,foraging_hrs,foraging_sqhrs,staying_events,staying_hrs,staying_sqhrs,repairing_events,repairing_hrs,repairing_sqhrs,marauding_events,marauding_hrs,marauding_sqhrs,traveling_events,traveling_hrs,traveling_sqhrs
0,0.0,4,360.4835422419112,573.0,67.65626286528847,13.09095759023082,1191.0,200.7967317485078,42.21279186418736,546.0,91.68195582386524,19.359711293866663,0.0,0.0,0.0,0.0,0.0,0.0
1,0.054,14,359.9340898836963,553.0,72.17704736381138,16.08521104226635,1659.0,286.89231576248864,62.3731282286279,0.0,0.0,0.0,8.0,0.7999999999999999,0.08000000000000002,84.0,0.18254279897777748,0.0003966889697457314
