id,probability_maraud,successful_mating,next_foraging_time,foraging_events,foraging_hrs,foraging_sqhrs,staying_events,staying_hrs,staying_sqhrs,repairing_events,repairing_hrs,repairing_sqhrs,marauding_events,marauding_hrs,marauding_sqhrs,traveling_events,traveling_hrs,traveling_sqhrs
0,0.0,5,360.47714817744134,569.0,72.60110042329451,16.025100934861825,983.0,166.52159353871588,35.79686723973694,719.0,120.91860315657935,25.89661022095564,0.0,0.0,0.0,0.0,0.0,0.0
1,0.054,13,360.50470445970205,563.0,73.08054267103076,16.33508816933755,1704.0,285.8053647116813,60.6435673929121,0.0,0.0,0.0,10.0,0.9999999999999999,0.10000000000000003,105.0,0.22817849872222165,0.0004958612121821643
