id,probability_maraud,successful_mating,next_foraging_time,foraging_events,foraging_hrs,foraging_sqhrs,staying_events,staying_hrs,staying_sqhrs,repairing_events,repairing_hrs,repairing_sqhrs,marauding_events,marauding_hrs,marauding_sqhrs,traveling_events,traveling_hrs,traveling_sqhrs
0,0.0,9,360.20951336938435,567.0,73.89761384889219,16.075605151187276,1052.0,177.22260583125825,37.78321554893809,624.0,108.91701008997413,23.456008260946213,0.0,0.0,0.0,0.0,0.0,0.0
1,0.054,9,359.98964436474506,559.0,71.78486690648312,15.665351994203263,1706.0,287.1193381031055,61.44303044037541,0.0,0.0,0.0,9.0,0.8999999999999999,0.09000000000000002,109.0,0.23687101295925864,0.0005147511631224372
