id,probability_maraud,successful_mating,next_foraging_time,foraging_events,foraging_hrs,foraging_sqhrs,staying_events,staying_hrs,staying_sqhrs,repairing_events,repairing_hrs,repairing_sqhrs,marauding_events,marauding_hrs,marauding_sqhrs,traveling_events,traveling_hrs,traveling_sqhrs
0,0.0,5,359.8567026743035,576.0,70.78722390272715,14.772018462959497,945.0,162.1783688862797,35.36939265571184,770.0,127.14202733677698,26.655877762112233,0.0,0.0,0.0,0.0,0.0,0.0
1,0.054,13,360.6994626778661,575.0,71.23032327495025,14.004366563738838,1709.0,287.62967206647306,61.310582881549266,0.0,0.0,0.0,11.0,1.0999999999999999,0.11000000000000004,96.0,0.20862034168888843,0.0004533588225665502
