id,probability_maraud,successful_mating,next_foraging_time,foraging_events,foraging_hrs,foraging_sqhrs,staying_events,staying_hrs,staying_sqhrs,repairing_events,repairing_hrs,repairing_sqhrs,marauding_events,marauding_hrs,marauding_sqhrs,traveling_events,traveling_hrs,traveling_sqhrs
0,0.0,3,360.4288700384245,575.0,70.86165743703212,14.449873124006626,915.0,156.03836710409786,33.54386702675978,768.0,133.14021560757408,29.03657798363004,0.0,0.0,0.0,0.0,0.0,0.0
1,0.054,15,360.1014021840861,566.0,70.68655529190183,14.14590463611679,1713.0,288.28112211654934,62.13438611756961,0.0,0.0,0.0,11.0,1.0999999999999999,0.11000000000000004,83.0,0.18036967041851823,0.00039196648201066315
