id,probability_maraud,successful_mating,next_foraging_time,foraging_events,foraging_hrs,foraging_sqhrs,staying_events,staying_hrs,staying_sqhrs,repairing_events,repairing_hrs,repairing_sqhrs,marauding_events,marauding_hrs,marauding_sqhrs,traveling_events,traveling_hrs,traveling_sqhrs
0,0.0,7,359.93107893374696,575.0,66.36476366604968,12.504654898761729,1115.0,184.74009825183214,38.61496928556474,644.0,109.06195213954524,23.54128668800751,0.0,0.0,0.0,0.0,0.0,0.0
1,0.054,11,360.5400540619629,559.0,71.86014571553467,16.08573914135925,1684.0,287.05115314377736,61.40945937769506,0.0,0.0,0.0,9.0,0.8999999999999999,0.09000000000000002,93.0,0.2021009560111107,0.0004391913593613455
