id,probability_maraud,successful_mating,next_foraging_time,foraging_events,foraging_hrs,foraging_sqhrs,staying_events,staying_hrs,staying_sqhrs,repairing_events,repairing_hrs,repairing_sqhrs,marauding_events,marauding_hrs,marauding_sqhrs,traveling_events,traveling_hrs,traveling_sqhrs
0,0.0,5,360.2593124274142,572.0,72.84643962351845,15.331683481935437,991.0,166.3561579625621,35.37413460378451,726.0,120.8788674782256,25.446230440106167,0.0,0.0,0.0,0.0,0.0,0.0
1,0.054,13,360.4966115397487,558.0,69.15790881853108,14.415212034298191,1682.0,289.69982205477515,62.86368540715576,0.0,0.0,0.0,10.0,0.9999999999999999,0.10000000000000003,104.0,0.2260053701629624,0.0004911387244470961
