id,probability_maraud,successful_mating,next_foraging_time,foraging_events,foraging_hrs,foraging_sqhrs,staying_events,staying_hrs,staying_sqhrs,repairing_events,repairing_hrs,repairing_sqhrs,marauding_events,marauding_hrs,marauding_sqhrs,traveling_events,traveling_hrs,traveling_sqhrs
0,0.0,6,360.14473061620765,584.0,70.56491906813828,14.144543899826736,1117.0,191.7735649396544,41.92607208873698,566.0,97.75468077556783,21.13653278279173,0.0,0.0,0.0,0.0,0.0,0.0
1,0.054,12,360.4358219024945,574.0,70.13435731067504,15.184039404330052,1701.0,288.8498811539418,61.69001855006241,0.0,0.0,0.0,9.0,0.8999999999999999,0.09000000000000002,100.0,0.21731285592592542,0.00047224877350682314
