id,probability_maraud,successful_mating,next_foraging_time,foraging_events,foraging_hrs,foraging_sqhrs,staying_events,staying_hrs,staying_sqhrs,repairing_events,repairing_hrs,repairing_sqhrs,marauding_events,marauding_hrs,marauding_sqhrs,traveling_events,traveling_hrs,traveling_sqhrs
0,0.0,7,360.0325561702048,578.0,73.73084086981936,15.696102192101584,913.0,154.70582833822874,32.71224007259828,770.0,131.58495058331232,28.184075332929567,0.0,0.0,0.0,0.0,0.0,0.0
1,0.054,10,360.1968260285148,559.0,72.83949293856203,15.436959597653521,1689.0,286.10716357171043,60.99939341050231,0.0,0.0,0.0,11.0,1.0999999999999999,0.11000000000000004,97.0,0.21079347024814768,0.00045808131030161843
