id,probability_maraud,successful_mating,next_foraging_time,foraging_events,foraging_hrs,foraging_sqhrs,staying_events,staying_hrs,staying_sqhrs,repairing_events,repairing_hrs,repairing_sqhrs,marauding_events,marauding_hrs,marauding_sqhrs,traveling_events,traveling_hrs,traveling_sqhrs
0,0.0,4,360.53780642700605,561.0,72.58147280976986,15.463294267810214,843.0,142.5444379082856,30.657335465057052,877.0,144.92319008551496,30.651004585498498,0.0,0.0,0.0,0.0,0.0,0.0
1,0.054,14,360.6185492195351,562.0,68.77901705126249,13.627442227817184,1696.0,289.894653533493,62.495384863263254,0.0,0.0,0.0,12.0,1.2,0.12000000000000005,102.0,0.2216591130444439,0.0004816937489769596
