id,probability_maraud,successful_mating,next_foraging_time,foraging_events,foraging_hrs,foraging_sqhrs,staying_events,staying_hrs,staying_sqhrs,repairing_events,repairing_hrs,repairing_sqhrs,marauding_events,marauding_hrs,marauding_sqhrs,traveling_events,traveling_hrs,traveling_sqhrs
0,0.0,11,360.33636126847756,558.0,70.08356781964712,14.694157888577273,1699.0,283.84686550680993,59.7690172578363,39.0,6.115549657683483,1.2180220610895873,0.0,0.0,0.0,0.0,0.0,0.0
1,0.0,12,360.1567999896663,558.0,70.78011626076876,14.889903184175934,1559.0,264.8968377507178,57.40788362507846,138.0,24.438718214326364,5.461588555489586,0.0,0.0,0.0,0.0,0.0,0.0
2,0.0,6,360.46193776000615,572.0,72.3567157447913,15.229987358326527,1634.0,275.5573068077744,59.271793754864646,78.0,12.17847279625222,2.4750391776583682,0.0,0.0,0.0,0.0,0.0,0.0
3,0.0,8,359.8278879889271,567.0,70.3128636811044,14.542474059420481,1679.0,283.6946318668251,61.30057952014586,36.0,6.057396788691576,1.3581094698826957,0.0,0.0,0.0,0.0,0.0,0.0
4,0.0,12,360.2941702779527,555.0,71.45475673023368,14.540798556540883,1686.0,288.8410945752752,62.77372829018303,0.0,0.0,0.0,0.0,0.0,0.0,0.0,0.0,0.0
5,0.0,7,360.24457166510695,557.0,69.9664464184122,14.882712045528214,1651.0,277.8762235541131,59.04100867835885,67.0,12.26434514063539,2.7904588393486804,0.0,0.0,0.0,0.0,0.0,0.0
6,0.0,6,360.0794282758054,572.0,69.69048423104668,14.848525059710026,1604.0,272.2306530054775,58.78668217820227,109.0,18.27077496279354,3.883576565131548,0.0,0.0,0.0,0.0,0.0,0.0
7,0.0,7,360.49354639406636,566.0,69.10695950243164,14.095223235193464,1544.0,260.7298063402387,56.1647660684272,171.0,30.25135330966718,6.705171803275017,0.0,0.0,0.0,0.0,0.0,0.0
8,0.054,11,360.41977477902066,584.0,73.00648268056061,14.8529494735211,1652.0,284.08229993478125,61.28341203382184,0.0,0.0,0.0,24.0,2.400000000000001,0.24000000000000016,95.0,0.5158647399537041,0.0028012255781842293
9,0.0,13,360.0428411842181,559.0,71.355071088612,15.511363713379406,1634.0,276.43581907398453,59.10215758715926,76.0,12.324206799545278,2.490567470930454,0.0,0.0,0.0,0.0,0.0,0.0
10,0.0,6,360.79106161660565,562.0,70.6823479253448,14.89524580107427,1683.0,283.3249480478217,60.0012563503263,36.0,6.049758543842715,1.1731361818748673,0.0,0.0,0.0,0.0,0.0,0.0
11,0.0,9,360.6628235619837,567.0,66.54082110208722,12.750861791563654,1612.0,275.37337838032255,59.47171816725261,107.0,18.17611536613356,3.918881114214169,0.0,0.0,0.0,0.0,0.0,0.0
