id,probability_maraud,successful_mating,next_foraging_time,foraging_events,foraging_hrs,foraging_sqhrs,staying_events,staying_hrs,staying_sqhrs,repairing_events,repairing_hrs,repairing_sqhrs,marauding_events,marauding_hrs,marauding_sqhrs,traveling_events,traveling_hrs,traveling_sqhrs
0,0.0,13,360.08156442402293,572.0,72.63440109637988,15.718471833035895,1659.0,281.28799243320094,60.44881089685301,39.0,6.214029056435223,1.2250763535371962,0.0,0.0,0.0,0.0,0.0,0.0
1,0.0,13,360.06537971698975,556.0,70.52964950460887,14.735598271987676,1661.0,283.4449109100488,60.67923973368477,38.0,6.066371595419414,1.2706586189947158,0.0,0.0,0.0,0.0,0.0,0.0
2,0.0,9,360.11719682411945,564.0,70.53081497964614,14.300072709337396,1758.0,289.6401708173636,61.216222079025705,0.0,0.0,0.0,0.0,0.0,0.0,0.0,0.0,0.0
3,0.0,8,360.2682327428284,570.0,69.5435031806608,13.640116214425058,1626.0,278.23333366258265,60.52129656334935,73.0,12.240855781602313,2.572506105513352,0.0,0.0,0.0,0.0,0.0,0.0
4,0.0,3,360.33281647821104,564.0,71.7366763885375,16.49419958709686,1634.0,276.0803921032038,58.549558310353966,60.0,12.319122790283277,2.976137748074399,0.0,0.0,0.0,0.0,0.0,0.0
5,0.0,9,360.30271115417344,554.0,65.23379044457877,12.556287010619409,1677.0,288.69116573887635,63.12649508505289,35.0,6.1165828324082225,1.4259697675504215,0.0,0.0,0.0,0.0,0.0,0.0
6,0.054,13,360.2319488459011,552.0,70.42716316396485,15.06002954985472,1686.0,287.6868879190669,61.97368760208822,0.0,0.0,0.0,15.0,1.5000000000000002,0.15000000000000008,89.0,0.4832838090092596,0.0026243060679831203
7,0.0,9,360.462382693641,568.0,71.22595410794948,14.715128934503277,1676.0,282.62646275960714,60.20567799411639,36.0,6.17434011598291,1.3600071836489143,0.0,0.0,0.0,0.0,0.0,0.0
8,0.0,8,360.1196083113145,568.0,69.79141567992849,14.002708775488045,1593.0,272.21131596072564,59.262008895258376,109.0,18.13230634913951,3.9031795487121603,0.0,0.0,0.0,0.0,0.0,0.0
9,0.0,6,360.09184845887495,575.0,69.42560210001555,13.511295597777785,1734.0,290.5995689831682,61.450580855894266,0.0,0.0,0.0,0.0,0.0,0.0,0.0,0.0,0.0
10,0.0,10,360.27654124740576,567.0,70.95862594764408,15.340885941166448,1652.0,276.8713116577065,58.28665135618607,76.0,12.333193177981636,2.580030193139128,0.0,0.0,0.0,0.0,0.0,0.0
11,0.0,7,360.099037790155,566.0,69.34184536181746,14.52639706284366,1664.0,278.5757888441215,59.21306013810307,76.0,12.274823126403522,2.477706983271113,0.0,0.0,0.0,0.0,0.0,0.0
