id,probability_maraud,successful_mating,next_foraging_time,foraging_events,foraging_hrs,foraging_sqhrs,staying_events,staying_hrs,staying_sqhrs,repairing_events,repairing_hrs,repairing_sqhrs,marauding_events,marauding_hrs,marauding_sqhrs,traveling_events,traveling_hrs,traveling_sqhrs
0,0.0,5,360.08881396981025,579.0,66.94239001701138,12.21163273577789,1683.0,280.928671433475,60.045063175580275,67.0,12.142932367381428,2.8336767174488275,0.0,0.0,0.0,0.0,0.0,0.0
1,0.0,10,360.577941841851,582.0,68.72241931583267,13.191609853151752,1705.0,285.3633903212743,60.4401930022817,45.0,6.0309316585811255,0.9857113918550402,0.0,0.0,0.0,0.0,0.0,0.0
2,0.0,15,360.00365486816594,580.0,72.02142415568917,15.105067837501272,1615.0,275.96429498566727,59.61539475947287,75.0,12.061456344119446,2.519803541434633,0.0,0.0,0.0,0.0,0.0,0.0
3,0.0,7,360.2146129191921,554.0,67.55126268095671,13.936635405445166,1578.0,267.88519492414486,57.26315368375649,145.0,24.646775678878278,5.302903790574498,0.0,0.0,0.0,0.0,0.0,0.0
4,0.0,14,360.2187900554149,560.0,73.1260358532756,15.780542600654579,1690.0,280.88824956075206,59.64554858024261,41.0,6.030623840467334,1.2607632398951114,0.0,0.0,0.0,0.0,0.0,0.0
5,0.054,11,360.05504405166755,569.0,71.5425959683478,14.878281523461629,1686.0,286.4088346556535,61.485575393739914,0.0,0.0,0.0,18.0,1.8000000000000005,0.1800000000000001,91.0,0.4941441193240744,0.0026832792380501566
6,0.0,7,360.2788424717707,562.0,69.73503645303501,14.55050792597657,1692.0,284.28411059295183,60.00713313720005,42.0,6.101964129661819,1.1651773238154832,0.0,0.0,0.0,0.0,0.0,0.0
7,0.0,8,360.2259029751289,566.0,67.17974104781736,13.009576411822966,1701.0,292.83442371368125,63.667504327633736,0.0,0.0,0.0,0.0,0.0,0.0,0.0,0.0,0.0
8,0.0,5,360.944815425544,562.0,71.15561205096473,14.705087150225983,1608.0,276.87857999240487,60.76997221723121,71.0,12.178398846003207,2.5306791125997345,0.0,0.0,0.0,0.0,0.0,0.0
9,0.0,11,359.98492741890567,555.0,70.25709483482926,14.893393025148434,1611.0,271.3405961712142,57.92062249865027,111.0,18.441506603480637,3.906419092067969,0.0,0.0,0.0,0.0,0.0,0.0
10,0.0,10,360.81283892838155,576.0,68.7344363636848,13.219893265392194,1658.0,279.1822135263999,59.71564192718424,69.0,12.238549757815694,2.7743495344892084,0.0,0.0,0.0,0.0,0.0,0.0
11,0.0,5,360.5241855286266,580.0,73.28122889400136,15.296773551672405,1685.0,286.81131681292914,61.63192710157466,0.0,0.0,0.0,0.0,0.0,0.0,0.0,0.0,0.0
