id,probability_maraud,successful_mating,next_foraging_time,foraging_events,foraging_hrs,foraging_sqhrs,staying_events,staying_hrs,staying_sqhrs,repairing_events,repairing_hrs,repairing_sqhrs,marauding_events,marauding_hrs,marauding_sqhrs,traveling_events,traveling_hrs,traveling_sqhrs
0,0.054,14,360.0708826032064,566.0,73.04873338812565,15.031501541258354,1693.0,285.23019752696973,61.21272154706473,0.0,0.0,0.0,13.0,1.3,0.13000000000000006,90.0,0.488713964166667,0.0026537926530166385
1,0.0,8,360.1459925579011,564.0,70.3451921687481,14.534620740503717,1648.0,277.7159193562798,59.10722008121272,67.0,12.104727555698696,2.7341267696019633,0.0,0.0,0.0,0.0,0.0,0.0
2,0.0,9,360.54752185968425,567.0,68.37283459368784,13.621868976338185,1615.0,279.6981863429239,60.68357621447704,73.0,12.198652083060068,2.664423524562867,0.0,0.0,0.0,0.0,0.0,0.0
3,0.0,8,360.1426441316656,574.0,69.52462010659133,14.38155920222934,1698.0,284.51808978271936,61.677521407511094,37.0,6.000418441745803,1.1863958754692843,0.0,0.0,0.0,0.0,0.0,0.0
4,0.0,13,360.1468919499282,567.0,71.24036699224749,15.253333513280879,1679.0,282.973943002688,60.601954384947796,37.0,6.037863328803287,1.178448102753376,0.0,0.0,0.0,0.0,0.0,0.0
5,0.0,13,360.2224560558496,570.0,68.64248663218527,14.173039571999471,1690.0,285.34954120503164,61.084166329202944,37.0,6.01151952102663,1.205950442141292,0.0,0.0,0.0,0.0,0.0,0.0
6,0.0,7,360.1398954468198,575.0,72.23351533624162,15.176938217103364,1660.0,275.6741177127667,57.786833442885595,76.0,12.110631056964968,2.5353652645599785,0.0,0.0,0.0,0.0,0.0,0.0
7,0.0,5,360.6175598998397,577.0,70.83272521687302,14.258704200313689,1666.0,283.25962147977725,60.43525108437214,34.0,6.110947449095113,1.4298538907817093,0.0,0.0,0.0,0.0,0.0,0.0
8,0.0,4,360.5373555451736,569.0,73.37302752340324,15.958696212902293,1619.0,274.44564425372596,58.27461317897721,71.0,12.192758730034623,2.6471390228560217,0.0,0.0,0.0,0.0,0.0,0.0
9,0.0,13,360.02514745795906,573.0,68.1862139813216,13.745972641732706,1694.0,285.7702073979779,61.471442262901405,32.0,6.166807285160234,1.4281025832717025,0.0,0.0,0.0,0.0,0.0,0.0
10,0.0,5,360.2398916216729,563.0,70.10882959577572,13.73066057422703,1727.0,289.8961973474842,61.455707470624496,0.0,0.0,0.0,0.0,0.0,0.0,0.0,0.0,0.0
11,0.0,9,360.12095746109986,565.0,70.83137160343225,14.84821622368474,1699.0,289.28376953708585,62.58274425817195,0.0,0.0,0.0,0.0,0.0,0.0,0.0,0.0,0.0
