id,probability_maraud,successful_mating,next_foraging_time,foraging_events,foraging_hrs,foraging_sqhrs,staying_events,staying_hrs,staying_sqhrs,repairing_events,repairing_hrs,repairing_sqhrs,marauding_events,marauding_hrs,marauding_sqhrs,traveling_events,traveling_hrs,traveling_sqhrs
0,0.0,10,360.1742875237467,563.0,73.7789827766481,16.153378006027904,1603.0,268.03601996372464,57.11873062585666,99.0,18.287877233659348,4.216684744999289,0.0,0.0,0.0,0.0,0.0,0.0
1,0.0,10,360.0745763025874,563.0,70.67888503359288,14.754196687662064,1629.0,277.4288172415337,58.80414446505776,72.0,12.060212727996312,2.5865859851098407,0.0,0.0,0.0,0.0,0.0,0.0
2,0.0,12,360.2168817093352,555.0,66.5673792275845,12.724268075175354,1672.0,293.6436138784997,65.0055671955418,0.0,0.0,0.0,0.0,0.0,0.0,0.0,0.0,0.0
3,0.0,5,360.06591789976426,575.0,64.63646735114457,12.691549461310855,1703.0,282.4165755940966,59.99192672079063,79.0,13.04729956158917,2.689022099683435,0.0,0.0,0.0,0.0,0.0,0.0
4,0.0,6,360.0247317341019,572.0,69.17005534354927,13.663321780628536,1659.0,278.70153259522993,59.442225465715346,68.0,12.215308913927672,2.721820520575024,0.0,0.0,0.0,0.0,0.0,0.0
5,0.0,6,360.128046072569,563.0,71.03994721201967,15.996175025563593,1594.0,270.7052346261353,58.40147425344857,98.0,18.292717808550876,4.2134578669700895,0.0,0.0,0.0,0.0,0.0,0.0
6,0.0,14,360.78493800406886,577.0,68.34013868742059,13.572358404895146,1630.0,279.597737503014,60.34993719060441,63.0,12.185482728720846,2.81756154664138,0.0,0.0,0.0,0.0,0.0,0.0
7,0.0,9,360.2107938913253,564.0,75.12232385628887,16.455080151566175,1622.0,278.8046487223892,60.37598702740718,35.0,6.166507154297447,1.3318381956088619,0.0,0.0,0.0,0.0,0.0,0.0
8,0.0,7,360.09530968054383,556.0,68.47495419417507,14.425242904251917,1670.0,285.4910969521499,62.28670181277053,33.0,6.112281894357166,1.3425284806591897,0.0,0.0,0.0,0.0,0.0,0.0
9,0.0,11,360.0629667967925,565.0,73.84965612899263,16.249010529229448,1599.0,274.15612515626486,59.08232801783219,75.0,12.061331336347758,2.475651653777601,0.0,0.0,0.0,0.0,0.0,0.0
10,0.054,12,360.1225504992584,563.0,72.07611892525902,15.206220356897207,1699.0,285.4003984345838,60.8287077501187,0.0,0.0,0.0,21.0,2.1000000000000005,0.21000000000000013,95.0,0.5158647399537041,0.0028012255781842293
11,0.0,6,360.3246061417891,586.0,71.65449759697212,14.932498932892276,1656.0,276.4220376697623,58.33910854239121,69.0,12.056674372103592,2.5478233303651394,0.0,0.0,0.0,0.0,0.0,0.0
