id,probability_maraud,successful_mating,next_foraging_time,foraging_events,foraging_hrs,foraging_sqhrs,staying_events,staying_hrs,staying_sqhrs,repairing_events,repairing_hrs,repairing_sqhrs,marauding_events,marauding_hrs,marauding_sqhrs,traveling_events,traveling_hrs,traveling_sqhrs
0,0.0,8,359.853234525884,547.0,72.30518984340631,15.36409928447419,1692.0,281.695481098,60.4351742591993,34.0,6.128792513764042,1.275334113672768,0.0,0.0,0.0,0.0,0.0,0.0
1,0.0,14,360.85936878614206,559.0,72.49755166335501,15.881093231068283,1708.0,287.86633973450864,60.97548953579346,0.0,0.0,0.0,0.0,0.0,0.0,0.0,0.0,0.0
2,0.0,12,360.1079193406864,559.0,72.6024057807183,16.184108171088813,1713.0,287.59337944819436,61.92842903259723,0.0,0.0,0.0,0.0,0.0,0.0,0.0,0.0,0.0
3,0.0,6,360.1450887265141,580.0,65.30623413002522,12.102087717818755,1712.0,288.74285941927445,61.918408006510184,36.0,6.033086334228853,1.366158016479726,0.0,0.0,0.0,0.0,0.0,0.0
4,0.0,10,359.8912118131596,568.0,70.46910826616342,14.251417190105796,1643.0,277.498105836994,59.516289962915565,74.0,12.137075124127444,2.6219869662161437,0.0,0.0,0.0,0.0,0.0,0.0
5,0.0,10,360.27911520252303,559.0,75.7471373154218,17.207387838877363,1659.0,278.4063440459613,58.517301134806715,36.0,6.022867326381846,1.3614761394509565,0.0,0.0,0.0,0.0,0.0,0.0
6,0.0,7,360.4463491638635,558.0,70.80907663101445,14.453421555116368,1630.0,277.0260665070066,59.91094872453371,84.0,12.365747049623447,2.5267142887395893,0.0,0.0,0.0,0.0,0.0,0.0
7,0.0,8,360.18666791754686,569.0,71.33458162328768,15.346435142600246,1703.0,282.52923012697875,59.813380384930205,46.0,6.157603366953661,1.032061826838851,0.0,0.0,0.0,0.0,0.0,0.0
8,0.0,8,359.8797326108816,564.0,70.01046314659924,14.577142712496434,1722.0,290.1565684907449,62.071322413329824,0.0,0.0,0.0,0.0,0.0,0.0,0.0,0.0,0.0
9,0.054,11,360.5592382678379,573.0,71.6837326103991,15.265329555429144,1712.0,286.9154953376868,60.331308212719044,0.0,0.0,0.0,10.0,0.9999999999999999,0.10000000000000003,76.0,0.41269179196296324,0.002240980462547384
10,0.0,9,360.24768348395054,559.0,69.09100159946065,13.899699605937759,1733.0,291.1866972126519,61.88194541319028,0.0,0.0,0.0,0.0,0.0,0.0,0.0,0.0,0.0
11,0.0,5,360.1381695314806,554.0,69.17622179613633,14.3656045717184,1670.0,278.90255526829395,59.41875773725652,72.0,12.081294627343205,2.426696067926604,0.0,0.0,0.0,0.0,0.0,0.0
