id,probability_maraud,successful_mating,next_foraging_time,foraging_events,foraging_hrs,foraging_sqhrs,staying_events,staying_hrs,staying_sqhrs,repairing_events,repairing_hrs,repairing_sqhrs,marauding_events,marauding_hrs,marauding_sqhrs,traveling_events,traveling_hrs,traveling_sqhrs
0,0.0,8,360.1854681494885,577.0,71.3428180372575,14.703206178132906,1657.0,276.7015492803342,58.99757232638277,69.0,12.096955660836464,2.4740700103329663,0.0,0.0,0.0,0.0,0.0,0.0
1,0.0,7,360.31461733323073,575.0,70.52799037814289,14.720892132773146,1653.0,277.4534508167425,59.036045475233685,73.0,12.064722687198188,2.727138497872877,0.0,0.0,0.0,0.0,0.0,0.0
2,0.0,9,360.29327577547997,552.0,70.11922540332482,14.458520877994431,1680.0,283.8601530392862,60.61693404186642,38.0,6.214885158650041,1.394173774973907,0.0,0.0,0.0,0.0,0.0,0.0
3,0.054,6,360.0002146414228,568.0,69.87686858636174,14.326541895894412,1691.0,287.1385893578272,61.09944726174176,0.0,0.0,0.0,25.0,2.500000000000001,0.25000000000000017,112.0,0.6081773776296301,0.003302497523754038
4,0.0,10,360.38503338849523,563.0,69.46079967924243,14.115566699275968,1649.0,278.43713465459393,58.961716429288,74.0,12.143261917835819,2.369385132234735,0.0,0.0,0.0,0.0,0.0,0.0
5,0.0,10,360.45127545960946,560.0,73.2790102678025,15.754662210212382,1659.0,280.71774994106005,59.266542227161324,41.0,6.120355894158975,1.2194514655814694,0.0,0.0,0.0,0.0,0.0,0.0
6,0.0,13,360.4111258047688,558.0,67.34177278354458,13.311466804240847,1574.0,268.05157449141115,56.83015385251666,137.0,24.742247457094443,5.802018251582189,0.0,0.0,0.0,0.0,0.0,0.0
7,0.0,7,359.95537309099814,572.0,71.53938083793358,14.643041949671208,1668.0,282.43413331098003,61.22914033979282,42.0,6.037730426594641,1.152986456566821,0.0,0.0,0.0,0.0,0.0,0.0
8,0.0,14,360.11771034896896,558.0,69.61942277315244,14.842446119887175,1485.0,253.90442793201,54.956483000319935,213.0,36.67403396739413,7.961431782184962,0.0,0.0,0.0,0.0,0.0,0.0
9,0.0,8,360.00645440758933,562.0,72.20352968870013,15.00059759659936,1654.0,283.13724371400417,61.06238212572541,27.0,4.663886107966954,0.9961265631011681,0.0,0.0,0.0,0.0,0.0,0.0
10,0.0,10,359.97972517281164,567.0,70.18826675587346,15.275789491617461,1510.0,259.3465967094991,56.36853221736614,180.0,30.469002868074227,6.4732385906237795,0.0,0.0,0.0,0.0,0.0,0.0
11,0.0,6,360.00750020126236,573.0,73.28737607686162,16.166289687774217,1682.0,286.82294052422736,61.20940472448156,0.0,0.0,0.0,0.0,0.0,0.0,0.0,0.0,0.0
