id,probability_maraud,successful_mating,next_foraging_time,foraging_events,foraging_hrs,foraging_sqhrs,staying_events,staying_hrs,staying_sqhrs,repairing_events,repairing_hrs,repairing_sqhrs,marauding_events,marauding_hrs,marauding_sqhrs,traveling_events,traveling_hrs,traveling_sqhrs
0,0.0,35,360.0491968549251,575.0,70.80138519873834,14.522940399687366,1180.0,203.31645484617985,43.63927735369434,489.0,85.90679268023601,18.80150665765374,0.0,0.0,0.0,0.0,0.0,0.0
1,0.054,37,360.305526039288,564.0,70.7478926619329,14.468932498931645,1732.0,288.507831790012,61.29417174405804,0.0,0.0,0.0,4.0,0.4,0.04000000000000001,95.0,0.5158647399537041,0.0028012255781842293
2,0.0,0,360.79387547562897,573.0,69.43176496934572,13.91737475490046,1707.0,290.57531184436215,62.11220645440561,0.0,0.0,0.0,0.0,0.0,0.0,0.0,0.0,0.0
3,0.0,0,360.04439083058116,571.0,72.09007479245801,14.817409605754932,1691.0,287.93713845188034,62.0860381381792,0.0,0.0,0.0,0.0,0.0,0.0,0.0,0.0,0.0
4,0.0,0,360.15257950245564,572.0,72.18319020434708,14.871023708493754,1728.0,287.8770173327963,61.084636731691894,0.0,0.0,0.0,0.0,0.0,0.0,0.0,0.0,0.0
5,0.0,0,360.24023396328295,569.0,70.3237179127413,15.111132632879238,1708.0,289.6898958239228,61.638998844542684,0.0,0.0,0.0,0.0,0.0,0.0,0.0,0.0,0.0
6,0.054,0,360.1635664646413,566.0,71.43183067293681,14.759960781458707,1681.0,287.06491408177607,62.65899182782222,0.0,0.0,0.0,11.0,1.0999999999999999,0.11000000000000004,110.0,0.5973170673148153,0.003243524353687002
7,0.0,0,360.26763664118954,550.0,70.59306778590926,15.531793081635321,1743.0,289.56236658737845,61.6077040859755,0.0,0.0,0.0,0.0,0.0,0.0,0.0,0.0,0.0
