id,probability_maraud,successful_mating,next_foraging_time,foraging_events,foraging_hrs,foraging_sqhrs,staying_events,staying_hrs,staying_sqhrs,repairing_events,repairing_hrs,repairing_sqhrs,marauding_events,marauding_hrs,marauding_sqhrs,traveling_events,traveling_hrs,traveling_sqhrs
0,0.0,37,360.34075514663016,567.0,76.14664023374992,17.381521478023306,990.0,163.08878189623303,34.43977372362081,721.0,120.98762278966245,25.488230655011762,0.0,0.0,0.0,0.0,0.0,0.0
1,0.054,35,360.06191120628904,564.0,74.37961592354307,16.060562036834934,1718.0,284.12076638061166,60.599190160601125,0.0,0.0,0.0,11.0,1.0999999999999999,0.11000000000000004,91.0,0.4941441193240744,0.0026832792380501566
2,0.0,0,359.9616319960386,578.0,72.78588964759768,15.425518561686095,1710.0,287.4152641478365,61.63752177271827,0.0,0.0,0.0,0.0,0.0,0.0,0.0,0.0,0.0
3,0.054,0,359.8937931648527,570.0,69.7299684365345,13.614377828591925,1706.0,288.8803145266672,62.15427062155013,0.0,0.0,0.0,9.0,0.8999999999999999,0.09000000000000002,109.0,0.5918869121574079,0.0032140377686534836
4,0.0,0,359.99722177654314,556.0,74.19574023865178,15.824847064496149,1687.0,285.8885869023056,61.5792570958675,0.0,0.0,0.0,0.0,0.0,0.0,0.0,0.0,0.0
5,0.0,0,360.4396186098813,556.0,69.61442667873334,14.56254179018216,1728.0,290.4625602501383,61.886388298670234,0.0,0.0,0.0,0.0,0.0,0.0,0.0,0.0,0.0
6,0.0,0,360.0384225182768,567.0,68.55836448713005,12.77621435871838,1718.0,291.54047367913995,61.938460704832956,0.0,0.0,0.0,0.0,0.0,0.0,0.0,0.0,0.0
7,0.0,0,360.1516913433171,555.0,68.32956104421127,14.568226126892569,1735.0,291.79215955242296,62.53823199152861,0.0,0.0,0.0,0.0,0.0,0.0,0.0,0.0,0.0
