id,probability_maraud,successful_mating,next_foraging_time,foraging_events,foraging_hrs,foraging_sqhrs,staying_events,staying_hrs,staying_sqhrs,repairing_events,repairing_hrs,repairing_sqhrs,marauding_events,marauding_hrs,marauding_sqhrs,traveling_events,traveling_hrs,traveling_sqhrs
0,0.0,6,360.1166889373085,575.0,69.0738559815215,14.037385808559383,1550.0,260.3237155915191,55.23112465545849,175.0,30.632804199047182,6.60015942820745,0.0,0.0,0.0,0.0,0.0,0.0
1,0.0,8,360.35474095419914,564.0,68.20784928677192,13.710759103673164,1538.0,255.40659153991362,54.29641943441843,211.0,36.438372094790665,7.869773745963643,0.0,0.0,0.0,0.0,0.0,0.0
2,0.0,10,360.14378309815265,565.0,66.44303915210386,13.31057949353121,1494.0,262.877203530897,58.1465948999979,175.0,30.70363194360727,6.768224926208488,0.0,0.0,0.0,0.0,0.0,0.0
3,0.0,13,360.4597809330057,558.0,69.5231149977782,14.189512306986963,1522.0,266.0052863055391,57.819789431879464,135.0,24.55287543560485,5.505945820830095,0.0,0.0,0.0,0.0,0.0,0.0
4,0.054,8,359.916178840883,563.0,68.59217906838997,14.148121078329591,1561.0,264.9564276814922,56.93459171702277,154.0,24.566064068789377,4.943758384955633,16.0,1.6000000000000003,0.1600000000000001,91.0,0.4941441193240744,0.0026832792380501566
5,0.0,13,360.4982389666631,573.0,69.00663890878839,13.847404386784204,1640.0,272.9856620176719,57.43194215671044,116.0,18.290392195285367,3.5666794861481685,0.0,0.0,0.0,0.0,0.0,0.0
6,0.054,10,360.6494560810703,559.0,71.69629198558549,14.921137525977638,1684.0,280.27503846702865,60.567153506102144,34.0,6.113723447737571,1.4557953499726557,15.0,1.5000000000000002,0.15000000000000008,87.0,0.4724234986944448,0.002565332897916084
7,0.0,4,360.03096720615787,567.0,70.93504898704634,14.055053690037102,1596.0,270.63047137977526,57.46297396043925,104.0,18.46171280242299,4.010675042520706,0.0,0.0,0.0,0.0,0.0,0.0
