id,probability_maraud,successful_mating,next_foraging_time,foraging_events,foraging_hrs,foraging_sqhrs,staying_events,staying_hrs,staying_sqhrs,repairing_events,repairing_hrs,repairing_sqhrs,marauding_events,marauding_hrs,marauding_sqhrs,traveling_events,traveling_hrs,traveling_sqhrs
0,0.0,5,359.85447548059153,555.0,67.4912875957578,13.272548771550774,1539.0,266.131353367368,57.78303435536515,148.0,26.42882256424717,5.538103494174696,0.0,0.0,0.0,0.0,0.0,0.0
1,0.0,9,359.91997836625393,563.0,68.29464017840988,15.018378746239762,1636.0,273.66276944060473,57.929646734035764,119.0,18.153044912290024,3.6462787395772116,0.0,0.0,0.0,0.0,0.0,0.0
2,0.0,10,360.00866001628594,571.0,70.30001936322941,15.185851867299338,1420.0,241.14096500929864,51.03515888881916,292.0,48.56074122051751,10.285439570393633,0.0,0.0,0.0,0.0,0.0,0.0
3,0.0,8,360.20588505636204,570.0,71.54330788435969,14.711833771485363,1552.0,258.1817169266798,54.60501294043371,175.0,30.53494849410205,6.68027904926023,0.0,0.0,0.0,0.0,0.0,0.0
4,0.0,14,360.03905305153387,578.0,67.66057842449158,13.13058748896838,1564.0,263.9689494549231,56.49735471809702,172.0,28.42665854142079,5.875157881178606,0.0,0.0,0.0,0.0,0.0,0.0
5,0.054,7,360.4650221833244,571.0,72.79748298800575,15.625725527401212,1643.0,273.0844560256767,57.94462329043713,68.0,12.024894065516744,2.588101464557818,16.0,1.6000000000000003,0.1600000000000001,100.0,0.5430155157407411,0.00294865850335182
6,0.054,8,360.4086579391052,567.0,72.115023339467,15.798311403342424,1664.0,279.9927278026032,60.30886678351456,30.0,6.113252969941833,1.4467224079446397,15.0,1.5000000000000002,0.15000000000000008,99.0,0.5375853605833337,0.002919171918318302
7,0.0,11,360.06606927176387,569.0,69.67599969225542,15.34267457748369,1640.0,278.1677659322838,59.330088334233096,69.0,12.246806216583929,2.763874324238275,0.0,0.0,0.0,0.0,0.0,0.0
