id,probability_maraud,successful_mating,next_foraging_time,foraging_events,foraging_hrs,foraging_sqhrs,staying_events,staying_hrs,staying_sqhrs,repairing_events,repairing_hrs,repairing_sqhrs,marauding_events,marauding_hrs,marauding_sqhrs,traveling_events,traveling_hrs,traveling_sqhrs
0,0.054,37,359.6539133012809,565.0,70.56712661898395,15.194722859579462,1246.0,208.85892933208206,44.31697138296664,467.0,79.18461784841439,16.77096302839537,10.0,0.9999999999999999,0.10000000000000003,74.0,0.4018314816481484,0.002182007292480348
1,0.0,35,359.90386594097146,559.0,68.35670174210783,14.211040627218006,1384.0,230.65633279545762,48.81098445138114,357.0,60.988310668080615,13.102061253420553,0.0,0.0,0.0,0.0,0.0,0.0
2,0.0,0,359.99380470592234,575.0,67.58399865383252,12.54257845637022,1756.0,292.5154297806038,62.14384045888411,0.0,0.0,0.0,0.0,0.0,0.0,0.0,0.0,0.0
3,0.0,0,360.03909786988953,561.0,71.01477480765391,14.65864322482458,1729.0,289.0975549405837,61.296225350899505,0.0,0.0,0.0,0.0,0.0,0.0,0.0,0.0,0.0
4,0.0,0,360.35208536532394,554.0,73.10015636523052,16.986539137476818,1691.0,286.94979397864915,61.320829881100515,0.0,0.0,0.0,0.0,0.0,0.0,0.0,0.0,0.0
5,0.0,0,359.86712972500715,562.0,74.958786301798,17.04736923943266,1680.0,285.2301262254207,62.002576817070384,0.0,0.0,0.0,0.0,0.0,0.0,0.0,0.0,0.0
6,0.054,0,360.5266762648914,575.0,71.80593774476974,15.460872817795964,1680.0,286.43683041996417,61.09765826063948,0.0,0.0,0.0,13.0,1.3,0.13000000000000006,113.0,0.6136075327870375,0.0033319841087875563
7,0.0,0,360.3119969772677,570.0,70.88270096297829,14.453272726618293,1694.0,289.3162182025633,62.72954000022475,0.0,0.0,0.0,0.0,0.0,0.0,0.0,0.0,0.0
