id,probability_maraud,successful_mating,next_foraging_time,foraging_events,foraging_hrs,foraging_sqhrs,staying_events,staying_hrs,staying_sqhrs,repairing_events,repairing_hrs,repairing_sqhrs,marauding_events,marauding_hrs,marauding_sqhrs,traveling_events,traveling_hrs,traveling_sqhrs
0,0.0,31,360.36500611268343,572.0,70.05328965610272,14.11194790530302,918.0,155.99913788717333,33.66995352986004,795.0,134.09580768615976,28.71371678547563,0.0,0.0,0.0,0.0,0.0,0.0
1,0.0,41,360.30720407596294,571.0,68.11140863546572,13.34881078186862,1784.0,291.9777176657082,61.59473854079501,0.0,0.0,0.0,0.0,0.0,0.0,0.0,0.0,0.0
2,0.0,0,360.17908281375117,581.0,70.52907371589957,13.889693458580734,1684.0,289.49325411902964,62.41703663367324,0.0,0.0,0.0,0.0,0.0,0.0,0.0,0.0,0.0
3,0.0,0,360.1156430021091,585.0,72.2749250765343,15.047628912969245,1719.0,287.96379275235796,61.3163806660718,0.0,0.0,0.0,0.0,0.0,0.0,0.0,0.0,0.0
4,0.0,0,360.35153238816605,564.0,72.11548154391508,15.151374053886077,1710.0,287.89653219919927,61.80405388239646,0.0,0.0,0.0,0.0,0.0,0.0,0.0,0.0,0.0
5,0.0,0,360.14902558196593,571.0,74.66820595362442,16.5002300782009,1682.0,285.5630221582197,61.18911057650397,0.0,0.0,0.0,0.0,0.0,0.0,0.0,0.0,0.0
6,0.054,0,360.122320251368,572.0,72.25909016158029,14.698679747020948,1725.0,286.22186550413034,59.88234734885182,0.0,0.0,0.0,11.0,1.0999999999999999,0.11000000000000004,99.0,0.5375853605833337,0.002919171918318302
7,0.054,0,359.75185213488913,572.0,69.68294975747742,14.733019532692806,1685.0,288.7171366910031,62.34012222258569,0.0,0.0,0.0,11.0,1.0999999999999999,0.11000000000000004,94.0,0.5104345847962967,0.002771738993150711
