id,probability_maraud,successful_mating,next_foraging_time,foraging_events,foraging_hrs,foraging_sqhrs,staying_events,staying_hrs,staying_sqhrs,repairing_events,repairing_hrs,repairing_sqhrs,marauding_events,marauding_hrs,marauding_sqhrs,traveling_events,traveling_hrs,traveling_sqhrs
0,0.0,4,359.9184486764864,569.0,69.24322760975652,13.301697466935227,1579.0,266.41651166181316,56.9350286342635,137.0,24.35577845025461,5.2252331848882445,0.0,0.0,0.0,0.0,0.0,0.0
1,0.0,9,360.5718755934735,561.0,72.26134105533399,15.325644176377997,1558.0,263.2664532965781,55.73521245816483,149.0,24.606030744239284,5.190589834082499,0.0,0.0,0.0,0.0,0.0,0.0
2,0.0,11,359.98897938316395,574.0,72.66816898463708,15.136959560605513,1471.0,244.9647366524976,51.59019959993053,248.0,42.53570643937484,9.282953854224475,0.0,0.0,0.0,0.0,0.0,0.0
3,0.0,13,360.01821225207186,570.0,69.89382533276137,14.061847967787287,1634.0,277.8233524469921,59.23815701161113,76.0,12.305326917029877,2.523493502485721,0.0,0.0,0.0,0.0,0.0,0.0
4,0.054,11,360.22614755729825,571.0,70.61163487973889,13.844653978708646,1462.0,250.47690447462952,53.95109504326916,207.0,36.94967997326703,8.13490167902499,16.0,1.6000000000000003,0.1600000000000001,72.0,0.3909711713333336,0.0021230341224133115
5,0.054,8,360.05718277591774,545.0,71.13329900702642,14.989545532807973,1581.0,268.53380715144414,57.383472698396105,97.0,18.225581428228587,4.246241128984511,16.0,1.6000000000000003,0.1600000000000001,103.0,0.5593059812129634,0.0030371182584523746
6,0.0,5,360.6185187654879,572.0,68.74173716615972,13.859522515567022,1581.0,266.9750845103406,56.697524098215396,140.0,24.415704709645173,5.361583369733728,0.0,0.0,0.0,0.0,0.0,0.0
7,0.0,11,360.3283888256053,563.0,69.01521114852193,13.37555212492158,1617.0,278.8881081798728,60.493722093443466,73.0,12.365719812771026,2.7022951911339725,0.0,0.0,0.0,0.0,0.0,0.0
