id,probability_maraud,successful_mating,next_foraging_time,foraging_events,foraging_hrs,foraging_sqhrs,staying_events,staying_hrs,staying_sqhrs,repairing_events,repairing_hrs,repairing_sqhrs,marauding_events,marauding_hrs,marauding_sqhrs,traveling_events,traveling_hrs,traveling_sqhrs
0,0.0,15,360.0809582460339,561.0,70.61651034583784,14.44397853184081,1601.0,265.01407192317544,55.36319324954148,141.0,24.57603434116451,5.2450756965953715,0.0,0.0,0.0,0.0,0.0,0.0
1,0.0,8,360.2076303273803,551.0,74.57702404887334,16.944193498890943,1503.0,255.09477652406915,54.852577619634765,176.0,30.418704740765758,6.73910229730262,0.0,0.0,0.0,0.0,0.0,0.0
2,0.054,10,360.43991938942884,576.0,73.81564988104493,15.708394969050493,1603.0,272.1030733064032,58.71273457898844,75.0,12.205931900691652,2.510338941451011,14.0,1.4000000000000001,0.14000000000000007,102.0,0.553875826055556,0.0030076316734188565
3,0.054,9,360.4722700648353,559.0,70.44580795853645,15.309341499685534,1541.0,263.07555744917147,56.41264149982198,138.0,24.22751468467783,5.295106218908089,18.0,1.8000000000000005,0.1800000000000001,103.0,0.5593059812129634,0.0030371182584523746
4,0.0,9,360.2774776066397,586.0,68.3932424060303,13.30167122485705,1575.0,266.968926165058,57.60745749340855,140.0,24.758247892220062,5.272010949426097,0.0,0.0,0.0,0.0,0.0,0.0
5,0.0,6,360.11442423852674,568.0,70.1182322267235,14.40823534043858,1514.0,254.5242322734202,54.066272936744426,212.0,35.4690048554462,7.4900679214237185,0.0,0.0,0.0,0.0,0.0,0.0
6,0.0,9,359.93050727204024,565.0,70.3046609942298,15.226893193216746,1624.0,277.54941329030925,60.103290507463115,69.0,12.255025162550277,2.670866882220715,0.0,0.0,0.0,0.0,0.0,0.0
7,0.0,6,360.2932989958924,567.0,69.66703133380359,14.063798272248114,1610.0,266.16993089169574,56.597993434696534,135.0,24.263081684472063,5.342828815882704,0.0,0.0,0.0,0.0,0.0,0.0
