id,probability_maraud,successful_mating,next_foraging_time,foraging_events,foraging_hrs,foraging_sqhrs,staying_events,staying_hrs,staying_sqhrs,repairing_events,repairing_hrs,repairing_sqhrs,marauding_events,marauding_hrs,marauding_sqhrs,traveling_events,traveling_hrs,traveling_sqhrs
0,0.0,31,360.2306429560026,575.0,72.08136361427874,15.400947134549924,1010.0,171.21554106610148,37.01811688368758,693.0,116.79211548217383,25.55215557915182,0.0,0.0,0.0,0.0,0.0,0.0
1,0.0,41,360.1107402538544,574.0,73.07319111742002,14.985002317661898,1692.0,287.0096653941399,62.0415953273999,0.0,0.0,0.0,0.0,0.0,0.0,0.0,0.0,0.0
2,0.054,0,360.3694374133226,575.0,65.4944926175032,11.720212670391799,1735.0,292.78029933571236,62.827745753072456,0.0,0.0,0.0,13.0,1.3,0.13000000000000006,84.0,0.45613303322222254,0.0024768731428155295
3,0.0,0,360.32297875452,567.0,73.02167101297199,15.60183987062511,1702.0,287.1545432705035,62.015840135646165,0.0,0.0,0.0,0.0,0.0,0.0,0.0,0.0,0.0
4,0.054,0,359.95974788087267,562.0,66.39727323991465,13.073585919287536,1759.0,292.70525236405865,62.01364998416879,0.0,0.0,0.0,6.0,0.6,0.06000000000000001,88.0,0.4778536538518522,0.002594819482949602
5,0.0,0,359.9594866820416,562.0,68.87338898416618,13.920175007437766,1732.0,291.16663907688553,62.98203882689996,0.0,0.0,0.0,0.0,0.0,0.0,0.0,0.0,0.0
6,0.0,0,360.0609442172824,569.0,66.8227154867017,13.504943788615499,1735.0,293.1962009475618,63.13173837400964,0.0,0.0,0.0,0.0,0.0,0.0,0.0,0.0,0.0
7,0.0,0,360.00193193308735,568.0,69.66184748559888,14.282651997362782,1717.0,290.41713947318686,61.44268834427385,0.0,0.0,0.0,0.0,0.0,0.0,0.0,0.0,0.0
