id,probability_maraud,successful_mating,next_foraging_time,foraging_events,foraging_hrs,foraging_sqhrs,staying_events,staying_hrs,staying_sqhrs,repairing_events,repairing_hrs,repairing_sqhrs,marauding_events,marauding_hrs,marauding_sqhrs,traveling_events,traveling_hrs,traveling_sqhrs
0,0.0,8,360.31087698207557,562.0,71.80059569168775,15.079224083784554,1560.0,263.8514267350596,56.75051804629411,149.0,24.455459993441803,5.2409505220713495,0.0,0.0,0.0,0.0,0.0,0.0
1,0.0,10,360.28012084494054,580.0,69.15051998921831,13.891030444123231,1559.0,272.56106204851534,60.10870184751198,111.0,18.444751896656904,3.7492212460095713,0.0,0.0,0.0,0.0,0.0,0.0
2,0.0,11,360.3541920506064,562.0,68.75973398773316,14.437652141280667,1563.0,266.92905552054725,57.58231048604507,144.0,24.387810401120323,5.292625368123558,0.0,0.0,0.0,0.0,0.0,0.0
3,0.054,10,360.32197169135145,578.0,71.67350719505323,14.9458753337648,1507.0,250.64189378078262,52.71535767227119,217.0,36.570564932673534,7.800850143616242,9.0,0.8999999999999999,0.09000000000000002,79.0,0.4289822574351855,0.0023294402176479386
4,0.0,4,360.5839598332548,567.0,74.03047860219516,16.34907395203159,1478.0,243.14947128742418,50.99336853231979,263.0,42.91206851437654,8.855797748068834,0.0,0.0,0.0,0.0,0.0,0.0
5,0.054,12,360.08664903486766,565.0,71.98656546402238,14.71910758105725,1639.0,279.62966216825856,60.1304022178505,37.0,6.142748429112367,1.2630817192406887,19.0,1.9000000000000006,0.1900000000000001,106.0,0.5755964466851856,0.003125578013552929
6,0.0,10,360.06496174022493,561.0,68.24194108296084,14.161168120862358,1659.0,279.7681056526791,60.35387318587619,66.0,12.12901340420401,2.8513867996394784,0.0,0.0,0.0,0.0,0.0,0.0
7,0.0,7,360.1511603249675,557.0,73.42744309893877,16.059563501906062,1649.0,280.4907728024512,60.37073015087114,33.0,6.256782898892174,1.3885259702167387,0.0,0.0,0.0,0.0,0.0,0.0
