id,probability_maraud,successful_mating,next_foraging_time,foraging_events,foraging_hrs,foraging_sqhrs,staying_events,staying_hrs,staying_sqhrs,repairing_events,repairing_hrs,repairing_sqhrs,marauding_events,marauding_hrs,marauding_sqhrs,traveling_events,traveling_hrs,traveling_sqhrs
0,0.0,10,360.07700077501335,566.0,67.83630141755141,13.321457239722042,1523.0,261.6789268933676,56.66054241407088,183.0,30.489115416877052,6.370428567058602,0.0,0.0,0.0,0.0,0.0,0.0
1,0.054,9,360.59788754068535,572.0,68.36348422576799,14.117513115065845,1685.0,283.0221474041009,60.246385298975625,38.0,6.169311725261179,1.1833359208890355,20.0,2.0000000000000004,0.20000000000000012,106.0,0.5755964466851856,0.003125578013552929
2,0.0,7,360.3315169882633,578.0,71.09842282435966,15.589074641726182,1568.0,264.70475571348317,57.06691930086215,139.0,24.269418013507515,5.305884186133445,0.0,0.0,0.0,0.0,0.0,0.0
3,0.0,11,360.1892313051404,568.0,68.91175177146143,13.869893520989997,1572.0,266.70994837012427,57.90191875362496,140.0,24.426600609955077,5.575805463939871,0.0,0.0,0.0,0.0,0.0,0.0
4,0.0,6,359.861220308737,562.0,70.47365167060526,15.089424804297108,1535.0,258.9192040709716,55.271204105571286,187.0,30.60939679025761,6.35609840412906,0.0,0.0,0.0,0.0,0.0,0.0
5,0.054,11,360.2980111475712,570.0,73.50948791997884,16.3795079761805,1631.0,279.04861169283714,60.83675766462006,38.0,6.041008861875154,1.2520807094466488,9.0,0.8999999999999999,0.09000000000000002,97.0,0.5267250502685189,0.0028601987482512656
6,0.0,8,360.33700136943986,568.0,67.65979873610138,13.136532480183996,1646.0,273.88686918202546,57.949605953589334,112.0,18.479379305213595,3.828719409622956,0.0,0.0,0.0,0.0,0.0,0.0
7,0.0,10,360.3481881504114,556.0,71.80491464032131,14.878887561987199,1519.0,251.94575711582974,53.148967186917666,233.0,36.58811959197077,7.217591832772406,0.0,0.0,0.0,0.0,0.0,0.0
