id,probability_maraud,successful_mating,next_foraging_time,foraging_events,foraging_hrs,foraging_sqhrs,staying_events,staying_hrs,staying_sqhrs,repairing_events,repairing_hrs,repairing_sqhrs,marauding_events,marauding_hrs,marauding_sqhrs,traveling_events,traveling_hrs,traveling_sqhrs
0,0.0,9,360.32740328927105,563.0,69.58505266750274,14.761246759179654,1469.0,247.62488950437248,53.75365198446897,260.0,42.79345573016885,9.029273852380198,0.0,0.0,0.0,0.0,0.0,0.0
1,0.0,9,360.49671554235346,567.0,70.75441229282411,14.78904876053686,1591.0,265.2296344282499,56.353177158426455,155.0,24.18136252222251,4.877963430142419,0.0,0.0,0.0,0.0,0.0,0.0
2,0.054,12,360.2747204971281,556.0,72.40559681872824,16.411456006337783,1586.0,266.4587811560331,56.89716090406573,115.0,18.67792058762378,3.8478267289616883,21.0,2.1000000000000005,0.21000000000000013,100.0,0.5430155157407411,0.00294865850335182
3,0.0,6,360.163854792718,578.0,69.94350573090271,13.859404615172108,1531.0,259.88016154930017,55.02677888376539,191.0,30.37764862867231,6.34396120741769,0.0,0.0,0.0,0.0,0.0,0.0
4,0.0,8,360.0822461301887,560.0,72.13999745514242,14.951528054339676,1538.0,257.5925039132428,54.36776386248604,166.0,30.279496524540154,6.856795522026919,0.0,0.0,0.0,0.0,0.0,0.0
5,0.0,7,360.827522467155,585.0,68.96024769339631,13.30668133756955,1561.0,267.12605449941935,58.04373440008412,156.0,24.29585543230025,4.814268127625428,0.0,0.0,0.0,0.0,0.0,0.0
6,0.0,10,360.49405245905785,569.0,75.5956158781919,17.171840535644055,1516.0,254.30931035220223,53.81100693351144,173.0,30.185694874849386,6.651185887331477,0.0,0.0,0.0,0.0,0.0,0.0
7,0.054,11,360.10457478656656,551.0,72.73849120112746,16.672253966314923,1591.0,267.0790729313207,56.96635882592485,107.0,18.253803902795706,4.049632233387939,15.0,1.5000000000000002,0.15000000000000008,85.0,0.46156318837962995,0.0025063597278490476
