id,probability_maraud,successful_mating,next_foraging_time,foraging_events,foraging_hrs,foraging_sqhrs,staying_events,staying_hrs,staying_sqhrs,repairing_events,repairing_hrs,repairing_sqhrs,marauding_events,marauding_hrs,marauding_sqhrs,traveling_events,traveling_hrs,traveling_sqhrs
0,0.0,4,360.0856456678314,563.0,70.1818708095642,14.281411848602701,1587.0,265.50513367918165,56.25890579366249,148.0,24.48482294061988,5.30520296902155,0.0,0.0,0.0,0.0,0.0,0.0
1,0.0,4,360.2750767059484,556.0,69.88728846701231,14.388879880521129,1575.0,265.72497106777433,57.22775265780353,143.0,24.52626606226725,5.419834561880211,0.0,0.0,0.0,0.0,0.0,0.0
2,0.0,5,360.4649916303008,568.0,68.0221977506945,13.28818593667132,1505.0,249.284707307762,52.30708909879243,249.0,42.72128098936513,9.134682801726811,0.0,0.0,0.0,0.0,0.0,0.0
3,0.0,12,360.48186857472905,575.0,72.04090844800452,14.953683496053795,1546.0,263.567629361124,56.478178396520484,151.0,24.43657328871846,4.964392198052716,0.0,0.0,0.0,0.0,0.0,0.0
4,0.054,9,360.3165996723487,565.0,69.53856463342855,14.127093536684495,1628.0,275.93327329871283,59.18991261981657,70.0,12.271856216850049,2.588002989132597,18.0,1.8000000000000005,0.1800000000000001,96.0,0.5212948951111115,0.0028307121632177475
5,0.054,7,360.7140671708676,567.0,69.43423043212073,14.547147118555918,1573.0,264.17808053677754,55.818807962702635,143.0,24.155570822031706,5.040176530047335,18.0,1.8000000000000005,0.1800000000000001,88.0,0.4778536538518522,0.002594819482949602
6,0.0,16,360.1608806415197,568.0,70.81813489683411,13.956053079359636,1394.0,240.45011228198874,52.00910663730143,298.0,48.97861543830211,10.252851622555704,0.0,0.0,0.0,0.0,0.0,0.0
7,0.0,15,360.50519704532564,572.0,69.13321435253066,13.746115634298551,1629.0,272.5451856569859,57.545786057970446,114.0,18.390715096382632,3.871745837121017,0.0,0.0,0.0,0.0,0.0,0.0
