id,probability_maraud,successful_mating,next_foraging_time,foraging_events,foraging_hrs,foraging_sqhrs,staying_events,staying_hrs,staying_sqhrs,repairing_events,repairing_hrs,repairing_sqhrs,marauding_events,marauding_hrs,marauding_sqhrs,traveling_events,traveling_hrs,traveling_sqhrs
0,0.0,33,359.95435091824504,568.0,68.59313978051497,13.376905934691589,1044.0,175.66058547453648,36.971207388808985,686.0,115.75792905740158,24.48187473308196,0.0,0.0,0.0,0.0,0.0,0.0
1,0.0,39,359.87832767698836,568.0,71.51855211550698,14.756884930200354,1714.0,288.48471540812704,62.13566825079753,0.0,0.0,0.0,0.0,0.0,0.0,0.0,0.0,0.0
2,0.0,0,360.0762393764541,575.0,72.11626292762902,16.394897496564923,1704.0,288.15225604237935,62.2350656127676,0.0,0.0,0.0,0.0,0.0,0.0,0.0,0.0,0.0
3,0.054,0,360.09735338255445,564.0,72.08605266136028,15.538150725569512,1673.0,286.1018794737519,61.524384883333525,0.0,0.0,0.0,12.0,1.2,0.12000000000000005,115.0,0.6244678431018523,0.0033909572788545926
4,0.0,0,360.2253144089754,557.0,71.87699006777426,15.349485839982174,1698.0,288.157182264574,61.91833569250847,0.0,0.0,0.0,0.0,0.0,0.0,0.0,0.0,0.0
5,0.0,0,360.4299985481742,557.0,69.31562934659522,13.640939234683309,1708.0,290.688570069753,62.46779306093098,0.0,0.0,0.0,0.0,0.0,0.0,0.0,0.0,0.0
6,0.054,0,360.1544784134632,574.0,67.82571368020416,12.84959672472287,1744.0,290.9732490669887,62.06087958482184,0.0,0.0,0.0,7.0,0.7,0.07,93.0,0.5050044296388893,0.002742252408117193
7,0.0,0,360.48830174229295,555.0,71.89447378885295,15.412154187458418,1717.0,288.1856873238341,61.449899410171525,0.0,0.0,0.0,0.0,0.0,0.0,0.0,0.0,0.0
