id,probability_maraud,successful_mating,next_foraging_time,foraging_events,foraging_hrs,foraging_sqhrs,staying_events,staying_hrs,staying_sqhrs,repairing_events,repairing_hrs,repairing_sqhrs,marauding_events,marauding_hrs,marauding_sqhrs,traveling_events,traveling_hrs,traveling_sqhrs
0,0.0,7,359.91260226968814,568.0,70.19348630310459,14.827911299080629,1482.0,253.2454359688492,54.375472772122734,216.0,36.71091927491956,7.985661303117995,0.0,0.0,0.0,0.0,0.0,0.0
1,0.0,10,360.5381120669795,564.0,73.67267969099315,15.394644545274266,1613.0,268.16704114780896,56.48071317325818,109.0,18.23680680990579,3.8048041322299104,0.0,0.0,0.0,0.0,0.0,0.0
2,0.054,5,360.57931079615906,560.0,75.00750467317975,17.649991855640174,1549.0,264.85096387010395,57.18930951828042,107.0,18.014997857284616,3.859006899119167,18.0,1.8000000000000005,0.1800000000000001,84.0,0.45613303322222254,0.0024768731428155295
3,0.0,6,360.30748258946426,560.0,74.22861550911108,16.80103818631754,1534.0,261.06737007625003,55.758932874913675,148.0,24.71147884134049,5.202559378337293,0.0,0.0,0.0,0.0,0.0,0.0
4,0.0,15,359.9213025879131,554.0,72.75942633523266,15.353466762455806,1290.0,220.5358810092087,47.2909316465314,395.0,66.81254751341025,14.704608197757766,0.0,0.0,0.0,0.0,0.0,0.0
5,0.0,12,360.31371137929824,576.0,74.94667497064196,15.441724765873703,1592.0,271.9237069897273,58.63227322407473,81.0,13.271413585907597,2.7741036104387526,0.0,0.0,0.0,0.0,0.0,0.0
6,0.054,9,360.73654400116015,572.0,70.74225993426346,13.814493249083654,1638.0,274.83162235701207,58.096934504854985,62.0,12.31288393951736,3.0008775640634675,17.0,1.7000000000000004,0.1700000000000001,112.0,0.6081773776296301,0.003302497523754038
7,0.0,8,360.1868736723688,573.0,71.64012956389487,15.74566111726218,1605.0,270.08854255116665,57.457158658013164,104.0,18.282593583392284,4.013988798333437,0.0,0.0,0.0,0.0,0.0,0.0
