id,probability_maraud,successful_mating,next_foraging_time,foraging_events,foraging_hrs,foraging_sqhrs,staying_events,staying_hrs,staying_sqhrs,repairing_events,repairing_hrs,repairing_sqhrs,marauding_events,marauding_hrs,marauding_sqhrs,traveling_events,traveling_hrs,traveling_sqhrs
0,0.0,3,359.9926181107913,569.0,72.14125633952737,15.142475341879626,1473.0,245.2538046753421,51.35309687496532,256.0,42.605593108255526,8.992409379270553,0.0,0.0,0.0,0.0,0.0,0.0
1,0.054,6,360.1022281683337,559.0,74.25162727237819,16.28278777690436,1583.0,270.8689301479128,58.756729139521305,79.0,12.16027439826184,2.439544409826563,24.0,2.400000000000001,0.24000000000000016,95.0,0.5158647399537041,0.0028012255781842293
2,0.0,6,360.26245918357205,564.0,71.43244797461587,15.062258233239367,1398.0,239.71505016036167,51.614480037149235,269.0,48.98476458050497,10.834227054911354,0.0,0.0,0.0,0.0,0.0,0.0
3,0.0,11,360.1641979089101,558.0,71.51671077447851,15.100867751828975,1407.0,239.74644391556583,51.63405522040275,280.0,48.88825468022278,10.827300899775555,0.0,0.0,0.0,0.0,0.0,0.0
4,0.054,10,360.1631933590229,572.0,69.26275203292337,14.374037216849725,1555.0,263.9739695496129,56.92530834433334,156.0,24.57674261122928,4.966837965147019,20.0,2.0000000000000004,0.20000000000000012,78.0,0.42355210227777806,0.0022999536326144205
5,0.0,15,360.4911788393504,564.0,70.0657535148765,14.10191098863372,1616.0,265.8356925193738,56.257740689186505,138.0,24.331193564695305,5.240093229718195,0.0,0.0,0.0,0.0,0.0,0.0
6,0.0,9,360.3267040916151,566.0,70.24778145301586,14.867104169993636,1467.0,252.74664049254588,55.241257033599915,222.0,37.14453330457109,7.971499078834439,0.0,0.0,0.0,0.0,0.0,0.0
7,0.0,12,360.4817126649877,566.0,66.320032630451,13.351960175999317,1521.0,263.20338271018613,56.8990922389789,175.0,30.613219520045796,6.600204307530738,0.0,0.0,0.0,0.0,0.0,0.0
