id,probability_maraud,successful_mating,next_foraging_time,foraging_events,foraging_hrs,foraging_sqhrs,staying_events,staying_hrs,staying_sqhrs,repairing_events,repairing_hrs,repairing_sqhrs,marauding_events,marauding_hrs,marauding_sqhrs,traveling_events,traveling_hrs,traveling_sqhrs
0,0.0,3,360.086413322683,572.0,68.34118531387888,14.26277744259262,1639.0,285.7845809303451,62.671960773948015,34.0,6.123939442317013,1.4306052173599595,0.0,0.0,0.0,0.0,0.0,0.0
1,0.0,9,360.4886750622568,563.0,73.11084617844156,16.832795836610533,1627.0,274.67261664342806,58.28419930561103,69.0,12.234049199843604,2.63349264694569,0.0,0.0,0.0,0.0,0.0,0.0
2,0.0,13,360.571889696488,570.0,73.02386470253829,15.479848937768265,1559.0,256.6691804863236,53.94309460712827,189.0,30.47095892466868,6.406718320044875,0.0,0.0,0.0,0.0,0.0,0.0
3,0.0,6,359.89302858169555,572.0,69.42942171221233,13.871694369709898,1578.0,266.4363552307637,56.980002675967285,137.0,24.285094033925656,5.493068060483372,0.0,0.0,0.0,0.0,0.0,0.0
4,0.0,8,360.301931385542,579.0,67.93321449911755,13.326517588023279,1564.0,267.97527917501446,57.2201232350845,143.0,24.336066600440454,5.183459201127208,0.0,0.0,0.0,0.0,0.0,0.0
5,0.054,12,360.5524440851366,566.0,70.7004027690243,14.328133189491119,1538.0,258.21846379407134,54.767344435374426,180.0,30.205908927664918,6.5294222234449695,6.0,0.6,0.06000000000000001,58.0,0.3149489991296298,0.0017102219319440571
6,0.0,11,360.0700810489874,571.0,72.0954320775501,14.643018158246203,1646.0,275.83582767901765,58.48509682772275,66.0,12.07574132437017,2.712257774195884,0.0,0.0,0.0,0.0,0.0,0.0
7,0.054,10,359.91546619868546,564.0,68.99196198597735,14.409953051458869,1707.0,288.8931874584895,61.59365264588332,0.0,0.0,0.0,17.0,1.7000000000000004,0.1700000000000001,89.0,0.4832838090092596,0.0026243060679831203
