id,probability_maraud,successful_mating,next_foraging_time,foraging_events,foraging_hrs,foraging_sqhrs,staying_events,staying_hrs,staying_sqhrs,repairing_events,repairing_hrs,repairing_sqhrs,marauding_events,marauding_hrs,marauding_sqhrs,traveling_events,traveling_hrs,traveling_sqhrs
0,0.0,34,360.1338534767309,571.0,69.99485879372443,13.834731125469458,785.0,130.62810271815522,27.770592244851557,936.0,159.3900131663609,33.988894869055805,0.0,0.0,0.0,0.0,0.0,0.0
1,0.054,38,360.76270385922254,586.0,70.91945110347528,14.801458907918157,1705.0,287.41612984244,61.25245960811968,0.0,0.0,0.0,13.0,1.3,0.13000000000000006,102.0,0.553875826055556,0.0030076316734188565
2,0.0,0,360.74793100299934,575.0,71.70588049264254,14.50180575515655,1700.0,288.4355730682484,62.104654329714336,0.0,0.0,0.0,0.0,0.0,0.0,0.0,0.0,0.0
3,0.0,0,360.52161326916,571.0,71.84840594048886,15.186253083435197,1737.0,288.18207504943905,60.20288984612392,0.0,0.0,0.0,0.0,0.0,0.0,0.0,0.0,0.0
4,0.0,0,359.96059087272675,562.0,71.59817473705806,15.502484034545956,1720.0,288.55596987417556,60.75372865115921,0.0,0.0,0.0,0.0,0.0,0.0,0.0,0.0,0.0
5,0.054,0,360.3699433117469,567.0,66.8385229018188,11.898026876379086,1749.0,291.57084211107735,62.23387940738541,0.0,0.0,0.0,13.0,1.3,0.13000000000000006,95.0,0.5158647399537041,0.0028012255781842293
6,0.0,0,360.4745130947273,571.0,72.91945585304889,15.46183560875239,1746.0,287.1331862832604,59.89880584858763,0.0,0.0,0.0,0.0,0.0,0.0,0.0,0.0,0.0
7,0.0,0,359.81638140688,558.0,65.61354206313348,13.103500954856628,1749.0,294.43338649996895,62.40129702061906,0.0,0.0,0.0,0.0,0.0,0.0,0.0,0.0,0.0
