id,probability_maraud,successful_mating,next_foraging_time,foraging_events,foraging_hrs,foraging_sqhrs,staying_events,staying_hrs,staying_sqhrs,repairing_events,repairing_hrs,repairing_sqhrs,marauding_events,marauding_hrs,marauding_sqhrs,traveling_events,traveling_hrs,traveling_sqhrs
0,0.0,28,359.9752869533716,554.0,72.48002620261053,15.58752531611916,898.0,153.00167274223747,33.09023066337557,791.0,134.5556268142377,28.939041484880555,0.0,0.0,0.0,0.0,0.0,0.0
1,0.0,44,360.3658774347849,561.0,67.8611371723264,13.632293603952707,1704.0,292.1464702499849,63.066902454354,0.0,0.0,0.0,0.0,0.0,0.0,0.0,0.0,0.0
2,0.0,0,359.8844614650848,574.0,70.56971770885274,14.7166857034993,1732.0,289.43846716830706,61.499594409036895,0.0,0.0,0.0,0.0,0.0,0.0,0.0,0.0,0.0
3,0.054,0,360.39944206459245,569.0,69.53769604495596,14.429744017128348,1725.0,288.68747916281916,61.57975001464369,0.0,0.0,0.0,14.0,1.4000000000000001,0.14000000000000007,95.0,0.5158647399537041,0.0028012255781842293
4,0.0,0,360.1245220813342,566.0,69.9968102206734,14.294249730301834,1708.0,290.2274627208929,61.780121670940666,0.0,0.0,0.0,0.0,0.0,0.0,0.0,0.0,0.0
5,0.0,0,359.95684530999233,563.0,69.12059491178775,13.835466749634621,1698.0,290.9032704676335,63.108179590969286,0.0,0.0,0.0,0.0,0.0,0.0,0.0,0.0,0.0
6,0.054,0,360.1526839602275,567.0,70.01230457617137,14.21721534441108,1706.0,288.9690909643306,61.486499036108846,0.0,0.0,0.0,8.0,0.7999999999999999,0.08000000000000002,66.0,0.3583902403888891,0.0019461146122122025
7,0.0,0,360.04745587990107,558.0,70.4060585501178,14.054912231604497,1715.0,289.6538519686158,61.5896926725455,0.0,0.0,0.0,0.0,0.0,0.0,0.0,0.0,0.0
