id,probability_maraud,successful_mating,next_foraging_time,foraging_events,foraging_hrs,foraging_sqhrs,staying_events,staying_hrs,staying_sqhrs,repairing_events,repairing_hrs,repairing_sqhrs,marauding_events,marauding_hrs,marauding_sqhrs,traveling_events,traveling_hrs,traveling_sqhrs
0,0.0,33,360.68910078360096,575.0,74.84527612749494,15.75162911363238,931.0,156.26195941895338,33.08091522614923,782.0,129.0370542933627,27.34424916651676,0.0,0.0,0.0,0.0,0.0,0.0
1,0.0,39,360.22986990599014,552.0,72.72531638367279,15.557334628833239,1688.0,287.53682787900783,61.80369649492327,0.0,0.0,0.0,0.0,0.0,0.0,0.0,0.0,0.0
2,0.0,0,360.54405342110056,565.0,72.30266320581096,15.621922405572471,1682.0,287.7843973014364,62.63598616517383,0.0,0.0,0.0,0.0,0.0,0.0,0.0,0.0,0.0
3,0.0,0,360.3216959542219,576.0,71.1293266221355,14.545346913071885,1714.0,288.9358317290188,61.525138275289976,0.0,0.0,0.0,0.0,0.0,0.0,0.0,0.0,0.0
4,0.0,0,360.78603087827935,566.0,70.51682500073727,15.230717025221438,1703.0,289.5569257514062,62.347006756278695,0.0,0.0,0.0,0.0,0.0,0.0,0.0,0.0,0.0
5,0.054,0,359.93658768506265,553.0,73.09235086782817,16.719997709580742,1689.0,285.07370956961677,61.125969902108615,0.0,0.0,0.0,13.0,1.3,0.13000000000000006,101.0,0.5484456708981486,0.0029781450883853383
6,0.0,0,360.5178046871775,570.0,68.77578692738491,13.562927553112905,1733.0,291.31718265831665,62.199419682869745,0.0,0.0,0.0,0.0,0.0,0.0,0.0,0.0,0.0
7,0.054,0,360.31548130949375,556.0,68.5379361937618,13.822973901177406,1693.0,290.1948371565112,62.70477454003043,0.0,0.0,0.0,9.0,0.8999999999999999,0.09000000000000002,86.0,0.46699334353703736,0.002535846312882566
