id,probability_maraud,successful_mating,next_foraging_time,foraging_events,foraging_hrs,foraging_sqhrs,staying_events,staying_hrs,staying_sqhrs,repairing_events,repairing_hrs,repairing_sqhrs,marauding_events,marauding_hrs,marauding_sqhrs,traveling_events,traveling_hrs,traveling_sqhrs
0,0.054,48,360.40487770243044,564.0,69.99071089693325,14.758772377208984,1377.0,234.68829499491284,50.59038322521087,324.0,54.05149699091614,11.516798430673571,11.0,1.0999999999999999,0.11000000000000004,73.0,0.396401326490741,0.0021525207074468296
1,0.0,24,360.4661266190351,569.0,72.81646213294383,15.755997131452801,1333.0,220.2006004297321,46.209359564597,399.0,67.12581849864613,14.278560690851343,0.0,0.0,0.0,0.0,0.0,0.0
2,0.0,0,360.03133140580644,566.0,70.52016432360243,14.72569878949982,1697.0,289.4962002102568,62.57024710345811,0.0,0.0,0.0,0.0,0.0,0.0,0.0,0.0,0.0
3,0.0,0,360.87470238198165,575.0,66.1129579219123,12.428656660448997,1717.0,294.01533684356843,62.68192204440003,0.0,0.0,0.0,0.0,0.0,0.0,0.0,0.0,0.0
4,0.0,0,360.1636865726656,571.0,68.59049677967006,13.890808664352788,1724.0,291.4858829568596,61.528498977172895,0.0,0.0,0.0,0.0,0.0,0.0,0.0,0.0,0.0
5,0.054,0,360.28997334985434,575.0,67.11680568811244,13.23749178988035,1745.0,291.5738067975939,61.73339986906818,0.0,0.0,0.0,9.0,0.8999999999999999,0.09000000000000002,99.0,0.5375853605833337,0.002919171918318302
6,0.0,0,360.3835081876368,573.0,71.59368246726034,13.856130484100772,1729.0,288.5359281816243,61.27541629050993,0.0,0.0,0.0,0.0,0.0,0.0,0.0,0.0,0.0
7,0.0,0,360.1595990643215,558.0,74.95794915234251,16.64991654308917,1705.0,285.2209365996643,60.425802260250315,0.0,0.0,0.0,0.0,0.0,0.0,0.0,0.0,0.0
