id,probability_maraud,successful_mating,next_foraging_time,foraging_events,foraging_hrs,foraging_sqhrs,staying_events,staying_hrs,staying_sqhrs,repairing_events,repairing_hrs,repairing_sqhrs,marauding_events,marauding_hrs,marauding_sqhrs,traveling_events,traveling_hrs,traveling_sqhrs
0,0.0,29,360.52890553506495,549.0,73.69228466322502,16.156660272746972,953.0,164.07166142834598,35.845714092244336,699.0,122.37032641390539,26.709809228391354,0.0,0.0,0.0,0.0,0.0,0.0
1,0.0,43,360.42228853498034,556.0,70.71597161879262,15.116522560340483,1751.0,289.3417254480471,60.99572625295666,0.0,0.0,0.0,0.0,0.0,0.0,0.0,0.0,0.0
2,0.0,0,360.1712754231341,562.0,68.7080960627704,14.47417911514823,1765.0,291.3284052716862,61.99945385991753,0.0,0.0,0.0,0.0,0.0,0.0,0.0,0.0,0.0
3,0.0,0,360.4706846630771,571.0,70.77924941447496,14.645110109499825,1737.0,289.40559512723314,61.722854409788056,0.0,0.0,0.0,0.0,0.0,0.0,0.0,0.0,0.0
4,0.054,0,360.77412884192944,567.0,72.78114092849148,15.414926742068078,1693.0,285.89959792859963,61.11126318938683,0.0,0.0,0.0,10.0,0.9999999999999999,0.10000000000000003,85.0,0.46156318837962995,0.0025063597278490476
5,0.0,0,360.3425644150771,566.0,71.20336404789381,14.688814033266842,1711.0,288.8138669576391,61.66188170606106,0.0,0.0,0.0,0.0,0.0,0.0,0.0,0.0,0.0
6,0.0,0,360.16171364933706,569.0,70.86193462226187,14.481559487085075,1736.0,289.21047154684203,61.11694742172778,0.0,0.0,0.0,0.0,0.0,0.0,0.0,0.0,0.0
7,0.054,0,360.3149607165002,555.0,74.33827702801406,16.762012981726897,1700.0,284.1008970344751,60.487229174601644,0.0,0.0,0.0,10.0,0.9999999999999999,0.10000000000000003,104.0,0.5647361363703708,0.003066604843485893
