id,probability_maraud,successful_mating,next_foraging_time,foraging_events,foraging_hrs,foraging_sqhrs,staying_events,staying_hrs,staying_sqhrs,repairing_events,repairing_hrs,repairing_sqhrs,marauding_events,marauding_hrs,marauding_sqhrs,traveling_events,traveling_hrs,traveling_sqhrs
0,0.0,10,359.98275032606534,582.0,67.19253590952576,12.72667276568087,1650.0,286.8377755505486,62.2656691195406,37.0,6.078140301269343,1.3415426674905535,0.0,0.0,0.0,0.0,0.0,0.0
1,0.0,11,360.1847862350864,560.0,70.63167021744572,14.746049617879448,1627.0,277.1424030554915,59.585999501876685,73.0,12.352011309805489,2.5122560500240825,0.0,0.0,0.0,0.0,0.0,0.0
2,0.0,10,359.8325677481378,568.0,70.45346614670231,14.337854409783736,1639.0,277.3173131550221,59.45576439284319,72.0,12.25685328362686,2.700998916386156,0.0,0.0,0.0,0.0,0.0,0.0
3,0.0,7,360.27209682254454,570.0,72.19671763215653,14.37888290807169,1561.0,267.53811410137257,57.763879459321124,125.0,20.34371634798782,4.033025661436334,0.0,0.0,0.0,0.0,0.0,0.0
4,0.0,2,360.40123061537116,583.0,69.39562652782858,13.617804263718067,1579.0,272.615354153003,59.49394589409243,102.0,18.218117034787266,3.885637301338215,0.0,0.0,0.0,0.0,0.0,0.0
5,0.054,9,360.49830045178004,563.0,74.16908547251818,15.955021535054689,1438.0,241.08532200630867,51.223256469627735,263.0,43.21655423560062,9.235137209774265,11.0,1.0999999999999999,0.11000000000000004,88.0,0.4778536538518522,0.002594819482949602
6,0.0,12,360.12246928135494,573.0,70.89796488082668,14.601706233362762,1604.0,271.08769173656907,58.320634047661926,103.0,18.11379054882078,3.936750908419033,0.0,0.0,0.0,0.0,0.0,0.0
7,0.054,11,360.63765053834953,560.0,71.46291480126716,15.44997170361602,1522.0,262.36850512755353,57.269998956415,141.0,24.26673074565864,5.205876634615292,15.0,1.5000000000000002,0.15000000000000008,85.0,0.46156318837962995,0.0025063597278490476
