id,probability_maraud,successful_mating,next_foraging_time,foraging_events,foraging_hrs,foraging_sqhrs,staying_events,staying_hrs,staying_sqhrs,repairing_events,repairing_hrs,repairing_sqhrs,marauding_events,marauding_hrs,marauding_sqhrs,traveling_events,traveling_hrs,traveling_sqhrs
0,0.0,26,359.9728813304217,563.0,68.40189445540643,13.667007860162022,921.0,157.72100792173606,33.97927111122684,792.0,133.9470191544416,29.13586391190921,0.0,0.0,0.0,0.0,0.0,0.0
1,0.054,46,360.06571410878064,564.0,67.75648046861201,14.027888715771935,1689.0,290.4226709855869,63.49541659725202,0.0,0.0,0.0,13.0,1.3,0.13000000000000006,98.0,0.5321552054259263,0.002889685333284784
2,0.0,0,360.34858190205284,579.0,73.02604263019553,16.131176630063834,1682.0,287.1024467777741,61.739434394756465,0.0,0.0,0.0,0.0,0.0,0.0,0.0,0.0,0.0
3,0.054,0,360.33831844259214,574.0,73.67510628476533,15.692167725114738,1656.0,284.9499308726932,61.14571611001742,0.0,0.0,0.0,9.0,0.8999999999999999,0.09000000000000002,97.0,0.5267250502685189,0.0028601987482512656
4,0.0,0,359.89865905674617,565.0,69.02317875657816,14.641380463732107,1727.0,291.04917925723703,62.09446111810446,0.0,0.0,0.0,0.0,0.0,0.0,0.0,0.0,0.0
5,0.0,0,360.4571145746946,556.0,70.9332463755324,15.442081346745947,1701.0,289.08114834481773,61.96645888251447,0.0,0.0,0.0,0.0,0.0,0.0,0.0,0.0,0.0
6,0.0,0,360.1683260869797,559.0,73.23274438128274,16.323227391315406,1706.0,287.02704728029016,61.245084272113864,0.0,0.0,0.0,0.0,0.0,0.0,0.0,0.0,0.0
7,0.0,0,359.97392014872554,567.0,72.03719067342196,14.782845124245043,1715.0,288.05825360654217,60.18768260169475,0.0,0.0,0.0,0.0,0.0,0.0,0.0,0.0,0.0
