id,probability_maraud,successful_mating,next_foraging_time,foraging_events,foraging_hrs,foraging_sqhrs,staying_events,staying_hrs,staying_sqhrs,repairing_events,repairing_hrs,repairing_sqhrs,marauding_events,marauding_hrs,marauding_sqhrs,traveling_events,traveling_hrs,traveling_sqhrs
0,0.0,30,360.24947970012965,557.0,77.20262380073768,17.80555897587881,962.0,161.44185740734392,34.05753747902347,727.0,121.3866626972525,25.826395156272113,0.0,0.0,0.0,0.0,0.0,0.0
1,0.0,42,360.4016699105211,573.0,71.24965071642416,15.563319646686086,1735.0,288.88969750857757,61.32611217846754,0.0,0.0,0.0,0.0,0.0,0.0,0.0,0.0,0.0
2,0.0,0,360.47523760944244,567.0,73.33962194438814,15.06102629497652,1714.0,286.78450076809844,60.92185209081455,0.0,0.0,0.0,0.0,0.0,0.0,0.0,0.0,0.0
3,0.0,0,360.5465656554096,563.0,71.69904604684484,15.273086214561642,1707.0,288.3035976442356,60.8328248628899,0.0,0.0,0.0,0.0,0.0,0.0,0.0,0.0,0.0
4,0.0,0,360.0415466615198,574.0,71.3259560466398,15.125225891354422,1723.0,288.7949596577471,61.62835758324588,0.0,0.0,0.0,0.0,0.0,0.0,0.0,0.0,0.0
5,0.0,0,360.2808257208973,566.0,68.77755697404524,13.472093127565484,1678.0,291.2990232555119,64.08273943035907,0.0,0.0,0.0,0.0,0.0,0.0,0.0,0.0,0.0
6,0.054,0,360.0653437296356,560.0,73.54931528474998,16.28880000517722,1645.0,284.99654683780784,61.91371832707176,0.0,0.0,0.0,11.0,1.0999999999999999,0.11000000000000004,92.0,0.49957427448148184,0.002712765823083675
7,0.054,0,360.1596421446963,570.0,70.94944718656234,14.772053268183837,1706.0,287.6843813646707,61.07038663030509,0.0,0.0,0.0,9.0,0.8999999999999999,0.09000000000000002,106.0,0.5755964466851856,0.003125578013552929
