id,probability_maraud,successful_mating,next_foraging_time,foraging_events,foraging_hrs,foraging_sqhrs,staying_events,staying_hrs,staying_sqhrs,repairing_events,repairing_hrs,repairing_sqhrs,marauding_events,marauding_hrs,marauding_sqhrs,traveling_events,traveling_hrs,traveling_sqhrs
0,0.0,4,359.739151675139,578.0,72.52511145359631,15.224876257143341,1486.0,250.80410238319328,53.64868785975557,211.0,36.67881332717108,8.157909729181473,0.0,0.0,0.0,0.0,0.0,0.0
1,0.0,8,360.3256883179661,565.0,73.01620910649767,15.96886752206374,1566.0,262.64655660343584,55.91013051731299,145.0,24.54879478847335,5.074359865771366,0.0,0.0,0.0,0.0,0.0,0.0
2,0.0,9,360.0855798218662,562.0,67.51051339562964,13.464781230334623,1538.0,261.8103774157763,57.03670752402668,180.0,30.69032642035621,6.640930444145199,0.0,0.0,0.0,0.0,0.0,0.0
3,0.0,8,360.06924744471587,578.0,67.74566776168234,12.746459428519909,1458.0,243.62617659571092,51.60674574424105,274.0,48.640972278954195,10.658793597011446,0.0,0.0,0.0,0.0,0.0,0.0
4,0.0,10,359.8524043335151,566.0,70.0423279874144,14.391428041881609,1422.0,241.1296519957107,51.06992524076187,286.0,48.8320519590538,10.059853992278136,0.0,0.0,0.0,0.0,0.0,0.0
5,0.0,17,360.58906064296525,560.0,71.32535373486442,14.876759049909648,1609.0,276.4282729502114,60.214017628124985,78.0,12.286164250017222,2.5127765972155425,0.0,0.0,0.0,0.0,0.0,0.0
6,0.054,11,360.2888367587311,557.0,73.07057619552224,15.975130228738381,1633.0,278.79604384309795,60.068558273429154,37.0,6.039977824095951,1.282169377692072,17.0,1.7000000000000004,0.1700000000000001,91.0,0.4941441193240744,0.0026832792380501566
7,0.054,5,360.2698773675227,552.0,68.78797141694824,14.383121007914335,1590.0,270.50813417291596,58.24782215338607,106.0,18.224026168475135,4.036054593335496,20.0,2.0000000000000004,0.20000000000000012,91.0,0.4941441193240744,0.0026832792380501566
