id,probability_maraud,successful_mating,next_foraging_time,foraging_events,foraging_hrs,foraging_sqhrs,staying_events,staying_hrs,staying_sqhrs,repairing_events,repairing_hrs,repairing_sqhrs,marauding_events,marauding_hrs,marauding_sqhrs,traveling_events,traveling_hrs,traveling_sqhrs
0,0.0,40,360.0095382208247,556.0,73.57141930042552,16.387486431253727,1023.0,179.73202786423124,39.36840522419954,637.0,106.76010590519559,22.53649582028015,0.0,0.0,0.0,0.0,0.0,0.0
1,0.054,32,360.20240916398575,569.0,75.10193434993731,16.364615389362083,1719.0,283.5263885707174,59.48438210857756,0.0,0.0,0.0,8.0,0.7999999999999999,0.08000000000000002,119.0,0.646188463731482,0.0035089036189886653
2,0.0,0,360.5414122038228,569.0,71.3941634822817,14.40619782755138,1703.0,288.71876705166665,61.60688591603473,0.0,0.0,0.0,0.0,0.0,0.0,0.0,0.0,0.0
3,0.054,0,360.2183160210261,565.0,72.41487052219296,15.984093329694986,1689.0,286.04624621729477,60.611053442482344,0.0,0.0,0.0,10.0,0.9999999999999999,0.10000000000000003,103.0,0.5593059812129634,0.0030371182584523746
4,0.0,0,359.8778801629951,568.0,71.13336133638434,15.346989337158307,1710.0,288.9021851300337,61.50384298554249,0.0,0.0,0.0,0.0,0.0,0.0,0.0,0.0,0.0
5,0.0,0,360.0405570209239,554.0,72.8229599596469,15.601118812083813,1696.0,287.23162305575823,61.49694486307362,0.0,0.0,0.0,0.0,0.0,0.0,0.0,0.0,0.0
6,0.0,0,360.24111107881214,572.0,69.65978100419696,14.214649924666666,1724.0,290.6981474781804,61.652541064912214,0.0,0.0,0.0,0.0,0.0,0.0,0.0,0.0,0.0
7,0.0,0,360.3475291672985,559.0,71.44138550385487,15.507815957201425,1692.0,288.5736434407802,62.280722715719236,0.0,0.0,0.0,0.0,0.0,0.0,0.0,0.0,0.0
