id,probability_maraud,successful_mating,next_foraging_time,foraging_events,foraging_hrs,foraging_sqhrs,staying_events,staying_hrs,staying_sqhrs,repairing_events,repairing_hrs,repairing_sqhrs,marauding_events,marauding_hrs,marauding_sqhrs,traveling_events,traveling_hrs,traveling_sqhrs
0,0.054,11,360.535009250121,567.0,71.77326498239893,14.372432316959667,1608.0,274.46435821988985,58.8909161879551,74.0,12.103808762522322,2.464756591369988,14.0,1.4000000000000001,0.14000000000000007,101.0,0.5484456708981486,0.0029781450883853383
1,0.054,11,360.7156878053505,560.0,71.31590498497519,15.12568320432126,1680.0,280.6599331848803,59.76092102148177,34.0,6.062156270122765,1.3498603382910885,15.0,1.5000000000000002,0.15000000000000008,99.0,0.5375853605833337,0.002919171918318302
2,0.0,3,360.4080283260819,565.0,71.94423680183293,14.80944630703322,1486.0,245.35915717404137,51.57845438158808,265.0,42.73643104337798,8.629650477074678,0.0,0.0,0.0,0.0,0.0,0.0
3,0.0,9,360.42905577389837,559.0,70.05576390763655,14.415186963208027,1601.0,277.84934857044277,61.037212150622224,71.0,12.192382158083902,2.611507364840342,0.0,0.0,0.0,0.0,0.0,0.0
4,0.0,5,360.1184711892057,560.0,68.67688145158861,14.322156926780742,1530.0,261.07195814305925,56.50477118308312,187.0,30.42810517733519,6.38986746348151,0.0,0.0,0.0,0.0,0.0,0.0
5,0.0,14,360.36114699434916,580.0,69.34022408166427,13.952440007520897,1592.0,266.54459345699405,56.78372836027255,133.0,24.251925485319838,5.542891765877831,0.0,0.0,0.0,0.0,0.0,0.0
6,0.0,10,360.49899812273446,585.0,71.97107727700052,15.21738366895748,1490.0,251.602673793133,53.837162407696255,219.0,36.47357319897082,7.6724728571663645,0.0,0.0,0.0,0.0,0.0,0.0
7,0.0,9,360.3562817326183,553.0,73.99167392414898,17.54640514279667,1588.0,273.94639939374946,59.2903809623731,68.0,12.07773557209141,2.6756405347855563,0.0,0.0,0.0,0.0,0.0,0.0
