id,probability_maraud,successful_mating,next_foraging_time,foraging_events,foraging_hrs,foraging_sqhrs,staying_events,staying_hrs,staying_sqhrs,repairing_events,repairing_hrs,repairing_sqhrs,marauding_events,marauding_hrs,marauding_sqhrs,traveling_events,traveling_hrs,traveling_sqhrs
0,0.054,7,360.3563429300451,574.0,68.9641002568301,13.83755620380781,1540.0,264.33864885005255,56.65220319109552,147.0,24.25151081980164,5.008901042884784,20.0,2.0000000000000004,0.20000000000000012,93.0,0.5050044296388893,0.002742252408117193
1,0.0,7,360.49836985769434,570.0,73.03883740480485,15.648432510941275,1612.0,268.79518827602044,56.532103352499334,100.0,18.333084208629128,4.2779602246754616,0.0,0.0,0.0,0.0,0.0,0.0
2,0.0,6,360.4269340207253,571.0,72.77604493774528,14.955374700545699,1439.0,244.89158610344447,52.08073636412856,251.0,42.42159189994142,9.095091348667692,0.0,0.0,0.0,0.0,0.0,0.0
3,0.0,11,360.2803902090456,567.0,71.13649466939285,14.997645934082762,1558.0,258.09721944227624,54.25101158947247,174.0,30.838132909811065,6.992408125740574,0.0,0.0,0.0,0.0,0.0,0.0
4,0.054,9,360.28155404109884,565.0,71.95270928032399,15.482697199634199,1628.0,274.1272700913301,57.833398453335775,72.0,12.196712900086144,2.5462385368725573,12.0,1.2,0.12000000000000005,101.0,0.5484456708981486,0.0029781450883853383
5,0.0,9,360.4353873346537,551.0,72.54307159503314,15.816769829628196,1523.0,257.26681543466736,54.758795934317135,185.0,30.448992831401668,6.3180968721567625,0.0,0.0,0.0,0.0,0.0,0.0
6,0.0,8,360.1995019484329,563.0,73.71368320653673,16.8277030834104,1542.0,261.90338476031303,56.474706751409364,141.0,24.50697513331904,5.411838198214956,0.0,0.0,0.0,0.0,0.0,0.0
7,0.0,15,360.1132760741393,563.0,67.78164075084038,13.072081767120043,1665.0,280.26655363039174,59.34663226639879,71.0,12.112489293800927,2.6124800288490517,0.0,0.0,0.0,0.0,0.0,0.0
