id,probability_maraud,successful_mating,next_foraging_time,foraging_events,foraging_hrs,foraging_sqhrs,staying_events,staying_hrs,staying_sqhrs,repairing_events,repairing_hrs,repairing_sqhrs,marauding_events,marauding_hrs,marauding_sqhrs,traveling_events,traveling_hrs,traveling_sqhrs
0,0.0,9,360.18219961278123,568.0,70.92446952242113,14.282915574381118,1657.0,270.9546080658083,56.32607783971139,99.0,18.174556251805267,4.345830137570446,0.0,0.0,0.0,0.0,0.0,0.0
1,0.0,14,360.1157062934976,576.0,69.2386316769741,14.534294131977322,1462.0,247.82512765372036,52.76707776478196,250.0,42.964800506038515,9.458888836133966,0.0,0.0,0.0,0.0,0.0,0.0
2,0.0,7,360.39417187460634,555.0,70.9816357136127,15.000975144671632,1449.0,246.34369722753925,53.218372190006825,244.0,42.84703243724458,9.688983926571993,0.0,0.0,0.0,0.0,0.0,0.0
3,0.0,9,360.1922841927073,568.0,67.05464969769002,13.835209646177251,1560.0,268.4949129432461,58.62224332207917,154.0,24.471007435714853,4.849973907127442,0.0,0.0,0.0,0.0,0.0,0.0
4,0.054,12,360.34493109084025,577.0,72.15373365668992,14.831439602742103,1563.0,256.07151873167294,54.33766677982587,194.0,30.57050195806741,6.318411346303443,9.0,0.8999999999999999,0.09000000000000002,75.0,0.4072616368055558,0.002211493877513866
5,0.054,6,360.7408555251381,572.0,68.12354424501017,13.687512508420602,1695.0,282.8114084899688,60.54922024808955,38.0,6.311868273564626,1.2356931205470818,23.0,2.3000000000000007,0.23000000000000015,108.0,0.5864567570000004,0.0031845511836199655
6,0.0,10,360.37092310088354,558.0,65.84979905624746,12.674484470242842,1613.0,276.117274060066,59.55101467184439,108.0,18.17741380499456,4.020078764019271,0.0,0.0,0.0,0.0,0.0,0.0
7,0.0,5,360.8846027861523,561.0,71.66809005842157,14.873325943092865,1624.0,275.99659635249515,59.595791296603416,73.0,12.406137777866178,2.729090569256255,0.0,0.0,0.0,0.0,0.0,0.0
