id,probability_maraud,successful_mating,next_foraging_time,foraging_events,foraging_hrs,foraging_sqhrs,staying_events,staying_hrs,staying_sqhrs,repairing_events,repairing_hrs,repairing_sqhrs,marauding_events,marauding_hrs,marauding_sqhrs,traveling_events,traveling_hrs,traveling_sqhrs
0,0.0,24,360.6367169723103,559.0,69.04845885223249,14.357678350571723,937.0,161.17774491855516,35.227116163789596,769.0,129.85937210131056,27.38146336299816,0.0,0.0,0.0,0.0,0.0,0.0
1,0.0,48,360.45911396222016,558.0,68.79062388164101,13.684455493744162,1726.0,291.2246812198304,61.890784303850864,0.0,0.0,0.0,0.0,0.0,0.0,0.0,0.0,0.0
2,0.054,0,360.3662841413191,562.0,71.12219925593325,14.969789306365456,1670.0,287.23246162303866,61.83645964331633,0.0,0.0,0.0,12.0,1.2,0.12000000000000005,98.0,0.5321552054259263,0.002889685333284784
3,0.0,0,360.59214629515196,555.0,73.08893660385597,17.35375855027648,1682.0,287.1120037256569,61.161510257686196,0.0,0.0,0.0,0.0,0.0,0.0,0.0,0.0,0.0
4,0.054,0,360.30572827071717,571.0,71.08106574762488,14.696702127000984,1706.0,287.47448860996406,61.21506449884718,0.0,0.0,0.0,10.0,0.9999999999999999,0.10000000000000003,91.0,0.4941441193240744,0.0026832792380501566
5,0.0,0,360.4089404798356,571.0,73.9103504685492,16.93532485454262,1723.0,286.12297224690445,60.75633401839621,0.0,0.0,0.0,0.0,0.0,0.0,0.0,0.0,0.0
6,0.0,0,359.77166184756254,579.0,74.76598482844383,16.277853860395652,1710.0,285.24663237931503,59.89017614114541,0.0,0.0,0.0,0.0,0.0,0.0,0.0,0.0,0.0
7,0.0,0,360.2132486647461,564.0,68.05827335947748,14.002108946195648,1699.0,292.1174512089537,63.38332177510149,0.0,0.0,0.0,0.0,0.0,0.0,0.0,0.0,0.0
