id,probability_maraud,successful_mating,next_foraging_time,foraging_events,foraging_hrs,foraging_sqhrs,staying_events,staying_hrs,staying_sqhrs,repairing_events,repairing_hrs,repairing_sqhrs,marauding_events,marauding_hrs,marauding_sqhrs,traveling_events,traveling_hrs,traveling_sqhrs
0,0.0,44,360.1510651506653,558.0,70.5119887624843,15.240343478459842,1328.0,222.39438683839435,47.13245103708513,400.0,67.19231874346501,14.51826118303242,0.0,0.0,0.0,0.0,0.0,0.0
1,0.0,28,360.10928919215513,578.0,71.59838883567191,14.058942959328034,1687.0,288.44237833255426,62.20085373958834,0.0,0.0,0.0,0.0,0.0,0.0,0.0,0.0,0.0
2,0.0,0,360.3220475191167,559.0,74.77715567016948,16.418670158960484,1701.0,285.2301099339187,60.59902624834093,0.0,0.0,0.0,0.0,0.0,0.0,0.0,0.0,0.0
3,0.0,0,360.57846479024397,558.0,68.21969146502097,13.32070523433347,1719.0,292.0970477674329,63.07260972466486,0.0,0.0,0.0,0.0,0.0,0.0,0.0,0.0,0.0
4,0.0,0,360.41956694458804,576.0,70.79367346453135,14.18771844095678,1708.0,289.2452582248338,62.338467250887106,0.0,0.0,0.0,0.0,0.0,0.0,0.0,0.0,0.0
5,0.0,0,360.37629896992235,556.0,73.89291926478168,16.512711288254316,1708.0,286.1631189353418,61.22692348816286,0.0,0.0,0.0,0.0,0.0,0.0,0.0,0.0,0.0
6,0.054,0,359.91861963786295,574.0,71.93122184961071,14.076291171546535,1719.0,287.0701671569104,61.363644485100586,0.0,0.0,0.0,5.0,0.5,0.05000000000000001,96.0,0.5212948951111115,0.0028307121632177475
7,0.054,0,360.20300152617483,571.0,70.684894116041,14.905843420949672,1681.0,288.3368723075322,61.53623773611529,0.0,0.0,0.0,6.0,0.6,0.06000000000000001,86.0,0.46699334353703736,0.002535846312882566
