id,probability_maraud,successful_mating,next_foraging_time,foraging_events,foraging_hrs,foraging_sqhrs,staying_events,staying_hrs,staying_sqhrs,repairing_events,repairing_hrs,repairing_sqhrs,marauding_events,marauding_hrs,marauding_sqhrs,traveling_events,traveling_hrs,traveling_sqhrs
0,0.0,4,359.76483217708255,562.0,70.23611352523193,14.733670720416816,1629.0,277.710309678621,60.1609835106473,70.0,12.118491294399563,2.4938864753741132,0.0,0.0,0.0,0.0,0.0,0.0
1,0.054,6,360.29671963730874,565.0,69.65512877061283,13.49232369186084,1590.0,264.69941459382414,56.3182190569997,138.0,24.259632231579875,5.204724888555423,9.0,0.8999999999999999,0.09000000000000002,95.0,0.5158647399537041,0.0028012255781842293
2,0.0,9,360.45474938904607,566.0,69.99074657504711,13.968328077306165,1605.0,265.58410787220333,56.34506618118399,141.0,24.53991876412352,5.316045510859615,0.0,0.0,0.0,0.0,0.0,0.0
3,0.0,7,360.3556052877957,568.0,72.90265615289373,15.477420867132757,1442.0,244.55780807112632,52.480777608427815,246.0,42.580402140543775,9.498308443907982,0.0,0.0,0.0,0.0,0.0,0.0
4,0.0,12,360.469140254902,576.0,68.47224102981349,13.044652803999051,1614.0,267.27654310327733,55.71867075107456,149.0,24.368470558047054,5.202415830603244,0.0,0.0,0.0,0.0,0.0,0.0
5,0.0,16,360.4082085389943,569.0,70.14647068218143,13.868533337330668,1645.0,277.8522054167929,60.02916863456757,70.0,12.138396138094846,2.6774052761838343,0.0,0.0,0.0,0.0,0.0,0.0
6,0.054,10,360.56957865260483,559.0,69.64640471514485,14.5736467457053,1643.0,270.31033252946366,57.042967214368446,90.0,17.128736477214463,3.923085577446262,24.0,2.400000000000001,0.24000000000000016,101.0,0.5484456708981486,0.0029781450883853383
7,0.0,8,359.7793594079412,568.0,69.8289032488058,15.348280050771587,1454.0,247.8724063331794,53.652522431193965,246.0,42.420154025373726,9.165031871510495,0.0,0.0,0.0,0.0,0.0,0.0
