id,probability_maraud,successful_mating,next_foraging_time,foraging_events,foraging_hrs,foraging_sqhrs,staying_events,staying_hrs,staying_sqhrs,repairing_events,repairing_hrs,repairing_sqhrs,marauding_events,marauding_hrs,marauding_sqhrs,traveling_events,traveling_hrs,traveling_sqhrs
0,0.0,28,359.8345185908642,563.0,74.30506066740803,16.997842432342953,964.0,161.75768829246934,34.8474374497709,734.0,123.9787778088007,26.421406895230245,0.0,0.0,0.0,0.0,0.0,0.0
1,0.0,44,360.5033421257366,562.0,73.40709628052188,15.953789248104238,1694.0,286.64538834963395,60.938076554197906,0.0,0.0,0.0,0.0,0.0,0.0,0.0,0.0,0.0
2,0.0,0,360.19353314882903,571.0,73.24404320317423,16.039647338434204,1673.0,286.87540982980335,61.665509332239324,0.0,0.0,0.0,0.0,0.0,0.0,0.0,0.0,0.0
3,0.0,0,360.13066245703595,571.0,71.40562253293683,14.49420928357923,1725.0,288.735974089339,61.26043997720102,0.0,0.0,0.0,0.0,0.0,0.0,0.0,0.0,0.0
4,0.0,0,360.05882250334923,557.0,70.5651429480945,14.36812108714862,1721.0,289.6145281135456,62.38729733623858,0.0,0.0,0.0,0.0,0.0,0.0,0.0,0.0,0.0
5,0.054,0,360.26739153173367,567.0,66.13079980987797,12.441463558591902,1742.0,292.25775368806137,63.147379149478944,0.0,0.0,0.0,11.0,1.0999999999999999,0.11000000000000004,100.0,0.5430155157407411,0.00294865850335182
6,0.054,0,360.31735646333857,567.0,68.07905981780752,13.349367694262797,1734.0,290.420523534466,61.942976151201115,0.0,0.0,0.0,10.0,0.9999999999999999,0.10000000000000003,96.0,0.5212948951111115,0.0028307121632177475
7,0.0,0,360.0853775893466,581.0,68.99042900533195,13.115945839643203,1712.0,291.39267123569306,62.742574350974955,0.0,0.0,0.0,0.0,0.0,0.0,0.0,0.0,0.0
