id,probability_maraud,successful_mating,next_foraging_time,foraging_events,foraging_hrs,foraging_sqhrs,staying_events,staying_hrs,staying_sqhrs,repairing_events,repairing_hrs,repairing_sqhrs,marauding_events,marauding_hrs,marauding_sqhrs,traveling_events,traveling_hrs,traveling_sqhrs
0,0.0,11,360.58705341819217,568.0,74.30489535668475,16.626319292110797,1381.0,231.01449796497843,49.122970144794095,320.0,54.725067160423066,11.70706958405322,0.0,0.0,0.0,0.0,0.0,0.0
1,0.0,11,360.1639915227066,565.0,71.87686211206385,15.995931183286354,1437.0,245.19161564871692,52.813207397848714,251.0,42.97836877245941,9.290427607042897,0.0,0.0,0.0,0.0,0.0,0.0
2,0.0,9,360.0735129885037,570.0,68.619130942862,14.0505137960016,1544.0,261.09542492346003,55.84318943299925,182.0,30.442782376270152,6.35581117027889,0.0,0.0,0.0,0.0,0.0,0.0
3,0.054,5,360.4400317534733,563.0,71.8744095046346,14.271906478275314,1628.0,279.75694401105414,61.37226474889339,37.0,6.094583161847408,1.269069097491744,20.0,2.0000000000000004,0.20000000000000012,97.0,0.5267250502685189,0.0028601987482512656
4,0.0,10,360.587228775318,566.0,70.24545419712426,14.925377705642855,1558.0,265.36874344586323,56.28964780642452,139.0,24.44393336554973,5.260929234244449,0.0,0.0,0.0,0.0,0.0,0.0
5,0.0,3,359.85123622877575,545.0,75.35332374659698,17.349421566699032,1465.0,248.23708338377193,53.70052051550808,228.0,36.45816521565678,7.573947253349465,0.0,0.0,0.0,0.0,0.0,0.0
6,0.054,19,360.06747162545065,565.0,69.60992833107554,14.755551592425071,1605.0,269.3792015359884,57.03847203686997,105.0,18.495100416005037,4.096803351812812,20.0,2.0000000000000004,0.20000000000000012,108.0,0.5864567570000004,0.0031845511836199655
7,0.0,4,360.2738641719551,566.0,70.53428096942707,14.24800087322267,1557.0,258.8302451771511,54.86363711424949,188.0,30.677231423231493,6.282001786388538,0.0,0.0,0.0,0.0,0.0,0.0
