id,probability_maraud,successful_mating,next_foraging_time,foraging_events,foraging_hrs,foraging_sqhrs,staying_events,staying_hrs,staying_sqhrs,repairing_events,repairing_hrs,repairing_sqhrs,marauding_events,marauding_hrs,marauding_sqhrs,traveling_events,traveling_hrs,traveling_sqhrs
0,0.0,36,360.1219116362141,558.0,69.19004979574672,14.17984289581867,1187.0,199.23029744819635,43.34714098009555,523.0,91.71373591671049,20.094043690415187,0.0,0.0,0.0,0.0,0.0,0.0
1,0.054,36,360.6847890229565,555.0,70.69342747811477,14.945586203868691,1706.0,288.0689028277036,61.72224040477413,0.0,0.0,0.0,9.0,0.8999999999999999,0.09000000000000002,100.0,0.5430155157407411,0.00294865850335182
2,0.0,0,359.8174084391452,548.0,68.18893858475816,14.712918058884412,1688.0,291.8748752397542,62.984316609776926,0.0,0.0,0.0,0.0,0.0,0.0,0.0,0.0,0.0
3,0.0,0,360.0771149228065,569.0,74.98149752207003,16.512877463452508,1700.0,285.2064518905645,60.83207545991111,0.0,0.0,0.0,0.0,0.0,0.0,0.0,0.0,0.0
4,0.0,0,360.2199612051083,580.0,71.04303483576201,14.591442136082094,1689.0,289.01503143894314,62.47943649875168,0.0,0.0,0.0,0.0,0.0,0.0,0.0,0.0,0.0
5,0.0,0,360.34900936425515,563.0,70.99513663855019,15.074679084372272,1719.0,289.10578777466816,60.99753959188375,0.0,0.0,0.0,0.0,0.0,0.0,0.0,0.0,0.0
6,0.0,0,360.65054087996185,558.0,71.81721139609033,15.37141358265436,1702.0,288.2324741834463,62.11309628378112,0.0,0.0,0.0,0.0,0.0,0.0,0.0,0.0,0.0
7,0.054,0,360.6711396714685,552.0,74.66980308814938,16.886102007751138,1663.0,284.5265247919112,61.68049174849159,0.0,0.0,0.0,6.0,0.6,0.06000000000000001,85.0,0.46156318837962995,0.0025063597278490476
