id,probability_maraud,successful_mating,next_foraging_time,foraging_events,foraging_hrs,foraging_sqhrs,staying_events,staying_hrs,staying_sqhrs,repairing_events,repairing_hrs,repairing_sqhrs,marauding_events,marauding_hrs,marauding_sqhrs,traveling_events,traveling_hrs,traveling_sqhrs
0,0.0,37,359.9344657017172,569.0,68.6471320614127,13.99720127226276,1054.0,180.19837000460083,38.58728330226904,666.0,111.16143567588651,23.455168521010446,0.0,0.0,0.0,0.0,0.0,0.0
1,0.0,35,359.9315292694212,569.0,71.63042820255332,15.457817158904334,1725.0,288.47711558783334,60.79506224920939,0.0,0.0,0.0,0.0,0.0,0.0,0.0,0.0,0.0
2,0.0,0,360.07293198283753,559.0,71.74984673237932,15.781002110335939,1708.0,288.3905401296598,61.40435753939556,0.0,0.0,0.0,0.0,0.0,0.0,0.0,0.0,0.0
3,0.0,0,360.3237057048416,574.0,70.6595302658959,13.517781422469746,1727.0,289.5732515824191,61.81558240212547,0.0,0.0,0.0,0.0,0.0,0.0,0.0,0.0,0.0
4,0.0,0,359.99267633942395,563.0,71.580479598988,15.52493961784253,1715.0,288.57405404491755,61.52976916546467,0.0,0.0,0.0,0.0,0.0,0.0,0.0,0.0,0.0
5,0.0,0,360.49018448286927,561.0,70.08560352863947,14.571166023681172,1708.0,289.92431068900294,62.88667401996542,0.0,0.0,0.0,0.0,0.0,0.0,0.0,0.0,0.0
6,0.054,0,359.9097902858134,550.0,69.72895835548475,14.862825643489693,1726.0,288.54889885276265,60.95310500120259,0.0,0.0,0.0,13.0,1.3,0.13000000000000006,103.0,0.5593059812129634,0.0030371182584523746
7,0.054,0,360.22261923238375,564.0,72.06957749622788,14.836287640827601,1680.0,286.89720112708324,61.74673791207197,0.0,0.0,0.0,6.0,0.6,0.06000000000000001,95.0,0.5158647399537041,0.0028012255781842293
