id,probability_maraud,successful_mating,next_foraging_time,foraging_events,foraging_hrs,foraging_sqhrs,staying_events,staying_hrs,staying_sqhrs,repairing_events,repairing_hrs,repairing_sqhrs,marauding_events,marauding_hrs,marauding_sqhrs,traveling_events,traveling_hrs,traveling_sqhrs
0,0.0,27,360.200154971539,564.0,75.05683528208368,17.033415280355367,907.0,150.4046255609562,31.56706425489758,802.0,134.61403921098633,28.733165057000896,0.0,0.0,0.0,0.0,0.0,0.0
1,0.0,45,360.359201707638,564.0,72.00294158914093,14.996570746622863,1691.0,288.0585531505241,61.457395422817825,0.0,0.0,0.0,0.0,0.0,0.0,0.0,0.0,0.0
2,0.054,0,360.33191951625565,560.0,70.67490856840237,14.529050114014641,1680.0,287.8978853018615,62.148959398773485,0.0,0.0,0.0,11.0,1.0999999999999999,0.11000000000000004,76.0,0.41269179196296324,0.002240980462547384
3,0.0,0,360.01185688390785,561.0,69.00333007660807,14.351058897731756,1716.0,291.1138584872145,61.90689020590679,0.0,0.0,0.0,0.0,0.0,0.0,0.0,0.0,0.0
4,0.0,0,360.6713943067917,574.0,69.18442036151212,13.148686883251864,1696.0,290.8747894444219,63.001346194027654,0.0,0.0,0.0,0.0,0.0,0.0,0.0,0.0,0.0
5,0.054,0,360.3969811030298,572.0,69.39772307077398,13.324608808556501,1686.0,289.09559789587973,62.296439063650304,0.0,0.0,0.0,11.0,1.0999999999999999,0.11000000000000004,88.0,0.4778536538518522,0.002594819482949602
6,0.0,0,360.3531146420838,570.0,74.08949350757796,16.35514923140081,1694.0,286.09522967750434,60.24970852523017,0.0,0.0,0.0,0.0,0.0,0.0,0.0,0.0,0.0
7,0.0,0,360.15589337196735,552.0,70.69853967349309,14.68736100963198,1694.0,289.4367964111299,62.74985084573559,0.0,0.0,0.0,0.0,0.0,0.0,0.0,0.0,0.0
