id,probability_maraud,successful_mating,next_foraging_time,foraging_events,foraging_hrs,foraging_sqhrs,staying_events,staying_hrs,staying_sqhrs,repairing_events,repairing_hrs,repairing_sqhrs,marauding_events,marauding_hrs,marauding_sqhrs,traveling_events,traveling_hrs,traveling_sqhrs
0,0.0,33,360.8250206429951,574.0,71.4985214563477,14.602957653070867,955.0,165.90957116104013,36.616772958221354,736.0,122.66598109772131,25.756531130139287,0.0,0.0,0.0,0.0,0.0,0.0
1,0.054,39,360.6475343638201,572.0,69.46951177195504,13.327301789329026,1724.0,289.3187643133061,61.78419998251926,0.0,0.0,0.0,8.0,0.7999999999999999,0.08000000000000002,96.0,0.5212948951111115,0.0028307121632177475
2,0.0,0,360.2413924239431,577.0,73.95803690827242,15.673748069848955,1710.0,286.1620740156085,60.43886643433086,0.0,0.0,0.0,0.0,0.0,0.0,0.0,0.0,0.0
3,0.054,0,360.23922685843434,569.0,69.90900868977761,14.144434910836214,1688.0,288.3658886616017,61.968088305554765,0.0,0.0,0.0,12.0,1.2,0.12000000000000005,100.0,0.5430155157407411,0.00294865850335182
4,0.0,0,360.6852051754937,558.0,68.44831222962203,13.704691735157434,1735.0,291.7595466366302,62.72244209099378,0.0,0.0,0.0,0.0,0.0,0.0,0.0,0.0,0.0
5,0.0,0,360.1645674573377,575.0,70.40571794170734,14.658766328854359,1724.0,289.6016420024008,61.27309865022297,0.0,0.0,0.0,0.0,0.0,0.0,0.0,0.0,0.0
6,0.0,0,360.4653579276627,569.0,69.13784147462503,13.80842296704151,1690.0,291.0222690052147,62.816311773498974,0.0,0.0,0.0,0.0,0.0,0.0,0.0,0.0,0.0
7,0.0,0,360.5586198395109,566.0,70.0403231315236,14.471155028826747,1712.0,290.1933137264434,61.83738873915779,0.0,0.0,0.0,0.0,0.0,0.0,0.0,0.0,0.0
