id,probability_maraud,successful_mating,next_foraging_time,foraging_events,foraging_hrs,foraging_sqhrs,staying_events,staying_hrs,staying_sqhrs,repairing_events,repairing_hrs,repairing_sqhrs,marauding_events,marauding_hrs,marauding_sqhrs,traveling_events,traveling_hrs,traveling_sqhrs
0,0.0,22,360.5764660139232,563.0,71.61042445022468,14.91634292787304,895.0,154.30896928425653,33.85234851486467,790.0,134.17591122767882,28.69155866613321,0.0,0.0,0.0,0.0,0.0,0.0
1,0.054,50,360.6099909975542,576.0,70.80550894694238,14.379657771942387,1701.0,287.9319914536773,61.61123356697563,0.0,0.0,0.0,9.0,0.8999999999999999,0.09000000000000002,94.0,0.5104345847962967,0.002771738993150711
2,0.0,0,360.0341989820046,561.0,73.39640637466253,15.850303199510522,1720.0,286.68507940953964,60.63077941663596,0.0,0.0,0.0,0.0,0.0,0.0,0.0,0.0,0.0
3,0.0,0,359.98339078551635,560.0,68.04885299018895,13.122175471868957,1677.0,292.0995791648184,64.0977782492027,0.0,0.0,0.0,0.0,0.0,0.0,0.0,0.0,0.0
4,0.054,0,360.7921152818869,560.0,73.42285330942792,16.202141588528235,1683.0,284.9156178604556,61.05965858868739,0.0,0.0,0.0,13.0,1.3,0.13000000000000006,109.0,0.5918869121574079,0.0032140377686534836
5,0.0,0,360.3192606500111,580.0,72.63637019970533,15.641308185063199,1731.0,287.3993583534004,61.30492101399203,0.0,0.0,0.0,0.0,0.0,0.0,0.0,0.0,0.0
6,0.0,0,360.314797281186,570.0,70.01335767892053,14.329025989662943,1715.0,290.1114100660843,62.34249534952425,0.0,0.0,0.0,0.0,0.0,0.0,0.0,0.0,0.0
7,0.0,0,360.34830445271416,563.0,73.2314914236353,16.125852712772915,1723.0,286.9268624416697,60.05280315518661,0.0,0.0,0.0,0.0,0.0,0.0,0.0,0.0,0.0
