id,probability_maraud,successful_mating,next_foraging_time,foraging_events,foraging_hrs,foraging_sqhrs,staying_events,staying_hrs,staying_sqhrs,repairing_events,repairing_hrs,repairing_sqhrs,marauding_events,marauding_hrs,marauding_sqhrs,traveling_events,traveling_hrs,traveling_sqhrs
0,0.0,32,359.84971308328727,567.0,72.07933191769894,15.879465078517097,930.0,154.24088386415724,32.050821311884526,784.0,133.79291753179908,28.73687311828913,0.0,0.0,0.0,0.0,0.0,0.0
1,0.0,40,360.5124486301182,582.0,68.54498759185032,13.921101464506785,1758.0,291.586201180553,61.65417200646002,0.0,0.0,0.0,0.0,0.0,0.0,0.0,0.0,0.0
2,0.054,0,360.50168003904963,572.0,68.564699386647,13.14543383329558,1717.0,289.92996314792015,61.94390338394223,0.0,0.0,0.0,11.0,1.0999999999999999,0.11000000000000004,97.0,0.5267250502685189,0.0028601987482512656
3,0.0,0,360.10466320062073,566.0,70.6802531958859,15.856941394141895,1693.0,289.65997315541057,62.9220700001064,0.0,0.0,0.0,0.0,0.0,0.0,0.0,0.0,0.0
4,0.0,0,360.13682688118115,563.0,69.7322804564898,14.119305655959838,1741.0,290.2913223191353,60.99677803559196,0.0,0.0,0.0,0.0,0.0,0.0,0.0,0.0,0.0
5,0.0,0,359.7871637360546,562.0,71.45526628311067,14.382755672974499,1679.0,288.5589466733802,62.84903453527912,0.0,0.0,0.0,0.0,0.0,0.0,0.0,0.0,0.0
6,0.0,0,360.0285232903815,566.0,69.57538764987842,14.167313212602712,1724.0,290.57857048720393,61.354613745064164,0.0,0.0,0.0,0.0,0.0,0.0,0.0,0.0,0.0
7,0.054,0,360.502063639235,563.0,67.63503494575912,13.6002931095427,1706.0,290.813020215111,62.39714593023904,0.0,0.0,0.0,11.0,1.0999999999999999,0.11000000000000004,101.0,0.5484456708981486,0.0029781450883853383
