id,probability_maraud,successful_mating,next_foraging_time,foraging_events,foraging_hrs,foraging_sqhrs,staying_events,staying_hrs,staying_sqhrs,repairing_events,repairing_hrs,repairing_sqhrs,marauding_events,marauding_hrs,marauding_sqhrs,traveling_events,traveling_hrs,traveling_sqhrs
0,0.0,10,360.36479212343863,566.0,69.52371271172048,14.38403387977957,1683.0,284.6058030344906,60.73573302877823,40.0,6.101007008669076,1.185603115619086,0.0,0.0,0.0,0.0,0.0,0.0
1,0.0,8,360.33256897244576,570.0,72.24896550541607,15.092797819610393,1603.0,269.50834273468075,57.844663977297515,115.0,18.300962792017057,3.8288025528540888,0.0,0.0,0.0,0.0,0.0,0.0
2,0.054,10,360.2419486283048,557.0,67.45119725379423,13.430616666728849,1631.0,273.07353571873796,57.96626291407766,110.0,18.127767994976768,3.6713852383146532,9.0,0.8999999999999999,0.09000000000000002,101.0,0.5484456708981486,0.0029781450883853383
3,0.054,10,360.2422456510132,545.0,68.64175327716983,14.956134517088275,1699.0,288.8432416355115,62.80230158947304,0.0,0.0,0.0,20.0,2.0000000000000004,0.20000000000000012,99.0,0.5375853605833337,0.002919171918318302
4,0.0,6,360.0804533371664,580.0,69.53352531889718,13.544187443262608,1479.0,247.97962328017192,52.70676072554331,250.0,42.78309364609653,9.303323861540504,0.0,0.0,0.0,0.0,0.0,0.0
5,0.0,11,360.0381731762519,555.0,70.5295891028951,14.688770995462251,1542.0,259.08185865384456,54.656487110514334,176.0,30.437251867793723,6.3954858804253565,0.0,0.0,0.0,0.0,0.0,0.0
6,0.0,10,360.39072800814154,565.0,69.91283257614404,15.03306228098962,1494.0,247.76700465439296,52.866634533647414,247.0,42.37681438221307,9.318873695900063,0.0,0.0,0.0,0.0,0.0,0.0
7,0.0,7,359.9429972554114,547.0,72.50685711584978,14.94101902607523,1566.0,269.2040878662845,58.285884884932244,107.0,18.417986464047335,3.9657349240086996,0.0,0.0,0.0,0.0,0.0,0.0
