id,probability_maraud,successful_mating,next_foraging_time,foraging_events,foraging_hrs,foraging_sqhrs,staying_events,staying_hrs,staying_sqhrs,repairing_events,repairing_hrs,repairing_sqhrs,marauding_events,marauding_hrs,marauding_sqhrs,traveling_events,traveling_hrs,traveling_sqhrs
0,0.054,49,360.22326537989466,559.0,70.74215096483873,14.85506437177912,1227.0,207.9897363200519,44.4482835972803,467.0,80.0105682786387,17.442997250271134,9.0,0.8999999999999999,0.09000000000000002,78.0,0.42355210227777806,0.0022999536326144205
1,0.0,23,360.25543672586593,567.0,68.26606789170934,13.60964583649499,1388.0,236.64079091826775,50.94821683741454,321.0,55.1210912736765,11.956927782483264,0.0,0.0,0.0,0.0,0.0,0.0
2,0.0,0,360.1910106073823,568.0,69.3507933224312,14.441171515505422,1747.0,290.86672358079676,61.93184151745834,0.0,0.0,0.0,0.0,0.0,0.0,0.0,0.0,0.0
3,0.0,0,360.57387315735275,564.0,73.01765739234224,15.310341993120337,1690.0,287.1246772239607,60.86708103271434,0.0,0.0,0.0,0.0,0.0,0.0,0.0,0.0,0.0
4,0.0,0,359.8279675303649,574.0,71.22009385862233,15.479739106498787,1711.0,288.84811437983655,62.03384533016029,0.0,0.0,0.0,0.0,0.0,0.0,0.0,0.0,0.0
5,0.0,0,360.0784997787962,560.0,70.26006017449531,15.093156943223978,1740.0,289.82668324002117,61.51391621944062,0.0,0.0,0.0,0.0,0.0,0.0,0.0,0.0,0.0
6,0.054,0,360.06666945839265,561.0,71.07370505975648,14.930874031702142,1707.0,287.2141598870972,61.921194950221704,0.0,0.0,0.0,13.0,1.3,0.13000000000000006,104.0,0.5647361363703708,0.003066604843485893
7,0.0,0,360.3634191616773,564.0,72.63333029736393,15.355663279716271,1670.0,287.49413644019825,62.46648236525053,0.0,0.0,0.0,0.0,0.0,0.0,0.0,0.0,0.0
