id,probability_maraud,successful_mating,next_foraging_time,foraging_events,foraging_hrs,foraging_sqhrs,staying_events,staying_hrs,staying_sqhrs,repairing_events,repairing_hrs,repairing_sqhrs,marauding_events,marauding_hrs,marauding_sqhrs,traveling_events,traveling_hrs,traveling_sqhrs
0,0.054,31,360.5296234140981,577.0,69.48858619863792,14.618586152352105,1063.0,179.47231966374682,38.82363686277707,671.0,110.24299423387575,23.19315848913564,5.0,0.5,0.05000000000000001,62.0,0.33666961975925946,0.0018281682720781298
1,0.0,41,359.7925446195755,557.0,73.189693795291,15.748856094196805,1492.0,256.1210676328388,55.71477169088516,178.0,30.69255054237599,6.667093582283168,0.0,0.0,0.0,0.0,0.0,0.0
2,0.0,0,360.0162566528189,567.0,70.48209838409467,14.48284136310908,1683.0,289.5353688211803,63.75771373756682,0.0,0.0,0.0,0.0,0.0,0.0,0.0,0.0,0.0
3,0.0,0,359.86194460582726,559.0,73.05695717737312,15.818407564579632,1687.0,286.96550161147593,61.674321226724516,0.0,0.0,0.0,0.0,0.0,0.0,0.0,0.0,0.0
4,0.0,0,360.4348360152421,561.0,69.09784109785244,13.906918954929543,1709.0,290.94437098748836,62.83006277969114,0.0,0.0,0.0,0.0,0.0,0.0,0.0,0.0,0.0
5,0.0,0,360.261249980494,563.0,68.06601280558057,12.854033676115542,1753.0,291.9587312818044,61.735409120525674,0.0,0.0,0.0,0.0,0.0,0.0,0.0,0.0,0.0
6,0.054,0,360.605851509283,555.0,70.89014537428514,14.763004734621356,1688.0,286.75992678091643,62.251005177645126,0.0,0.0,0.0,19.0,1.9000000000000006,0.1900000000000001,101.0,0.5484456708981486,0.0029781450883853383
7,0.0,0,360.45287478922626,550.0,72.23126682607307,15.318560684363487,1705.0,287.8010226215335,61.685430931618775,0.0,0.0,0.0,0.0,0.0,0.0,0.0,0.0,0.0
