id,probability_maraud,successful_mating,next_foraging_time,foraging_events,foraging_hrs,foraging_sqhrs,staying_events,staying_hrs,staying_sqhrs,repairing_events,repairing_hrs,repairing_sqhrs,marauding_events,marauding_hrs,marauding_sqhrs,traveling_events,traveling_hrs,traveling_sqhrs
0,0.0,11,360.19024102956666,583.0,68.96774455910436,13.79510533221857,1546.0,260.77934952036617,55.39942741836607,183.0,30.361569927818636,6.4460159402394215,0.0,0.0,0.0,0.0,0.0,0.0
1,0.0,6,360.4105242398024,567.0,69.05589811169983,13.976283725232072,1690.0,284.8910684232808,59.43257645294867,39.0,6.090622262094478,1.2786371116583792,0.0,0.0,0.0,0.0,0.0,0.0
2,0.0,14,360.41763335347713,559.0,68.27472879059754,13.583726211528917,1675.0,285.65063852094124,61.14993833727125,35.0,6.106256047121454,1.3587081217958816,0.0,0.0,0.0,0.0,0.0,0.0
3,0.0,12,359.99133593957833,559.0,72.2289059533288,15.222136844504874,1676.0,281.6083649713981,60.30616397962495,37.0,6.165178281807237,1.2385477494678896,0.0,0.0,0.0,0.0,0.0,0.0
4,0.054,10,360.25963943300553,562.0,70.48416435274818,15.522889324506234,1618.0,276.08045867779117,59.55182724409039,69.0,12.31109852917241,2.8178497430125384,8.0,0.7999999999999999,0.08000000000000002,74.0,0.4018314816481484,0.002182007292480348
5,0.0,10,360.52879980207695,567.0,70.22440206636102,14.865331535513679,1490.0,253.5097019771489,54.46565231962529,211.0,36.281197519216754,7.872569104717279,0.0,0.0,0.0,0.0,0.0,0.0
6,0.054,3,360.05583881524285,576.0,70.29056536443996,15.054858012591833,1662.0,275.5284458318815,58.0244451020982,64.0,12.05801739148898,2.800937306268744,15.0,1.5000000000000002,0.15000000000000008,115.0,0.6244678431018523,0.0033909572788545926
7,0.0,6,360.41755853795553,579.0,73.36553050950938,15.515002161508745,1544.0,256.1386400310608,53.685777997991394,183.0,30.590426438321806,6.4936307123522266,0.0,0.0,0.0,0.0,0.0,0.0
