id,probability_maraud,successful_mating,next_foraging_time,foraging_events,foraging_hrs,foraging_sqhrs,staying_events,staying_hrs,staying_sqhrs,repairing_events,repairing_hrs,repairing_sqhrs,marauding_events,marauding_hrs,marauding_sqhrs,traveling_events,traveling_hrs,traveling_sqhrs
0,0.054,7,360.214273169812,562.0,68.71810544099962,13.806480213815718,1696.0,283.25845471651274,60.54839877081746,37.0,6.134840450206508,1.293538019794687,15.0,1.5000000000000002,0.15000000000000008,92.0,0.49957427448148184,0.002712765823083675
1,0.0,9,360.1380785366051,568.0,68.64965188388943,13.683063720564112,1571.0,260.7742270681473,55.2823204216171,185.0,30.665277190248997,6.528436281238368,0.0,0.0,0.0,0.0,0.0,0.0
2,0.0,8,360.2614867170694,569.0,70.60941037868632,14.891236407945117,1631.0,271.1795277428937,57.06443926807611,108.0,18.380256879820827,3.910752591406986,0.0,0.0,0.0,0.0,0.0,0.0
3,0.0,11,360.2153914305808,578.0,71.55959635672585,14.570693140303122,1466.0,246.0498969036476,52.03447518051968,264.0,42.470230620322226,8.836199199072087,0.0,0.0,0.0,0.0,0.0,0.0
4,0.0,14,360.0496304023261,567.0,67.49060277297063,13.405614478139634,1658.0,280.3733551624346,59.61215450113414,73.0,12.309694980639383,2.7448046105514776,0.0,0.0,0.0,0.0,0.0,0.0
5,0.0,9,360.54395867830624,563.0,73.90074264113741,16.05336144426451,1537.0,261.8869143521171,57.187119903501895,145.0,24.436849769087026,5.358085336087184,0.0,0.0,0.0,0.0,0.0,0.0
6,0.054,9,360.6829010759666,561.0,72.30210852062902,15.592633905663853,1645.0,273.925911578022,57.366047141797594,78.0,12.370389305045654,2.514041034805658,12.0,1.2,0.12000000000000005,91.0,0.4941441193240744,0.0026832792380501566
7,0.0,5,360.0034410476713,557.0,74.76072224180501,16.976176845562808,1583.0,267.14093479531573,57.15052875923322,102.0,18.15916579235802,4.055833178306912,0.0,0.0,0.0,0.0,0.0,0.0
