id,probability_maraud,successful_mating,next_foraging_time,foraging_events,foraging_hrs,foraging_sqhrs,staying_events,staying_hrs,staying_sqhrs,repairing_events,repairing_hrs,repairing_sqhrs,marauding_events,marauding_hrs,marauding_sqhrs,traveling_events,traveling_hrs,traveling_sqhrs
0,0.0,5,360.09953205017547,561.0,74.0395339690722,16.64463082855433,1575.0,261.46983925820507,55.01189943694159,149.0,24.539236780985476,5.068762007141911,0.0,0.0,0.0,0.0,0.0,0.0
1,0.0,4,360.4484015633019,572.0,70.17226854706765,13.692369990605767,1502.0,259.43974735089756,56.30989459125851,173.0,30.50198999724204,6.5706871308084525,0.0,0.0,0.0,0.0,0.0,0.0
2,0.0,9,360.2001418078122,569.0,69.89723145502677,14.198058208189899,1493.0,254.1720252208068,55.042292128530974,210.0,36.01540967071796,7.970035665867039,0.0,0.0,0.0,0.0,0.0,0.0
3,0.054,15,360.0091906298857,547.0,73.11790695957053,16.592333054001667,1521.0,259.90026334137764,56.116560426974246,142.0,24.66144216527833,5.526837550002574,19.0,1.9000000000000006,0.1900000000000001,81.0,0.4398425677500003,0.002388413387714975
4,0.0,12,360.1353049497475,586.0,67.1072529192118,13.027909988790347,1486.0,250.57916576011388,53.30100410893894,240.0,42.56630436708251,9.24319035178103,0.0,0.0,0.0,0.0,0.0,0.0
5,0.0,8,360.4815662027659,561.0,70.80739053757335,15.211526263002568,1646.0,283.2287620362803,61.06634995881644,41.0,6.050530066770039,1.272471900531634,0.0,0.0,0.0,0.0,0.0,0.0
6,0.054,11,360.41885614471136,559.0,73.60433921451909,16.13511142175471,1521.0,254.22809442661833,53.866327500135206,193.0,30.461737654993644,6.166501045392798,15.0,1.5000000000000002,0.15000000000000008,79.0,0.4289822574351855,0.0023294402176479386
7,0.0,8,360.0862005248507,573.0,71.40775732206626,14.379795828100063,1660.0,276.272108290173,58.724435190273965,74.0,12.341145675241245,2.607382236706431,0.0,0.0,0.0,0.0,0.0,0.0
