id,probability_maraud,successful_mating,next_foraging_time,foraging_events,foraging_hrs,foraging_sqhrs,staying_events,staying_hrs,staying_sqhrs,repairing_events,repairing_hrs,repairing_sqhrs,marauding_events,marauding_hrs,marauding_sqhrs,traveling_events,traveling_hrs,traveling_sqhrs
0,0.0,12,360.17552950748984,561.0,72.07113191561689,15.07327058867739,1629.0,269.67084859425876,56.86196926648886,110.0,18.42936181855394,3.9823343307882757,0.0,0.0,0.0,0.0,0.0,0.0
1,0.0,4,360.28668631003615,572.0,69.99289477042561,14.332356676127437,1628.0,271.63410777221304,58.1858367674582,104.0,18.39341113683201,3.9683456201358203,0.0,0.0,0.0,0.0,0.0,0.0
2,0.0,13,360.2079500550439,578.0,68.76712997590842,13.313072751381414,1514.0,260.6979545881796,56.693815155694146,178.0,30.824730170899603,6.718436074837781,0.0,0.0,0.0,0.0,0.0,0.0
3,0.0,11,360.19385209637295,573.0,70.93349064644842,14.459190987310768,1643.0,276.88605363377826,59.09429642204726,67.0,12.227639989241547,2.7673722591829524,0.0,0.0,0.0,0.0,0.0,0.0
4,0.054,9,359.9471666012757,572.0,71.28234313468776,15.208682008448703,1599.0,268.1573221613011,56.95936093541561,101.0,18.188095863997898,3.957504689761045,19.0,1.9000000000000006,0.1900000000000001,91.0,0.4941441193240744,0.0026832792380501566
5,0.0,4,360.49679601751825,567.0,68.20569808355988,13.10353708042073,1522.0,261.55564341545505,56.825197769299265,169.0,30.433549124437814,6.837765057323419,0.0,0.0,0.0,0.0,0.0,0.0
6,0.0,13,360.49374115452184,567.0,69.73427954991426,14.144191904271507,1599.0,272.10640671137907,58.72432414730482,110.0,18.300409594154864,3.880702759803959,0.0,0.0,0.0,0.0,0.0,0.0
7,0.054,6,360.34022110903254,565.0,68.04538988680629,13.770978226924644,1539.0,266.48588343721036,58.210106176466304,134.0,24.213429222540572,5.43444679318638,9.0,0.8999999999999999,0.09000000000000002,106.0,0.5755964466851856,0.003125578013552929
