id,probability_maraud,successful_mating,next_foraging_time,foraging_events,foraging_hrs,foraging_sqhrs,staying_events,staying_hrs,staying_sqhrs,repairing_events,repairing_hrs,repairing_sqhrs,marauding_events,marauding_hrs,marauding_sqhrs,traveling_events,traveling_hrs,traveling_sqhrs
0,0.0,34,360.3404794705943,564.0,67.05321800580623,13.083750211054264,958.0,164.53563536225823,35.81078788642774,766.0,128.56031658166327,27.453100095985192,0.0,0.0,0.0,0.0,0.0,0.0
1,0.054,38,360.6717665518675,571.0,69.23879729798844,14.034947806959027,1732.0,289.00702197315803,60.15799160436015,0.0,0.0,0.0,12.0,1.2,0.12000000000000005,105.0,0.5701662915277782,0.003096091428519411
2,0.0,0,359.93065691383117,560.0,70.92028376381765,14.400209548253967,1691.0,289.08496157801585,61.619129937515346,0.0,0.0,0.0,0.0,0.0,0.0,0.0,0.0,0.0
3,0.0,0,359.9618470924118,558.0,75.00471384368286,16.310041880517836,1671.0,285.0173693986584,61.81259595750861,0.0,0.0,0.0,0.0,0.0,0.0,0.0,0.0,0.0
4,0.054,0,360.30940558956934,579.0,73.90595755197897,16.31605272770264,1680.0,284.67775118336135,60.80370464853814,0.0,0.0,0.0,9.0,0.8999999999999999,0.09000000000000002,102.0,0.553875826055556,0.0030076316734188565
5,0.0,0,360.54836738026523,572.0,72.66679749982286,15.348098051425008,1664.0,287.47100695707644,62.46613472865919,0.0,0.0,0.0,0.0,0.0,0.0,0.0,0.0,0.0
6,0.0,0,359.9179470723372,563.0,70.69958996004092,13.905900622206495,1723.0,289.44254191527733,61.70877746145454,0.0,0.0,0.0,0.0,0.0,0.0,0.0,0.0,0.0
7,0.0,0,360.52034683554626,568.0,69.79743399973161,14.491827796333846,1702.0,290.49745128150875,62.882513124845396,0.0,0.0,0.0,0.0,0.0,0.0,0.0,0.0,0.0
