id,probability_maraud,successful_mating,next_foraging_time,foraging_events,foraging_hrs,foraging_sqhrs,staying_events,staying_hrs,staying_sqhrs,repairing_events,repairing_hrs,repairing_sqhrs,marauding_events,marauding_hrs,marauding_sqhrs,traveling_events,traveling_hrs,traveling_sqhrs
0,0.0,36,360.1283036869383,559.0,74.43605559150386,16.499962170343515,985.0,160.05781125276337,33.342711436403285,729.0,125.71434208732207,27.510520803268857,0.0,0.0,0.0,0.0,0.0,0.0
1,0.0,36,360.0344585507614,555.0,66.89478707847191,13.85413760795015,1744.0,293.3186453542344,62.025225613548514,0.0,0.0,0.0,0.0,0.0,0.0,0.0,0.0,0.0
2,0.0,0,360.18547907069933,559.0,69.85256652849405,14.519041781063889,1733.0,290.3187472086034,60.918622912690466,0.0,0.0,0.0,0.0,0.0,0.0,0.0,0.0,0.0
3,0.0,0,360.3953119507298,571.0,69.34259393308933,13.803542253495737,1723.0,290.8519831204215,62.49073882303418,0.0,0.0,0.0,0.0,0.0,0.0,0.0,0.0,0.0
4,0.0,0,360.33493026954886,557.0,70.36140808308329,14.299011185858012,1723.0,289.66075281673585,61.44564954446688,0.0,0.0,0.0,0.0,0.0,0.0,0.0,0.0,0.0
5,0.0,0,359.95108726148845,560.0,74.80080534311179,17.25685728628063,1684.0,285.2786986630418,60.81462388627028,0.0,0.0,0.0,0.0,0.0,0.0,0.0,0.0,0.0
6,0.054,0,360.43425771692336,557.0,70.65412320391168,14.623735410408376,1701.0,288.1595749981991,62.50013291813474,0.0,0.0,0.0,8.0,0.7999999999999999,0.08000000000000002,78.0,0.42355210227777806,0.0022999536326144205
7,0.054,0,360.14382118487134,570.0,69.76612735348834,14.640322489951563,1697.0,288.5638771952485,62.025848458228495,0.0,0.0,0.0,13.0,1.3,0.13000000000000006,103.0,0.5593059812129634,0.0030371182584523746
