id,probability_maraud,successful_mating,next_foraging_time,foraging_events,foraging_hrs,foraging_sqhrs,staying_events,staying_hrs,staying_sqhrs,repairing_events,repairing_hrs,repairing_sqhrs,marauding_events,marauding_hrs,marauding_sqhrs,traveling_events,traveling_hrs,traveling_sqhrs
0,0.0,11,360.02599325807427,570.0,71.15662207581357,15.409195571415752,1548.0,264.51867870161453,56.64982065361721,144.0,24.436144264244778,5.06498823041102,0.0,0.0,0.0,0.0,0.0,0.0
1,0.0,6,359.8482623992951,568.0,67.15943271759112,13.583367580971117,1620.0,274.5256515408428,59.21907580736036,122.0,18.36933030084998,3.642620521416404,0.0,0.0,0.0,0.0,0.0,0.0
2,0.0,4,360.4021027503134,564.0,70.96438013537404,15.086716337082516,1609.0,270.49863062889585,57.1877215146112,109.0,18.578690559724567,4.011985693208271,0.0,0.0,0.0,0.0,0.0,0.0
3,0.054,12,360.1188654042286,559.0,73.14902005133025,16.224499844026482,1503.0,261.0300757626587,56.84184596524938,152.0,24.353035325167056,5.1239248527846675,11.0,1.0999999999999999,0.11000000000000004,91.0,0.4941441193240744,0.0026832792380501566
4,0.0,15,360.6048777852754,564.0,68.412997753063,13.502961439249262,1553.0,261.1222931185429,56.49142609450592,179.0,30.47829687968685,6.5644759287139784,0.0,0.0,0.0,0.0,0.0,0.0
5,0.054,10,360.190900974946,566.0,74.00333811880685,16.269039422152623,1669.0,277.8320423257908,58.896724686550726,35.0,6.120640328661722,1.3655182418354628,16.0,1.6000000000000003,0.1600000000000001,82.0,0.4452727229074077,0.002417899972748493
6,0.0,4,360.0961631573674,568.0,75.768833562169,16.30071601892753,1615.0,272.12355261120587,57.97548593007075,67.0,12.236640371607418,2.7311564025236432,0.0,0.0,0.0,0.0,0.0,0.0
7,0.0,10,360.0736593489992,566.0,69.92699956935414,14.05847669192659,1573.0,259.5836242589184,54.48895203439342,182.0,30.52215875510121,6.398445401046897,0.0,0.0,0.0,0.0,0.0,0.0
