id,probability_maraud,successful_mating,next_foraging_time,foraging_events,foraging_hrs,foraging_sqhrs,staying_events,staying_hrs,staying_sqhrs,repairing_events,repairing_hrs,repairing_sqhrs,marauding_events,marauding_hrs,marauding_sqhrs,traveling_events,traveling_hrs,traveling_sqhrs
0,0.054,38,360.0244877047971,555.0,72.41983230763695,15.662539412461712,1116.0,190.9937557574613,40.44992715329453,555.0,95.59172472838637,20.98262331345966,7.0,0.7,0.07,66.0,0.3583902403888891,0.0019461146122122025
1,0.0,34,360.39098754375476,565.0,68.79202705631796,14.378676250581295,1428.0,248.81328212448724,54.62203837369596,249.0,42.51099565619535,8.940673054217054,0.0,0.0,0.0,0.0,0.0,0.0
2,0.0,0,360.05257962083056,574.0,69.05359186619008,13.519196633550838,1731.0,290.9919841487066,62.02764713820273,0.0,0.0,0.0,0.0,0.0,0.0,0.0,0.0,0.0
3,0.0,0,360.37309651415524,571.0,70.67927378279204,14.053129901800007,1746.0,289.606027244264,61.12257442517111,0.0,0.0,0.0,0.0,0.0,0.0,0.0,0.0,0.0
4,0.0,0,360.0834074456302,576.0,72.46379329114512,15.316766452224028,1666.0,287.60790147713703,61.863556896436876,0.0,0.0,0.0,0.0,0.0,0.0,0.0,0.0,0.0
5,0.054,0,359.8662339289896,572.0,67.42916302387445,13.19590785844817,1757.0,290.40596818782643,60.68000764723205,0.0,0.0,0.0,16.0,1.6000000000000003,0.1600000000000001,110.0,0.5973170673148153,0.003243524353687002
6,0.0,0,359.8892473995586,564.0,75.76678515829124,17.70526952290527,1660.0,284.3549850223882,61.244613024580744,0.0,0.0,0.0,0.0,0.0,0.0,0.0,0.0,0.0
7,0.0,0,360.0396304565167,567.0,66.03482278905966,12.899123514006003,1780.0,293.98110269288674,61.98755295585598,0.0,0.0,0.0,0.0,0.0,0.0,0.0,0.0,0.0
