id,probability_maraud,successful_mating,next_foraging_time,foraging_events,foraging_hrs,foraging_sqhrs,staying_events,staying_hrs,staying_sqhrs,repairing_events,repairing_hrs,repairing_sqhrs,marauding_events,marauding_hrs,marauding_sqhrs,traveling_events,traveling_hrs,traveling_sqhrs
0,0.0,28,360.51428620656725,570.0,66.93811413472375,12.873633734934215,822.0,140.51855454847208,30.50962474244394,917.0,152.59980900980545,31.97635095259403,0.0,0.0,0.0,0.0,0.0,0.0
1,0.054,44,360.5552196084626,564.0,77.00030073075071,17.135757579797616,1687.0,281.26990368460457,59.390620557235216,0.0,0.0,0.0,14.0,1.4000000000000001,0.14000000000000007,82.0,0.4452727229074077,0.002417899972748493
2,0.0,0,359.831043529523,568.0,70.3919156032656,14.288204844149115,1716.0,289.6109573339835,61.14259978271032,0.0,0.0,0.0,0.0,0.0,0.0,0.0,0.0,0.0
3,0.0,0,360.51049503289056,561.0,71.86472896781744,15.191225164253016,1655.0,288.41243792274776,63.36486122249053,0.0,0.0,0.0,0.0,0.0,0.0,0.0,0.0,0.0
4,0.0,0,360.3761935090958,572.0,68.94881583403536,13.866533001913098,1703.0,291.08225040372156,63.52893273627391,0.0,0.0,0.0,0.0,0.0,0.0,0.0,0.0,0.0
5,0.0,0,360.3737059646717,571.0,67.95678112321231,13.243677073349575,1732.0,292.1076083240125,62.19457194720192,0.0,0.0,0.0,0.0,0.0,0.0,0.0,0.0,0.0
6,0.0,0,359.7990401425507,556.0,71.70267453549363,14.487970340508742,1712.0,288.4548484192375,61.28370384423461,0.0,0.0,0.0,0.0,0.0,0.0,0.0,0.0,0.0
7,0.054,0,360.13772935142646,572.0,71.96886094914727,15.1846506198824,1734.0,286.7109359290953,60.07108216728146,0.0,0.0,0.0,11.0,1.0999999999999999,0.11000000000000004,92.0,0.49957427448148184,0.002712765823083675
