id,probability_maraud,successful_mating,next_foraging_time,foraging_events,foraging_hrs,foraging_sqhrs,staying_events,staying_hrs,staying_sqhrs,repairing_events,repairing_hrs,repairing_sqhrs,marauding_events,marauding_hrs,marauding_sqhrs,traveling_events,traveling_hrs,traveling_sqhrs
0,0.0,29,359.9786973038431,560.0,69.62258145345783,14.581596312716501,1099.0,186.50804005391242,39.97412019853727,610.0,103.94861067232925,22.163213422271212,0.0,0.0,0.0,0.0,0.0,0.0
1,0.0,43,360.20313862887826,562.0,73.18456657769053,16.128668561831944,1735.0,286.87108267566174,61.305563521162334,0.0,0.0,0.0,0.0,0.0,0.0,0.0,0.0,0.0
2,0.0,0,360.1285764495061,574.0,71.02372142840451,14.702598700729341,1694.0,289.3007111227603,62.235761847547174,0.0,0.0,0.0,0.0,0.0,0.0,0.0,0.0,0.0
3,0.0,0,360.2752164091233,570.0,65.99913941700018,13.373428744807075,1744.0,294.1857483717842,62.92158485536637,0.0,0.0,0.0,0.0,0.0,0.0,0.0,0.0,0.0
4,0.0,0,360.0112127572224,578.0,65.92430210652304,13.085230772499656,1729.0,294.10262541642305,63.3768376013411,0.0,0.0,0.0,0.0,0.0,0.0,0.0,0.0,0.0
5,0.054,0,360.07268824458794,569.0,72.66335923987684,15.58207199637788,1698.0,286.0949493097232,61.402294820520424,0.0,0.0,0.0,9.0,0.8999999999999999,0.09000000000000002,93.0,0.5050044296388893,0.002742252408117193
6,0.054,0,360.7758292685793,573.0,71.98724045137409,14.194296739670175,1710.0,287.11588296941613,60.13525733830511,0.0,0.0,0.0,8.0,0.7999999999999999,0.08000000000000002,77.0,0.41812194712037065,0.0022704670475809023
7,0.0,0,360.32798259141737,565.0,74.2837642744808,15.929083675097246,1653.0,285.78625851145944,61.9716911982613,0.0,0.0,0.0,0.0,0.0,0.0,0.0,0.0,0.0
