id,probability_maraud,successful_mating,next_foraging_time,foraging_events,foraging_hrs,foraging_sqhrs,staying_events,staying_hrs,staying_sqhrs,repairing_events,repairing_hrs,repairing_sqhrs,marauding_events,marauding_hrs,marauding_sqhrs,traveling_events,traveling_hrs,traveling_sqhrs
0,0.054,15,360.35958700916507,568.0,68.62737265692172,13.659587501971336,1653.0,282.9709716719102,60.91933910711699,37.0,6.225039115393301,1.3039097299902056,16.0,1.6000000000000003,0.1600000000000001,114.0,0.6190376879444449,0.0033614706938210745
1,0.0,13,360.19541672134767,560.0,71.06721431251069,15.012008108229844,1509.0,252.3604471229078,53.80507114269391,209.0,36.65621916784178,7.853302533530966,0.0,0.0,0.0,0.0,0.0,0.0
2,0.0,9,360.0665101609938,574.0,73.06408393869984,15.449157039032034,1498.0,254.81204366526165,54.20735273556056,195.0,32.17881021989232,6.619855055981426,0.0,0.0,0.0,0.0,0.0,0.0
3,0.054,10,360.1283559643645,581.0,70.9729085355526,14.466957269348551,1628.0,275.0319251345829,58.955749690099886,70.0,12.153860849854055,2.668652687421198,14.0,1.4000000000000001,0.14000000000000007,88.0,0.4778536538518522,0.002594819482949602
4,0.0,4,360.12972831862834,557.0,71.65656035265049,15.354517710513052,1593.0,263.90427540077735,55.94281613201013,141.0,24.53745453135031,5.176096725442726,0.0,0.0,0.0,0.0,0.0,0.0
5,0.0,6,360.0645553853488,566.0,68.19339959224503,13.484715760586246,1651.0,279.85520523008927,60.11769740230582,70.0,12.158591540522568,2.632463097949955,0.0,0.0,0.0,0.0,0.0,0.0
6,0.0,8,360.3751291322996,561.0,69.43494351309172,14.788826044767973,1566.0,266.4728553977098,57.342126166436856,137.0,24.33214620144409,5.376758667460952,0.0,0.0,0.0,0.0,0.0,0.0
7,0.0,7,360.038891103625,563.0,70.19489955316446,14.445635257384307,1562.0,259.7534516794755,55.19835831813477,171.0,30.13979064172187,6.488463048993414,0.0,0.0,0.0,0.0,0.0,0.0
