id,probability_maraud,successful_mating,next_foraging_time,foraging_events,foraging_hrs,foraging_sqhrs,staying_events,staying_hrs,staying_sqhrs,repairing_events,repairing_hrs,repairing_sqhrs,marauding_events,marauding_hrs,marauding_sqhrs,traveling_events,traveling_hrs,traveling_sqhrs
0,0.0,5,360.19260519556985,566.0,71.25882840376543,14.52388968911415,1431.0,239.70187817942434,51.230868237175926,267.0,49.05316950363848,11.248936682155788,0.0,0.0,0.0,0.0,0.0,0.0
1,0.0,10,360.12118999145133,559.0,68.03713428207811,13.827387112415668,1514.0,257.44298185958183,55.402689756060624,205.0,34.79734260688952,7.490286449053742,0.0,0.0,0.0,0.0,0.0,0.0
2,0.054,8,360.04781249881506,563.0,71.94765124555659,15.618290131651667,1560.0,267.212676205142,57.50922260121231,104.0,18.173452943883106,3.857949325540628,22.0,2.2000000000000006,0.22000000000000014,96.0,0.5212948951111115,0.0028307121632177475
3,0.0,8,359.793280252814,557.0,70.1941816057441,15.468001260226904,1367.0,235.2736511798884,51.01435197399123,327.0,54.59782757092734,11.30872785064283,0.0,0.0,0.0,0.0,0.0,0.0
4,0.0,10,360.2393731570774,572.0,68.61867553589578,13.62029277037666,1568.0,261.2310100543957,55.27705749121254,165.0,30.36167991811165,6.8337392271054505,0.0,0.0,0.0,0.0,0.0,0.0
5,0.0,7,360.1720130187325,566.0,71.8669309595963,14.63531935091367,1556.0,263.9318373664154,56.24216818737785,138.0,24.31066200090688,5.2141214851773885,0.0,0.0,0.0,0.0,0.0,0.0
6,0.0,14,360.4424718370559,587.0,70.68588144106104,14.045877033526873,1628.0,271.25905689382,56.524880326602634,106.0,18.217895139004106,3.779980764957887,0.0,0.0,0.0,0.0,0.0,0.0
7,0.054,10,360.01637147413163,558.0,71.87251146192185,14.581748956314373,1653.0,273.752331594131,58.06203115138861,73.0,12.085662905233184,2.566177790030862,18.0,1.8000000000000005,0.1800000000000001,106.0,0.5755964466851856,0.003125578013552929
