id,probability_maraud,successful_mating,next_foraging_time,foraging_events,foraging_hrs,foraging_sqhrs,staying_events,staying_hrs,staying_sqhrs,repairing_events,repairing_hrs,repairing_sqhrs,marauding_events,marauding_hrs,marauding_sqhrs,traveling_events,traveling_hrs,traveling_sqhrs
0,0.054,6,360.2695064467392,573.0,69.53269299877381,14.663265248622482,1540.0,258.74801736837543,54.49535622145896,183.0,30.216545794768574,6.219344639770808,14.0,1.4000000000000001,0.14000000000000007,72.0,0.3909711713333336,0.0021230341224133115
1,0.0,4,360.0619674960382,565.0,74.13217058607155,16.15373922495389,1588.0,261.549653109189,54.09189222389802,159.0,24.533399292395764,4.745050859376386,0.0,0.0,0.0,0.0,0.0,0.0
2,0.0,13,360.1138481280059,575.0,68.65125537309905,14.092686162074896,1581.0,266.8296078641749,57.26355541639356,139.0,24.625760303430138,5.554971512280814,0.0,0.0,0.0,0.0,0.0,0.0
3,0.0,8,359.9304197970668,568.0,69.83876754913618,14.488026820519645,1476.0,253.60042173869343,55.12417526919827,232.0,36.58208276559324,7.494706668721052,0.0,0.0,0.0,0.0,0.0,0.0
4,0.0,8,360.0602132039628,566.0,69.63968003054342,14.754712690341492,1656.0,284.5451142959165,61.1167030448141,39.0,6.059766842335346,1.1803129580984784,0.0,0.0,0.0,0.0,0.0,0.0
5,0.0,14,360.35239623038103,563.0,75.06414629453118,16.214401130191906,1533.0,260.53660407353317,56.416140768745066,153.0,24.42605516655581,5.063895034522458,0.0,0.0,0.0,0.0,0.0,0.0
6,0.054,9,360.2227865476198,567.0,69.67914134838233,14.213670234267306,1606.0,276.0907887048739,59.92247068942811,78.0,12.363462586867344,2.6034199531945323,15.0,1.5000000000000002,0.15000000000000008,87.0,0.4724234986944448,0.002565332897916084
7,0.0,10,360.2975766622351,552.0,68.08333895659155,13.705746451353525,1639.0,273.85160456356937,58.21071253124758,110.0,18.088040815223934,3.7086486687786704,0.0,0.0,0.0,0.0,0.0,0.0
