id,probability_maraud,successful_mating,next_foraging_time,foraging_events,foraging_hrs,foraging_sqhrs,staying_events,staying_hrs,staying_sqhrs,repairing_events,repairing_hrs,repairing_sqhrs,marauding_events,marauding_hrs,marauding_sqhrs,traveling_events,traveling_hrs,traveling_sqhrs
0,0.0,6,360.09401954722495,564.0,71.80506990091831,14.365397345128278,1550.0,264.13916140629254,57.05873515990252,150.0,24.24236661417952,5.063961907422027,0.0,0.0,0.0,0.0,0.0,0.0
1,0.0,14,360.24449106423043,570.0,71.28394856104549,14.845669218252135,1585.0,270.3343277930737,58.31178457404417,114.0,18.411779110895466,3.813575740927091,0.0,0.0,0.0,0.0,0.0,0.0
2,0.054,12,360.31468942391183,579.0,69.7559900521922,13.603885985250345,1615.0,269.71394585435314,57.165303659341255,110.0,18.3294342021119,3.829549914094237,18.0,1.8000000000000005,0.1800000000000001,92.0,0.49957427448148184,0.002712765823083675
3,0.0,14,360.4250678260749,562.0,69.4217190918978,13.489950457580301,1564.0,266.48498973832847,57.486288869931,148.0,24.279498911490425,4.889380914591849,0.0,0.0,0.0,0.0,0.0,0.0
4,0.0,7,359.93580515732083,561.0,73.51414276618588,16.03926036913981,1530.0,261.59918775951917,56.87068711113909,138.0,24.905514865701868,5.651024163745129,0.0,0.0,0.0,0.0,0.0,0.0
5,0.0,4,360.14947080328244,577.0,69.63874732680445,14.24472328386229,1485.0,253.84291922895426,55.040786846491315,216.0,36.55174157900353,7.768386795995855,0.0,0.0,0.0,0.0,0.0,0.0
6,0.054,5,360.00981065032744,560.0,70.27459239942787,14.159424343736195,1523.0,260.638471125891,55.61187697196892,153.0,26.555821602686194,5.879389929366172,21.0,2.1000000000000005,0.21000000000000013,83.0,0.4507028780648151,0.0024473865577820113
7,0.0,10,360.45766861988784,558.0,70.13807785804343,14.52142236563256,1368.0,229.01175412239343,48.872821279706216,369.0,60.91396072374053,13.338989613400544,0.0,0.0,0.0,0.0,0.0,0.0
