id,probability_maraud,successful_mating,next_foraging_time,foraging_events,foraging_hrs,foraging_sqhrs,staying_events,staying_hrs,staying_sqhrs,repairing_events,repairing_hrs,repairing_sqhrs,marauding_events,marauding_hrs,marauding_sqhrs,traveling_events,traveling_hrs,traveling_sqhrs
0,0.054,6,359.96696673448065,568.0,74.62762420076314,15.93184623150256,1411.0,241.27776772025496,51.635649857420034,261.0,42.3952507917004,9.070763795711882,13.0,1.3,0.13000000000000006,76.0,0.41269179196296324,0.002240980462547384
1,0.054,6,360.1518551437606,554.0,73.81590951329758,15.992496327776022,1405.0,235.7910938048794,50.56082814787495,288.0,48.780394984146035,10.183515698335787,12.0,1.2,0.12000000000000005,77.0,0.41812194712037065,0.0022704670475809023
2,0.0,14,359.8718627819256,561.0,72.44873772470989,15.190424599138886,1458.0,238.57538472125313,50.27297236393485,292.0,48.98906819718465,10.289156983228445,0.0,0.0,0.0,0.0,0.0,0.0
3,0.054,10,360.1602602172204,563.0,71.90324231832444,15.184692703868002,1331.0,230.9346434277632,50.79047252981774,305.0,54.94680424252428,12.096754777643563,19.0,1.9000000000000006,0.1900000000000001,72.0,0.3909711713333336,0.0021230341224133115
4,0.0,12,360.208932111345,564.0,67.87374488361937,13.009831331882404,1543.0,261.7431315292534,56.24446001818481,172.0,30.428063464734898,6.914594809857799,0.0,0.0,0.0,0.0,0.0,0.0
5,0.0,6,360.2045572793986,555.0,73.01895869057408,16.554020803534833,1475.0,244.51570074263907,51.98561147634105,250.0,42.5891521993857,9.084232731064903,0.0,0.0,0.0,0.0,0.0,0.0
