id,probability_maraud,successful_mating,next_foraging_time,foraging_events,foraging_hrs,foraging_sqhrs,staying_events,staying_hrs,staying_sqhrs,repairing_events,repairing_hrs,repairing_sqhrs,marauding_events,marauding_hrs,marauding_sqhrs,traveling_events,traveling_hrs,traveling_sqhrs
0,0.0,5,359.73932864343664,581.0,68.86830934176693,13.816920244409292,1387.0,236.46133306266105,51.567199977101986,320.0,54.80782847204528,11.824673537407373,0.0,0.0,0.0,0.0,0.0,0.0
1,0.054,12,360.0345538124511,581.0,72.83792974918968,14.613931595799846,1638.0,278.56795737966786,59.690656714254274,40.0,6.049464838443097,1.2385923148801579,21.0,2.1000000000000005,0.21000000000000013,97.0,0.5267250502685189,0.0028601987482512656
2,0.0,8,360.2303849355813,561.0,72.63167584324202,15.777103509893912,1310.0,220.07064374624906,47.06923252713759,393.0,67.52784166533415,14.596157159560148,0.0,0.0,0.0,0.0,0.0,0.0
3,0.054,7,360.22354251684334,571.0,65.27316123257697,12.110636982869917,1618.0,275.2205827222248,59.32536010733189,108.0,18.135368467762152,3.8353864675335347,10.0,0.9999999999999999,0.10000000000000003,90.0,0.488713964166667,0.0026537926530166385
4,0.0,11,360.7331521926588,565.0,69.37519427812688,14.428353332538945,1550.0,266.15574500712154,58.20942758814061,144.0,24.570100571010247,5.282382990124256,0.0,0.0,0.0,0.0,0.0,0.0
5,0.054,11,360.21004994992717,579.0,68.5207223364148,13.443480889908042,1368.0,235.42877893999707,51.02918130450331,321.0,55.16257984773437,12.067112179766466,7.0,0.7,0.07,62.0,0.33666961975925946,0.0018281682720781298
