id,probability_maraud,successful_mating,next_foraging_time,foraging_events,foraging_hrs,foraging_sqhrs,staying_events,staying_hrs,staying_sqhrs,repairing_events,repairing_hrs,repairing_sqhrs,marauding_events,marauding_hrs,marauding_sqhrs,traveling_events,traveling_hrs,traveling_sqhrs
0,0.0,23,360.22000937519977,563.0,68.78106777630117,13.50623898684717,983.0,163.1577918700007,34.47099221688069,758.0,128.10423370225158,27.359014601411552,0.0,0.0,0.0,0.0,0.0,0.0
1,0.054,31,360.57229142226095,574.0,72.43874327802565,15.057295736375815,1704.0,286.9971794525728,61.66429465613287,0.0,0.0,0.0,2.0,0.2,0.020000000000000004,90.0,0.488713964166667,0.0026537926530166385
2,0.054,0,360.5467455027531,581.0,68.71755654962756,12.947017389557582,1695.0,290.32686042057463,62.386404870560554,0.0,0.0,0.0,6.0,0.6,0.06000000000000001,90.0,0.488713964166667,0.0026537926530166385
3,0.0,0,360.4125062334395,558.0,72.00148084397335,15.83975161651697,1722.0,288.00015419693074,61.559658754215555,0.0,0.0,0.0,0.0,0.0,0.0,0.0,0.0,0.0
4,0.0,0,360.3055402562119,578.0,70.63989305601842,14.659990512922151,1712.0,289.65059794525285,61.977361073197756,0.0,0.0,0.0,0.0,0.0,0.0,0.0,0.0,0.0
5,0.054,0,360.02249768096846,559.0,70.6246516617941,14.643945697351807,1700.0,287.51962125419163,62.288763163230875,0.0,0.0,0.0,13.0,1.3,0.13000000000000006,113.0,0.6136075327870375,0.0033319841087875563
