id,probability_maraud,successful_mating,next_foraging_time,foraging_events,foraging_hrs,foraging_sqhrs,staying_events,staying_hrs,staying_sqhrs,repairing_events,repairing_hrs,repairing_sqhrs,marauding_events,marauding_hrs,marauding_sqhrs,traveling_events,traveling_hrs,traveling_sqhrs
0,0.0,15,360.191585644826,573.0,70.15217428136404,13.865890374581111,1510.0,259.26092302907045,55.82566311488771,178.0,30.623888735716477,6.607524493008572,0.0,0.0,0.0,0.0,0.0,0.0
1,0.0,6,359.94228456308923,568.0,72.09071624053041,15.74021434188884,1403.0,238.9894147300002,52.27275926678451,289.0,49.195705017521455,10.725215640190248,0.0,0.0,0.0,0.0,0.0,0.0
2,0.054,7,359.93475976277585,566.0,70.85248698316936,14.512866666647152,1509.0,251.00801617491652,52.21948131530654,214.0,36.53407078146311,7.987594743855194,12.0,1.2,0.12000000000000005,79.0,0.4289822574351855,0.0023294402176479386
3,0.054,9,360.35119858635557,568.0,70.24778797689191,14.508771736284203,1470.0,251.69932315037397,53.734511939287174,229.0,36.60975034614884,7.507090461422034,12.0,1.2,0.12000000000000005,76.0,0.41269179196296324,0.002240980462547384
4,0.054,6,360.3214542474059,561.0,69.96993748079866,14.664108927917672,1558.0,263.75439400824075,56.68600477540617,141.0,24.240068698163558,5.181560591292455,17.0,1.7000000000000004,0.1700000000000001,83.0,0.4507028780648151,0.0024473865577820113
5,0.0,11,360.0690218474183,576.0,66.61725770440766,12.675882033992027,1307.0,220.66438605187406,46.93521305726243,436.0,73.00375094042327,15.765181050463697,0.0,0.0,0.0,0.0,0.0,0.0
