id,probability_maraud,successful_mating,next_foraging_time,foraging_events,foraging_hrs,foraging_sqhrs,staying_events,staying_hrs,staying_sqhrs,repairing_events,repairing_hrs,repairing_sqhrs,marauding_events,marauding_hrs,marauding_sqhrs,traveling_events,traveling_hrs,traveling_sqhrs
0,0.0,14,359.9388961360911,559.0,70.03972536099953,14.634635051445064,1278.0,222.5833033575215,48.813812399228006,383.0,67.52697709235461,14.645150692230297,0.0,0.0,0.0,0.0,0.0,0.0
1,0.054,5,360.3867144344713,568.0,66.04766988347156,13.029746183876853,1499.0,255.5473487507968,55.13097665903471,209.0,36.85348010539911,8.13590434440361,11.0,1.0999999999999999,0.11000000000000004,85.0,0.46156318837962995,0.0025063597278490476
2,0.0,8,360.28381528323655,568.0,69.04430840513506,13.518382912017561,1456.0,242.57337294738107,51.07183189115354,296.0,48.530498886962484,10.267494661335954,0.0,0.0,0.0,0.0,0.0,0.0
3,0.0,13,360.33634573116717,563.0,69.42899533898564,14.36810108067091,1464.0,247.37096996674262,52.77707554555319,255.0,43.21361702840511,9.241713600672114,0.0,0.0,0.0,0.0,0.0,0.0
4,0.054,7,360.28957172041896,556.0,73.79444817593938,15.855434849578355,1451.0,247.8351062743735,53.63849779928804,215.0,36.52706464667111,7.928909940845653,14.0,1.4000000000000001,0.14000000000000007,87.0,0.4724234986944448,0.002565332897916084
5,0.054,7,360.50553575448896,566.0,71.56189764148289,15.935875833761816,1518.0,255.96930774208286,54.489012998236944,165.0,30.465283214466083,7.153801807786808,18.0,1.8000000000000005,0.1800000000000001,85.0,0.46156318837962995,0.0025063597278490476
