id,probability_maraud,successful_mating,next_foraging_time,foraging_events,foraging_hrs,foraging_sqhrs,staying_events,staying_hrs,staying_sqhrs,repairing_events,repairing_hrs,repairing_sqhrs,marauding_events,marauding_hrs,marauding_sqhrs,traveling_events,traveling_hrs,traveling_sqhrs
0,0.054,8,360.29117590658217,564.0,67.3062390488106,13.450062473614885,1537.0,254.58392577431425,54.168786968783806,222.0,36.391797178062106,7.601250967619425,13.0,1.3,0.13000000000000006,95.0,0.5158647399537041,0.0028012255781842293
1,0.0,9,360.2030945253285,557.0,74.39701558396891,17.150775384029785,1237.0,206.8619095857303,44.368181515660986,465.0,79.14280021121243,17.17800815147452,0.0,0.0,0.0,0.0,0.0,0.0
2,0.054,8,360.3964045129573,569.0,73.95365036675122,16.039810437844977,1429.0,241.12258368436588,51.34114789975376,254.0,42.90812516958135,9.122285337658665,16.0,1.6000000000000003,0.1600000000000001,79.0,0.4289822574351855,0.0023294402176479386
3,0.054,8,360.4045153821391,565.0,69.34475416460822,13.642676988976696,1652.0,276.5986699587406,58.91687948740032,68.0,12.058823606801527,2.592958631547507,15.0,1.5000000000000002,0.15000000000000008,110.0,0.5973170673148153,0.003243524353687002
4,0.0,11,360.65670307838275,567.0,71.5948827620516,14.475426416873932,1503.0,252.00960235812906,53.30645212810457,217.0,36.77302210203192,7.881572743796287,0.0,0.0,0.0,0.0,0.0,0.0
5,0.0,10,359.8476405957145,565.0,70.2604005163145,14.47334095955325,1434.0,241.30076459368175,51.64240945773814,296.0,48.53775261575277,10.19123887271835,0.0,0.0,0.0,0.0,0.0,0.0
