id,probability_maraud,successful_mating,next_foraging_time,foraging_events,foraging_hrs,foraging_sqhrs,staying_events,staying_hrs,staying_sqhrs,repairing_events,repairing_hrs,repairing_sqhrs,marauding_events,marauding_hrs,marauding_sqhrs,traveling_events,traveling_hrs,traveling_sqhrs
0,0.054,6,360.5900989710961,572.0,71.72611393551831,14.368982615016627,1464.0,250.34280147552204,53.91751612927166,213.0,36.76806042551488,8.0415102801694,10.0,0.9999999999999999,0.10000000000000003,81.0,0.4398425677500003,0.002388413387714975
1,0.054,9,360.03552912258107,562.0,70.06453733250773,14.438123077046418,1536.0,269.0791368726999,59.21725608858926,110.0,18.52104625258377,4.010081558046079,18.0,1.8000000000000005,0.1800000000000001,99.0,0.5375853605833337,0.002919171918318302
2,0.0,8,360.33713582472075,580.0,69.81212762383994,14.167754788663078,1241.0,204.68820815267702,43.15387837620289,505.0,85.6563485490163,18.629351743084115,0.0,0.0,0.0,0.0,0.0,0.0
3,0.0,13,360.1299140513113,567.0,72.12776894134876,14.913891610474526,1475.0,244.8153768242572,51.205963429016414,250.0,43.159746921548575,9.221995848708097,0.0,0.0,0.0,0.0,0.0,0.0
4,0.054,14,360.3709257807376,564.0,69.31369986158016,14.471606268743818,1501.0,258.354849722433,55.937485038704416,192.0,30.514002933925646,6.3304225235687595,14.0,1.4000000000000001,0.14000000000000007,85.0,0.46156318837962995,0.0025063597278490476
5,0.0,4,360.60777386838896,581.0,67.32671081171729,13.327024799768605,1508.0,256.17103675555643,54.62895306837023,225.0,36.61277160203318,7.556738061856161,0.0,0.0,0.0,0.0,0.0,0.0
