id,probability_maraud,successful_mating,next_foraging_time,foraging_events,foraging_hrs,foraging_sqhrs,staying_events,staying_hrs,staying_sqhrs,repairing_events,repairing_hrs,repairing_sqhrs,marauding_events,marauding_hrs,marauding_sqhrs,traveling_events,traveling_hrs,traveling_sqhrs
0,0.0,7,360.20063110846843,560.0,69.02843241112875,14.094998694483927,1561.0,266.67603548937086,56.96143494512131,140.0,24.354422407784057,5.257990698837541,0.0,0.0,0.0,0.0,0.0,0.0
1,0.054,8,360.09715092536527,576.0,70.86749565623842,14.135789375719668,1379.0,230.84294091471926,49.018902312836566,332.0,56.94469500315914,12.406809675791575,10.0,0.9999999999999999,0.10000000000000003,78.0,0.42355210227777806,0.0022999536326144205
2,0.0,7,360.36731965165194,573.0,68.58653732334815,13.364372776430978,1484.0,254.50376898818445,54.33595904781214,217.0,36.92800475937359,7.808219949121458,0.0,0.0,0.0,0.0,0.0,0.0
3,0.054,11,360.3611930629197,564.0,69.40679706221039,14.637263431611549,1508.0,258.7008982646502,55.67207143275207,179.0,30.407907152033484,6.36183749141029,12.0,1.2,0.12000000000000005,77.0,0.41812194712037065,0.0022704670475809023
4,0.0,8,360.4431171531351,568.0,72.26184461874735,14.748952376596437,1493.0,257.56118242802046,56.25650465033728,188.0,30.250031859621433,6.42925132669192,0.0,0.0,0.0,0.0,0.0,0.0
5,0.054,13,359.9138240190527,567.0,71.14763803956379,15.724869171055893,1490.0,250.52157417281148,53.040587179019134,215.0,36.6141768425941,7.958755330539851,14.0,1.4000000000000001,0.14000000000000007,83.0,0.4507028780648151,0.0024473865577820113
