id,probability_maraud,successful_mating,next_foraging_time,foraging_events,foraging_hrs,foraging_sqhrs,staying_events,staying_hrs,staying_sqhrs,repairing_events,repairing_hrs,repairing_sqhrs,marauding_events,marauding_hrs,marauding_sqhrs,traveling_events,traveling_hrs,traveling_sqhrs
0,0.0,6,360.14392585306643,558.0,70.93176307368964,15.12305373813458,1264.0,216.03155988119082,46.862565196570394,427.0,73.2992808199772,15.981809546214377,0.0,0.0,0.0,0.0,0.0,0.0
1,0.054,15,360.5435918211619,566.0,68.26375391545415,13.742430884439427,1477.0,251.4815333226476,54.05526782153703,220.0,38.33395535447341,8.379922310583073,16.0,1.6000000000000003,0.1600000000000001,72.0,0.3909711713333336,0.0021230341224133115
2,0.0,10,360.3517062851251,571.0,71.43733262289587,15.056188805982798,1400.0,239.80142392521887,51.44944530870956,293.0,48.81311874473665,10.440725739516097,0.0,0.0,0.0,0.0,0.0,0.0
3,0.054,7,360.1227510015966,555.0,69.46034322073297,14.44559730786794,1451.0,251.52881587104625,54.5525337022409,221.0,36.673455720443215,7.547204076545593,19.0,1.9000000000000006,0.1900000000000001,84.0,0.45613303322222254,0.0024768731428155295
4,0.0,6,360.03505900972414,569.0,68.84427673350781,13.772598623455217,1465.0,247.7724078899839,52.91224412592805,264.0,43.45290147183072,9.038509531505397,0.0,0.0,0.0,0.0,0.0,0.0
5,0.054,10,360.48727728797064,568.0,69.5691800123974,15.144845515154103,1354.0,227.4138611311863,48.79366963591357,348.0,61.19257307557175,13.275172214679309,15.0,1.5000000000000002,0.15000000000000008,82.0,0.4452727229074077,0.002417899972748493
