id,probability_maraud,successful_mating,next_foraging_time,foraging_events,foraging_hrs,foraging_sqhrs,staying_events,staying_hrs,staying_sqhrs,repairing_events,repairing_hrs,repairing_sqhrs,marauding_events,marauding_hrs,marauding_sqhrs,traveling_events,traveling_hrs,traveling_sqhrs
0,0.0,5,360.3913755440072,563.0,68.62306868687212,14.491896930749835,1535.0,260.68870501819174,56.10203699804721,186.0,30.753067728352406,6.396261625712791,0.0,0.0,0.0,0.0,0.0,0.0
1,0.054,14,360.387910970912,565.0,67.58300449480024,13.314043255615884,1560.0,254.49234920496767,53.23100738489962,225.0,36.570182731214686,7.514770527498654,11.0,1.0999999999999999,0.11000000000000004,85.0,0.46156318837962995,0.0025063597278490476
2,0.054,7,360.39629268297307,555.0,72.75938364160879,15.737910673872094,1394.0,237.10971173742817,50.94165815811996,308.0,48.75162557808955,9.925589549328317,12.0,1.2,0.12000000000000005,75.0,0.4072616368055558,0.002211493877513866
3,0.0,9,360.445797578721,569.0,69.38555278263472,14.53823211927645,1421.0,242.23883085358634,52.44535795282023,288.0,48.497015620008526,9.988987278924204,0.0,0.0,0.0,0.0,0.0,0.0
4,0.054,9,360.3361868963711,571.0,73.02644903095367,14.582759555587886,1593.0,266.36180634158313,56.71462335591095,104.0,18.274151435222667,3.931038529777353,19.0,1.9000000000000006,0.1900000000000001,100.0,0.5430155157407411,0.00294865850335182
5,0.0,10,360.31625442444414,566.0,68.76031652915762,13.496240992910888,1309.0,218.33221843251073,46.310190788961094,420.0,72.92038270155258,16.009994672798275,0.0,0.0,0.0,0.0,0.0,0.0
