id,probability_maraud,successful_mating,next_foraging_time,foraging_events,foraging_hrs,foraging_sqhrs,staying_events,staying_hrs,staying_sqhrs,repairing_events,repairing_hrs,repairing_sqhrs,marauding_events,marauding_hrs,marauding_sqhrs,traveling_events,traveling_hrs,traveling_sqhrs
0,0.0,28,360.3997818147769,555.0,72.61910929825633,16.0162610318379,820.0,135.5206624166425,28.139902398345857,901.0,151.91900766774734,31.97242787111943,0.0,0.0,0.0,0.0,0.0,0.0
1,0.054,26,360.0603556111504,555.0,71.97841713428276,15.30520683900141,1689.0,286.6028161958459,61.393898577641764,0.0,0.0,0.0,12.0,1.2,0.12000000000000005,98.0,0.5321552054259263,0.002889685333284784
2,0.054,0,360.60713032512973,560.0,70.59475285428604,14.429793313694189,1709.0,288.47917554129947,61.97955069029893,0.0,0.0,0.0,4.0,0.4,0.04000000000000001,106.0,0.5755964466851856,0.003125578013552929
3,0.0,0,360.0403822630043,555.0,70.9190881444748,15.279487277262911,1706.0,289.3591074899862,62.030157214321264,0.0,0.0,0.0,0.0,0.0,0.0,0.0,0.0,0.0
4,0.054,0,360.67958131344614,562.0,69.62470184240102,14.575437282748858,1732.0,288.91359418125626,61.76044694786979,0.0,0.0,0.0,9.0,0.8999999999999999,0.09000000000000002,111.0,0.6027472224722227,0.00327301093872052
5,0.0,0,360.3574627365464,565.0,70.58490072213647,14.598834328760738,1704.0,289.5791647519142,62.48552095226894,0.0,0.0,0.0,0.0,0.0,0.0,0.0,0.0,0.0
