id,probability_maraud,successful_mating,next_foraging_time,foraging_events,foraging_hrs,foraging_sqhrs,staying_events,staying_hrs,staying_sqhrs,repairing_events,repairing_hrs,repairing_sqhrs,marauding_events,marauding_hrs,marauding_sqhrs,traveling_events,traveling_hrs,traveling_sqhrs
0,0.0,23,360.29817408943995,558.0,70.28273234859616,14.756897199677576,790.0,136.5156974179052,29.421726825383022,908.0,153.3073041456546,32.85704315322699,0.0,0.0,0.0,0.0,0.0,0.0
1,0.054,31,361.0625843922773,565.0,65.83736606852815,13.415556152322484,1747.0,293.51582433042665,62.578878006499735,0.0,0.0,0.0,4.0,0.4,0.04000000000000001,91.0,0.4941441193240744,0.0026832792380501566
2,0.054,0,360.0123178148209,568.0,73.30579845711055,15.700564269267263,1703.0,284.6511698394103,60.477768078169824,0.0,0.0,0.0,14.0,1.4000000000000001,0.14000000000000007,131.0,0.7113503256203709,0.0038627426393908833
3,0.054,0,360.17959529117417,563.0,70.91543016469366,14.52218770262642,1735.0,287.9554482790214,61.58079914105842,0.0,0.0,0.0,7.0,0.7,0.07,91.0,0.4941441193240744,0.0026832792380501566
4,0.0,0,360.0312704149787,560.0,73.47097848995611,16.602583787611973,1691.0,286.5434363088621,61.5767244366618,0.0,0.0,0.0,0.0,0.0,0.0,0.0,0.0,0.0
5,0.0,0,360.0037580991409,556.0,71.18069384129407,15.345786491926415,1688.0,288.8339138454298,62.30371517538091,0.0,0.0,0.0,0.0,0.0,0.0,0.0,0.0,0.0
