id,probability_maraud,successful_mating,next_foraging_time,foraging_events,foraging_hrs,foraging_sqhrs,staying_events,staying_hrs,staying_sqhrs,repairing_events,repairing_hrs,repairing_sqhrs,marauding_events,marauding_hrs,marauding_sqhrs,traveling_events,traveling_hrs,traveling_sqhrs
0,0.0,7,360.44100880562905,576.0,72.1953404996376,14.878820685028538,1228.0,209.3251902940589,45.62529757353776,454.0,78.59404307994441,16.982468136349414,0.0,0.0,0.0,0.0,0.0,0.0
1,0.0,9,360.095256133461,558.0,71.95603848679514,15.466507634673992,1502.0,251.15224084508057,53.40987729407336,216.0,36.922401258333245,7.984276933540347,0.0,0.0,0.0,0.0,0.0,0.0
2,0.054,11,360.13199304721013,568.0,70.46262126161905,14.229633438364818,1481.0,251.50802987860826,53.99828909297736,214.0,36.68163522636247,7.98687130393768,9.0,0.8999999999999999,0.09000000000000002,83.0,0.4507028780648151,0.0024473865577820113
3,0.054,10,360.30989673159206,556.0,71.35716025720086,15.416964328370598,1539.0,255.6708948274883,54.307258358329356,173.0,30.430702984781625,6.3839353843912034,22.0,2.2000000000000006,0.22000000000000014,78.0,0.42355210227777806,0.0022999536326144205
4,0.054,10,359.99207868013747,566.0,70.0988983887006,14.927417970068324,1552.0,264.18143984556673,56.87331197603232,144.0,24.239596580585506,5.171423839004036,12.0,1.2,0.12000000000000005,79.0,0.4289822574351855,0.0023294402176479386
5,0.0,7,360.0085490868188,562.0,74.06421930013077,16.178266322981813,1391.0,234.21815474923747,49.85066106475941,317.0,51.9027493343055,11.0856074030638,0.0,0.0,0.0,0.0,0.0,0.0
