id,probability_maraud,successful_mating,next_foraging_time,foraging_events,foraging_hrs,foraging_sqhrs,staying_events,staying_hrs,staying_sqhrs,repairing_events,repairing_hrs,repairing_sqhrs,marauding_events,marauding_hrs,marauding_sqhrs,traveling_events,traveling_hrs,traveling_sqhrs
0,0.054,19,360.24606728861056,574.0,71.13536655334775,14.865489972882672,812.0,137.32919698615822,29.438242249135048,886.0,150.79667166527562,32.77035508284376,6.0,0.6,0.06000000000000001,39.0,0.211776051138889,0.001149976816307212
1,0.0,35,359.92881255247477,575.0,71.31037572823536,15.866326838594507,1516.0,254.04040295642153,54.0991809234611,202.0,34.776549858991494,7.613712897876971,0.0,0.0,0.0,0.0,0.0,0.0
2,0.0,0,359.96240319050486,567.0,67.88875648430097,13.654880541408856,1752.0,292.1971925401192,62.46477921859716,0.0,0.0,0.0,0.0,0.0,0.0,0.0,0.0,0.0
3,0.054,0,360.81789962731784,573.0,66.25764877298742,13.078999099752718,1717.0,291.96422503383536,62.35645608786848,0.0,0.0,0.0,14.0,1.4000000000000001,0.14000000000000007,96.0,0.5212948951111115,0.0028307121632177475
4,0.0,0,359.9106804916131,563.0,73.61021469533567,15.727236859135655,1643.0,286.4698611428619,62.83876735772091,0.0,0.0,0.0,0.0,0.0,0.0,0.0,0.0,0.0
5,0.054,0,359.9197257218515,559.0,69.13368692845962,14.028845208299947,1685.0,289.1968640771023,62.434270493904066,0.0,0.0,0.0,11.0,1.0999999999999999,0.11000000000000004,112.0,0.6081773776296301,0.003302497523754038
