id,probability_maraud,successful_mating,next_foraging_time,foraging_events,foraging_hrs,foraging_sqhrs,staying_events,staying_hrs,staying_sqhrs,repairing_events,repairing_hrs,repairing_sqhrs,marauding_events,marauding_hrs,marauding_sqhrs,traveling_events,traveling_hrs,traveling_sqhrs
0,0.054,36,359.94321610983644,551.0,70.81329694194922,14.791448133499207,921.0,155.03499698614303,33.281197912319364,797.0,132.941958833139,28.507385883100984,12.0,1.2,0.12000000000000005,52.0,0.28236806818518534,0.0015333024217429481
1,0.0,18,360.27770452431685,564.0,67.82574941446441,13.575679189247763,1275.0,217.95213401035258,46.78698630226747,417.0,74.30722684137667,16.487580649035245,0.0,0.0,0.0,0.0,0.0,0.0
2,0.0,0,360.0194710701799,560.0,67.43718881962822,13.871154671140031,1724.0,292.57610123337747,63.51486902497883,0.0,0.0,0.0,0.0,0.0,0.0,0.0,0.0,0.0
3,0.054,0,360.1252562847882,559.0,71.64397959461931,15.226266225053362,1719.0,287.2816548349911,61.090526182803075,0.0,0.0,0.0,7.0,0.7,0.07,100.0,0.5430155157407411,0.00294865850335182
4,0.0,0,360.0028958973486,570.0,70.39446722629295,14.691081505682057,1718.0,289.7144275573848,61.66626530713947,0.0,0.0,0.0,0.0,0.0,0.0,0.0,0.0,0.0
5,0.054,0,360.31515635765476,574.0,73.05441634529186,15.586032325796953,1681.0,285.0779138683369,61.27168232836654,0.0,0.0,0.0,15.0,1.5000000000000002,0.15000000000000008,107.0,0.581026601842593,0.0031550645985864473
