id,probability_maraud,successful_mating,next_foraging_time,foraging_events,foraging_hrs,foraging_sqhrs,staying_events,staying_hrs,staying_sqhrs,repairing_events,repairing_hrs,repairing_sqhrs,marauding_events,marauding_hrs,marauding_sqhrs,traveling_events,traveling_hrs,traveling_sqhrs
0,0.054,11,359.9348107557446,560.0,72.96163294901532,15.490813744658304,1435.0,248.73183701518428,54.10798295072784,204.0,36.3410323179808,7.993170263101474,15.0,1.5000000000000002,0.15000000000000008,97.0,0.5267250502685189,0.0028601987482512656
1,0.054,7,360.5082563779507,563.0,70.53154695432919,14.05490466674314,1445.0,239.7546710757644,50.46057205709369,293.0,48.87385573833021,10.384393378897975,5.0,0.5,0.05000000000000001,71.0,0.3855410161759262,0.0020935475373797933
2,0.054,9,360.3277995215682,578.0,72.21218841909557,15.13493151591626,1577.0,261.30593728288784,54.90934662841104,144.0,24.51491250000095,5.288311591515977,17.0,1.7000000000000004,0.1700000000000001,85.0,0.46156318837962995,0.0025063597278490476
3,0.0,8,360.2941290293311,563.0,68.0778619709685,13.62012198922328,1427.0,236.86016606886952,50.112907179804026,336.0,55.117120327623205,11.552388795905266,0.0,0.0,0.0,0.0,0.0,0.0
4,0.0,8,360.48941262889645,561.0,71.11791938476013,15.000485986777614,1554.0,258.3716987042793,54.39184999459418,180.0,30.664501595292624,6.867278927669343,0.0,0.0,0.0,0.0,0.0,0.0
5,0.0,11,360.2392257964651,560.0,72.23088719065568,14.776132694175274,1551.0,263.35357949554395,56.18855319720547,132.0,24.47660007444174,5.588095232776657,0.0,0.0,0.0,0.0,0.0,0.0
