id,probability_maraud,successful_mating,next_foraging_time,foraging_events,foraging_hrs,foraging_sqhrs,staying_events,staying_hrs,staying_sqhrs,repairing_events,repairing_hrs,repairing_sqhrs,marauding_events,marauding_hrs,marauding_sqhrs,traveling_events,traveling_hrs,traveling_sqhrs
0,0.0,11,360.01176341873594,552.0,74.06791387704251,16.816592926888998,1284.0,212.57172898607584,45.6342540876447,440.0,73.5050639220472,15.65247771353522,0.0,0.0,0.0,0.0,0.0,0.0
1,0.054,10,360.5640698353647,575.0,73.82580716825599,15.369439470299756,1557.0,265.7395947495133,57.388607556015266,111.0,18.571276636689994,3.904268393451437,14.0,1.4000000000000001,0.14000000000000007,89.0,0.4832838090092596,0.0026243060679831203
2,0.0,5,360.2585413850901,570.0,71.9411207821933,14.756475910455698,1494.0,251.72230043347778,53.8043118143408,211.0,36.47030476293758,7.950967612382615,0.0,0.0,0.0,0.0,0.0,0.0
3,0.054,7,360.29662481423526,558.0,69.7375995489568,14.734787494885275,1533.0,264.80281356351855,57.07396988291154,154.0,24.432426049205798,4.9742197384784035,7.0,0.7,0.07,66.0,0.3583902403888891,0.0019461146122122025
4,0.054,6,360.29837810560014,564.0,72.4295138795842,15.958725504812486,1535.0,261.64284463400213,57.29748705367137,133.0,24.343216298747187,5.401438765030861,13.0,1.3,0.13000000000000006,87.0,0.4724234986944448,0.002565332897916084
5,0.0,15,360.0246585894982,548.0,67.68684851361452,14.042172159892841,1513.0,261.65098760172424,56.86670780563561,185.0,30.809648682658597,6.5280913958574365,0.0,0.0,0.0,0.0,0.0,0.0
