id,probability_maraud,successful_mating,next_foraging_time,foraging_events,foraging_hrs,foraging_sqhrs,staying_events,staying_hrs,staying_sqhrs,repairing_events,repairing_hrs,repairing_sqhrs,marauding_events,marauding_hrs,marauding_sqhrs,traveling_events,traveling_hrs,traveling_sqhrs
0,0.0,12,360.1795246116803,553.0,70.06025364521034,15.040601934365577,1433.0,241.32599834185442,51.40871990679125,292.0,48.66685647892201,10.091152610641123,0.0,0.0,0.0,0.0,0.0,0.0
1,0.054,9,360.29253950114435,564.0,70.97002646117392,14.629657570873448,1611.0,262.3040563047088,54.87419914583147,147.0,24.491359726387927,5.110953390462249,18.0,1.8000000000000005,0.1800000000000001,85.0,0.46156318837962995,0.0025063597278490476
2,0.054,8,360.46598264603324,565.0,72.94612043310345,16.002815843085088,1420.0,243.26393510419427,52.36899691630541,246.0,42.699860413659636,9.315528194901722,8.0,0.7999999999999999,0.08000000000000002,77.0,0.41812194712037065,0.0022704670475809023
3,0.0,9,360.18224958305393,549.0,73.35119656033434,16.220310105402174,1445.0,250.18337105616538,54.925575782648004,214.0,36.629837425370496,7.8390014982207115,0.0,0.0,0.0,0.0,0.0,0.0
4,0.0,5,360.0852541731151,569.0,67.06141957623305,13.248751958693209,1538.0,262.81916576362056,56.06707584687844,193.0,30.27769926824003,5.998995653635502,0.0,0.0,0.0,0.0,0.0,0.0
5,0.054,11,360.17065744792365,560.0,68.84066115344127,13.378629448597545,1496.0,253.2664394242614,54.45910535667858,209.0,36.721653015649785,7.939684178947764,10.0,0.9999999999999999,0.10000000000000003,83.0,0.4507028780648151,0.0024473865577820113
