id,probability_maraud,successful_mating,next_foraging_time,foraging_events,foraging_hrs,foraging_sqhrs,staying_events,staying_hrs,staying_sqhrs,repairing_events,repairing_hrs,repairing_sqhrs,marauding_events,marauding_hrs,marauding_sqhrs,traveling_events,traveling_hrs,traveling_sqhrs
0,0.0,8,360.1378644588459,560.0,73.60261255354918,15.848349597407854,1173.0,200.63719127742354,43.816595724419045,517.0,85.83915731317192,17.56313889140431,0.0,0.0,0.0,0.0,0.0,0.0
1,0.054,8,360.0131358914211,555.0,71.48269547254333,15.43139933504602,1477.0,250.19674543041845,53.93893415660988,221.0,36.58665022079503,8.10999445903568,15.0,1.5000000000000002,0.15000000000000008,77.0,0.41812194712037065,0.0022704670475809023
2,0.0,8,360.26722200996704,576.0,69.82576547706987,14.34259076989434,1464.0,247.69083735488513,53.18529603050606,257.0,42.56135183926002,9.032399901839163,0.0,0.0,0.0,0.0,0.0,0.0
3,0.0,7,360.32808047917797,567.0,72.2828956131875,15.0717976185188,1387.0,233.25106107129753,49.16592992509069,326.0,54.61571428503006,11.367039315526975,0.0,0.0,0.0,0.0,0.0,0.0
4,0.054,12,360.6637665633994,567.0,71.88691191968631,15.080028057881789,1595.0,267.6007430421204,56.74791753149435,113.0,18.27857411829787,3.787917238731921,18.0,1.8000000000000005,0.1800000000000001,101.0,0.5484456708981486,0.0029781450883853383
5,0.054,11,360.6855632414461,572.0,73.1218924374256,14.674102859907446,1531.0,264.12353391740976,57.49998011018407,125.0,21.292878050427962,4.597885371659457,10.0,0.9999999999999999,0.10000000000000003,93.0,0.5050044296388893,0.002742252408117193
