id,probability_maraud,successful_mating,next_foraging_time,foraging_events,foraging_hrs,foraging_sqhrs,staying_events,staying_hrs,staying_sqhrs,repairing_events,repairing_hrs,repairing_sqhrs,marauding_events,marauding_hrs,marauding_sqhrs,traveling_events,traveling_hrs,traveling_sqhrs
0,0.054,25,359.87902198299173,558.0,71.53566264577152,15.040290675238689,978.0,165.29683940662287,35.00070212421592,733.0,121.88678276834189,25.98498953415086,10.0,0.9999999999999999,0.10000000000000003,63.0,0.3420997749166669,0.001857654857111648
1,0.054,29,360.1739083565198,558.0,71.05076772280837,15.245861900437976,1321.0,226.79590554342045,49.1475695872256,373.0,60.888070772671284,12.49652258525428,9.0,0.8999999999999999,0.09000000000000002,89.0,0.4832838090092596,0.0026243060679831203
2,0.0,0,360.23816524622305,571.0,71.09005461870382,14.643993343494271,1683.0,288.97477350309873,62.41305216061951,0.0,0.0,0.0,0.0,0.0,0.0,0.0,0.0,0.0
3,0.0,0,360.6485695376023,576.0,72.69865764262701,15.620853257466358,1719.0,287.3854801590069,61.08331001517997,0.0,0.0,0.0,0.0,0.0,0.0,0.0,0.0,0.0
4,0.054,0,360.37494006459127,570.0,71.43598167557928,14.192259445595658,1698.0,287.2118809033568,60.87718726681225,0.0,0.0,0.0,11.0,1.0999999999999999,0.11000000000000004,94.0,0.5104345847962967,0.002771738993150711
5,0.0,0,359.9644687743761,559.0,71.05626885543838,14.766902733646745,1738.0,289.0772061773022,61.51769653745399,0.0,0.0,0.0,0.0,0.0,0.0,0.0,0.0,0.0
