id,probability_maraud,successful_mating,next_foraging_time,foraging_events,foraging_hrs,foraging_sqhrs,staying_events,staying_hrs,staying_sqhrs,repairing_events,repairing_hrs,repairing_sqhrs,marauding_events,marauding_hrs,marauding_sqhrs,traveling_events,traveling_hrs,traveling_sqhrs
0,0.0,7,360.5676413371365,562.0,71.55798949305972,15.630611574035317,1464.0,251.754310379825,54.44747963598517,214.0,36.72629502939647,8.062979348684035,0.0,0.0,0.0,0.0,0.0,0.0
1,0.054,6,360.11862405089477,563.0,74.81952240973185,16.831568533628467,1477.0,246.2756506433659,51.71696728459421,219.0,37.11787074876858,7.978071929704158,14.0,1.4000000000000001,0.14000000000000007,85.0,0.46156318837962995,0.0025063597278490476
2,0.0,7,360.3592816709274,572.0,68.18100608420846,13.296127409512417,1295.0,218.65870335780676,47.302379189918256,441.0,73.36090440843607,15.289802760839942,0.0,0.0,0.0,0.0,0.0,0.0
3,0.054,12,360.0078471155038,563.0,70.33602050768701,13.664734572289605,1615.0,274.9841737711667,58.01112195042719,67.0,12.32745502389158,2.6340315987820624,19.0,1.9000000000000006,0.1900000000000001,91.0,0.4941441193240744,0.0026832792380501566
4,0.054,9,360.4319691236972,562.0,66.61535942845516,13.017938037555494,1426.0,237.59497783886596,50.787643144650175,323.0,54.49343308847228,11.707651513269646,10.0,0.9999999999999999,0.10000000000000003,70.0,0.38011086101851876,0.002064060952346275
5,0.0,13,360.44601341667163,568.0,73.15229618803667,15.731444677234094,1435.0,244.38897244563535,52.203822460035276,256.0,42.572252122726326,9.310709986723504,0.0,0.0,0.0,0.0,0.0,0.0
