id,probability_maraud,successful_mating,next_foraging_time,foraging_events,foraging_hrs,foraging_sqhrs,staying_events,staying_hrs,staying_sqhrs,repairing_events,repairing_hrs,repairing_sqhrs,marauding_events,marauding_hrs,marauding_sqhrs,traveling_events,traveling_hrs,traveling_sqhrs
0,0.0,21,360.11527501211714,557.0,68.3664211030505,13.768427719674694,857.0,145.59278490653446,31.41782554988657,889.0,146.19179766445635,30.382151883560812,0.0,0.0,0.0,0.0,0.0,0.0
1,0.0,32,360.3517033195816,560.0,69.68762443567003,14.251560761777302,1703.0,290.3496076369227,62.19567272787776,0.0,0.0,0.0,0.0,0.0,0.0,0.0,0.0,0.0
2,0.054,0,359.9754106043654,555.0,74.66601448353597,17.708101476618182,1735.0,283.87460318117945,59.03870446403696,0.0,0.0,0.0,10.0,0.9999999999999999,0.10000000000000003,92.0,0.49957427448148184,0.002712765823083675
3,0.054,0,360.44212429679675,563.0,70.65342400066858,14.069640378073316,1723.0,288.63092154444723,61.61615528302605,0.0,0.0,0.0,4.0,0.4,0.04000000000000001,83.0,0.4507028780648151,0.0024473865577820113
4,0.054,0,360.05077485567284,554.0,74.1552406924448,17.064833215650946,1683.0,284.32068684088296,60.14244713548007,0.0,0.0,0.0,10.0,0.9999999999999999,0.10000000000000003,101.0,0.5484456708981486,0.0029781450883853383
5,0.0,0,360.5133756469145,575.0,72.94530314357978,15.497571845348022,1726.0,287.17682325541745,60.04152215472506,0.0,0.0,0.0,0.0,0.0,0.0,0.0,0.0,0.0
