id,probability_maraud,successful_mating,next_foraging_time,foraging_events,foraging_hrs,foraging_sqhrs,staying_events,staying_hrs,staying_sqhrs,repairing_events,repairing_hrs,repairing_sqhrs,marauding_events,marauding_hrs,marauding_sqhrs,traveling_events,traveling_hrs,traveling_sqhrs
0,0.0,18,359.8896974521506,562.0,70.23556529728795,14.48479893819895,667.0,112.31006562090788,23.817962716606946,1025.0,177.46409047074954,38.98504009185791,0.0,0.0,0.0,0.0,0.0,0.0
1,0.054,36,359.98053618646696,554.0,69.28859830559787,14.45570958613034,1722.0,289.57401514166827,61.223296305651964,0.0,0.0,0.0,7.0,0.7,0.07,106.0,0.5755964466851856,0.003125578013552929
2,0.0,0,360.73329827078726,559.0,72.10080461675292,15.04527313546398,1730.0,287.97062653447233,61.07286220246935,0.0,0.0,0.0,0.0,0.0,0.0,0.0,0.0,0.0
3,0.054,0,360.0996532967898,562.0,70.49854600348407,15.359141473755258,1707.0,287.93131144836696,60.79856268294977,0.0,0.0,0.0,11.0,1.0999999999999999,0.11000000000000004,97.0,0.5267250502685189,0.0028601987482512656
4,0.054,0,360.0442657172211,561.0,70.28980323933251,14.67412813579763,1705.0,288.0991519183115,61.063231961806224,0.0,0.0,0.0,11.0,1.0999999999999999,0.11000000000000004,98.0,0.5321552054259263,0.002889685333284784
5,0.0,0,360.5299462016125,563.0,72.0939036762535,15.304732615284165,1716.0,287.9181646454607,60.732090255817276,0.0,0.0,0.0,0.0,0.0,0.0,0.0,0.0,0.0
