id,probability_maraud,successful_mating,next_foraging_time,foraging_events,foraging_hrs,foraging_sqhrs,staying_events,staying_hrs,staying_sqhrs,repairing_events,repairing_hrs,repairing_sqhrs,marauding_events,marauding_hrs,marauding_sqhrs,traveling_events,traveling_hrs,traveling_sqhrs
0,0.054,31,360.1373964903767,571.0,69.96587717751211,13.871373871852569,1133.0,191.78410338953728,41.31613220752282,588.0,97.59621882380459,20.670104784996013,4.0,0.4,0.04000000000000001,68.0,0.36925055070370394,0.002005087782279239
1,0.0,23,359.9780430746201,571.0,67.91177627999717,13.686679865402423,1570.0,267.71037053330826,57.54456861671799,140.0,24.410023037699563,5.396713061111676,0.0,0.0,0.0,0.0,0.0,0.0
2,0.0,0,360.29596112323406,567.0,71.11282665504832,14.23387491926651,1694.0,288.90319249672683,62.80399797372323,0.0,0.0,0.0,0.0,0.0,0.0,0.0,0.0,0.0
3,0.054,0,360.55313697959895,571.0,64.74808847818687,12.211162099151684,1717.0,293.8277240691588,63.69824974614515,0.0,0.0,0.0,10.0,0.9999999999999999,0.10000000000000003,90.0,0.488713964166667,0.0026537926530166385
4,0.054,0,360.7236737960765,553.0,69.80519371198609,14.531735726926575,1678.0,289.1674811609117,62.269704614820654,0.0,0.0,0.0,6.0,0.6,0.06000000000000001,85.0,0.46156318837962995,0.0025063597278490476
5,0.0,0,360.1869639780265,554.0,72.3198966481791,16.075988549456028,1710.0,287.8490322250303,61.0440335641125,0.0,0.0,0.0,0.0,0.0,0.0,0.0,0.0,0.0
