id,probability_maraud,successful_mating,next_foraging_time,foraging_events,foraging_hrs,foraging_sqhrs,staying_events,staying_hrs,staying_sqhrs,repairing_events,repairing_hrs,repairing_sqhrs,marauding_events,marauding_hrs,marauding_sqhrs,traveling_events,traveling_hrs,traveling_sqhrs
0,0.054,7,360.07183413837424,566.0,71.75404582836859,15.713648189941576,1452.0,243.54113093765574,51.807556119804154,251.0,42.64996843712515,9.29085861561745,17.0,1.7000000000000004,0.1700000000000001,88.0,0.4778536538518522,0.002594819482949602
1,0.0,8,360.2836356590826,573.0,70.54501497903358,14.003606783945031,1503.0,252.7466929597908,54.41035608693889,210.0,36.75248192555452,7.945193927532456,0.0,0.0,0.0,0.0,0.0,0.0
2,0.0,11,360.21957297555116,584.0,70.7489075055578,13.476249906728281,1357.0,230.6943866502942,49.78609394605412,351.0,58.64342632625668,12.365186013510966,0.0,0.0,0.0,0.0,0.0,0.0
3,0.0,8,360.9436852588096,558.0,70.44667573057785,15.332467439288667,1503.0,253.60128014292744,54.52280614700573,227.0,36.472646675286256,7.567398854406776,0.0,0.0,0.0,0.0,0.0,0.0
4,0.054,14,360.4303066571456,571.0,71.4375236093528,15.025532677709,1509.0,254.59173713327525,54.891522580547296,188.0,32.03174090588551,7.116379122999852,15.0,1.5000000000000002,0.15000000000000008,90.0,0.488713964166667,0.0026537926530166385
5,0.054,6,359.9181374353506,550.0,68.59669376577463,14.219476795190573,1392.0,234.78429223545473,50.05994248672547,320.0,55.00929942899294,11.944800212590309,12.0,1.2,0.12000000000000005,84.0,0.45613303322222254,0.0024768731428155295
