id,probability_maraud,successful_mating,next_foraging_time,foraging_events,foraging_hrs,foraging_sqhrs,staying_events,staying_hrs,staying_sqhrs,repairing_events,repairing_hrs,repairing_sqhrs,marauding_events,marauding_hrs,marauding_sqhrs,traveling_events,traveling_hrs,traveling_sqhrs
0,0.054,6,360.0881297724479,576.0,69.55350046586116,14.806512902630454,1575.0,264.2232195366349,55.907409963115605,156.0,24.49463499235159,5.029004303371512,13.0,1.3,0.13000000000000006,84.0,0.45613303322222254,0.0024768731428155295
1,0.054,7,360.0770586011057,571.0,69.01254759217714,13.321834718369512,1496.0,252.2234614741788,54.562162907607416,209.0,36.939161362594255,7.993660278943412,14.0,1.4000000000000001,0.14000000000000007,84.0,0.45613303322222254,0.0024768731428155295
2,0.054,9,360.465101706212,562.0,74.67008030223296,16.224190965994527,1554.0,265.5917875450403,56.593520995762844,97.0,18.120465453941737,3.9114478246319693,13.0,1.3,0.13000000000000006,103.0,0.5593059812129634,0.0030371182584523746
3,0.0,12,360.49999641862536,546.0,73.22358933667147,17.216098913950464,1279.0,220.1433643289473,48.59867273509352,394.0,66.82389310938663,14.614952184382345,0.0,0.0,0.0,0.0,0.0,0.0
4,0.0,11,360.4752146623797,586.0,66.81757027504682,12.652070562281294,1483.0,250.58142939173055,53.60716041462691,257.0,42.679065229021006,8.95663547612154,0.0,0.0,0.0,0.0,0.0,0.0
5,0.0,9,360.6161276987066,562.0,71.58281439387343,15.355487876787278,1391.0,233.35731774717016,50.15771839775223,316.0,55.07417694431487,12.046369862487886,0.0,0.0,0.0,0.0,0.0,0.0
