id,probability_maraud,successful_mating,next_foraging_time,foraging_events,foraging_hrs,foraging_sqhrs,staying_events,staying_hrs,staying_sqhrs,repairing_events,repairing_hrs,repairing_sqhrs,marauding_events,marauding_hrs,marauding_sqhrs,traveling_events,traveling_hrs,traveling_sqhrs
0,0.054,28,360.057517535479,563.0,69.52254267937585,14.045689377607737,960.0,161.56621871128462,34.93133985831024,755.0,127.2922442651436,26.988232412964713,14.0,1.4000000000000001,0.14000000000000007,60.0,0.32580930944444464,0.0017691951020110935
1,0.054,26,360.23570553183583,565.0,69.17974459120101,14.018808492174458,1205.0,204.82890062700534,43.2422780684164,502.0,85.37890956185,18.354546286050347,3.0,0.30000000000000004,0.030000000000000006,73.0,0.396401326490741,0.0021525207074468296
2,0.054,0,359.9824440224362,560.0,73.50576299546032,15.81003402102923,1685.0,284.23644400701403,61.29446590487029,0.0,0.0,0.0,18.0,1.8000000000000005,0.1800000000000001,92.0,0.49957427448148184,0.002712765823083675
3,0.0,0,360.133706735357,567.0,68.49866503866689,14.03460677981223,1765.0,291.50301804822186,62.04983718636835,0.0,0.0,0.0,0.0,0.0,0.0,0.0,0.0,0.0
4,0.0,0,360.1420959390139,555.0,69.8895132293311,14.112772549279523,1692.0,290.1148785885133,62.67239920819684,0.0,0.0,0.0,0.0,0.0,0.0,0.0,0.0,0.0
5,0.0,0,360.2120663847691,562.0,72.05824159501677,15.521109311364372,1701.0,288.06978601127855,61.39089405366791,0.0,0.0,0.0,0.0,0.0,0.0,0.0,0.0,0.0
