id,probability_maraud,successful_mating,next_foraging_time,foraging_events,foraging_hrs,foraging_sqhrs,staying_events,staying_hrs,staying_sqhrs,repairing_events,repairing_hrs,repairing_sqhrs,marauding_events,marauding_hrs,marauding_sqhrs,traveling_events,traveling_hrs,traveling_sqhrs
0,0.054,19,360.57093850817967,585.0,66.59010070149867,12.513664156562854,850.0,145.81155120860706,31.263572041657138,878.0,146.56463214041617,31.416633508714373,8.0,0.7999999999999999,0.08000000000000002,47.0,0.2552172923981483,0.0013858694965753573
1,0.0,35,360.06332163177996,569.0,69.84908356654873,14.3040079683892,1428.0,241.28020172622047,51.87029242107455,291.0,48.94941614799082,10.371554977692806,0.0,0.0,0.0,0.0,0.0,0.0
2,0.054,0,360.53973919646666,542.0,71.60220388269136,16.497672465695434,1671.0,286.6122685174254,62.07664911119601,0.0,0.0,0.0,14.0,1.4000000000000001,0.14000000000000007,92.0,0.49957427448148184,0.002712765823083675
3,0.054,0,360.05121734526676,561.0,68.17165403475882,13.574782120454035,1692.0,290.40497842958627,62.54843729997782,0.0,0.0,0.0,10.0,0.9999999999999999,0.10000000000000003,113.0,0.6136075327870375,0.0033319841087875563
4,0.0,0,360.2538848552844,561.0,68.67353454948945,14.353435040847039,1698.0,291.3755769065955,63.05392386944956,0.0,0.0,0.0,0.0,0.0,0.0,0.0,0.0,0.0
5,0.0,0,360.7271705645279,564.0,71.64434142385926,14.885614248695088,1710.0,288.54045383094797,61.19187400660442,0.0,0.0,0.0,0.0,0.0,0.0,0.0,0.0,0.0
