id,probability_maraud,successful_mating,next_foraging_time,foraging_events,foraging_hrs,foraging_sqhrs,staying_events,staying_hrs,staying_sqhrs,repairing_events,repairing_hrs,repairing_sqhrs,marauding_events,marauding_hrs,marauding_sqhrs,traveling_events,traveling_hrs,traveling_sqhrs
0,0.0,11,360.2901786747148,562.0,72.91956439496333,15.283416457062652,1464.0,244.54352909317132,52.025854130631046,242.0,42.66126113408967,9.167085250323197,0.0,0.0,0.0,0.0,0.0,0.0
1,0.054,8,360.6055504767832,559.0,71.50137326711469,14.921783458178385,1408.0,231.44031244791057,48.327772614184056,323.0,55.596701837857054,12.239178387318187,11.0,1.0999999999999999,0.11000000000000004,79.0,0.4289822574351855,0.0023294402176479386
2,0.054,11,359.85179236458737,570.0,73.15710239402407,15.505553341923466,1489.0,254.70776495555654,55.31289488053513,184.0,30.395640400533974,6.310597029517484,15.0,1.5000000000000002,0.15000000000000008,75.0,0.4072616368055558,0.002211493877513866
3,0.0,9,360.1068826896573,564.0,71.38541021551839,15.444071505124835,1452.0,245.7255224223799,52.5374809073414,267.0,42.9864661248398,8.90380881885218,0.0,0.0,0.0,0.0,0.0,0.0
4,0.054,9,360.29715950218883,571.0,73.84102768917433,15.629735330665394,1443.0,247.75484893083203,54.11532548894077,212.0,36.51029403006579,7.920343847842728,16.0,1.6000000000000003,0.1600000000000001,86.0,0.46699334353703736,0.002535846312882566
5,0.0,6,359.7068632197967,560.0,71.89516355912589,15.103105509923536,1374.0,239.10843149531405,52.53918416717334,280.0,49.06854909491544,10.972255609855312,0.0,0.0,0.0,0.0,0.0,0.0
