id,probability_maraud,successful_mating,next_foraging_time,foraging_events,foraging_hrs,foraging_sqhrs,staying_events,staying_hrs,staying_sqhrs,repairing_events,repairing_hrs,repairing_sqhrs,marauding_events,marauding_hrs,marauding_sqhrs,traveling_events,traveling_hrs,traveling_sqhrs
0,0.0,12,360.4302183967757,568.0,67.67387947402429,13.320080033956357,1535.0,261.9451541533882,56.24627077791704,181.0,30.55648766526317,6.65026932696114,0.0,0.0,0.0,0.0,0.0,0.0
1,0.054,11,360.04611737500557,568.0,72.11364623730354,14.950688173907299,1542.0,264.70159551109447,56.943955565863575,120.0,20.73140518559472,4.488880839925354,21.0,2.1000000000000005,0.21000000000000013,102.0,0.553875826055556,0.0030076316734188565
2,0.0,3,360.37868630530136,550.0,74.53142901255215,16.716340610344115,1355.0,224.3283012967842,48.10187274904991,369.0,61.160174942004915,13.142370761445333,0.0,0.0,0.0,0.0,0.0,0.0
3,0.0,10,360.6216709747689,566.0,68.79210650704812,13.721480222702464,1436.0,242.78516845092565,52.23691153174134,301.0,48.4760655476161,9.961883763284982,0.0,0.0,0.0,0.0,0.0,0.0
4,0.054,10,360.4589605764646,565.0,68.43350498049428,14.076942454019052,1524.0,253.83462752636848,53.25434955822792,211.0,36.42861816751546,8.082841721005623,9.0,0.8999999999999999,0.09000000000000002,76.0,0.41269179196296324,0.002240980462547384
5,0.054,8,360.07966339359893,561.0,66.43517817587654,13.713807895635167,1397.0,236.96775392011494,50.27466953284827,337.0,54.92365056334699,11.867628616789398,13.0,1.3,0.13000000000000006,86.0,0.46699334353703736,0.002535846312882566
