id,probability_maraud,successful_mating,next_foraging_time,foraging_events,foraging_hrs,foraging_sqhrs,staying_events,staying_hrs,staying_sqhrs,repairing_events,repairing_hrs,repairing_sqhrs,marauding_events,marauding_hrs,marauding_sqhrs,traveling_events,traveling_hrs,traveling_sqhrs
0,0.054,32,360.0881193895152,569.0,68.01959460115812,14.333035028400808,977.0,168.99145200609817,36.612398150991396,732.0,121.83723172436594,25.970430126140013,9.0,0.8999999999999999,0.09000000000000002,49.0,0.2660776027129631,0.0014448426666423936
1,0.0,22,360.13645975439346,572.0,71.78230394631657,16.201863060698937,1408.0,233.29449201634338,48.86025718161774,313.0,54.961566937772815,12.05659814196424,0.0,0.0,0.0,0.0,0.0,0.0
2,0.0,0,360.2638048752326,570.0,69.28012923639109,13.404149917102387,1702.0,290.9777338449454,62.86008029815877,0.0,0.0,0.0,0.0,0.0,0.0,0.0,0.0,0.0
3,0.054,0,360.6613615277278,552.0,71.78276081281805,15.898933995405178,1672.0,286.5211274997908,62.024565044447925,0.0,0.0,0.0,14.0,1.4000000000000001,0.14000000000000007,103.0,0.5593059812129634,0.0030371182584523746
4,0.0,0,360.4269227639076,568.0,69.20682658620628,14.207241852017107,1730.0,290.79534156365673,61.793867406072174,0.0,0.0,0.0,0.0,0.0,0.0,0.0,0.0,0.0
5,0.054,0,360.0186412146978,565.0,69.1671191435229,14.49421503841449,1702.0,289.7758164574382,62.0761912035991,0.0,0.0,0.0,7.0,0.7,0.07,92.0,0.49957427448148184,0.002712765823083675
