id,probability_maraud,successful_mating,next_foraging_time,foraging_events,foraging_hrs,foraging_sqhrs,staying_events,staying_hrs,staying_sqhrs,repairing_events,repairing_hrs,repairing_sqhrs,marauding_events,marauding_hrs,marauding_sqhrs,traveling_events,traveling_hrs,traveling_sqhrs
0,0.054,13,360.33937643018714,563.0,71.57603759969066,15.065027591937675,1481.0,249.9656770799614,53.574355788243146,218.0,36.42250036873851,7.647866575342151,16.0,1.6000000000000003,0.1600000000000001,106.0,0.5755964466851856,0.003125578013552929
1,0.0,5,360.29811074431467,579.0,70.43338431639869,13.525345125832384,1400.0,234.8461951205125,49.54403067551514,319.0,54.75124853164794,12.102989503811003,0.0,0.0,0.0,0.0,0.0,0.0
2,0.0,6,360.1950154300974,562.0,70.2819338952381,13.787547235836815,1433.0,241.03868252851336,51.04077763990861,300.0,48.73408690686626,10.25240206807214,0.0,0.0,0.0,0.0,0.0,0.0
3,0.054,14,359.9895688531408,566.0,72.60342452834753,16.19948460731777,1481.0,249.21686831412438,53.307833018797425,199.0,36.740401828944464,8.356221085683796,12.0,1.2,0.12000000000000005,89.0,0.4832838090092596,0.0026243060679831203
4,0.0,9,360.15426690938045,568.0,65.19021927534668,11.949275495041675,1422.0,239.82204689200924,51.178494045656045,320.0,55.10134869074326,12.006269381932777,0.0,0.0,0.0,0.0,0.0,0.0
5,0.054,7,360.5633280109739,565.0,71.32114507423918,14.871904665849932,1514.0,256.2801728475801,54.67933745753516,195.0,30.432266863186676,6.1190629468810736,15.0,1.5000000000000002,0.15000000000000008,93.0,0.5050044296388893,0.002742252408117193
