id,probability_maraud,successful_mating,next_foraging_time,foraging_events,foraging_hrs,foraging_sqhrs,staying_events,staying_hrs,staying_sqhrs,repairing_events,repairing_hrs,repairing_sqhrs,marauding_events,marauding_hrs,marauding_sqhrs,traveling_events,traveling_hrs,traveling_sqhrs
0,0.054,17,359.83802213515776,568.0,69.45480962598491,13.89920437207201,794.0,136.74498034081472,29.26411193667487,925.0,152.60355091885143,32.435824460445765,9.0,0.8999999999999999,0.09000000000000002,55.0,0.2986585336574076,0.0016217621768435026
1,0.0,37,360.8265441033914,584.0,70.0312574371461,14.041731941519258,1376.0,234.83729906150626,50.67303113928842,318.0,55.358048776005624,12.163711503329045,0.0,0.0,0.0,0.0,0.0,0.0
2,0.054,0,360.0149483145965,567.0,68.62986933800434,15.04732668684656,1713.0,289.8289812129121,62.03212760703778,0.0,0.0,0.0,11.0,1.0999999999999999,0.11000000000000004,94.0,0.5104345847962967,0.002771738993150711
3,0.0,0,360.19103457833927,570.0,71.68160075427937,14.952418961279797,1709.0,288.5176345716673,61.67853052458362,0.0,0.0,0.0,0.0,0.0,0.0,0.0,0.0,0.0
4,0.0,0,360.0163561757723,569.0,69.863358232419,14.376410103850441,1738.0,290.28060841489526,61.502927014254745,0.0,0.0,0.0,0.0,0.0,0.0,0.0,0.0,0.0
5,0.054,0,360.049304291016,589.0,72.56915010708764,14.881536326948176,1703.0,285.62689059768144,61.26474503878854,0.0,0.0,0.0,14.0,1.4000000000000001,0.14000000000000007,97.0,0.5267250502685189,0.0028601987482512656
