id,probability_maraud,successful_mating,next_foraging_time,foraging_events,foraging_hrs,foraging_sqhrs,staying_events,staying_hrs,staying_sqhrs,repairing_events,repairing_hrs,repairing_sqhrs,marauding_events,marauding_hrs,marauding_sqhrs,traveling_events,traveling_hrs,traveling_sqhrs
0,0.0,27,359.87900982631385,554.0,66.37366287658902,13.357639399327605,931.0,159.59720871733768,34.78755960928763,782.0,134.05764066155203,28.523991505390217,0.0,0.0,0.0,0.0,0.0,0.0
1,0.054,27,359.9478986730273,559.0,69.87610447416876,14.38400016872582,1711.0,288.87215496705903,61.81175009166675,0.0,0.0,0.0,9.0,0.8999999999999999,0.09000000000000002,101.0,0.5484456708981486,0.0029781450883853383
2,0.0,0,360.35959552879814,571.0,73.11250308302999,15.40583017144657,1669.0,286.9697044512553,62.081329810745444,0.0,0.0,0.0,0.0,0.0,0.0,0.0,0.0,0.0
3,0.054,0,359.8769557650443,560.0,69.50630339538182,14.168609745670096,1752.0,289.4371478348989,60.498598940561294,0.0,0.0,0.0,5.0,0.5,0.05000000000000001,105.0,0.5701662915277782,0.003096091428519411
4,0.0,0,359.84278283142214,558.0,73.4188219253677,16.34459083250271,1721.0,286.5897015994836,60.74548046374811,0.0,0.0,0.0,0.0,0.0,0.0,0.0,0.0,0.0
5,0.054,0,360.3329510209549,560.0,67.38417315655809,13.909872825610947,1700.0,291.38249275188707,63.31171650439938,0.0,0.0,0.0,8.0,0.7999999999999999,0.08000000000000002,97.0,0.5267250502685189,0.0028601987482512656
