id,probability_maraud,successful_mating,next_foraging_time,foraging_events,foraging_hrs,foraging_sqhrs,staying_events,staying_hrs,staying_sqhrs,repairing_events,repairing_hrs,repairing_sqhrs,marauding_events,marauding_hrs,marauding_sqhrs,traveling_events,traveling_hrs,traveling_sqhrs
0,0.0,14,360.25131927466566,565.0,69.74166295063343,13.81584311143191,730.0,125.30649073822444,27.125531746049486,978.0,165.14538427970774,35.31492815184973,0.0,0.0,0.0,0.0,0.0,0.0
1,0.0,40,360.0553052897244,564.0,69.60719782252373,13.555050475215864,1763.0,290.4067293119523,60.96756034852395,0.0,0.0,0.0,0.0,0.0,0.0,0.0,0.0,0.0
2,0.054,0,360.6339238476174,573.0,74.99768015964989,17.239157437342875,1698.0,283.7640596293179,59.98818690629855,0.0,0.0,0.0,8.0,0.7999999999999999,0.08000000000000002,97.0,0.5267250502685189,0.0028601987482512656
3,0.054,0,360.5941422995057,573.0,71.9288038115756,14.883397218620514,1685.0,286.9970556997388,61.97717387697232,0.0,0.0,0.0,7.0,0.7,0.07,103.0,0.5593059812129634,0.0030371182584523746
4,0.054,0,360.1426754965436,556.0,69.90926606998623,15.156030424345266,1739.0,288.268488599187,60.39745435130221,0.0,0.0,0.0,12.0,1.2,0.12000000000000005,120.0,0.6516186188888894,0.0035383902040221835
5,0.0,0,360.130331791752,566.0,69.54519874511702,14.631906184345668,1722.0,290.4578245515478,62.108665110220976,0.0,0.0,0.0,0.0,0.0,0.0,0.0,0.0,0.0
