id,probability_maraud,successful_mating,next_foraging_time,foraging_events,foraging_hrs,foraging_sqhrs,staying_events,staying_hrs,staying_sqhrs,repairing_events,repairing_hrs,repairing_sqhrs,marauding_events,marauding_hrs,marauding_sqhrs,traveling_events,traveling_hrs,traveling_sqhrs
0,0.054,24,360.2080353864926,567.0,70.48065842268657,14.24434404179979,849.0,142.67304324487387,30.30848323415196,851.0,145.91315387645577,31.769446761136884,8.0,0.7999999999999999,0.08000000000000002,48.0,0.2606474475555557,0.0014153560816088755
1,0.0,30,360.0318459778464,566.0,70.72502665442458,15.292680473889774,1417.0,240.69143300536032,51.92612205185975,291.0,48.6781819753052,10.263933464351622,0.0,0.0,0.0,0.0,0.0,0.0
2,0.0,0,360.389451283128,561.0,72.44357361737042,16.0968455612185,1709.0,287.7206605087956,61.43432249242555,0.0,0.0,0.0,0.0,0.0,0.0,0.0,0.0,0.0
3,0.0,0,360.20699425689554,564.0,67.13312334514865,13.364734072538683,1722.0,292.9999101677987,63.16076339996571,0.0,0.0,0.0,0.0,0.0,0.0,0.0,0.0,0.0
4,0.054,0,360.10151168769664,562.0,69.29709852364901,13.958202564398004,1698.0,289.7830317783069,62.12310683234846,0.0,0.0,0.0,8.0,0.7999999999999999,0.08000000000000002,91.0,0.4941441193240744,0.0026832792380501566
5,0.054,0,359.9628731698264,567.0,69.25500210457129,14.27008313110515,1727.0,288.6820349496454,61.445204876315394,0.0,0.0,0.0,16.0,1.6000000000000003,0.1600000000000001,100.0,0.5430155157407411,0.00294865850335182
