id,probability_maraud,successful_mating,next_foraging_time,foraging_events,foraging_hrs,foraging_sqhrs,staying_events,staying_hrs,staying_sqhrs,repairing_events,repairing_hrs,repairing_sqhrs,marauding_events,marauding_hrs,marauding_sqhrs,traveling_events,traveling_hrs,traveling_sqhrs
0,0.0,23,360.0461216623304,572.0,65.94359958845965,13.119605212708507,880.0,148.11055639220314,31.510986432399783,857.0,146.16197284402793,31.26034025876902,0.0,0.0,0.0,0.0,0.0,0.0
1,0.0,31,360.2988742605935,563.0,72.35665501665676,14.891723045891295,1692.0,287.7117014874357,62.50511479351971,0.0,0.0,0.0,0.0,0.0,0.0,0.0,0.0,0.0
2,0.054,0,359.9540763008511,565.0,73.10864520503667,16.482710842629444,1700.0,285.3890618846162,60.48333085597316,0.0,0.0,0.0,10.0,0.9999999999999999,0.10000000000000003,97.0,0.5267250502685189,0.0028601987482512656
3,0.054,0,360.2251338918967,560.0,72.7278779413711,14.870528810455582,1662.0,285.9566483671745,61.99212363840832,0.0,0.0,0.0,9.0,0.8999999999999999,0.09000000000000002,89.0,0.4832838090092596,0.0026243060679831203
4,0.0,0,360.34503807925216,566.0,70.99469400042042,14.897332269522657,1735.0,289.12570434701996,60.45689066807832,0.0,0.0,0.0,0.0,0.0,0.0,0.0,0.0,0.0
5,0.054,0,360.31624828749926,559.0,70.1027439169236,14.287249015375497,1705.0,288.9571735557282,61.92860276639502,0.0,0.0,0.0,5.0,0.5,0.05000000000000001,83.0,0.4507028780648151,0.0024473865577820113
