id,probability_maraud,successful_mating,next_foraging_time,foraging_events,foraging_hrs,foraging_sqhrs,staying_events,staying_hrs,staying_sqhrs,repairing_events,repairing_hrs,repairing_sqhrs,marauding_events,marauding_hrs,marauding_sqhrs,traveling_events,traveling_hrs,traveling_sqhrs
0,0.0,8,360.0461115989443,572.0,71.26451191902643,15.087640720789276,1414.0,233.65053439305183,49.662884017663046,343.0,55.144350635109035,11.13244777980429,0.0,0.0,0.0,0.0,0.0,0.0
1,0.054,6,360.41124010870647,571.0,71.50723888223116,15.177872451251966,1563.0,268.28927048478295,57.90155579838187,120.0,18.324783642464666,3.637457441835672,16.0,1.6000000000000003,0.1600000000000001,94.0,0.5104345847962967,0.002771738993150711
2,0.054,12,360.64134985202173,576.0,72.57925969141488,15.29479526841373,1507.0,256.00558056991963,55.11427359634609,173.0,30.23510410709421,6.738136424381216,8.0,0.7999999999999999,0.08000000000000002,87.0,0.4724234986944448,0.002565332897916084
3,0.054,11,359.95077771979425,568.0,74.32210834141323,16.171800155965336,1450.0,247.25157379588023,53.676067428162895,225.0,36.822094042745725,7.703588618700712,12.0,1.2,0.12000000000000005,87.0,0.4724234986944448,0.002565332897916084
4,0.0,7,360.30938383416986,570.0,68.87215112797155,14.694308540202423,1534.0,254.52491487150243,53.432121845082015,221.0,36.746580885731824,7.75336974680514,0.0,0.0,0.0,0.0,0.0,0.0
5,0.0,10,360.0377281893534,572.0,69.10116052438251,13.799298543309257,1464.0,248.2371715927861,53.5383431972699,257.0,42.771867140368286,8.633063774585098,0.0,0.0,0.0,0.0,0.0,0.0
