id,probability_maraud,successful_mating,next_foraging_time,foraging_events,foraging_hrs,foraging_sqhrs,staying_events,staying_hrs,staying_sqhrs,repairing_events,repairing_hrs,repairing_sqhrs,marauding_events,marauding_hrs,marauding_sqhrs,traveling_events,traveling_hrs,traveling_sqhrs
0,0.0,9,360.4001816198203,558.0,72.88821286374116,16.06237483789952,1414.0,236.94548699941157,50.46405078131492,294.0,50.27432548355704,10.76275657675308,0.0,0.0,0.0,0.0,0.0,0.0
1,0.054,9,360.2831183644011,578.0,69.90390424111631,13.765797326708606,1612.0,262.5381774960163,54.82292162539994,142.0,24.52726036427945,5.309518951169859,25.0,2.500000000000001,0.25000000000000017,104.0,0.5647361363703708,0.003066604843485893
2,0.0,13,360.455736736145,569.0,72.18313509578769,15.10528779304788,1242.0,214.65835105206494,46.103417116170505,441.0,73.19710610416891,15.08826122987842,0.0,0.0,0.0,0.0,0.0,0.0
3,0.054,8,360.1495423057459,564.0,65.89908532619584,13.011514198813291,1429.0,243.2867789191703,52.155460614042646,291.0,48.71498895049116,10.613944319445864,17.0,1.7000000000000004,0.1700000000000001,76.0,0.41269179196296324,0.002240980462547384
4,0.0,8,360.10063847632915,564.0,73.60445715598215,15.605351478479863,1337.0,225.012816589849,47.86543172056975,357.0,61.48316046455643,13.395652752216582,0.0,0.0,0.0,0.0,0.0,0.0
5,0.054,7,360.1375929963491,581.0,69.11004587222794,14.368843824968122,1331.0,222.14372437974004,47.425037914469286,377.0,67.31120423457311,14.979857660875226,12.0,1.2,0.12000000000000005,71.0,0.3855410161759262,0.0020935475373797933
