id,probability_maraud,successful_mating,next_foraging_time,foraging_events,foraging_hrs,foraging_sqhrs,staying_events,staying_hrs,staying_sqhrs,repairing_events,repairing_hrs,repairing_sqhrs,marauding_events,marauding_hrs,marauding_sqhrs,traveling_events,traveling_hrs,traveling_sqhrs
0,0.0,15,359.998625665686,574.0,70.66616503723183,14.383971211212678,845.0,142.15337094017374,29.98117118102169,878.0,147.21165789329618,31.40380636833301,0.0,0.0,0.0,0.0,0.0,0.0
1,0.054,39,360.5458876161429,571.0,71.44149739136697,14.85407129418046,1706.0,287.4297681333683,61.54558919944485,0.0,0.0,0.0,8.0,0.7999999999999999,0.08000000000000002,88.0,0.4778536538518522,0.002594819482949602
2,0.054,0,360.22681293586527,556.0,69.00134235022955,15.14586216970085,1673.0,289.93031391248485,63.6395220878921,0.0,0.0,0.0,7.0,0.7,0.07,98.0,0.5321552054259263,0.002889685333284784
3,0.0,0,359.9757350752107,569.0,66.97721276461178,12.431993935011803,1759.0,293.06298130161116,62.53626690643924,0.0,0.0,0.0,0.0,0.0,0.0,0.0,0.0,0.0
4,0.0,0,359.90143440496774,566.0,69.93751429379984,13.879883513571643,1726.0,290.20790073431374,61.90335044946384,0.0,0.0,0.0,0.0,0.0,0.0,0.0,0.0,0.0
5,0.054,0,359.91797465010177,574.0,71.0758343508416,14.619228919985467,1706.0,287.5048821071342,60.56387176724071,0.0,0.0,0.0,10.0,0.9999999999999999,0.10000000000000003,78.0,0.42355210227777806,0.0022999536326144205
