id,probability_maraud,successful_mating,next_foraging_time,foraging_events,foraging_hrs,foraging_sqhrs,staying_events,staying_hrs,staying_sqhrs,repairing_events,repairing_hrs,repairing_sqhrs,marauding_events,marauding_hrs,marauding_sqhrs,traveling_events,traveling_hrs,traveling_sqhrs
0,0.0,13,360.3573345843198,569.0,68.66854473146485,13.725392131679758,1635.0,279.2011795871751,59.751029970264334,77.0,12.462380032726129,2.636916575702217,0.0,0.0,0.0,0.0,0.0,0.0
1,0.0,9,360.2828821290407,565.0,72.02953011605558,15.606745234959751,1419.0,240.30364724385126,51.202060247037906,288.0,47.86684532257956,9.946485461617213,0.0,0.0,0.0,0.0,0.0,0.0
2,0.0,7,360.1421083291399,551.0,71.14711551480725,15.342996297467138,1499.0,258.0326879153758,56.12789180760865,189.0,30.828675376698772,6.425580766375222,0.0,0.0,0.0,0.0,0.0,0.0
3,0.054,9,360.17580166539494,555.0,70.34140029048189,14.520621238663649,1388.0,234.02232788099883,48.9278454753011,331.0,55.04452127464754,11.82912160787566,4.0,0.4,0.04000000000000001,66.0,0.3583902403888891,0.0019461146122122025
4,0.054,8,360.11688240138756,563.0,69.62850425601795,14.910342866739525,1479.0,249.96834855558848,54.0509396877802,219.0,38.466475881800356,8.513772112817174,16.0,1.6000000000000003,0.1600000000000001,82.0,0.4452727229074077,0.002417899972748493
5,0.054,8,360.51373351101,564.0,72.14402288601453,14.765388415854108,1609.0,274.07959424630735,59.230590100965316,70.0,12.030890891059725,2.581536284703164,13.0,1.3,0.13000000000000006,96.0,0.5212948951111115,0.0028307121632177475
