id,probability_maraud,successful_mating,next_foraging_time,foraging_events,foraging_hrs,foraging_sqhrs,staying_events,staying_hrs,staying_sqhrs,repairing_events,repairing_hrs,repairing_sqhrs,marauding_events,marauding_hrs,marauding_sqhrs,traveling_events,traveling_hrs,traveling_sqhrs
0,0.054,24,360.1744069383285,578.0,67.07210422387469,12.770025455280399,1103.0,188.37855031198845,40.26233446987328,590.0,103.60078783041794,22.594966169312592,9.0,0.8999999999999999,0.09000000000000002,60.0,0.32580930944444464,0.0017691951020110935
1,0.054,30,360.204374468404,570.0,66.56413049609179,13.071382091409887,1406.0,237.79606911606913,50.970651323228836,324.0,54.85518016212123,11.65253745944302,5.0,0.5,0.05000000000000001,67.0,0.3638203955462965,0.0019756011972457206
2,0.054,0,360.5942665963193,552.0,74.02735466560154,16.449583690225893,1667.0,284.23700401608846,61.06144187244381,0.0,0.0,0.0,12.0,1.2,0.12000000000000005,107.0,0.581026601842593,0.0031550645985864473
3,0.0,0,360.647762224695,574.0,67.04678816644189,12.737550674918614,1715.0,293.0092352006267,63.34188409830916,0.0,0.0,0.0,0.0,0.0,0.0,0.0,0.0,0.0
4,0.0,0,360.18236399812406,553.0,71.6019518110814,15.120820009495269,1735.0,288.5734172278897,61.116519656833056,0.0,0.0,0.0,0.0,0.0,0.0,0.0,0.0,0.0
5,0.0,0,360.1427679209114,568.0,70.84316559127328,15.291881294807453,1747.0,289.22116305649604,61.06811745003446,0.0,0.0,0.0,0.0,0.0,0.0,0.0,0.0,0.0
