id,probability_maraud,successful_mating,next_foraging_time,foraging_events,foraging_hrs,foraging_sqhrs,staying_events,staying_hrs,staying_sqhrs,repairing_events,repairing_hrs,repairing_sqhrs,marauding_events,marauding_hrs,marauding_sqhrs,traveling_events,traveling_hrs,traveling_sqhrs
0,0.0,7,360.4018016948817,578.0,68.02226915051767,13.819347532715781,1500.0,255.6466094438522,53.94527947785056,224.0,36.58063869649921,7.960080449308843,0.0,0.0,0.0,0.0,0.0,0.0
1,0.054,9,360.0804047378565,566.0,72.68978083952557,15.57933692483263,1460.0,242.9171647977785,52.18527242129561,253.0,42.996004754977264,9.524490540873,10.0,0.9999999999999999,0.10000000000000003,84.0,0.45613303322222254,0.0024768731428155295
2,0.054,12,359.9982777316238,559.0,73.08472600630057,15.830815289998213,1523.0,248.04053652299,51.18902141703606,226.0,36.313428236144574,7.5842956542311315,21.0,2.1000000000000005,0.21000000000000013,93.0,0.5050044296388893,0.002742252408117193
3,0.0,10,360.0921027865447,574.0,70.21480475464547,14.851221273892058,1464.0,247.3704162348144,52.38357137214927,237.0,42.536583963297424,9.111884211437975,0.0,0.0,0.0,0.0,0.0,0.0
4,0.054,6,360.35451675831433,569.0,75.83245563830425,16.89865154601224,1393.0,233.81704822270092,49.922588788202944,307.0,48.898947416875224,10.25365058677903,11.0,1.0999999999999999,0.11000000000000004,72.0,0.3909711713333336,0.0021230341224133115
5,0.0,10,360.0934605204536,575.0,67.96911009738064,13.656664374367343,1443.0,249.35710776498118,54.18366597149898,246.0,42.70431098021175,9.20590955669018,0.0,0.0,0.0,0.0,0.0,0.0
