id,probability_maraud,successful_mating,next_foraging_time,foraging_events,foraging_hrs,foraging_sqhrs,staying_events,staying_hrs,staying_sqhrs,repairing_events,repairing_hrs,repairing_sqhrs,marauding_events,marauding_hrs,marauding_sqhrs,traveling_events,traveling_hrs,traveling_sqhrs
0,0.0,18,359.9346465875243,555.0,73.61512708519443,16.783076247457913,623.0,108.41825439132305,23.771715908787797,1057.0,178.05135571370158,38.60112484116396,0.0,0.0,0.0,0.0,0.0,0.0
1,0.054,36,360.13920698976773,566.0,69.08152894728711,14.028490567422317,1725.0,289.49703909279253,61.57529769329948,0.0,0.0,0.0,10.0,0.9999999999999999,0.10000000000000003,112.0,0.6081773776296301,0.003302497523754038
2,0.054,0,360.41813545138695,568.0,68.6324788623888,14.065186397008842,1711.0,290.31590925623243,62.04507992348639,0.0,0.0,0.0,7.0,0.7,0.07,86.0,0.46699334353703736,0.002535846312882566
3,0.0,0,360.0659781314045,562.0,71.29705488593537,15.262449059481643,1731.0,288.75052633362543,61.629366873131914,0.0,0.0,0.0,0.0,0.0,0.0,0.0,0.0,0.0
4,0.0,0,360.3570358351485,581.0,70.60600130651741,15.196155007806833,1730.0,289.42862662799286,61.54549749045906,0.0,0.0,0.0,0.0,0.0,0.0,0.0,0.0,0.0
5,0.054,0,360.1239726465617,583.0,70.55042396263833,13.748372178056952,1701.0,287.7277210517898,61.634017771725276,0.0,0.0,0.0,13.0,1.3,0.13000000000000006,88.0,0.4778536538518522,0.002594819482949602
