id,probability_maraud,successful_mating,next_foraging_time,foraging_events,foraging_hrs,foraging_sqhrs,staying_events,staying_hrs,staying_sqhrs,repairing_events,repairing_hrs,repairing_sqhrs,marauding_events,marauding_hrs,marauding_sqhrs,traveling_events,traveling_hrs,traveling_sqhrs
0,0.0,7,360.26807183428673,562.0,74.21733757529837,16.814413849900465,1324.0,225.054170658893,48.28125266743257,355.0,60.79205632020682,13.060893360479623,0.0,0.0,0.0,0.0,0.0,0.0
1,0.054,11,360.17955866165966,571.0,72.423844995793,15.345451903981857,1444.0,243.30300554789827,52.44782707166398,254.0,42.617750277405854,9.03118953542496,13.0,1.3,0.13000000000000006,86.0,0.46699334353703736,0.002535846312882566
2,0.0,11,360.19825438258067,560.0,68.74615312187574,13.244827597339404,1411.0,242.6021293974927,52.367054112316936,299.0,48.760807922466704,9.947243611875733,0.0,0.0,0.0,0.0,0.0,0.0
3,0.0,7,360.2793008112143,578.0,69.1236559175314,13.458142801097614,1188.0,198.9697762273549,42.96841756724039,567.0,91.93888319022658,19.18173969387879,0.0,0.0,0.0,0.0,0.0,0.0
4,0.054,11,360.10407642908723,581.0,72.83149267261345,14.738812333640924,1541.0,254.6441621139717,53.589484465228935,168.0,30.32985023177772,6.883551883146002,19.0,1.9000000000000006,0.1900000000000001,77.0,0.41812194712037065,0.0022704670475809023
5,0.054,7,359.95103089476316,553.0,72.41628806120409,15.66858952236614,1551.0,261.195242754937,56.0423389691248,152.0,24.34062799481697,4.792520303290594,17.0,1.7000000000000004,0.1700000000000001,96.0,0.5212948951111115,0.0028307121632177475
