id,probability_maraud,successful_mating,next_foraging_time,foraging_events,foraging_hrs,foraging_sqhrs,staying_events,staying_hrs,staying_sqhrs,repairing_events,repairing_hrs,repairing_sqhrs,marauding_events,marauding_hrs,marauding_sqhrs,traveling_events,traveling_hrs,traveling_sqhrs
0,0.054,7,360.1072887793213,559.0,71.54181717263582,15.129637563833699,1395.0,237.64412688491873,50.590287016440094,296.0,48.736791200267646,10.300000687942793,17.0,1.7000000000000004,0.1700000000000001,79.0,0.4289822574351855,0.0023294402176479386
1,0.0,8,360.0318959916651,566.0,67.17641672778132,13.808831306817247,1418.0,237.58161217833367,50.664542685790806,332.0,55.304710585263024,12.073691073953487,0.0,0.0,0.0,0.0,0.0,0.0
2,0.054,11,360.5039725613813,555.0,71.27914440895337,15.4222597005984,1412.0,240.59377204954058,52.21786154263635,256.0,46.33682732663199,10.451267995137608,14.0,1.4000000000000001,0.14000000000000007,83.0,0.4507028780648151,0.0024473865577820113
3,0.0,6,360.56583220820244,553.0,69.4938419103188,14.869279167907356,1475.0,247.480733959306,53.312208636268934,253.0,43.0983248589063,9.41820036478267,0.0,0.0,0.0,0.0,0.0,0.0
4,0.054,9,360.26123552740125,569.0,70.06255452737751,15.068696425761635,1585.0,263.6239458328288,55.66886563667964,143.0,24.521070377452705,5.339769445256823,14.0,1.4000000000000001,0.14000000000000007,88.0,0.4778536538518522,0.002594819482949602
5,0.0,13,360.0527690737943,552.0,72.02476348403073,15.541115356579466,1391.0,233.24879267484746,49.3636660895244,319.0,54.828491071388136,11.878454457083523,0.0,0.0,0.0,0.0,0.0,0.0
