id,probability_maraud,successful_mating,next_foraging_time,foraging_events,foraging_hrs,foraging_sqhrs,staying_events,staying_hrs,staying_sqhrs,repairing_events,repairing_hrs,repairing_sqhrs,marauding_events,marauding_hrs,marauding_sqhrs,traveling_events,traveling_hrs,traveling_sqhrs
0,0.054,29,360.47874196023844,554.0,71.28219013690918,15.882708170272567,972.0,169.88503833231533,36.668615103674234,704.0,117.68884515524442,24.768981463504133,9.0,0.8999999999999999,0.09000000000000002,46.0,0.2497871372407409,0.0013563829115418391
1,0.0,25,360.2315208660438,569.0,67.34272957958262,13.169457893245225,1443.0,239.59544120640146,50.97055140063033,321.0,53.09456042917136,10.946281233387902,0.0,0.0,0.0,0.0,0.0,0.0
2,0.054,0,360.60822172280604,576.0,76.25809748692755,16.852107153746747,1689.0,282.55507683413964,59.20993110108871,0.0,0.0,0.0,9.0,0.8999999999999999,0.09000000000000002,87.0,0.4724234986944448,0.002565332897916084
3,0.0,0,360.6648713526434,552.0,68.32315242083692,13.50448996478406,1737.0,291.7602640073855,62.82139192192401,0.0,0.0,0.0,0.0,0.0,0.0,0.0,0.0,0.0
4,0.054,0,360.58435732063487,581.0,71.87672972477758,15.367327466708204,1681.0,286.5420035983843,61.12524967576509,0.0,0.0,0.0,11.0,1.0999999999999999,0.11000000000000004,92.0,0.49957427448148184,0.002712765823083675
5,0.0,0,360.19293622268054,579.0,71.04917137967753,13.80304092229929,1673.0,288.9803916739967,63.223905902577485,0.0,0.0,0.0,0.0,0.0,0.0,0.0,0.0,0.0
