id,probability_maraud,successful_mating,next_foraging_time,foraging_events,foraging_hrs,foraging_sqhrs,staying_events,staying_hrs,staying_sqhrs,repairing_events,repairing_hrs,repairing_sqhrs,marauding_events,marauding_hrs,marauding_sqhrs,traveling_events,traveling_hrs,traveling_sqhrs
0,0.0,23,360.11885958100765,563.0,70.36043030671617,13.833300613628667,795.0,136.7583564945877,29.330115679957412,900.0,152.90263820954138,32.45178615119633,0.0,0.0,0.0,0.0,0.0,0.0
1,0.0,31,360.07235559509473,572.0,73.79572031731666,15.486405998562716,1682.0,286.2904468688161,61.355605894858854,0.0,0.0,0.0,0.0,0.0,0.0,0.0,0.0,0.0
2,0.054,0,360.0349891776139,568.0,68.80318710448111,13.366002878255706,1705.0,289.68304892022735,62.509660434885646,0.0,0.0,0.0,11.0,1.0999999999999999,0.11000000000000004,100.0,0.5430155157407411,0.00294865850335182
3,0.0,0,359.8190962415057,561.0,67.06647644732028,13.38884479581666,1774.0,293.01087691341706,62.48869053292649,0.0,0.0,0.0,0.0,0.0,0.0,0.0,0.0,0.0
4,0.054,0,361.02148631557884,581.0,74.00586026479037,15.279920451509733,1731.0,285.1601897233703,59.87327456734023,0.0,0.0,0.0,6.0,0.6,0.06000000000000001,97.0,0.5267250502685189,0.0028601987482512656
5,0.054,0,360.22172579569684,555.0,71.19411662092875,15.799399150155674,1685.0,287.5101108081424,62.925690219680774,0.0,0.0,0.0,8.0,0.7999999999999999,0.08000000000000002,97.0,0.5267250502685189,0.0028601987482512656
