id,probability_maraud,successful_mating,next_foraging_time,foraging_events,foraging_hrs,foraging_sqhrs,staying_events,staying_hrs,staying_sqhrs,repairing_events,repairing_hrs,repairing_sqhrs,marauding_events,marauding_hrs,marauding_sqhrs,traveling_events,traveling_hrs,traveling_sqhrs
0,0.0,18,360.6781769590308,561.0,70.64488702417299,14.990012845947145,850.0,142.38843106048103,30.425243043762364,896.0,146.98392681298031,30.645782473116764,0.0,0.0,0.0,0.0,0.0,0.0
1,0.054,36,360.0277081921486,555.0,69.71920889411281,14.936935259983963,1681.0,289.1837631226209,61.89680867408249,0.0,0.0,0.0,7.0,0.7,0.07,88.0,0.4778536538518522,0.002594819482949602
2,0.054,0,360.46065581849115,559.0,70.74474423992305,14.082463139730953,1736.0,287.7550141951588,60.29826376192083,0.0,0.0,0.0,10.0,0.9999999999999999,0.10000000000000003,101.0,0.5484456708981486,0.0029781450883853383
3,0.054,0,359.9780793622041,561.0,71.82314552379745,15.483515633295987,1661.0,287.02208206864657,62.4147227214554,0.0,0.0,0.0,7.0,0.7,0.07,84.0,0.45613303322222254,0.0024768731428155295
4,0.0,0,359.8557030854526,560.0,69.74130130866534,14.82496104617855,1743.0,290.3112535867645,61.66377302659446,0.0,0.0,0.0,0.0,0.0,0.0,0.0,0.0,0.0
5,0.0,0,359.98257254052277,576.0,71.99751577017418,14.828298514411088,1687.0,288.14288473709865,61.305899583004575,0.0,0.0,0.0,0.0,0.0,0.0,0.0,0.0,0.0
