id,probability_maraud,successful_mating,next_foraging_time,foraging_events,foraging_hrs,foraging_sqhrs,staying_events,staying_hrs,staying_sqhrs,repairing_events,repairing_hrs,repairing_sqhrs,marauding_events,marauding_hrs,marauding_sqhrs,traveling_events,traveling_hrs,traveling_sqhrs
0,0.054,28,360.0770213668331,558.0,70.70923885161967,14.895917100315653,916.0,154.00270349516717,32.99845784661528,804.0,134.61131221288719,28.277926234587284,8.0,0.7999999999999999,0.08000000000000002,48.0,0.2606474475555557,0.0014153560816088755
1,0.0,26,359.95475792895127,567.0,69.41330829298367,14.209160745775556,1448.0,241.74880347391127,50.66080600070117,290.0,48.86253373042478,10.690757537862202,0.0,0.0,0.0,0.0,0.0,0.0
2,0.0,0,360.2281031592463,555.0,71.95479483614207,15.687912308959799,1678.0,288.0685036180914,62.93193044724952,0.0,0.0,0.0,0.0,0.0,0.0,0.0,0.0,0.0
3,0.054,0,360.1686205682525,567.0,68.64546471092646,12.95060373972375,1731.0,289.54526222254367,61.72322171423021,0.0,0.0,0.0,13.0,1.3,0.13000000000000006,106.0,0.5755964466851856,0.003125578013552929
4,0.0,0,360.8474220921886,563.0,69.31152215586886,14.393635209109542,1709.0,290.7468151366082,62.7362290771059,0.0,0.0,0.0,0.0,0.0,0.0,0.0,0.0,0.0
5,0.054,0,360.140133317211,568.0,68.77716188009389,13.725153805871104,1702.0,289.8351108688843,62.151391722075715,0.0,0.0,0.0,9.0,0.8999999999999999,0.09000000000000002,107.0,0.581026601842593,0.0031550645985864473
