id,probability_maraud,successful_mating,next_foraging_time,foraging_events,foraging_hrs,foraging_sqhrs,staying_events,staying_hrs,staying_sqhrs,repairing_events,repairing_hrs,repairing_sqhrs,marauding_events,marauding_hrs,marauding_sqhrs,traveling_events,traveling_hrs,traveling_sqhrs
0,0.054,29,360.3426973054572,574.0,71.87490040134232,14.732110841919667,949.0,165.47426071446503,36.507976538375985,702.0,121.85177088827751,26.98762040790066,6.0,0.6,0.06000000000000001,49.0,0.2660776027129631,0.0014448426666423936
1,0.054,25,360.3351331091751,563.0,73.6284389255653,15.985630358388304,1535.0,248.52524499410632,51.54047451491629,207.0,36.47946932073502,8.037786198778873,10.0,0.9999999999999999,0.10000000000000003,70.0,0.38011086101851876,0.002064060952346275
2,0.054,0,359.84532667568504,560.0,73.09931144116287,15.396017931766572,1719.0,285.3894245879304,60.21384666866782,0.0,0.0,0.0,10.0,0.9999999999999999,0.10000000000000003,95.0,0.5158647399537041,0.0028012255781842293
3,0.0,0,359.88831129056075,589.0,66.63571192064681,12.84083176319228,1725.0,293.5330301801218,63.18494145520786,0.0,0.0,0.0,0.0,0.0,0.0,0.0,0.0,0.0
4,0.0,0,360.4442563161096,580.0,71.45585965920219,15.648311477746217,1694.0,288.6177702317454,62.213224906007426,0.0,0.0,0.0,0.0,0.0,0.0,0.0,0.0,0.0
5,0.0,0,360.11257979134894,556.0,72.83670610012948,15.247806397028649,1702.0,287.3103147127337,62.11873062086815,0.0,0.0,0.0,0.0,0.0,0.0,0.0,0.0,0.0
