id,probability_maraud,successful_mating,next_foraging_time,foraging_events,foraging_hrs,foraging_sqhrs,staying_events,staying_hrs,staying_sqhrs,repairing_events,repairing_hrs,repairing_sqhrs,marauding_events,marauding_hrs,marauding_sqhrs,traveling_events,traveling_hrs,traveling_sqhrs
0,0.0,7,360.2535722965282,557.0,66.44477908584874,13.83319428763399,1537.0,256.913150018435,54.512826379478994,221.0,36.841540723503094,7.940061065428191,0.0,0.0,0.0,0.0,0.0,0.0
1,0.0,12,360.0568861650484,560.0,71.9495842205985,14.847325345545068,1328.0,227.00281590961836,49.226784911318255,331.0,61.06754097313455,13.70059522170041,0.0,0.0,0.0,0.0,0.0,0.0
2,0.054,6,360.2009348474196,567.0,69.82685464286297,14.377076326126563,1498.0,251.77859114712686,53.089769021552435,210.0,36.915904524164944,8.21528781781429,12.0,1.2,0.12000000000000005,79.0,0.4289822574351855,0.0023294402176479386
3,0.054,11,360.0730114127156,576.0,70.99993948082358,14.504066116294712,1554.0,262.6222706396743,56.36127167599682,146.0,24.320202257336703,5.258096779761024,17.0,1.7000000000000004,0.1700000000000001,80.0,0.4344124125925929,0.002358926802681457
4,0.0,11,360.12557315105596,571.0,74.95915562826195,16.440134602241965,1460.0,248.46572493844315,53.676944856905784,217.0,36.81336560402695,7.796052676449998,0.0,0.0,0.0,0.0,0.0,0.0
5,0.054,7,360.1621135055479,564.0,76.18028016577861,18.079372252437114,1418.0,239.59388451672027,52.06764407685154,251.0,42.90741405538263,9.103902002254403,10.0,0.9999999999999999,0.10000000000000003,60.0,0.32580930944444464,0.0017691951020110935
