id,probability_maraud,successful_mating,next_foraging_time,foraging_events,foraging_hrs,foraging_sqhrs,staying_events,staying_hrs,staying_sqhrs,repairing_events,repairing_hrs,repairing_sqhrs,marauding_events,marauding_hrs,marauding_sqhrs,traveling_events,traveling_hrs,traveling_sqhrs
0,0.054,31,360.3321792503848,566.0,69.42853451686602,15.624242459690395,1133.0,191.66243503289286,40.58439277341412,591.0,97.70251172049741,20.864844985739012,11.0,1.0999999999999999,0.11000000000000004,63.0,0.3420997749166669,0.001857654857111648
1,0.054,23,360.3018948647046,559.0,73.11987454816469,16.43432166767715,1277.0,219.0020469800255,46.918865898721094,403.0,66.98680379213225,14.26101489117419,6.0,0.6,0.06000000000000001,75.0,0.4072616368055558,0.002211493877513866
2,0.0,0,360.0478356559335,567.0,67.88923376481239,14.773679755659195,1729.0,292.1654500131476,63.179077998347594,0.0,0.0,0.0,0.0,0.0,0.0,0.0,0.0,0.0
3,0.054,0,359.94465768158835,567.0,74.55474665552525,16.013722020762216,1665.0,284.1385204137662,60.60901332713194,0.0,0.0,0.0,10.0,0.9999999999999999,0.10000000000000003,105.0,0.5701662915277782,0.003096091428519411
4,0.0,0,360.2684406573268,567.0,71.70090498040905,15.387896087149054,1706.0,288.43265325692147,62.14715926247972,0.0,0.0,0.0,0.0,0.0,0.0,0.0,0.0,0.0
5,0.0,0,360.4752827489238,564.0,70.80123478567182,15.228616997464904,1716.0,289.2084532594871,62.02683431171156,0.0,0.0,0.0,0.0,0.0,0.0,0.0,0.0,0.0
