id,probability_maraud,successful_mating,next_foraging_time,foraging_events,foraging_hrs,foraging_sqhrs,staying_events,staying_hrs,staying_sqhrs,repairing_events,repairing_hrs,repairing_sqhrs,marauding_events,marauding_hrs,marauding_sqhrs,traveling_events,traveling_hrs,traveling_sqhrs
0,0.054,25,360.50701354645093,567.0,69.6045239434715,14.160338623682147,883.0,152.88954497086723,33.58760289106257,802.0,136.21080069707716,29.16874907203955,11.0,1.0999999999999999,0.11000000000000004,51.0,0.2769379130277779,0.00150381583670943
1,0.0,29,360.0030189768403,553.0,73.1431613065834,14.776019518870763,1323.0,222.6118603554129,47.76454665438229,376.0,64.42042276706276,14.11199521162412,0.0,0.0,0.0,0.0,0.0,0.0
2,0.054,0,359.88002103750193,565.0,72.94257933366424,15.941422532840562,1691.0,285.3002776738933,61.44835457850112,0.0,0.0,0.0,13.0,1.3,0.13000000000000006,94.0,0.5104345847962967,0.002771738993150711
3,0.054,0,360.29736034627,547.0,72.14516594534545,15.820199165705954,1661.0,286.25539214141037,61.8708934222335,0.0,0.0,0.0,10.0,0.9999999999999999,0.10000000000000003,116.0,0.6298979982592597,0.003420443863888111
4,0.0,0,360.6402647301203,559.0,72.50585748242662,15.528016654261442,1683.0,287.53664004122015,62.311221487672015,0.0,0.0,0.0,0.0,0.0,0.0,0.0,0.0,0.0
5,0.0,0,359.8419591037438,566.0,73.07544655247172,15.902351086505332,1720.0,286.9458472882214,61.175606324536105,0.0,0.0,0.0,0.0,0.0,0.0,0.0,0.0,0.0
