id,probability_maraud,successful_mating,next_foraging_time,foraging_events,foraging_hrs,foraging_sqhrs,staying_events,staying_hrs,staying_sqhrs,repairing_events,repairing_hrs,repairing_sqhrs,marauding_events,marauding_hrs,marauding_sqhrs,traveling_events,traveling_hrs,traveling_sqhrs
0,0.054,12,360.38970130562006,566.0,67.0045186219648,13.203950031296232,1569.0,260.64509933623987,55.249995258644155,179.0,30.66871584343845,6.531202908022011,14.0,1.4000000000000001,0.14000000000000007,85.0,0.46156318837962995,0.0025063597278490476
1,0.0,5,359.87984346932785,570.0,72.64955450956626,14.819583022883837,1270.0,219.8513120540992,47.87778550861174,392.0,67.50240610795244,14.497704464866288,0.0,0.0,0.0,0.0,0.0,0.0
2,0.0,11,360.12929232785143,568.0,71.9202498359314,15.34487124609826,1397.0,239.30667385824196,51.72071341710139,277.0,48.990929397452085,10.826977172738909,0.0,0.0,0.0,0.0,0.0,0.0
3,0.054,10,360.6347325874096,580.0,70.5950001467925,14.798044648493061,1495.0,251.03862175518316,53.22268068819907,237.0,36.92301352057973,7.585576888876207,11.0,1.0999999999999999,0.11000000000000004,74.0,0.4018314816481484,0.002182007292480348
4,0.0,8,359.99415688124424,567.0,72.86458451516532,15.159738111319703,1513.0,250.80182250368094,52.500952339475205,218.0,36.417048254782365,7.807094133262574,0.0,0.0,0.0,0.0,0.0,0.0
5,0.054,8,360.3435886549491,562.0,70.31182410143458,13.848872509136083,1512.0,255.49058789103478,53.85886883428295,196.0,32.10807865623866,6.6954945213563954,17.0,1.7000000000000004,0.1700000000000001,101.0,0.5484456708981486,0.0029781450883853383
