id,probability_maraud,successful_mating,next_foraging_time,foraging_events,foraging_hrs,foraging_sqhrs,staying_events,staying_hrs,staying_sqhrs,repairing_events,repairing_hrs,repairing_sqhrs,marauding_events,marauding_hrs,marauding_sqhrs,traveling_events,traveling_hrs,traveling_sqhrs
0,0.0,9,360.4633596050315,560.0,70.2032323509976,15.270901783513787,1440.0,246.99918745467562,52.66887788021221,255.0,42.81347047812381,9.224664337488974,0.0,0.0,0.0,0.0,0.0,0.0
1,0.054,13,360.3745364789177,568.0,69.97476939259771,15.580770529244193,1614.0,270.0933406755332,57.48397252396294,107.0,18.23477075310526,3.8718396209171284,13.0,1.3,0.13000000000000006,93.0,0.5050044296388893,0.002742252408117193
2,0.054,8,360.5754386480838,576.0,68.32655178152024,13.60832828384474,1514.0,260.4243777940933,56.107152638884415,181.0,30.443404272553682,6.407978341038147,6.0,0.6,0.06000000000000001,70.0,0.38011086101851876,0.002064060952346275
3,0.054,9,360.71030980624374,560.0,71.26885239208042,14.689896533714643,1625.0,269.00023159345676,56.61967481931773,109.0,18.23725287957935,3.8418822190835544,11.0,1.0999999999999999,0.11000000000000004,94.0,0.5104345847962967,0.002771738993150711
4,0.0,9,360.32355432017226,559.0,74.01839793238676,16.534460288746292,1575.0,267.8794239877604,57.49298236952736,108.0,18.305418126215663,3.991529588708033,0.0,0.0,0.0,0.0,0.0,0.0
5,0.0,6,360.3369580614654,573.0,69.69144636762083,14.632190358487982,1406.0,235.52525320437027,50.295897156884415,324.0,54.91064200006654,12.114380842701065,0.0,0.0,0.0,0.0,0.0,0.0
