id,probability_maraud,successful_mating,next_foraging_time,foraging_events,foraging_hrs,foraging_sqhrs,staying_events,staying_hrs,staying_sqhrs,repairing_events,repairing_hrs,repairing_sqhrs,marauding_events,marauding_hrs,marauding_sqhrs,traveling_events,traveling_hrs,traveling_sqhrs
0,0.0,16,360.3591434647809,557.0,68.93372828958191,14.255890416485466,760.0,132.45509876150885,28.67306967081325,899.0,158.61957674689788,34.95806455029914,0.0,0.0,0.0,0.0,0.0,0.0
1,0.054,38,360.51169067818313,566.0,68.76025500820286,13.06667784778117,1755.0,289.9036287261519,61.5139345187461,0.0,0.0,0.0,10.0,0.9999999999999999,0.10000000000000003,107.0,0.581026601842593,0.0031550645985864473
2,0.054,0,360.22648249443597,569.0,70.1972682333807,14.043565975677085,1713.0,288.11807843306224,61.49830096328695,0.0,0.0,0.0,12.0,1.2,0.12000000000000005,111.0,0.6027472224722227,0.00327301093872052
3,0.0,0,359.78508968505497,560.0,69.3452523923319,14.104047053728355,1706.0,290.6756772392363,61.857452445839876,0.0,0.0,0.0,0.0,0.0,0.0,0.0,0.0,0.0
4,0.054,0,360.6684015693511,562.0,73.38596264450055,15.58370837120741,1709.0,285.7287995119159,60.45288661567031,0.0,0.0,0.0,4.0,0.4,0.04000000000000001,107.0,0.581026601842593,0.0031550645985864473
5,0.0,0,360.29192055154266,576.0,70.08618232641543,14.971002856424173,1699.0,290.002333038389,62.63029773550437,0.0,0.0,0.0,0.0,0.0,0.0,0.0,0.0,0.0
