id,probability_maraud,successful_mating,next_foraging_time,foraging_events,foraging_hrs,foraging_sqhrs,staying_events,staying_hrs,staying_sqhrs,repairing_events,repairing_hrs,repairing_sqhrs,marauding_events,marauding_hrs,marauding_sqhrs,traveling_events,traveling_hrs,traveling_sqhrs
0,0.0,13,359.96454245144486,566.0,69.22422334053402,13.910411616612558,1552.0,260.69649452030694,55.91511743582201,181.0,30.224612841895585,6.574451463531494,0.0,0.0,0.0,0.0,0.0,0.0
1,0.054,9,360.33801560542497,557.0,72.77514603415749,15.918092022428146,1377.0,233.35028354896124,49.67161322391892,301.0,51.8999481790645,11.17643645972345,17.0,1.7000000000000004,0.1700000000000001,65.0,0.3529600852314817,0.0019166280271786843
2,0.054,7,360.56623820169125,566.0,68.69320536477377,13.372248249463272,1587.0,265.39854169308967,56.13309648946539,142.0,24.341807386891237,5.19629154254036,12.0,1.2,0.12000000000000005,87.0,0.4724234986944448,0.002565332897916084
3,0.0,8,360.6725018631299,561.0,72.66684485296831,16.68977208498154,1397.0,232.50344527075936,49.63550034301773,320.0,54.977888348206285,11.911229668098438,0.0,0.0,0.0,0.0,0.0,0.0
4,0.054,10,360.391664747357,575.0,70.48214942916651,13.932442019095062,1424.0,238.46652785480327,50.45134500060397,295.0,48.98023380054559,10.406458624833691,17.0,1.7000000000000004,0.1700000000000001,98.0,0.5321552054259263,0.002889685333284784
5,0.0,7,360.2289114243157,579.0,66.90824596351784,13.049047439039754,1331.0,225.59377841363892,48.000847603566356,390.0,67.6715344102863,14.699395074625599,0.0,0.0,0.0,0.0,0.0,0.0
