id,probability_maraud,successful_mating,next_foraging_time,foraging_events,foraging_hrs,foraging_sqhrs,staying_events,staying_hrs,staying_sqhrs,repairing_events,repairing_hrs,repairing_sqhrs,marauding_events,marauding_hrs,marauding_sqhrs,traveling_events,traveling_hrs,traveling_sqhrs
0,0.0,7,360.4876214384302,568.0,70.98639424302223,14.87740316506396,1343.0,228.34431257050426,49.465213821706,347.0,60.73654994605857,13.284919945827152,0.0,0.0,0.0,0.0,0.0,0.0
1,0.0,10,360.24762755269415,564.0,71.4873698216483,14.578322312166444,1395.0,234.282636366157,50.02873153959365,326.0,54.29821034901988,11.25123375198432,0.0,0.0,0.0,0.0,0.0,0.0
2,0.054,9,360.0489110187153,580.0,67.9909836611549,12.698920015922669,1500.0,253.734954830855,54.962883191464336,214.0,36.54339927333996,7.748323187402451,14.0,1.4000000000000001,0.14000000000000007,88.0,0.4778536538518522,0.002594819482949602
3,0.054,12,360.3468741077242,569.0,68.11072114593559,13.152877459953984,1517.0,259.27183141716483,55.61356532965815,189.0,30.5473064985822,6.633323603167111,16.0,1.6000000000000003,0.1600000000000001,87.0,0.4724234986944448,0.002565332897916084
4,0.054,9,360.2282838968949,568.0,70.10787023848664,14.581991671920278,1518.0,257.3096816380051,54.66463049426028,189.0,30.534922366074284,6.3613880029202,16.0,1.6000000000000003,0.1600000000000001,84.0,0.45613303322222254,0.0024768731428155295
5,0.0,7,360.0901579026316,571.0,70.52572917874002,13.627042747501978,1337.0,222.68441180280857,46.98149337963702,401.0,66.84302476739337,14.17086726856881,0.0,0.0,0.0,0.0,0.0,0.0
