id,probability_maraud,successful_mating,next_foraging_time,foraging_events,foraging_hrs,foraging_sqhrs,staying_events,staying_hrs,staying_sqhrs,repairing_events,repairing_hrs,repairing_sqhrs,marauding_events,marauding_hrs,marauding_sqhrs,traveling_events,traveling_hrs,traveling_sqhrs
0,0.054,13,360.0178702316418,560.0,71.03103415516321,15.668981971283294,1713.0,286.8904385559139,61.699815516904756,0.0,0.0,0.0,17.0,1.7000000000000004,0.1700000000000001,106.0,0.5755964466851856,0.003125578013552929
1,0.0,11,360.35222194424716,565.0,71.78497458798749,15.727100486907101,1518.0,257.83632872354116,55.71416608757219,185.0,30.47066893653764,6.344272857395394,0.0,0.0,0.0,0.0,0.0,0.0
2,0.0,7,360.28426150274345,578.0,70.67433421779168,15.077881896240664,1536.0,259.1497114654529,54.993878444826926,177.0,30.387496075267133,6.441191769932402,0.0,0.0,0.0,0.0,0.0,0.0
3,0.0,5,360.2349765030738,545.0,71.42574834480233,14.872980754464159,1460.0,248.5453045957587,53.33416559037482,252.0,40.32308812617615,8.231456959553759,0.0,0.0,0.0,0.0,0.0,0.0
