id,probability_maraud,successful_mating,next_foraging_time,foraging_events,foraging_hrs,foraging_sqhrs,staying_events,staying_hrs,staying_sqhrs,repairing_events,repairing_hrs,repairing_sqhrs,marauding_events,marauding_hrs,marauding_sqhrs,traveling_events,traveling_hrs,traveling_sqhrs
0,0.054,5,359.9360881712983,565.0,71.43835073028725,15.577957487912723,1722.0,286.77434003309946,61.52670495246497,0.0,0.0,0.0,13.0,1.3,0.13000000000000006,96.0,0.5212948951111115,0.0028307121632177475
1,0.0,9,360.09413194887856,560.0,70.450900649202,14.574382197587687,1601.0,271.28117378372906,57.91812609142841,102.0,18.321610765015567,4.171856024456528,0.0,0.0,0.0,0.0,0.0,0.0
2,0.0,14,360.09249964776654,573.0,67.83832617962325,12.87543843138893,1534.0,261.9309700620352,56.93914696759349,175.0,30.342850701781632,6.4245333333840895,0.0,0.0,0.0,0.0,0.0,0.0
3,0.0,8,360.1157838336435,560.0,70.03427109920864,14.736078950028544,1536.0,259.60628213610585,55.7630116774459,177.0,30.41433150033066,6.792455423617567,0.0,0.0,0.0,0.0,0.0,0.0
