id,probability_maraud,successful_mating,next_foraging_time,foraging_events,foraging_hrs,foraging_sqhrs,staying_events,staying_hrs,staying_sqhrs,repairing_events,repairing_hrs,repairing_sqhrs,marauding_events,marauding_hrs,marauding_sqhrs,traveling_events,traveling_hrs,traveling_sqhrs
0,0.0,17,359.8510299890852,567.0,71.72742691663531,15.164980141538889,1190.0,200.33527634099198,43.0560719075272,531.0,87.93885310143241,18.419159152661653,0.0,0.0,0.0,0.0,0.0,0.0
1,0.054,19,360.2935393477858,549.0,72.8000803487889,16.39621085404068,1662.0,285.22817179793697,61.73419281736052,0.0,0.0,0.0,15.0,1.5000000000000002,0.15000000000000008,96.0,0.5212948951111115,0.0028307121632177475
2,0.0,0,360.42839542415453,568.0,68.09416519711611,13.422785166533235,1731.0,291.92301867230213,62.59679327006282,0.0,0.0,0.0,0.0,0.0,0.0,0.0,0.0,0.0
3,0.0,0,360.32426127080623,585.0,69.86066598454786,13.971677022569171,1663.0,290.1926997494359,63.503707877105576,0.0,0.0,0.0,0.0,0.0,0.0,0.0,0.0,0.0
