id,probability_maraud,successful_mating,next_foraging_time,foraging_events,foraging_hrs,foraging_sqhrs,staying_events,staying_hrs,staying_sqhrs,repairing_events,repairing_hrs,repairing_sqhrs,marauding_events,marauding_hrs,marauding_sqhrs,traveling_events,traveling_hrs,traveling_sqhrs
0,0.0,7,359.8910591682283,553.0,70.7910719092657,14.90207611259066,1492.0,252.81690718796526,54.35806186309797,210.0,36.47081482087406,7.914737283893142,0.0,0.0,0.0,0.0,0.0,0.0
1,0.0,10,359.8717011968616,562.0,74.2222049623102,16.26042794157357,1536.0,255.21717937947284,53.860033158607166,193.0,30.61307032923149,6.20926815107341,0.0,0.0,0.0,0.0,0.0,0.0
2,0.054,8,360.12104707430484,558.0,69.69704962580249,14.231123756108923,1685.0,288.25076925374987,62.11612213108641,0.0,0.0,0.0,16.0,1.6000000000000003,0.1600000000000001,95.0,0.5158647399537041,0.0028012255781842293
3,0.0,11,360.22304117383925,572.0,69.97152209233815,14.311710560379971,1509.0,259.5986524628339,56.65937951605024,175.0,30.478360812506317,6.538167412998613,0.0,0.0,0.0,0.0,0.0,0.0
