id,probability_maraud,successful_mating,next_foraging_time,foraging_events,foraging_hrs,foraging_sqhrs,staying_events,staying_hrs,staying_sqhrs,repairing_events,repairing_hrs,repairing_sqhrs,marauding_events,marauding_hrs,marauding_sqhrs,traveling_events,traveling_hrs,traveling_sqhrs
0,0.0,5,360.102631099049,567.0,72.44065376959051,15.472064747307764,1563.0,263.2078376882175,56.77317359476418,140.0,24.371988586300567,5.157011879592179,0.0,0.0,0.0,0.0,0.0,0.0
1,0.054,9,360.33020573734154,572.0,73.69114259095522,15.625299167385135,1683.0,285.06649385717037,60.96170635206129,0.0,0.0,0.0,8.0,0.7999999999999999,0.08000000000000002,95.0,0.5158647399537041,0.0028012255781842293
2,0.0,8,360.54874655220647,571.0,72.10683155146258,15.376295613316636,1615.0,269.71946097596015,57.52308461554125,109.0,18.252637756722976,3.8165014403923827,0.0,0.0,0.0,0.0,0.0,0.0
3,0.0,14,360.21733415348217,554.0,69.40058598685579,14.6430926412576,1688.0,284.7114434557924,60.92218137853078,33.0,6.036555841399613,1.3218463134691105,0.0,0.0,0.0,0.0,0.0,0.0
