id,probability_maraud,successful_mating,next_foraging_time,foraging_events,foraging_hrs,foraging_sqhrs,staying_events,staying_hrs,staying_sqhrs,repairing_events,repairing_hrs,repairing_sqhrs,marauding_events,marauding_hrs,marauding_sqhrs,traveling_events,traveling_hrs,traveling_sqhrs
0,0.0,14,360.6211534492056,572.0,71.81264272986029,14.819188302211519,1181.0,195.522967635205,41.54181465672784,538.0,92.7947778065296,19.941912933868487,0.0,0.0,0.0,0.0,0.0,0.0
1,0.0,22,360.21600047753714,581.0,72.93203382219187,15.054241840378653,1701.0,287.2318348709678,61.357341249487526,0.0,0.0,0.0,0.0,0.0,0.0,0.0,0.0,0.0
2,0.0,0,360.08245985201046,561.0,71.1453433640222,15.169449847761147,1684.0,288.8989973414091,62.09658241949162,0.0,0.0,0.0,0.0,0.0,0.0,0.0,0.0,0.0
3,0.054,0,360.2234135649804,564.0,71.8754376373944,15.700675376357948,1689.0,286.1090757164688,61.41281138158661,0.0,0.0,0.0,16.0,1.6000000000000003,0.1600000000000001,99.0,0.5375853605833337,0.002919171918318302
