id,probability_maraud,successful_mating,next_foraging_time,foraging_events,foraging_hrs,foraging_sqhrs,staying_events,staying_hrs,staying_sqhrs,repairing_events,repairing_hrs,repairing_sqhrs,marauding_events,marauding_hrs,marauding_sqhrs,traveling_events,traveling_hrs,traveling_sqhrs
0,0.0,10,360.49222303479735,571.0,68.62529332646784,13.727638199137763,1529.0,262.9076084417917,56.782868618860746,166.0,28.471214359844193,6.065618246187417,0.0,0.0,0.0,0.0,0.0,0.0
1,0.0,8,360.6930423300764,559.0,72.00512932018812,15.386533657108117,1380.0,232.61862569357996,49.85377501885122,336.0,55.581010325919706,11.739343090026694,0.0,0.0,0.0,0.0,0.0,0.0
2,0.0,9,360.2159987552158,561.0,70.33771058247157,14.920747459596459,1484.0,253.0922228644872,54.02110857956714,223.0,36.71454842541494,7.460948593480201,0.0,0.0,0.0,0.0,0.0,0.0
3,0.054,9,360.7469337523112,564.0,70.4716920353472,14.477621581017624,1687.0,286.9480261858874,61.777658072231354,0.0,0.0,0.0,20.0,2.0000000000000004,0.20000000000000012,111.0,0.6027472224722227,0.00327301093872052
