id,probability_maraud,successful_mating,next_foraging_time,foraging_events,foraging_hrs,foraging_sqhrs,staying_events,staying_hrs,staying_sqhrs,repairing_events,repairing_hrs,repairing_sqhrs,marauding_events,marauding_hrs,marauding_sqhrs,traveling_events,traveling_hrs,traveling_sqhrs
0,0.0,18,360.3657904848533,567.0,69.23843038067179,13.434968750245677,1274.0,211.4526202895613,44.38777812838252,474.0,79.33820386049523,16.972277988176447,0.0,0.0,0.0,0.0,0.0,0.0
1,0.0,18,360.71625185014955,557.0,70.81254720732879,14.30764066847901,1694.0,289.36136337022435,62.39615932933169,0.0,0.0,0.0,0.0,0.0,0.0,0.0,0.0,0.0
2,0.054,0,360.2512766627433,582.0,69.08386070789336,13.555979538247882,1750.0,289.4334302053655,60.191274991314835,0.0,0.0,0.0,13.0,1.3,0.13000000000000006,88.0,0.4778536538518522,0.002594819482949602
3,0.0,0,360.1157836404362,560.0,71.88207505031399,14.872769817363025,1696.0,288.1322700761741,61.89807759965928,0.0,0.0,0.0,0.0,0.0,0.0,0.0,0.0,0.0
