id,probability_maraud,successful_mating,next_foraging_time,foraging_events,foraging_hrs,foraging_sqhrs,staying_events,staying_hrs,staying_sqhrs,repairing_events,repairing_hrs,repairing_sqhrs,marauding_events,marauding_hrs,marauding_sqhrs,traveling_events,traveling_hrs,traveling_sqhrs
0,0.0,7,360.1986361841634,574.0,71.00385345074963,15.104851286100367,1460.0,246.55203753254924,52.57578350699852,265.0,42.555941204873264,8.723184182651098,0.0,0.0,0.0,0.0,0.0,0.0
1,0.0,6,359.9755747942682,560.0,67.89467174943388,13.718211936146687,1520.0,261.7533152925534,56.62648947991845,189.0,30.546744448697154,6.283018769230271,0.0,0.0,0.0,0.0,0.0,0.0
2,0.054,12,360.3217203469118,568.0,71.30423642011867,14.250901302833313,1682.0,286.7615355606517,61.80597503813115,0.0,0.0,0.0,14.0,1.4000000000000001,0.14000000000000007,101.0,0.5484456708981486,0.0029781450883853383
3,0.0,11,360.4658336978761,565.0,67.0057640746781,13.575854436672783,1609.0,281.1215856412698,61.29681835296139,67.0,12.069305068798158,2.5772168964514615,0.0,0.0,0.0,0.0,0.0,0.0
