id,probability_maraud,successful_mating,next_foraging_time,foraging_events,foraging_hrs,foraging_sqhrs,staying_events,staying_hrs,staying_sqhrs,repairing_events,repairing_hrs,repairing_sqhrs,marauding_events,marauding_hrs,marauding_sqhrs,traveling_events,traveling_hrs,traveling_sqhrs
0,0.0,10,360.25558309578884,564.0,73.17995640946134,15.420055917849442,1514.0,256.52486059340566,54.74263869172535,176.0,30.439621437300215,6.723248769344536,0.0,0.0,0.0,0.0,0.0,0.0
1,0.054,6,359.9323189868467,559.0,70.14571611631155,14.662369614149958,1726.0,288.01601714359936,60.9721252063104,0.0,0.0,0.0,14.0,1.4000000000000001,0.14000000000000007,85.0,0.46156318837962995,0.0025063597278490476
2,0.0,11,360.58393446824533,572.0,72.13385865746164,14.989994871869252,1464.0,251.25514472544123,53.923195247929414,218.0,36.68378275165645,7.815104110090556,0.0,0.0,0.0,0.0,0.0,0.0
3,0.0,9,359.9344909800451,559.0,72.87309944794232,16.839475108893406,1560.0,268.8260299441795,57.69800933361614,108.0,18.345004874571764,3.8805108496509133,0.0,0.0,0.0,0.0,0.0,0.0
