id,probability_maraud,successful_mating,next_foraging_time,foraging_events,foraging_hrs,foraging_sqhrs,staying_events,staying_hrs,staying_sqhrs,repairing_events,repairing_hrs,repairing_sqhrs,marauding_events,marauding_hrs,marauding_sqhrs,traveling_events,traveling_hrs,traveling_sqhrs
0,0.054,9,360.59460861959286,581.0,68.23036725868445,13.266898549270307,1711.0,289.2356931916946,61.89949329904644,0.0,0.0,0.0,20.0,2.0000000000000004,0.20000000000000012,113.0,0.6136075327870375,0.0033319841087875563
1,0.0,9,360.40871959486657,563.0,72.24884312281564,15.216825933254194,1420.0,238.86263881558628,51.22939476732972,290.0,48.9189743605062,10.324721062009356,0.0,0.0,0.0,0.0,0.0,0.0
2,0.0,6,359.9741796866134,572.0,68.59252752762694,13.672265735062549,1481.0,254.97444479454126,55.4936495253696,228.0,36.509040974454315,7.449642047566673,0.0,0.0,0.0,0.0,0.0,0.0
3,0.0,12,360.0329742035984,562.0,72.38328978988628,15.14253868955238,1485.0,251.27077707313643,54.052043215846275,217.0,36.4009946951537,7.899183363927787,0.0,0.0,0.0,0.0,0.0,0.0
