id,probability_maraud,successful_mating,next_foraging_time,foraging_events,foraging_hrs,foraging_sqhrs,staying_events,staying_hrs,staying_sqhrs,repairing_events,repairing_hrs,repairing_sqhrs,marauding_events,marauding_hrs,marauding_sqhrs,traveling_events,traveling_hrs,traveling_sqhrs
0,0.0,8,360.0388156442593,566.0,71.65509275263784,15.189634322713928,1599.0,270.243241258412,58.08477311002294,102.0,18.289537159918176,3.980947674303251,0.0,0.0,0.0,0.0,0.0,0.0
1,0.0,4,360.2486131508184,566.0,67.17604331279331,12.88317562175957,1446.0,243.8962643497607,52.28748137065214,291.0,48.955929194967894,10.353646154883247,0.0,0.0,0.0,0.0,0.0,0.0
2,0.054,14,360.0372486067759,568.0,68.92149989817904,13.520235524216428,1705.0,289.35045696829195,62.12356276628106,0.0,0.0,0.0,15.0,1.5000000000000002,0.15000000000000008,100.0,0.5430155157407411,0.00294865850335182
3,0.0,10,360.06045069269,570.0,75.013756092913,16.441871657240114,1541.0,260.79857977365293,56.40422214628327,157.0,24.188818877721054,4.680098329094114,0.0,0.0,0.0,0.0,0.0,0.0
