id,probability_maraud,successful_mating,next_foraging_time,foraging_events,foraging_hrs,foraging_sqhrs,staying_events,staying_hrs,staying_sqhrs,repairing_events,repairing_hrs,repairing_sqhrs,marauding_events,marauding_hrs,marauding_sqhrs,traveling_events,traveling_hrs,traveling_sqhrs
0,0.0,6,360.4971298907815,560.0,73.34071018500396,16.04570570629366,1463.0,250.1170620099315,53.908504021600756,225.0,36.59824406779786,7.621675612588054,0.0,0.0,0.0,0.0,0.0,0.0
1,0.0,11,360.0207557718331,569.0,66.28655669848055,12.936551698469513,1464.0,250.79635960867932,54.19662853970699,259.0,43.031318181360845,9.193129714078333,0.0,0.0,0.0,0.0,0.0,0.0
2,0.054,9,360.0030745008366,567.0,69.44871378197368,14.319945835934018,1687.0,288.5082140388948,62.19918035517479,0.0,0.0,0.0,16.0,1.6000000000000003,0.1600000000000001,86.0,0.46699334353703736,0.002535846312882566
3,0.0,10,360.1442081551046,553.0,73.67878195541067,16.38820170417163,1593.0,271.58534822682435,58.98451154769354,89.0,14.998197337257238,3.4267129110220678,0.0,0.0,0.0,0.0,0.0,0.0
