id,probability_maraud,successful_mating,next_foraging_time,foraging_events,foraging_hrs,foraging_sqhrs,staying_events,staying_hrs,staying_sqhrs,repairing_events,repairing_hrs,repairing_sqhrs,marauding_events,marauding_hrs,marauding_sqhrs,traveling_events,traveling_hrs,traveling_sqhrs
0,0.0,17,360.3374933654017,568.0,68.84293049372152,13.224981115384209,1166.0,199.51180969618437,42.9002931285978,520.0,91.74138711979204,20.260416658314252,0.0,0.0,0.0,0.0,0.0,0.0
1,0.0,19,360.4859995523621,563.0,72.16306746768485,16.6885647847067,1686.0,287.8623835460544,62.430228048969084,0.0,0.0,0.0,0.0,0.0,0.0,0.0,0.0,0.0
2,0.054,0,360.38771494650257,569.0,71.23234493451153,14.607853509706146,1687.0,286.9963819785048,61.80070283047257,0.0,0.0,0.0,15.0,1.5000000000000002,0.15000000000000008,110.0,0.5973170673148153,0.003243524353687002
3,0.0,0,360.1676088929363,573.0,72.93417243887863,16.271267881847873,1717.0,287.27015154580533,62.38691439436834,0.0,0.0,0.0,0.0,0.0,0.0,0.0,0.0,0.0
