id,probability_maraud,successful_mating,next_foraging_time,foraging_events,foraging_hrs,foraging_sqhrs,staying_events,staying_hrs,staying_sqhrs,repairing_events,repairing_hrs,repairing_sqhrs,marauding_events,marauding_hrs,marauding_sqhrs,traveling_events,traveling_hrs,traveling_sqhrs
0,0.0,18,360.1632017984069,568.0,71.1999510761696,14.756847492498967,1266.0,215.49454743042688,46.87988663403344,451.0,73.36254712238181,15.18394491225346,0.0,0.0,0.0,0.0,0.0,0.0
1,0.0,18,360.61814842300896,575.0,74.84724774981174,15.634751524543015,1700.0,285.19491203291756,61.001213449554776,0.0,0.0,0.0,0.0,0.0,0.0,0.0,0.0,0.0
2,0.0,0,360.21989556534544,563.0,71.17058589584359,15.099889510667385,1702.0,288.8613567339949,62.59289547689225,0.0,0.0,0.0,0.0,0.0,0.0,0.0,0.0,0.0
3,0.054,0,360.91824805964217,549.0,75.59409376027435,18.3874458210077,1663.0,283.2353406592741,60.53182416501612,0.0,0.0,0.0,12.0,1.2,0.12000000000000005,101.0,0.5484456708981486,0.0029781450883853383
