id,probability_maraud,successful_mating,next_foraging_time,foraging_events,foraging_hrs,foraging_sqhrs,staying_events,staying_hrs,staying_sqhrs,repairing_events,repairing_hrs,repairing_sqhrs,marauding_events,marauding_hrs,marauding_sqhrs,traveling_events,traveling_hrs,traveling_sqhrs
0,0.054,25,360.28794134869196,576.0,68.59951814884964,13.304024541590849,1732.0,289.4649503540022,61.43987420332061,0.0,0.0,0.0,14.0,1.4000000000000001,0.14000000000000007,101.0,0.5484456708981486,0.0029781450883853383
1,0.0,11,360.65693172388666,576.0,73.43521116957008,15.677276551649028,1185.0,201.13545560564037,43.192969618998916,513.0,85.64716476013177,18.193979828338062,0.0,0.0,0.0,0.0,0.0,0.0
2,0.0,0,360.02408202162405,581.0,70.45532618870922,14.51498354299286,1731.0,289.8536288297909,61.572662095358254,0.0,0.0,0.0,0.0,0.0,0.0,0.0,0.0,0.0
3,0.0,0,359.950213729279,569.0,69.13305020389733,13.709869505395439,1743.0,291.00639352749425,62.14461026475039,0.0,0.0,0.0,0.0,0.0,0.0,0.0,0.0,0.0
