id,probability_maraud,successful_mating,next_foraging_time,foraging_events,foraging_hrs,foraging_sqhrs,staying_events,staying_hrs,staying_sqhrs,repairing_events,repairing_hrs,repairing_sqhrs,marauding_events,marauding_hrs,marauding_sqhrs,traveling_events,traveling_hrs,traveling_sqhrs
0,0.054,26,360.2294080443209,555.0,72.65297951998919,15.65376019068916,1698.0,285.80041083454506,61.04592819939933,0.0,0.0,0.0,11.0,1.0999999999999999,0.11000000000000004,88.0,0.4778536538518522,0.002594819482949602
1,0.0,10,360.07768339153654,560.0,68.76401967044391,13.96915311964867,1315.0,224.2276328600912,48.096411944539184,384.0,67.02770769713621,14.70843009656652,0.0,0.0,0.0,0.0,0.0,0.0
2,0.0,0,360.08065573552824,561.0,70.71099079228236,14.898507464635287,1729.0,289.3271319761551,61.98155205058797,0.0,0.0,0.0,0.0,0.0,0.0,0.0,0.0,0.0
3,0.0,0,360.0312260352659,576.0,70.04705655117128,13.691453251093511,1730.0,289.96807167804843,62.01488591240596,0.0,0.0,0.0,0.0,0.0,0.0,0.0,0.0,0.0
