id,probability_maraud,successful_mating,next_foraging_time,foraging_events,foraging_hrs,foraging_sqhrs,staying_events,staying_hrs,staying_sqhrs,repairing_events,repairing_hrs,repairing_sqhrs,marauding_events,marauding_hrs,marauding_sqhrs,traveling_events,traveling_hrs,traveling_sqhrs
0,0.0,16,360.249298062385,569.0,69.12007243820761,13.897139798349142,1219.0,206.0807675456465,43.92091307787561,505.0,84.96907583604998,18.238877122417954,0.0,0.0,0.0,0.0,0.0,0.0
1,0.0,20,359.7655816690635,577.0,72.3515021955899,15.32814504643066,1728.0,287.6741509370651,61.06776914429872,0.0,0.0,0.0,0.0,0.0,0.0,0.0,0.0,0.0
2,0.054,0,359.96495089508863,562.0,70.56888548312669,14.56393168738289,1678.0,287.5409684345381,62.469474254237895,0.0,0.0,0.0,14.0,1.4000000000000001,0.14000000000000007,105.0,0.5701662915277782,0.003096091428519411
3,0.0,0,360.55671093295837,579.0,69.45899828011434,13.934533840133769,1733.0,290.60205329615843,62.27012625907532,0.0,0.0,0.0,0.0,0.0,0.0,0.0,0.0,0.0
