id,probability_maraud,successful_mating,next_foraging_time,foraging_events,foraging_hrs,foraging_sqhrs,staying_events,staying_hrs,staying_sqhrs,repairing_events,repairing_hrs,repairing_sqhrs,marauding_events,marauding_hrs,marauding_sqhrs,traveling_events,traveling_hrs,traveling_sqhrs
0,0.0,23,359.90028717469255,562.0,71.9760111700436,15.986466439427945,1400.0,239.48825535063864,51.03636997362672,282.0,48.54235470616847,10.529460370794423,0.0,0.0,0.0,0.0,0.0,0.0
1,0.0,13,359.8963158099777,558.0,72.24595776274698,16.516121867635462,1664.0,287.7612241204341,62.31738923218306,0.0,0.0,0.0,0.0,0.0,0.0,0.0,0.0,0.0
2,0.0,0,360.4527755965566,565.0,67.48963075446741,13.837021803407334,1725.0,292.5991341723612,62.42540394508384,0.0,0.0,0.0,0.0,0.0,0.0,0.0,0.0,0.0
3,0.054,0,360.0411954972817,573.0,69.01700154931235,14.506256707151175,1707.0,289.89125940593493,61.77804782272309,0.0,0.0,0.0,8.0,0.7999999999999999,0.08000000000000002,91.0,0.4941441193240744,0.0026832792380501566
