id,probability_maraud,successful_mating,next_foraging_time,foraging_events,foraging_hrs,foraging_sqhrs,staying_events,staying_hrs,staying_sqhrs,repairing_events,repairing_hrs,repairing_sqhrs,marauding_events,marauding_hrs,marauding_sqhrs,traveling_events,traveling_hrs,traveling_sqhrs
0,0.054,11,360.26495226607796,574.0,74.20295585036496,15.744910219126174,1644.0,283.68366266797403,61.53229241416358,0.0,0.0,0.0,16.0,1.6000000000000003,0.1600000000000001,103.0,0.5593059812129634,0.0030371182584523746
1,0.0,6,360.1867626107605,560.0,69.42716480966169,14.201547728125181,1530.0,260.1648878203694,56.538645446719535,184.0,30.475650312417716,6.366861746639384,0.0,0.0,0.0,0.0,0.0,0.0
2,0.0,8,360.1425171314441,576.0,70.54093761496007,14.31055666061422,1583.0,265.21292600783596,56.498443072943765,143.0,24.43860024652523,5.247912378549831,0.0,0.0,0.0,0.0,0.0,0.0
3,0.0,11,360.3508671447161,566.0,71.91808987214563,15.865970354917978,1453.0,245.3511067730547,53.08968333639703,256.0,42.75140027733726,9.147663757624828,0.0,0.0,0.0,0.0,0.0,0.0
