id,probability_maraud,successful_mating,next_foraging_time,foraging_events,foraging_hrs,foraging_sqhrs,staying_events,staying_hrs,staying_sqhrs,repairing_events,repairing_hrs,repairing_sqhrs,marauding_events,marauding_hrs,marauding_sqhrs,traveling_events,traveling_hrs,traveling_sqhrs
0,0.0,8,360.39137903538204,556.0,71.82020325786871,15.483978680666818,1582.0,269.93542605202015,57.994356278768215,112.0,18.373226410145396,3.858514510974494,0.0,0.0,0.0,0.0,0.0,0.0
1,0.0,6,360.38640682315645,577.0,70.12282965149635,14.059768519349774,1474.0,244.10743601698664,51.80688691915594,268.0,45.926391099943515,9.976681673477634,0.0,0.0,0.0,0.0,0.0,0.0
2,0.054,11,359.9530490198678,556.0,68.41571502313876,13.445284096793376,1741.0,289.6248054219829,61.21139747908016,0.0,0.0,0.0,16.0,1.6000000000000003,0.1600000000000001,84.0,0.45613303322222254,0.0024768731428155295
3,0.0,11,360.5591708654112,567.0,68.11199680193167,14.033478559398581,1550.0,261.82975779260784,56.422691035081954,185.0,30.327104382698664,6.269730120480631,0.0,0.0,0.0,0.0,0.0,0.0
