id,probability_maraud,successful_mating,next_foraging_time,foraging_events,foraging_hrs,foraging_sqhrs,staying_events,staying_hrs,staying_sqhrs,repairing_events,repairing_hrs,repairing_sqhrs,marauding_events,marauding_hrs,marauding_sqhrs,traveling_events,traveling_hrs,traveling_sqhrs
0,0.054,6,360.27280300209134,563.0,68.30442729616085,14.02173852255152,1681.0,290.0341616610143,62.69806310704813,0.0,0.0,0.0,14.0,1.4000000000000001,0.14000000000000007,86.0,0.46699334353703736,0.002535846312882566
1,0.0,9,359.9702263277526,569.0,70.05910584005572,13.945535108641002,1546.0,265.31822985561985,57.98727746168091,151.0,24.761741478822383,5.132097915782841,0.0,0.0,0.0,0.0,0.0,0.0
2,0.0,7,359.92904080608196,567.0,72.7703616709754,15.373953813799424,1559.0,256.5892030255199,54.21550086503487,186.0,30.65697549155978,6.591603606223499,0.0,0.0,0.0,0.0,0.0,0.0
3,0.0,14,359.9834452095532,565.0,71.27271744401119,15.022797563248853,1545.0,258.4883299357966,55.22305923005839,186.0,30.500881746818436,6.326403428323146,0.0,0.0,0.0,0.0,0.0,0.0
