id,probability_maraud,successful_mating,next_foraging_time,foraging_events,foraging_hrs,foraging_sqhrs,staying_events,staying_hrs,staying_sqhrs,repairing_events,repairing_hrs,repairing_sqhrs,marauding_events,marauding_hrs,marauding_sqhrs,traveling_events,traveling_hrs,traveling_sqhrs
0,0.0,19,360.2821900544505,563.0,69.50227653356463,14.818589407650109,1399.0,229.3521089014016,47.78210401471807,364.0,61.206297641178665,13.045045657896164,0.0,0.0,0.0,0.0,0.0,0.0
1,0.0,17,360.2117221252866,558.0,71.72651975324575,14.954381430961677,1681.0,288.3975399892715,62.528876862521535,0.0,0.0,0.0,0.0,0.0,0.0,0.0,0.0,0.0
2,0.054,0,360.00133169232635,570.0,71.36869332718982,16.023157904004655,1702.0,287.3156363001002,61.34445068088419,0.0,0.0,0.0,10.0,0.9999999999999999,0.10000000000000003,88.0,0.4778536538518522,0.002594819482949602
3,0.0,0,360.46854174926153,560.0,73.8129081838245,16.449415320242814,1684.0,286.2751588059086,60.758045674407626,0.0,0.0,0.0,0.0,0.0,0.0,0.0,0.0,0.0
