id,probability_maraud,successful_mating,next_foraging_time,foraging_events,foraging_hrs,foraging_sqhrs,staying_events,staying_hrs,staying_sqhrs,repairing_events,repairing_hrs,repairing_sqhrs,marauding_events,marauding_hrs,marauding_sqhrs,traveling_events,traveling_hrs,traveling_sqhrs
0,0.054,10,360.32302341987815,573.0,68.2170063251945,13.616694588848253,1786.0,289.64460912390115,60.10916483916765,0.0,0.0,0.0,16.0,1.6000000000000003,0.1600000000000001,103.0,0.5593059812129634,0.0030371182584523746
1,0.0,9,359.9755365073058,555.0,72.5955412445706,14.926189613391335,1538.0,263.2492188325091,57.08830533969802,137.0,24.185500268345745,5.362595592280485,0.0,0.0,0.0,0.0,0.0,0.0
2,0.0,9,360.2552306306254,568.0,71.06651109615756,15.38220796295053,1449.0,252.35095555463099,54.51864664239214,219.0,36.662713088514536,7.6735320087438295,0.0,0.0,0.0,0.0,0.0,0.0
3,0.0,8,360.37833991196624,567.0,71.00979833754398,14.435978815966,1510.0,252.41653084529636,53.18074951050299,195.0,36.648083555767506,8.634058112811394,0.0,0.0,0.0,0.0,0.0,0.0
