id,probability_maraud,successful_mating,next_foraging_time,foraging_events,foraging_hrs,foraging_sqhrs,staying_events,staying_hrs,staying_sqhrs,repairing_events,repairing_hrs,repairing_sqhrs,marauding_events,marauding_hrs,marauding_sqhrs,traveling_events,traveling_hrs,traveling_sqhrs
0,0.0,8,360.0661971981615,557.0,69.41123821511893,14.793369279554293,1473.0,248.3648053357881,53.13925682998528,234.0,42.374347378812544,9.537946164253382,0.0,0.0,0.0,0.0,0.0,0.0
1,0.0,11,360.45390193642135,565.0,70.58161486865698,15.092364353524415,1521.0,252.64133417301306,52.669593964074735,216.0,36.87593397393444,7.990034169023044,0.0,0.0,0.0,0.0,0.0,0.0
2,0.0,10,359.949876630002,569.0,72.23270056152022,14.864627397870194,1589.0,263.70511066806773,55.21139261617871,151.0,24.18079417665878,4.81374922276387,0.0,0.0,0.0,0.0,0.0,0.0
3,0.054,7,360.32611807845194,560.0,71.0810147278339,15.068883551250819,1663.0,286.7819504948671,62.37652040991116,0.0,0.0,0.0,17.0,1.7000000000000004,0.1700000000000001,96.0,0.5212948951111115,0.0028307121632177475
