id,probability_maraud,successful_mating,next_foraging_time,foraging_events,foraging_hrs,foraging_sqhrs,staying_events,staying_hrs,staying_sqhrs,repairing_events,repairing_hrs,repairing_sqhrs,marauding_events,marauding_hrs,marauding_sqhrs,traveling_events,traveling_hrs,traveling_sqhrs
0,0.0,14,360.36076489240827,579.0,68.82882001204143,13.618793047146653,1601.0,272.83897594244826,58.5652133648735,107.0,18.466692305143415,4.157024277786412,0.0,0.0,0.0,0.0,0.0,0.0
1,0.054,12,359.8486902474148,554.0,74.47849402922631,17.095630081756497,1660.0,283.39157855520756,60.29237274856629,0.0,0.0,0.0,17.0,1.7000000000000004,0.1700000000000001,83.0,0.4507028780648151,0.0024473865577820113
2,0.0,5,359.9450984099662,565.0,75.17630988935112,17.60738339313625,1461.0,248.69378993802616,53.73001521002767,215.0,36.37009349928381,7.943470656590623,0.0,0.0,0.0,0.0,0.0,0.0
3,0.0,5,360.12344112926036,572.0,72.34513334890714,15.691073343908263,1441.0,238.44347356474842,50.5168699653972,293.0,49.24870478710214,10.236071887406686,0.0,0.0,0.0,0.0,0.0,0.0
