id,probability_maraud,successful_mating,next_foraging_time,foraging_events,foraging_hrs,foraging_sqhrs,staying_events,staying_hrs,staying_sqhrs,repairing_events,repairing_hrs,repairing_sqhrs,marauding_events,marauding_hrs,marauding_sqhrs,traveling_events,traveling_hrs,traveling_sqhrs
0,0.0,24,360.11236467832447,551.0,70.98465089226364,15.49501734038573,1332.0,228.58787018096973,49.96861633791183,346.0,60.57829180405321,13.505625638596394,0.0,0.0,0.0,0.0,0.0,0.0
1,0.0,12,359.9100160673149,561.0,68.78486861081588,15.054897073426117,1688.0,291.23618339403214,62.75820240851483,0.0,0.0,0.0,0.0,0.0,0.0,0.0,0.0,0.0
2,0.054,0,359.8203977376865,563.0,72.76980354348446,16.71245836787826,1762.0,285.7425446537584,59.25824707158952,0.0,0.0,0.0,10.0,0.9999999999999999,0.10000000000000003,110.0,0.5973170673148153,0.003243524353687002
3,0.0,0,361.0712820420705,558.0,71.64570699708315,15.003306187895529,1732.0,288.9354911932111,61.54661290969529,0.0,0.0,0.0,0.0,0.0,0.0,0.0,0.0,0.0
