id,probability_maraud,successful_mating,next_foraging_time,foraging_events,foraging_hrs,foraging_sqhrs,staying_events,staying_hrs,staying_sqhrs,repairing_events,repairing_hrs,repairing_sqhrs,marauding_events,marauding_hrs,marauding_sqhrs,traveling_events,traveling_hrs,traveling_sqhrs
0,0.0,8,360.31429311213435,572.0,73.03572459409119,15.828892612877587,1409.0,238.4152107796209,51.25130723761394,296.0,48.7899368392468,10.17273349278075,0.0,0.0,0.0,0.0,0.0,0.0
1,0.0,9,360.3000577621058,555.0,70.44813870351925,14.97829072202141,1640.0,277.41542766252996,59.255322245653446,80.0,12.216757411292086,2.3924208790135304,0.0,0.0,0.0,0.0,0.0,0.0
2,0.054,11,360.5047413475765,560.0,69.39481473534516,13.558783148610347,1729.0,288.8132041445456,62.18222524470266,0.0,0.0,0.0,14.0,1.4000000000000001,0.14000000000000007,105.0,0.5701662915277782,0.003096091428519411
3,0.0,8,360.1338413193263,572.0,69.29106890793646,13.819414831797154,1568.0,271.6674244882434,59.8017323949058,107.0,19.10319856474828,4.358420447413015,0.0,0.0,0.0,0.0,0.0,0.0
