id,probability_maraud,successful_mating,next_foraging_time,foraging_events,foraging_hrs,foraging_sqhrs,staying_events,staying_hrs,staying_sqhrs,repairing_events,repairing_hrs,repairing_sqhrs,marauding_events,marauding_hrs,marauding_sqhrs,traveling_events,traveling_hrs,traveling_sqhrs
0,0.054,26,360.2743285022188,552.0,72.65877323404094,16.21451068401145,1701.0,285.41661837428,60.407275217123896,0.0,0.0,0.0,14.0,1.4000000000000001,0.14000000000000007,101.0,0.5484456708981486,0.0029781450883853383
1,0.0,10,360.16691867378773,563.0,70.35092306403735,14.427568219432416,1213.0,204.2902147792192,44.38155728317464,486.0,85.48047999288079,19.041608118240188,0.0,0.0,0.0,0.0,0.0,0.0
2,0.0,0,360.36166721209713,577.0,72.69563736807163,15.338826406999623,1686.0,287.31231703850716,61.95245716135498,0.0,0.0,0.0,0.0,0.0,0.0,0.0,0.0,0.0
3,0.0,0,360.4720774349254,560.0,70.56212809869989,15.102662285144282,1659.0,289.5512864122828,63.26779303295855,0.0,0.0,0.0,0.0,0.0,0.0,0.0,0.0,0.0
