id,probability_maraud,successful_mating,next_foraging_time,foraging_events,foraging_hrs,foraging_sqhrs,staying_events,staying_hrs,staying_sqhrs,repairing_events,repairing_hrs,repairing_sqhrs,marauding_events,marauding_hrs,marauding_sqhrs,traveling_events,traveling_hrs,traveling_sqhrs
0,0.0,6,360.3900892861068,565.0,69.59560203955027,14.923933425610281,1583.0,266.00688843975314,56.67471579264671,151.0,24.413567590773763,5.127314292405378,0.0,0.0,0.0,0.0,0.0,0.0
1,0.0,10,360.2065656569744,565.0,71.67349057252794,15.487538714757303,1502.0,251.91776037006068,53.42096793060354,221.0,36.63533404402584,7.8860653516516885,0.0,0.0,0.0,0.0,0.0,0.0
2,0.0,12,360.28335600346946,562.0,72.52607428418844,15.317218142615253,1410.0,244.8031372371801,53.38499603829905,254.0,42.729504063328314,9.257515489454201,0.0,0.0,0.0,0.0,0.0,0.0
3,0.054,8,360.2912933636107,572.0,69.10251001873831,13.88011501338993,1701.0,288.81365645026074,61.87115371464391,0.0,0.0,0.0,17.0,1.7000000000000004,0.1700000000000001,94.0,0.5104345847962967,0.002771738993150711
