id,probability_maraud,successful_mating,next_foraging_time,foraging_events,foraging_hrs,foraging_sqhrs,staying_events,staying_hrs,staying_sqhrs,repairing_events,repairing_hrs,repairing_sqhrs,marauding_events,marauding_hrs,marauding_sqhrs,traveling_events,traveling_hrs,traveling_sqhrs
0,0.0,10,359.96030776729674,578.0,72.36648212215765,15.865350034624218,1550.0,263.0366896451347,56.28378076211931,153.0,24.611758002941038,5.159296189680285,0.0,0.0,0.0,0.0,0.0,0.0
1,0.0,9,360.02285420474556,571.0,69.76054992744231,14.231752720300706,1520.0,253.93519381770952,53.45635721802996,219.0,36.35758123622586,7.866428068553578,0.0,0.0,0.0,0.0,0.0,0.0
2,0.054,10,360.39260402487844,578.0,65.30090227688693,12.374243901188088,1725.0,292.99345419564787,63.027688174589436,0.0,0.0,0.0,13.0,1.3,0.13000000000000006,88.0,0.4778536538518522,0.002594819482949602
3,0.0,7,360.39998195656204,567.0,69.13119187270703,14.101509043479334,1615.0,272.9172365502505,57.96495216463899,111.0,18.12983296558607,3.6710534095083407,0.0,0.0,0.0,0.0,0.0,0.0
