id,probability_maraud,successful_mating,next_foraging_time,foraging_events,foraging_hrs,foraging_sqhrs,staying_events,staying_hrs,staying_sqhrs,repairing_events,repairing_hrs,repairing_sqhrs,marauding_events,marauding_hrs,marauding_sqhrs,traveling_events,traveling_hrs,traveling_sqhrs
0,0.0,7,360.23723888243984,560.0,74.54105724635421,18.06957735415564,1405.0,236.5559436180376,50.57754705351939,282.0,49.055151048237164,10.988997109412086,0.0,0.0,0.0,0.0,0.0,0.0
1,0.0,11,360.1771507514281,553.0,67.88007315851694,14.382211249929874,1630.0,273.908811388617,58.26638898195686,102.0,18.235607723825975,4.091879590511221,0.0,0.0,0.0,0.0,0.0,0.0
2,0.054,12,360.14067056998107,572.0,70.83796996234562,14.870401887002954,1700.0,287.1784288181679,61.155448789188945,0.0,0.0,0.0,15.0,1.5000000000000002,0.15000000000000008,97.0,0.5267250502685189,0.0028601987482512656
3,0.0,6,360.4399957780963,554.0,68.19864451902264,13.999926285305271,1565.0,267.58021808546033,56.87131770318777,150.0,24.360283359505317,5.091329993710041,0.0,0.0,0.0,0.0,0.0,0.0
