id,probability_maraud,successful_mating,next_foraging_time,foraging_events,foraging_hrs,foraging_sqhrs,staying_events,staying_hrs,staying_sqhrs,repairing_events,repairing_hrs,repairing_sqhrs,marauding_events,marauding_hrs,marauding_sqhrs,traveling_events,traveling_hrs,traveling_sqhrs
0,0.054,13,360.14218384684574,571.0,68.4564815415976,13.555016536883803,1731.0,289.11406605193145,61.02574295166641,0.0,0.0,0.0,19.0,1.9000000000000006,0.1900000000000001,103.0,0.5593059812129634,0.0030371182584523746
1,0.0,7,360.37708515859407,560.0,72.4816683196241,14.88481134318798,1430.0,239.00455451896315,51.285931024287045,283.0,48.60950953676239,10.452649165800786,0.0,0.0,0.0,0.0,0.0,0.0
2,0.0,6,360.4870437544456,567.0,66.65544562376985,13.586676646802005,1528.0,256.44076390483434,54.33692417052681,209.0,36.91027548762439,7.973491137568922,0.0,0.0,0.0,0.0,0.0,0.0
3,0.0,10,359.9198763930236,570.0,70.85835033653888,14.447647972078473,1516.0,258.7485450228441,55.92819019390958,179.0,30.46020650418853,6.670198357230927,0.0,0.0,0.0,0.0,0.0,0.0
