id,probability_maraud,successful_mating,next_foraging_time,foraging_events,foraging_hrs,foraging_sqhrs,staying_events,staying_hrs,staying_sqhrs,repairing_events,repairing_hrs,repairing_sqhrs,marauding_events,marauding_hrs,marauding_sqhrs,traveling_events,traveling_hrs,traveling_sqhrs
0,0.0,4,360.13610860138175,576.0,71.32451561301895,15.087929856956645,1578.0,264.46584376924955,55.62730926951954,147.0,24.243303791873615,5.131815752535884,0.0,0.0,0.0,0.0,0.0,0.0
1,0.0,9,360.5602611472897,580.0,69.46043266776775,14.01047692387643,1565.0,266.1426436457297,56.79768617743857,150.0,24.450305681540517,5.099275024140681,0.0,0.0,0.0,0.0,0.0,0.0
2,0.0,7,360.1011699106057,561.0,70.62752844458551,14.693462021939002,1355.0,234.70346983556286,51.31515598677403,326.0,54.7031390832772,11.679031187539135,0.0,0.0,0.0,0.0,0.0,0.0
3,0.054,16,360.273532577144,578.0,71.19306847256333,14.75868263032034,1687.0,286.7138684086483,62.15572624701434,0.0,0.0,0.0,17.0,1.7000000000000004,0.1700000000000001,100.0,0.5430155157407411,0.00294865850335182
