id,probability_maraud,successful_mating,next_foraging_time,foraging_events,foraging_hrs,foraging_sqhrs,staying_events,staying_hrs,staying_sqhrs,repairing_events,repairing_hrs,repairing_sqhrs,marauding_events,marauding_hrs,marauding_sqhrs,traveling_events,traveling_hrs,traveling_sqhrs
0,0.0,16,360.82698926311826,585.0,69.29017750288745,13.917228844956474,1116.0,186.67973942801632,39.33100265533932,620.0,104.13349034118086,22.125419887024105,0.0,0.0,0.0,0.0,0.0,0.0
1,0.0,20,360.0777966816179,559.0,72.0798452833149,15.63933228859784,1695.0,288.03296883844126,62.15884184981446,0.0,0.0,0.0,0.0,0.0,0.0,0.0,0.0,0.0
2,0.0,0,359.9162414669283,551.0,72.044981832527,16.682569986597382,1665.0,287.9740392093969,62.20863580080604,0.0,0.0,0.0,0.0,0.0,0.0,0.0,0.0,0.0
3,0.054,0,360.2665471616186,567.0,70.49653858361131,14.134052940511298,1704.0,287.31541774008554,61.092247543472965,0.0,0.0,0.0,17.0,1.7000000000000004,0.1700000000000001,92.0,0.49957427448148184,0.002712765823083675
