id,probability_maraud,successful_mating,next_foraging_time,foraging_events,foraging_hrs,foraging_sqhrs,staying_events,staying_hrs,staying_sqhrs,repairing_events,repairing_hrs,repairing_sqhrs,marauding_events,marauding_hrs,marauding_sqhrs,traveling_events,traveling_hrs,traveling_sqhrs
0,0.0,21,360.6293662511024,564.0,72.07059627967342,15.99343333416683,1284.0,214.7712003842034,46.10161478494949,436.0,73.28810807479039,15.676270265588526,0.0,0.0,0.0,0.0,0.0,0.0
1,0.054,15,360.18637652949747,564.0,67.33175628370135,13.411598801227587,1738.0,290.9620732792758,61.695995185575974,0.0,0.0,0.0,12.0,1.2,0.12000000000000005,100.0,0.5430155157407411,0.00294865850335182
2,0.0,0,360.1518235240833,569.0,67.63234146779031,12.965255499242403,1715.0,292.58199131379246,62.66009132507724,0.0,0.0,0.0,0.0,0.0,0.0,0.0,0.0,0.0
3,0.0,0,360.24700410142384,570.0,70.35786402085226,14.205827905820557,1735.0,289.6822829458353,61.183035971945415,0.0,0.0,0.0,0.0,0.0,0.0,0.0,0.0,0.0
