id,probability_maraud,successful_mating,next_foraging_time,foraging_events,foraging_hrs,foraging_sqhrs,staying_events,staying_hrs,staying_sqhrs,repairing_events,repairing_hrs,repairing_sqhrs,marauding_events,marauding_hrs,marauding_sqhrs,traveling_events,traveling_hrs,traveling_sqhrs
0,0.0,18,360.42892315835843,566.0,70.94364918007749,14.063160317118033,1257.0,209.28729565332287,43.70212147242244,464.0,79.85836041924236,17.649363144050085,0.0,0.0,0.0,0.0,0.0,0.0
1,0.054,18,360.8756565710227,559.0,72.35800148785407,15.748307880053572,1704.0,285.86082696049596,60.65110925593427,0.0,0.0,0.0,13.0,1.3,0.13000000000000006,97.0,0.5267250502685189,0.0028601987482512656
2,0.0,0,360.53113436700517,567.0,70.64378707659218,14.363662420427653,1717.0,289.3665447290558,61.864297989962246,0.0,0.0,0.0,0.0,0.0,0.0,0.0,0.0,0.0
3,0.0,0,359.9009382342201,555.0,73.0354500122937,15.80719611480977,1696.0,286.9695190070365,60.85119942091632,0.0,0.0,0.0,0.0,0.0,0.0,0.0,0.0,0.0
