id,probability_maraud,successful_mating,next_foraging_time,foraging_events,foraging_hrs,foraging_sqhrs,staying_events,staying_hrs,staying_sqhrs,repairing_events,repairing_hrs,repairing_sqhrs,marauding_events,marauding_hrs,marauding_sqhrs,traveling_events,traveling_hrs,traveling_sqhrs
0,0.0,19,359.98090557009243,569.0,72.00104629373615,15.266689777327992,1160.0,196.50442757602627,42.00619480212358,550.0,91.62237985624532,19.437084703799623,0.0,0.0,0.0,0.0,0.0,0.0
1,0.0,17,360.0795851485654,574.0,72.91995006222574,15.671875990488294,1702.0,287.23050624706855,60.5694896762502,0.0,0.0,0.0,0.0,0.0,0.0,0.0,0.0,0.0
2,0.054,0,360.7057318349584,565.0,70.64281377058,15.214290059920241,1710.0,287.52688814695114,61.15917186107767,0.0,0.0,0.0,15.0,1.5000000000000002,0.15000000000000008,107.0,0.581026601842593,0.0031550645985864473
3,0.0,0,360.15957044365786,561.0,72.02692703992905,14.957089289914022,1701.0,288.18042410341417,61.456957837284094,0.0,0.0,0.0,0.0,0.0,0.0,0.0,0.0,0.0
