id,probability_maraud,successful_mating,next_foraging_time,foraging_events,foraging_hrs,foraging_sqhrs,staying_events,staying_hrs,staying_sqhrs,repairing_events,repairing_hrs,repairing_sqhrs,marauding_events,marauding_hrs,marauding_sqhrs,traveling_events,traveling_hrs,traveling_sqhrs
0,0.0,6,360.010510270307,563.0,68.90986634599763,13.615898725285627,1515.0,254.6634794019329,53.51961238386346,206.0,36.44255039901119,8.142842689313424,0.0,0.0,0.0,0.0,0.0,0.0
1,0.054,11,360.22121853333977,557.0,72.06025143931687,15.225225699683097,1732.0,285.07657673717785,59.90472914053119,0.0,0.0,0.0,24.0,2.400000000000001,0.24000000000000016,100.0,0.5430155157407411,0.00294865850335182
2,0.0,13,360.4254571768014,556.0,71.37844294697396,15.443036280606238,1482.0,252.06526562492647,53.56445882770722,213.0,36.65521819633481,7.894694025875438,0.0,0.0,0.0,0.0,0.0,0.0
3,0.0,6,360.4718518587945,563.0,70.2908123190431,14.573270629443702,1287.0,221.98619872408977,48.42625615464406,412.0,67.87040178631463,14.395901498344715,0.0,0.0,0.0,0.0,0.0,0.0
