id,probability_maraud,successful_mating,next_foraging_time,foraging_events,foraging_hrs,foraging_sqhrs,staying_events,staying_hrs,staying_sqhrs,repairing_events,repairing_hrs,repairing_sqhrs,marauding_events,marauding_hrs,marauding_sqhrs,traveling_events,traveling_hrs,traveling_sqhrs
0,0.0,12,360.37344180514486,571.0,72.63640704317348,15.581541809736608,1449.0,238.70144496167043,49.90074631694654,291.0,48.750316712219146,10.423647827501274,0.0,0.0,0.0,0.0,0.0,0.0
1,0.0,7,359.93269641271974,571.0,70.923320447036,14.36414185303443,1488.0,258.4943876223385,55.542445686278796,186.0,30.60461413819417,6.473043061629716,0.0,0.0,0.0,0.0,0.0,0.0
2,0.054,9,359.89101004559484,571.0,72.2046596836891,15.895090053869955,1745.0,285.3796003943596,59.614416156074576,0.0,0.0,0.0,19.0,1.9000000000000006,0.1900000000000001,101.0,0.5484456708981486,0.0029781450883853383
3,0.0,8,360.2869148476891,573.0,70.94617468221361,14.57756499955994,1474.0,252.5203729873761,55.28695154495859,214.0,36.69102076193613,7.889065968983692,0.0,0.0,0.0,0.0,0.0,0.0
