id,probability_maraud,successful_mating,next_foraging_time,foraging_events,foraging_hrs,foraging_sqhrs,staying_events,staying_hrs,staying_sqhrs,repairing_events,repairing_hrs,repairing_sqhrs,marauding_events,marauding_hrs,marauding_sqhrs,traveling_events,traveling_hrs,traveling_sqhrs
0,0.0,21,360.07434392522686,570.0,74.69899431042313,15.62512156445392,1245.0,205.67211201657489,43.35589228271295,452.0,79.68774741769685,17.80859194347839,0.0,0.0,0.0,0.0,0.0,0.0
1,0.054,15,360.09968790532747,569.0,71.33221607578176,15.516052182724382,1678.0,286.90726391975556,61.48505187787205,0.0,0.0,0.0,13.0,1.3,0.13000000000000006,94.0,0.5104345847962967,0.002771738993150711
2,0.0,0,359.97660473684925,566.0,70.95260310867701,14.622506892595379,1697.0,289.10911291228217,62.192171102270514,0.0,0.0,0.0,0.0,0.0,0.0,0.0,0.0,0.0
3,0.0,0,359.9341385964932,569.0,74.86353283562758,16.011897423419867,1712.0,285.28497013468177,60.16787130993641,0.0,0.0,0.0,0.0,0.0,0.0,0.0,0.0,0.0
