id,probability_maraud,successful_mating,next_foraging_time,foraging_events,foraging_hrs,foraging_sqhrs,staying_events,staying_hrs,staying_sqhrs,repairing_events,repairing_hrs,repairing_sqhrs,marauding_events,marauding_hrs,marauding_sqhrs,traveling_events,traveling_hrs,traveling_sqhrs
0,0.054,27,360.38612427293,572.0,72.03593305496786,15.185764610195122,1685.0,286.4675417753664,61.90585146499133,0.0,0.0,0.0,11.0,1.0999999999999999,0.11000000000000004,96.0,0.5212948951111115,0.0028307121632177475
1,0.0,9,360.99851623742046,568.0,72.29394400354414,15.589224181315718,1329.0,220.87211191861613,46.561181929396774,398.0,67.2465119367708,14.178880131856898,0.0,0.0,0.0,0.0,0.0,0.0
2,0.0,0,360.32344194194786,571.0,76.04690776757474,17.064978798775293,1661.0,284.00162093568156,60.80591845319673,0.0,0.0,0.0,0.0,0.0,0.0,0.0,0.0,0.0
3,0.0,0,359.9553773711428,569.0,68.6494344044394,13.76431736292743,1737.0,291.49041050137043,61.76384642214418,0.0,0.0,0.0,0.0,0.0,0.0,0.0,0.0,0.0
