id,probability_maraud,successful_mating,next_foraging_time,foraging_events,foraging_hrs,foraging_sqhrs,staying_events,staying_hrs,staying_sqhrs,repairing_events,repairing_hrs,repairing_sqhrs,marauding_events,marauding_hrs,marauding_sqhrs,traveling_events,traveling_hrs,traveling_sqhrs
0,0.0,19,360.48820221034833,554.0,71.53593308956627,15.835934953294162,1251.0,208.41271737542172,44.15776612549265,483.0,80.12544237948684,16.887139214446677,0.0,0.0,0.0,0.0,0.0,0.0
1,0.054,17,360.2146919850306,559.0,71.10020792122266,15.210719182995343,1682.0,287.06222804677543,61.5908121623262,0.0,0.0,0.0,14.0,1.4000000000000001,0.14000000000000007,82.0,0.4452727229074077,0.002417899972748493
2,0.0,0,360.56702846837015,565.0,68.61433011217954,13.770777971385623,1705.0,291.44855152128923,63.46679517236158,0.0,0.0,0.0,0.0,0.0,0.0,0.0,0.0,0.0
3,0.0,0,360.42121846274506,575.0,68.88598039621586,14.055094204611116,1758.0,291.1379117749318,61.49328591711968,0.0,0.0,0.0,0.0,0.0,0.0,0.0,0.0,0.0
