id,probability_maraud,successful_mating,next_foraging_time,foraging_events,foraging_hrs,foraging_sqhrs,staying_events,staying_hrs,staying_sqhrs,repairing_events,repairing_hrs,repairing_sqhrs,marauding_events,marauding_hrs,marauding_sqhrs,traveling_events,traveling_hrs,traveling_sqhrs
0,0.054,27,360.0878128145954,557.0,71.06005706983173,15.22508520440433,1712.0,286.8681556865213,60.88783107290188,0.0,0.0,0.0,16.0,1.6000000000000003,0.1600000000000001,99.0,0.5375853605833337,0.002919171918318302
1,0.0,9,360.40612737833226,560.0,71.35949597040447,16.067520182706456,1157.0,190.8483699214017,39.8954741937806,579.0,97.82992897472111,21.012182500882368,0.0,0.0,0.0,0.0,0.0,0.0
2,0.0,0,360.0699758492741,556.0,68.87062153277743,14.62644755119027,1738.0,291.16242014867765,62.26079809264057,0.0,0.0,0.0,0.0,0.0,0.0,0.0,0.0,0.0
3,0.0,0,360.06673358104433,567.0,73.04457367743868,15.78427705484407,1676.0,287.0795465167001,61.63624001059581,0.0,0.0,0.0,0.0,0.0,0.0,0.0,0.0,0.0
