id,probability_maraud,successful_mating,next_foraging_time,foraging_events,foraging_hrs,foraging_sqhrs,staying_events,staying_hrs,staying_sqhrs,repairing_events,repairing_hrs,repairing_sqhrs,marauding_events,marauding_hrs,marauding_sqhrs,traveling_events,traveling_hrs,traveling_sqhrs
0,0.054,27,360.25485614503236,552.0,71.9380145204813,15.75983377906208,1704.0,286.24890954583935,61.019394061405734,0.0,0.0,0.0,13.0,1.3,0.13000000000000006,96.0,0.5212948951111115,0.0028307121632177475
1,0.0,9,360.5563712692315,564.0,72.74794219058896,14.657413450093326,1238.0,207.95722441965472,43.78307760655649,479.0,79.60760128237482,17.036040105271645,0.0,0.0,0.0,0.0,0.0,0.0
2,0.0,0,360.4977749943099,562.0,67.66113677615292,14.133518570995141,1690.0,292.4051776491131,63.665152990848775,0.0,0.0,0.0,0.0,0.0,0.0,0.0,0.0,0.0
3,0.0,0,360.14497772327064,561.0,70.03928467880563,13.524911403025751,1716.0,290.0615876557115,62.85086676790289,0.0,0.0,0.0,0.0,0.0,0.0,0.0,0.0,0.0
