id,probability_maraud,successful_mating,next_foraging_time,foraging_events,foraging_hrs,foraging_sqhrs,staying_events,staying_hrs,staying_sqhrs,repairing_events,repairing_hrs,repairing_sqhrs,marauding_events,marauding_hrs,marauding_sqhrs,traveling_events,traveling_hrs,traveling_sqhrs
0,0.054,12,360.0205912487982,571.0,73.08715054367245,15.837394243724539,1674.0,284.7326319992303,61.10498996340947,0.0,0.0,0.0,20.0,2.0000000000000004,0.20000000000000012,110.0,0.5973170673148153,0.003243524353687002
1,0.0,8,360.50637189967074,567.0,72.11614098100637,14.963646873539373,1479.0,251.44983328832174,53.88951466242035,203.0,36.57523496457131,8.118648293286018,0.0,0.0,0.0,0.0,0.0,0.0
2,0.0,7,360.17877542866745,568.0,70.55432158670838,14.36167945266751,1481.0,252.88791066492334,54.333897213505104,205.0,36.65350219104445,8.281545145350504,0.0,0.0,0.0,0.0,0.0,0.0
3,0.0,9,360.15538788671165,566.0,67.59957399124073,13.619668968949856,1467.0,243.86155438511665,51.842727142550196,286.0,48.8336532690119,10.446867655187742,0.0,0.0,0.0,0.0,0.0,0.0
