id,probability_maraud,successful_mating,next_foraging_time,foraging_events,foraging_hrs,foraging_sqhrs,staying_events,staying_hrs,staying_sqhrs,repairing_events,repairing_hrs,repairing_sqhrs,marauding_events,marauding_hrs,marauding_sqhrs,traveling_events,traveling_hrs,traveling_sqhrs
0,0.0,7,360.0494133640654,555.0,75.28714369977102,17.930289844674103,1464.0,248.02547933915233,53.290664689170754,228.0,36.87075584953086,7.554791383801559,0.0,0.0,0.0,0.0,0.0,0.0
1,0.054,12,360.0416378959708,566.0,66.42108214162349,12.18275708696897,1692.0,291.2419652863503,63.13988730384816,0.0,0.0,0.0,19.0,1.9000000000000006,0.1900000000000001,100.0,0.5430155157407411,0.00294865850335182
2,0.0,7,359.99592190801565,583.0,69.66232059820287,13.926065818295596,1592.0,266.07749411538595,56.24357239324947,134.0,24.363941987455885,5.457334017548379,0.0,0.0,0.0,0.0,0.0,0.0
3,0.0,10,360.3009552835918,552.0,66.47323037928858,13.717694825150295,1414.0,239.56501538467782,51.122627706909114,324.0,54.208868445006885,11.36507434849346,0.0,0.0,0.0,0.0,0.0,0.0
