id,probability_maraud,successful_mating,next_foraging_time,foraging_events,foraging_hrs,foraging_sqhrs,staying_events,staying_hrs,staying_sqhrs,repairing_events,repairing_hrs,repairing_sqhrs,marauding_events,marauding_hrs,marauding_sqhrs,traveling_events,traveling_hrs,traveling_sqhrs
0,0.0,19,359.8535724059025,572.0,66.94784560862922,12.744578665110156,1330.0,226.00620920765587,49.27886916605048,398.0,67.04622784282029,14.725231309654951,0.0,0.0,0.0,0.0,0.0,0.0
1,0.0,17,360.11448948593016,576.0,67.13421880817315,13.042848949412718,1738.0,292.9277650734363,62.37204397848971,0.0,0.0,0.0,0.0,0.0,0.0,0.0,0.0,0.0
2,0.0,0,360.1866108514489,562.0,67.70668715670236,13.285179979224086,1746.0,292.5136455658682,62.23222225164898,0.0,0.0,0.0,0.0,0.0,0.0,0.0,0.0,0.0
3,0.054,0,360.1189024274335,567.0,71.93749177272628,14.855087801178318,1680.0,286.647214034361,61.63101575981414,0.0,0.0,0.0,11.0,1.0999999999999999,0.11000000000000004,104.0,0.5647361363703708,0.003066604843485893
