id,probability_maraud,successful_mating,next_foraging_time,foraging_events,foraging_hrs,foraging_sqhrs,staying_events,staying_hrs,staying_sqhrs,repairing_events,repairing_hrs,repairing_sqhrs,marauding_events,marauding_hrs,marauding_sqhrs,traveling_events,traveling_hrs,traveling_sqhrs
0,0.0,7,360.3038537145463,579.0,64.81383850858997,12.593996897956671,1386.0,234.60974915948412,50.466965840351264,349.0,60.80950250812686,13.196583797493306,0.0,0.0,0.0,0.0,0.0,0.0
1,0.054,11,360.275734500384,559.0,69.48573860521178,13.978889019013929,1695.0,287.93566126974315,61.702896293622544,0.0,0.0,0.0,21.0,2.1000000000000005,0.21000000000000013,100.0,0.5430155157407411,0.00294865850335182
2,0.0,13,360.20721740594615,563.0,68.47861092704916,12.985285128183074,1630.0,279.61072326283164,60.7127842671369,67.0,12.115656664635084,2.867224148076736,0.0,0.0,0.0,0.0,0.0,0.0
3,0.0,5,360.47253212398175,574.0,70.67104122620187,14.71402058272515,1394.0,234.26977055519234,49.799430194035786,321.0,55.103579750349276,11.895919455434266,0.0,0.0,0.0,0.0,0.0,0.0
