id,probability_maraud,successful_mating,next_foraging_time,foraging_events,foraging_hrs,foraging_sqhrs,staying_events,staying_hrs,staying_sqhrs,repairing_events,repairing_hrs,repairing_sqhrs,marauding_events,marauding_hrs,marauding_sqhrs,traveling_events,traveling_hrs,traveling_sqhrs
0,0.0,7,359.80357488257283,557.0,68.99796035649919,14.052717451324122,1513.0,260.45023091329784,56.35413967189219,172.0,30.683283192174155,6.704039367805374,0.0,0.0,0.0,0.0,0.0,0.0
1,0.054,13,360.3593660668279,578.0,65.73918996501006,12.736943606677944,1725.0,291.89076589893955,62.41144609743648,0.0,0.0,0.0,18.0,1.8000000000000005,0.1800000000000001,113.0,0.6136075327870375,0.0033319841087875563
2,0.0,7,360.1563249655471,569.0,73.61306340308128,15.998408470918765,1475.0,249.62220411035875,53.68882153311941,229.0,36.815282784406726,7.561615170253247,0.0,0.0,0.0,0.0,0.0,0.0
3,0.0,9,360.1150754816577,562.0,68.464341360283,13.60148197941737,1475.0,249.00916309284818,53.407421786202534,238.0,42.64398123087635,9.419493172335812,0.0,0.0,0.0,0.0,0.0,0.0
