id,probability_maraud,successful_mating,next_foraging_time,foraging_events,foraging_hrs,foraging_sqhrs,staying_events,staying_hrs,staying_sqhrs,repairing_events,repairing_hrs,repairing_sqhrs,marauding_events,marauding_hrs,marauding_sqhrs,traveling_events,traveling_hrs,traveling_sqhrs
0,0.0,19,360.0456717091715,559.0,67.61445146868184,14.058951191499096,1251.0,206.94477544808606,43.3071665240556,499.0,85.4938844803425,18.437335140780363,0.0,0.0,0.0,0.0,0.0,0.0
1,0.0,17,359.938790553825,585.0,68.12673344124309,13.139163181748394,1709.0,291.9801646157518,62.74015854851939,0.0,0.0,0.0,0.0,0.0,0.0,0.0,0.0,0.0
2,0.054,0,360.2489201391251,566.0,70.0350068795803,13.76912441621282,1690.0,288.0191773572399,61.616941100745315,0.0,0.0,0.0,14.0,1.4000000000000001,0.14000000000000007,106.0,0.5755964466851856,0.003125578013552929
3,0.0,0,359.9879396392663,557.0,70.46497353267688,15.43955704021928,1744.0,289.5623160236193,61.064379660233094,0.0,0.0,0.0,0.0,0.0,0.0,0.0,0.0,0.0
