id,probability_maraud,successful_mating,next_foraging_time,foraging_events,foraging_hrs,foraging_sqhrs,staying_events,staying_hrs,staying_sqhrs,repairing_events,repairing_hrs,repairing_sqhrs,marauding_events,marauding_hrs,marauding_sqhrs,traveling_events,traveling_hrs,traveling_sqhrs
0,0.054,29,360.50844549210586,559.0,73.90373415097405,14.960894029507557,1713.0,283.8712650029251,59.90797010490695,0.0,0.0,0.0,18.0,1.8000000000000005,0.1800000000000001,96.0,0.5212948951111115,0.0028307121632177475
1,0.0,7,360.3731218706966,575.0,69.84638649523293,13.91664215835671,1085.0,184.36417232746408,39.77784747323947,609.0,105.98169926142053,23.056550103639548,0.0,0.0,0.0,0.0,0.0,0.0
2,0.0,0,360.26108687427967,562.0,70.11341640644827,14.241744279346912,1690.0,290.0082905346287,63.14552291163516,0.0,0.0,0.0,0.0,0.0,0.0,0.0,0.0,0.0
3,0.0,0,360.50275122139715,562.0,72.3687529071763,15.845462312914465,1660.0,287.6430191897017,62.86393971215511,0.0,0.0,0.0,0.0,0.0,0.0,0.0,0.0,0.0
