id,probability_maraud,successful_mating,next_foraging_time,foraging_events,foraging_hrs,foraging_sqhrs,staying_events,staying_hrs,staying_sqhrs,repairing_events,repairing_hrs,repairing_sqhrs,marauding_events,marauding_hrs,marauding_sqhrs,traveling_events,traveling_hrs,traveling_sqhrs
0,0.0,7,360.00585288167366,565.0,71.70811092143394,15.139861096981777,1367.0,233.73850332024736,50.483653573668185,330.0,54.680276015676945,11.663062824221834,0.0,0.0,0.0,0.0,0.0,0.0
1,0.054,11,360.06627032779727,567.0,71.00765923189452,14.619383860951942,1720.0,286.3058386436843,60.678969164472996,0.0,0.0,0.0,9.0,0.8999999999999999,0.09000000000000002,90.0,1.953043528125004,0.04238198914167717
