id,probability_maraud,successful_mating,next_foraging_time,foraging_events,foraging_hrs,foraging_sqhrs,staying_events,staying_hrs,staying_sqhrs,repairing_events,repairing_hrs,repairing_sqhrs,marauding_events,marauding_hrs,marauding_sqhrs,traveling_events,traveling_hrs,traveling_sqhrs
0,0.0,3,360.5678630012807,562.0,68.91712916717651,14.904939905209732,1204.0,202.0510164774125,42.71466427434354,521.0,89.23070920623599,19.019711859760033,0.0,0.0,0.0,0.0,0.0,0.0
1,0.054,13,359.97940123809207,552.0,70.0482582917467,14.524962348116535,1696.0,286.4746013187342,61.39826125811018,0.0,0.0,0.0,15.0,1.5000000000000002,0.15000000000000008,107.0,2.3219517501041693,0.05038747597954949
