id,probability_maraud,successful_mating,next_foraging_time,foraging_events,foraging_hrs,foraging_sqhrs,staying_events,staying_hrs,staying_sqhrs,repairing_events,repairing_hrs,repairing_sqhrs,marauding_events,marauding_hrs,marauding_sqhrs,traveling_events,traveling_hrs,traveling_sqhrs
0,0.0,4,360.41232742114096,549.0,74.57336286040449,16.690471207444677,1368.0,230.64649695187836,49.24137641550023,330.0,55.01669473321163,11.977087838350153,0.0,0.0,0.0,0.0,0.0,0.0
1,0.054,14,360.1002473962191,580.0,71.49752245223056,14.457661811834452,1699.0,285.6249648051321,61.37270090761394,0.0,0.0,0.0,9.0,0.8999999999999999,0.09000000000000002,100.0,2.170048364583337,0.04709109904630795
