id,probability_maraud,successful_mating,next_foraging_time,foraging_events,foraging_hrs,foraging_sqhrs,staying_events,staying_hrs,staying_sqhrs,repairing_events,repairing_hrs,repairing_sqhrs,marauding_events,marauding_hrs,marauding_sqhrs,traveling_events,traveling_hrs,traveling_sqhrs
0,0.0,6,360.21003387428794,569.0,66.96988907832198,13.373846252532172,1281.0,219.85353087574634,47.513935800859954,430.0,73.37231620629458,15.943288433889588,0.0,0.0,0.0,0.0,0.0,0.0
1,0.054,12,360.2617440783919,556.0,68.67732104689675,14.007115600453112,1688.0,288.5056693025628,62.51338692503315,0.0,0.0,0.0,12.0,1.2,0.12000000000000005,86.0,1.8662415935416703,0.04049834517982486
