id,probability_maraud,successful_mating,next_foraging_time,foraging_events,foraging_hrs,foraging_sqhrs,staying_events,staying_hrs,staying_sqhrs,repairing_events,repairing_hrs,repairing_sqhrs,marauding_events,marauding_hrs,marauding_sqhrs,traveling_events,traveling_hrs,traveling_sqhrs
0,0.0,4,359.91168851976016,579.0,74.10185508719644,15.868334748647204,1393.0,230.67294336564686,48.814197549400454,303.0,55.319024233181494,12.357838290854064,0.0,0.0,0.0,0.0,0.0,0.0
1,0.054,13,360.3367065680277,565.0,71.29839064934279,14.244038413250504,1694.0,286.01572134602526,61.252941779617764,0.0,0.0,0.0,10.0,0.9999999999999999,0.10000000000000003,84.0,1.8228406262500034,0.039556523198898706
