id,probability_maraud,successful_mating,next_foraging_time,foraging_events,foraging_hrs,foraging_sqhrs,staying_events,staying_hrs,staying_sqhrs,repairing_events,repairing_hrs,repairing_sqhrs,marauding_events,marauding_hrs,marauding_sqhrs,traveling_events,traveling_hrs,traveling_sqhrs
0,0.0,11,360.1120336609645,565.0,68.41069807115758,13.421514667007331,1402.0,230.43238126878347,48.966537386734174,362.0,61.163293492442975,13.031664276165515,0.0,0.0,0.0,0.0,0.0,0.0
1,0.054,7,360.294275923592,577.0,74.04268750977661,15.288520392249382,1703.0,283.6049118111298,59.58403310601657,0.0,0.0,0.0,10.0,0.9999999999999999,0.10000000000000003,74.0,1.605835789791669,0.03484741329426793
