id,probability_maraud,successful_mating,next_foraging_time,foraging_events,foraging_hrs,foraging_sqhrs,staying_events,staying_hrs,staying_sqhrs,repairing_events,repairing_hrs,repairing_sqhrs,marauding_events,marauding_hrs,marauding_sqhrs,traveling_events,traveling_hrs,traveling_sqhrs
0,0.0,6,360.0055390247885,558.0,70.99336992380556,14.797243969661542,1206.0,201.9429511046323,43.198446978388,520.0,87.17493843877524,18.48262842013745,0.0,0.0,0.0,0.0,0.0,0.0
1,0.054,12,360.1056701254569,569.0,73.31612218384285,15.449104589727334,1653.0,282.74371664517855,59.9829499348746,0.0,0.0,0.0,15.0,1.5000000000000002,0.15000000000000008,117.0,2.5389565865625014,0.05509658588418027
