id,probability_maraud,successful_mating,next_foraging_time,foraging_events,foraging_hrs,foraging_sqhrs,staying_events,staying_hrs,staying_sqhrs,repairing_events,repairing_hrs,repairing_sqhrs,marauding_events,marauding_hrs,marauding_sqhrs,traveling_events,traveling_hrs,traveling_sqhrs
0,0.0,8,360.1317569126367,570.0,73.02428001152015,15.78616445586348,1236.0,207.8848823652355,44.569078017213045,465.0,79.19595601004647,17.025233303460478,0.0,0.0,0.0,0.0,0.0,0.0
1,0.054,10,360.22991444726307,567.0,70.43156518307426,15.245919847385958,1705.0,286.27319515385085,61.152372427168636,0.0,0.0,0.0,13.0,1.3,0.13000000000000006,92.0,1.996444495416671,0.04332381112260333
