id,probability_maraud,successful_mating,next_foraging_time,foraging_events,foraging_hrs,foraging_sqhrs,staying_events,staying_hrs,staying_sqhrs,repairing_events,repairing_hrs,repairing_sqhrs,marauding_events,marauding_hrs,marauding_sqhrs,traveling_events,traveling_hrs,traveling_sqhrs
0,0.0,6,360.01408775647536,572.0,73.00908626324541,15.867235428860335,994.0,165.99869104103675,34.900441984454545,716.0,121.0044781183029,25.630116805377895,0.0,0.0,0.0,0.0,0.0,0.0
1,0.054,12,360.0887351951037,569.0,72.4495007546323,15.456891247238563,1683.0,283.28601475462057,59.90945508765689,0.0,0.0,0.0,20.0,2.0000000000000004,0.20000000000000012,105.0,2.278550782812503,0.049445653998623336
