id,probability_maraud,successful_mating,next_foraging_time,foraging_events,foraging_hrs,foraging_sqhrs,staying_events,staying_hrs,staying_sqhrs,repairing_events,repairing_hrs,repairing_sqhrs,marauding_events,marauding_hrs,marauding_sqhrs,traveling_events,traveling_hrs,traveling_sqhrs
0,0.0,11,360.3989981052671,566.0,72.12666386075344,14.288472542858285,1314.0,226.78324496557485,49.41721299547284,354.0,61.09860407718402,13.31259513779768,0.0,0.0,0.0,0.0,0.0,0.0
1,0.054,7,360.04275928696137,577.0,69.5053079826583,13.500815949010489,1694.0,287.6977063162416,61.06465361627873,0.0,0.0,0.0,10.0,0.9999999999999999,0.10000000000000003,83.0,1.80114014260417,0.03908561220843563
