id,probability_maraud,successful_mating,next_foraging_time,foraging_events,foraging_hrs,foraging_sqhrs,staying_events,staying_hrs,staying_sqhrs,repairing_events,repairing_hrs,repairing_sqhrs,marauding_events,marauding_hrs,marauding_sqhrs,traveling_events,traveling_hrs,traveling_sqhrs
0,0.0,5,360.23326852319383,566.0,70.4355150837626,14.429369650038156,1140.0,192.50330758670705,41.03192139854478,576.0,97.2246004072076,20.65970575752992,0.0,0.0,0.0,0.0,0.0,0.0
1,0.054,13,360.1513599833564,578.0,72.4333424171391,15.365750198842628,1689.0,284.087963132817,59.91729204996136,0.0,0.0,0.0,16.0,1.6000000000000003,0.1600000000000001,97.0,2.104946913645837,0.045678366074918715
