id,probability_maraud,successful_mating,next_foraging_time,foraging_events,foraging_hrs,foraging_sqhrs,staying_events,staying_hrs,staying_sqhrs,repairing_events,repairing_hrs,repairing_sqhrs,marauding_events,marauding_hrs,marauding_sqhrs,traveling_events,traveling_hrs,traveling_sqhrs
0,0.0,8,360.2665052778097,554.0,68.49312760427821,14.407465586888437,1364.0,230.06339272291586,49.437866908274884,365.0,61.515652761263695,13.153946678554897,0.0,0.0,0.0,0.0,0.0,0.0
1,0.054,9,360.4436887698261,566.0,71.51512525587863,14.782838290219718,1703.0,285.67119334855835,61.04725278644676,0.0,0.0,0.0,10.0,0.9999999999999999,0.10000000000000003,84.0,1.8228406262500034,0.039556523198898706
