id,probability_maraud,successful_mating,next_foraging_time,foraging_events,foraging_hrs,foraging_sqhrs,staying_events,staying_hrs,staying_sqhrs,repairing_events,repairing_hrs,repairing_sqhrs,marauding_events,marauding_hrs,marauding_sqhrs,traveling_events,traveling_hrs,traveling_sqhrs
0,0.0,4,360.1352647484254,577.0,68.7561832458236,13.319649778315771,1217.0,205.7053905884312,43.81783369820221,505.0,85.57085636365159,18.163192957559644,0.0,0.0,0.0,0.0,0.0,0.0
1,0.054,14,360.3933983600339,561.0,67.02624531922608,13.479524766449408,1746.0,289.23699872431484,61.0487667585756,0.0,0.0,0.0,14.0,1.4000000000000001,0.14000000000000007,110.0,2.387053201041669,0.051800208950938724
