id,probability_maraud,successful_mating,next_foraging_time,foraging_events,foraging_hrs,foraging_sqhrs,staying_events,staying_hrs,staying_sqhrs,repairing_events,repairing_hrs,repairing_sqhrs,marauding_events,marauding_hrs,marauding_sqhrs,traveling_events,traveling_hrs,traveling_sqhrs
0,0.0,5,360.6827181868642,572.0,70.22158440889847,14.717898580365153,1167.0,202.72724396549634,44.142702412920215,531.0,87.155109886102,17.906165148949164,0.0,0.0,0.0,0.0,0.0,0.0
1,0.054,12,360.609455590678,558.0,73.6205915370835,15.472567166762758,1650.0,283.0865501099859,60.750721936539904,0.0,0.0,0.0,15.0,1.5000000000000002,0.15000000000000008,83.0,1.80114014260417,0.03908561220843563
