id,probability_maraud,successful_mating,next_foraging_time,foraging_events,foraging_hrs,foraging_sqhrs,staying_events,staying_hrs,staying_sqhrs,repairing_events,repairing_hrs,repairing_sqhrs,marauding_events,marauding_hrs,marauding_sqhrs,traveling_events,traveling_hrs,traveling_sqhrs
0,0.0,4,360.4700593519082,570.0,71.55479513271345,15.057411552746313,1054.0,178.40576161609656,37.72478461559497,659.0,110.0569777978705,23.67373185911829,0.0,0.0,0.0,0.0,0.0,0.0
1,0.054,13,360.01327909230554,560.0,71.14966465499339,14.55418337892176,1693.0,285.0280325473432,60.35301491658273,0.0,0.0,0.0,19.0,1.9000000000000006,0.1900000000000001,92.0,1.996444495416671,0.04332381112260333
