id,probability_maraud,successful_mating,next_foraging_time,foraging_events,foraging_hrs,foraging_sqhrs,staying_events,staying_hrs,staying_sqhrs,repairing_events,repairing_hrs,repairing_sqhrs,marauding_events,marauding_hrs,marauding_sqhrs,traveling_events,traveling_hrs,traveling_sqhrs
0,0.0,7,359.9084179477425,563.0,73.16300541524028,15.633685496734785,1470.0,244.3754373126728,51.65822150726482,258.0,42.492847585210214,8.909185227663553,0.0,0.0,0.0,0.0,0.0,0.0
1,0.054,11,360.589229233768,549.0,72.39447676106386,15.762322823100888,1638.0,284.96290532631997,62.89012021225698,0.0,0.0,0.0,7.0,0.7,0.07,94.0,2.0398454627083376,0.04426563310352948
