id,probability_maraud,successful_mating,next_foraging_time,foraging_events,foraging_hrs,foraging_sqhrs,staying_events,staying_hrs,staying_sqhrs,repairing_events,repairing_hrs,repairing_sqhrs,marauding_events,marauding_hrs,marauding_sqhrs,traveling_events,traveling_hrs,traveling_sqhrs
0,0.0,6,360.0836730880306,568.0,69.77182870025206,13.948708793162572,1211.0,205.34123247613314,44.183817993584775,508.0,84.93423870660294,18.3983883287466,0.0,0.0,0.0,0.0,0.0,0.0
1,0.054,12,360.1120996615739,564.0,72.24952626074517,14.732582696002838,1695.0,284.43543384327575,60.36117529109007,0.0,0.0,0.0,14.0,1.4000000000000001,0.14000000000000007,90.0,1.953043528125004,0.04238198914167717
