id,probability_maraud,successful_mating,next_foraging_time,foraging_events,foraging_hrs,foraging_sqhrs,staying_events,staying_hrs,staying_sqhrs,repairing_events,repairing_hrs,repairing_sqhrs,marauding_events,marauding_hrs,marauding_sqhrs,traveling_events,traveling_hrs,traveling_sqhrs
0,0.0,8,360.4861296741901,555.0,70.58508252577373,14.801953030966073,1343.0,228.2029787655971,49.046552467171296,356.0,61.286287263932465,13.389404600271677,0.0,0.0,0.0,0.0,0.0,0.0
1,0.054,10,360.0928197488015,559.0,71.78127083394101,15.176466006988946,1716.0,285.0609188481575,60.42876150343557,0.0,0.0,0.0,10.0,0.9999999999999999,0.10000000000000003,105.0,2.278550782812503,0.049445653998623336
