id,probability_maraud,successful_mating,next_foraging_time,foraging_events,foraging_hrs,foraging_sqhrs,staying_events,staying_hrs,staying_sqhrs,repairing_events,repairing_hrs,repairing_sqhrs,marauding_events,marauding_hrs,marauding_sqhrs,traveling_events,traveling_hrs,traveling_sqhrs
0,0.0,7,359.96586113821127,570.0,70.70542676046192,14.913589724402065,1169.0,191.8201811775403,40.19148698061817,586.0,97.53321323129344,20.28224338047594,0.0,0.0,0.0,0.0,0.0,0.0
1,0.054,11,360.0316485832123,571.0,70.12315755331785,13.788955362578216,1657.0,285.93720323453573,61.53843035574696,0.0,0.0,0.0,16.0,1.6000000000000003,0.1600000000000001,113.0,2.4521546519791686,0.05321294192232796
