id,probability_maraud,successful_mating,next_foraging_time,foraging_events,foraging_hrs,foraging_sqhrs,staying_events,staying_hrs,staying_sqhrs,repairing_events,repairing_hrs,repairing_sqhrs,marauding_events,marauding_hrs,marauding_sqhrs,traveling_events,traveling_hrs,traveling_sqhrs
0,0.0,7,360.23261655786456,559.0,72.32010315518325,15.475686065855808,1370.0,233.0301100483309,49.95981481777225,346.0,54.733237513140985,11.186465211586851,0.0,0.0,0.0,0.0,0.0,0.0
1,0.054,11,360.2405852460276,562.0,76.02796648342756,17.407472307831878,1657.0,281.02389321701395,60.49574327898195,0.0,0.0,0.0,9.0,0.8999999999999999,0.09000000000000002,98.0,2.1266473972916704,0.04614927706538179
