id,probability_maraud,successful_mating,next_foraging_time,foraging_events,foraging_hrs,foraging_sqhrs,staying_events,staying_hrs,staying_sqhrs,repairing_events,repairing_hrs,repairing_sqhrs,marauding_events,marauding_hrs,marauding_sqhrs,traveling_events,traveling_hrs,traveling_sqhrs
0,0.0,7,360.4645100871033,581.0,67.20033784396618,12.38814514182809,1317.0,219.48849982361043,46.70385409323231,452.0,73.51940542209401,15.199219167434457,0.0,0.0,0.0,0.0,0.0,0.0
1,0.054,11,359.88752688771837,562.0,67.14307442891968,12.96238351615889,1730.0,289.37955442578817,61.332972744586606,0.0,0.0,0.0,12.0,1.2,0.12000000000000005,106.0,2.300251266458336,0.049916564989086414
