id,probability_maraud,successful_mating,next_foraging_time,foraging_events,foraging_hrs,foraging_sqhrs,staying_events,staying_hrs,staying_sqhrs,repairing_events,repairing_hrs,repairing_sqhrs,marauding_events,marauding_hrs,marauding_sqhrs,traveling_events,traveling_hrs,traveling_sqhrs
0,0.0,8,360.1307900291094,570.0,67.56412216745049,13.039082762530644,1283.0,219.62311026671995,47.43659726513277,434.0,73.01742360041749,15.417670853230689,0.0,0.0,0.0,0.0,0.0,0.0
1,0.054,10,360.48817631538276,571.0,67.87363464659349,13.663245151453564,1744.0,289.0099200663407,60.86220381231873,0.0,0.0,0.0,12.0,1.2,0.12000000000000005,92.0,1.996444495416671,0.04332381112260333
