id,probability_maraud,successful_mating,next_foraging_time,foraging_events,foraging_hrs,foraging_sqhrs,staying_events,staying_hrs,staying_sqhrs,repairing_events,repairing_hrs,repairing_sqhrs,marauding_events,marauding_hrs,marauding_sqhrs,traveling_events,traveling_hrs,traveling_sqhrs
0,0.0,6,360.4405652285043,571.0,71.74617507257909,15.222869473670956,1240.0,202.88964402230093,42.63881496523595,515.0,85.49344300889402,17.994267680476714,0.0,0.0,0.0,0.0,0.0,0.0
1,0.054,12,360.0182437394658,572.0,72.48430743386503,15.076057147155199,1678.0,284.0074997161097,60.740531296260144,0.0,0.0,0.0,14.0,1.4000000000000001,0.14000000000000007,105.0,2.278550782812503,0.049445653998623336
