id,probability_maraud,successful_mating,next_foraging_time,foraging_events,foraging_hrs,foraging_sqhrs,staying_events,staying_hrs,staying_sqhrs,repairing_events,repairing_hrs,repairing_sqhrs,marauding_events,marauding_hrs,marauding_sqhrs,traveling_events,traveling_hrs,traveling_sqhrs
0,0.0,6,360.2741723837462,562.0,69.11710400817971,14.660802301172497,984.0,163.937306517064,34.520318197838954,745.0,127.11026294646706,27.55848851807142,0.0,0.0,0.0,0.0,0.0,0.0
1,0.054,12,360.2364562201714,553.0,72.8177976772279,16.41419286065114,1695.0,284.9592685072623,61.02631365692668,0.0,0.0,0.0,11.0,1.0999999999999999,0.11000000000000004,109.0,1.1811543317226851,0.012799317021534544
