id,probability_maraud,successful_mating,next_foraging_time,foraging_events,foraging_hrs,foraging_sqhrs,staying_events,staying_hrs,staying_sqhrs,repairing_events,repairing_hrs,repairing_sqhrs,marauding_events,marauding_hrs,marauding_sqhrs,traveling_events,traveling_hrs,traveling_sqhrs
0,0.0,5,360.28589873072474,570.0,69.321996732656,13.882451634411453,1082.0,181.73987744840215,39.169705378485496,648.0,109.11358164967206,23.490405877499335,0.0,0.0,0.0,0.0,0.0,0.0
1,0.054,13,360.3171012371994,573.0,70.18105059377164,13.694341843076739,1708.0,288.0271772894769,61.516833495135444,0.0,0.0,0.0,9.0,0.8999999999999999,0.09000000000000002,93.0,1.0077738793597222,0.010920518192685429
