id,probability_maraud,successful_mating,next_foraging_time,foraging_events,foraging_hrs,foraging_sqhrs,staying_events,staying_hrs,staying_sqhrs,repairing_events,repairing_hrs,repairing_sqhrs,marauding_events,marauding_hrs,marauding_sqhrs,traveling_events,traveling_hrs,traveling_sqhrs
0,0.0,3,360.2934447691982,567.0,72.65767975803176,15.269615629650087,914.0,154.04465845098574,32.84322683607388,810.0,133.35229493094766,28.146566970398695,0.0,0.0,0.0,0.0,0.0,0.0
1,0.054,15,359.9551065551137,574.0,70.73959804265691,14.693891180274068,1689.0,287.06524395912055,61.93583700021703,0.0,0.0,0.0,11.0,1.0999999999999999,0.11000000000000004,110.0,1.1919906099953703,0.012916741948337614
