id,probability_maraud,successful_mating,next_foraging_time,foraging_events,foraging_hrs,foraging_sqhrs,staying_events,staying_hrs,staying_sqhrs,repairing_events,repairing_hrs,repairing_sqhrs,marauding_events,marauding_hrs,marauding_sqhrs,traveling_events,traveling_hrs,traveling_sqhrs
0,0.0,2,360.21363377640023,573.0,70.51542967011194,15.028228957272388,926.0,156.2057585418041,33.53773445345281,780.0,133.28501299071303,29.05742245807433,0.0,0.0,0.0,0.0,0.0,0.0
1,0.054,16,359.95484923856844,563.0,73.0399715850414,15.872578738125497,1631.0,284.8289395905392,62.227256463376186,0.0,0.0,0.0,11.0,1.0999999999999999,0.11000000000000004,103.0,1.116136662086574,0.012094767460716126
