id,probability_maraud,successful_mating,next_foraging_time,foraging_events,foraging_hrs,foraging_sqhrs,staying_events,staying_hrs,staying_sqhrs,repairing_events,repairing_hrs,repairing_sqhrs,marauding_events,marauding_hrs,marauding_sqhrs,traveling_events,traveling_hrs,traveling_sqhrs
0,0.0,4,360.1632569149874,569.0,74.52256508826365,16.884225752778615,1069.0,176.7916452374251,37.12652920429299,648.0,108.752229578849,23.4896249276584,0.0,0.0,0.0,0.0,0.0,0.0
1,0.054,14,359.8854045293172,564.0,69.69202048776556,14.467206980171945,1728.0,288.4995770031875,61.40622621951006,0.0,0.0,0.0,9.0,0.8999999999999999,0.09000000000000002,97.0,1.051118992450463,0.011390217899897708
