id,probability_maraud,successful_mating,next_foraging_time,foraging_events,foraging_hrs,foraging_sqhrs,staying_events,staying_hrs,staying_sqhrs,repairing_events,repairing_hrs,repairing_sqhrs,marauding_events,marauding_hrs,marauding_sqhrs,traveling_events,traveling_hrs,traveling_sqhrs
0,0.0,11,360.0218385872821,573.0,70.57218258763227,14.112326300378957,847.0,144.2708932685928,31.184790142578994,860.0,145.30242846124372,31.50963955457795,0.0,0.0,0.0,0.0,0.0,0.0
1,0.054,7,360.1401327590061,563.0,70.86894991697108,14.429147113451041,1706.0,286.82089127876856,61.00584835531894,0.0,0.0,0.0,12.0,1.2,0.12000000000000005,106.0,1.1486454969046296,0.012447042241125335
