id,probability_maraud,successful_mating,next_foraging_time,foraging_events,foraging_hrs,foraging_sqhrs,staying_events,staying_hrs,staying_sqhrs,repairing_events,repairing_hrs,repairing_sqhrs,marauding_events,marauding_hrs,marauding_sqhrs,traveling_events,traveling_hrs,traveling_sqhrs
0,0.0,5,359.8430725450338,566.0,69.81959540135342,14.294414720291156,930.0,157.49676492738064,34.15732607342475,776.0,132.74213506669534,28.322601957764867,0.0,0.0,0.0,0.0,0.0,0.0
1,0.054,13,360.028532569045,564.0,68.66491883617326,13.651823127628457,1726.0,289.3836181190885,61.62787536586018,0.0,0.0,0.0,11.0,1.0999999999999999,0.11000000000000004,105.0,1.1378092186319444,0.012329617314322265
