id,probability_maraud,successful_mating,next_foraging_time,foraging_events,foraging_hrs,foraging_sqhrs,staying_events,staying_hrs,staying_sqhrs,repairing_events,repairing_hrs,repairing_sqhrs,marauding_events,marauding_hrs,marauding_sqhrs,traveling_events,traveling_hrs,traveling_sqhrs
0,0.0,5,360.05721069865496,569.0,71.31645617374203,15.809233122135929,859.0,143.8362602465485,30.695032724459708,845.0,145.0970775336078,32.00180038839777,0.0,0.0,0.0,0.0,0.0,0.0
1,0.054,13,360.42800136326036,566.0,71.76917057490881,14.839636101680739,1648.0,286.0007623333655,62.023665167794235,0.0,0.0,0.0,12.0,1.2,0.12000000000000005,97.0,1.051118992450463,0.011390217899897708
