id,probability_maraud,successful_mating,next_foraging_time,foraging_events,foraging_hrs,foraging_sqhrs,staying_events,staying_hrs,staying_sqhrs,repairing_events,repairing_hrs,repairing_sqhrs,marauding_events,marauding_hrs,marauding_sqhrs,traveling_events,traveling_hrs,traveling_sqhrs
0,0.0,5,360.26815946088703,565.0,72.15607863799886,15.113915155149392,1054.0,179.190093151612,38.299939419324524,657.0,108.96170127149749,23.05195996038396,0.0,0.0,0.0,0.0,0.0,0.0
1,0.054,13,360.00492620186265,572.0,71.7227930086798,15.604528598889008,1669.0,286.6050603504614,61.67317412762364,0.0,0.0,0.0,9.0,0.8999999999999999,0.09000000000000002,100.0,1.0836278272685185,0.011742492680306917
