id,probability_maraud,successful_mating,next_foraging_time,foraging_events,foraging_hrs,foraging_sqhrs,staying_events,staying_hrs,staying_sqhrs,repairing_events,repairing_hrs,repairing_sqhrs,marauding_events,marauding_hrs,marauding_sqhrs,traveling_events,traveling_hrs,traveling_sqhrs
0,0.0,8,360.5444390151834,567.0,70.76520355109247,14.794070028801283,1072.0,179.8073887375314,38.11221397660123,649.0,109.45334477818153,23.00412641725876,0.0,0.0,0.0,0.0,0.0,0.0
1,0.054,10,360.1021081885432,561.0,73.29428105403022,16.30640004456838,1662.0,285.04176510221123,61.37036787782603,0.0,0.0,0.0,9.0,0.8999999999999999,0.09000000000000002,88.0,0.9535924879962963,0.01033339355867008
