id,probability_maraud,successful_mating,next_foraging_time,foraging_events,foraging_hrs,foraging_sqhrs,staying_events,staying_hrs,staying_sqhrs,repairing_events,repairing_hrs,repairing_sqhrs,marauding_events,marauding_hrs,marauding_sqhrs,traveling_events,traveling_hrs,traveling_sqhrs
0,0.0,2,360.0138170805016,566.0,70.74566595652313,14.962998651188121,759.0,131.05417997363062,28.852884397476018,941.0,158.44597068495864,34.063901370199666,0.0,0.0,0.0,0.0,0.0,0.0
1,0.054,16,360.0811612617737,568.0,73.72818597412214,16.27125215259594,1680.0,284.04700346186553,60.80263084018863,0.0,0.0,0.0,14.0,1.4000000000000001,0.14000000000000007,94.0,1.0186101576324074,0.011037943119488499
