id,probability_maraud,successful_mating,next_foraging_time,foraging_events,foraging_hrs,foraging_sqhrs,staying_events,staying_hrs,staying_sqhrs,repairing_events,repairing_hrs,repairing_sqhrs,marauding_events,marauding_hrs,marauding_sqhrs,traveling_events,traveling_hrs,traveling_sqhrs
0,0.0,5,360.39180706327977,563.0,76.33571699843176,16.34407289931141,810.0,137.5183694201138,29.40656597250594,841.0,146.31536723802512,31.688641237445932,0.0,0.0,0.0,0.0,0.0,0.0
1,0.054,13,360.35708851443337,568.0,70.03268925939223,14.449198386755432,1695.0,287.5750714953517,61.767510714736304,0.0,0.0,0.0,13.0,1.3,0.13000000000000006,110.0,1.1919906099953703,0.012916741948337614
