id,probability_maraud,successful_mating,next_foraging_time,foraging_events,foraging_hrs,foraging_sqhrs,staying_events,staying_hrs,staying_sqhrs,repairing_events,repairing_hrs,repairing_sqhrs,marauding_events,marauding_hrs,marauding_sqhrs,traveling_events,traveling_hrs,traveling_sqhrs
0,0.0,6,360.2207777404723,557.0,69.50549170707568,14.829394250531017,1209.0,204.0238243569995,43.730762011634226,513.0,86.57892797227464,18.904754785319334,0.0,0.0,0.0,0.0,0.0,0.0
1,0.054,12,360.3955746002132,560.0,68.01274547285121,13.610475303062588,1729.0,290.460340469105,61.79338326722621,0.0,0.0,0.0,8.0,0.7999999999999999,0.08000000000000002,84.0,0.9102473749055555,0.009863693851457802
