id,probability_maraud,successful_mating,next_foraging_time,foraging_events,foraging_hrs,foraging_sqhrs,staying_events,staying_hrs,staying_sqhrs,repairing_events,repairing_hrs,repairing_sqhrs,marauding_events,marauding_hrs,marauding_sqhrs,traveling_events,traveling_hrs,traveling_sqhrs
0,0.0,3,360.1912500261587,578.0,68.92049495916747,13.579918186443312,880.0,149.10840030456757,32.35057857071145,825.0,142.06666221282575,30.965257190567662,0.0,0.0,0.0,0.0,0.0,0.0
1,0.054,15,359.91089988108405,560.0,68.84831351726736,14.367865110926417,1708.0,288.96199257470937,62.395631258953145,0.0,0.0,0.0,12.0,1.2,0.12000000000000005,97.0,1.051118992450463,0.011390217899897708
