id,probability_maraud,successful_mating,next_foraging_time,foraging_events,foraging_hrs,foraging_sqhrs,staying_events,staying_hrs,staying_sqhrs,repairing_events,repairing_hrs,repairing_sqhrs,marauding_events,marauding_hrs,marauding_sqhrs,traveling_events,traveling_hrs,traveling_sqhrs
0,0.0,5,360.78911430014483,577.0,72.61481814218202,15.466200994445051,1054.0,178.48697266504297,38.26770846564428,636.0,109.08728702240758,23.385538165118913,0.0,0.0,0.0,0.0,0.0,0.0
1,0.054,13,359.96254451836074,559.0,67.17143465902234,13.390915246105504,1735.0,291.03544209065865,62.17567125040808,0.0,0.0,0.0,9.0,0.8999999999999999,0.09000000000000002,85.0,0.9210836531782407,0.009981118778260871
