id,probability_maraud,successful_mating,next_foraging_time,foraging_events,foraging_hrs,foraging_sqhrs,staying_events,staying_hrs,staying_sqhrs,repairing_events,repairing_hrs,repairing_sqhrs,marauding_events,marauding_hrs,marauding_sqhrs,traveling_events,traveling_hrs,traveling_sqhrs
0,0.0,7,360.27153265349506,566.0,68.87941485996339,13.494323445476505,1004.0,170.2567208016925,36.592594151993545,713.0,120.90859338957672,26.08747922530716,0.0,0.0,0.0,0.0,0.0,0.0
1,0.054,11,360.67354155963045,559.0,70.44051171654411,13.960383109888252,1715.0,287.64246207022296,61.407887712913194,0.0,0.0,0.0,10.0,0.9999999999999999,0.10000000000000003,91.0,0.9861013228143518,0.01068566833907929
