id,probability_maraud,successful_mating,next_foraging_time,foraging_events,foraging_hrs,foraging_sqhrs,staying_events,staying_hrs,staying_sqhrs,repairing_events,repairing_hrs,repairing_sqhrs,marauding_events,marauding_hrs,marauding_sqhrs,traveling_events,traveling_hrs,traveling_sqhrs
0,0.0,5,360.1620279395452,574.0,70.11597452069873,14.932504655545449,1063.0,180.8097776138332,38.44939689652903,631.0,109.1824504696802,23.88377841292674,0.0,0.0,0.0,0.0,0.0,0.0
1,0.054,13,360.2031124031254,562.0,74.51732285982662,16.310960465850194,1672.0,283.8117726566909,60.602883021940755,0.0,0.0,0.0,9.0,0.8999999999999999,0.09000000000000002,86.0,0.9319199314509259,0.010098543705063941
