id,probability_maraud,successful_mating,next_foraging_time,foraging_events,foraging_hrs,foraging_sqhrs,staying_events,staying_hrs,staying_sqhrs,repairing_events,repairing_hrs,repairing_sqhrs,marauding_events,marauding_hrs,marauding_sqhrs,traveling_events,traveling_hrs,traveling_sqhrs
0,0.0,4,360.32503823774005,562.0,72.18273193057786,15.46281962335082,867.0,148.91515002594184,31.72772079334898,808.0,139.03996182097245,30.427260174240494,0.0,0.0,0.0,0.0,0.0,0.0
1,0.054,14,360.1559938796393,568.0,69.69196059949216,13.619460258506805,1712.0,288.2333682566126,61.852394729472216,0.0,0.0,0.0,12.0,1.2,0.12000000000000005,93.0,1.0077738793597222,0.010920518192685429
