id,probability_maraud,successful_mating,next_foraging_time,foraging_events,foraging_hrs,foraging_sqhrs,staying_events,staying_hrs,staying_sqhrs,repairing_events,repairing_hrs,repairing_sqhrs,marauding_events,marauding_hrs,marauding_sqhrs,traveling_events,traveling_hrs,traveling_sqhrs
0,0.0,5,360.4438192798614,570.0,70.31495562403165,15.374008032064435,971.0,163.13029635676077,34.65370436090248,741.0,126.6313209308862,27.55420708214828,0.0,0.0,0.0,0.0,0.0,0.0
1,0.054,13,360.70317551649805,568.0,71.28903500735797,14.196431305372903,1696.0,286.4962382548375,61.61541159932974,0.0,0.0,0.0,11.0,1.0999999999999999,0.11000000000000004,106.0,1.1486454969046296,0.012447042241125335
