id,probability_maraud,successful_mating,next_foraging_time,foraging_events,foraging_hrs,foraging_sqhrs,staying_events,staying_hrs,staying_sqhrs,repairing_events,repairing_hrs,repairing_sqhrs,marauding_events,marauding_hrs,marauding_sqhrs,traveling_events,traveling_hrs,traveling_sqhrs
0,0.0,2,360.4061559191305,565.0,70.7823806847848,14.813352945013781,1113.0,192.0886394437017,41.96512484684877,574.0,97.18285212331112,21.069944167684284,0.0,0.0,0.0,0.0,0.0,0.0
1,0.054,16,360.3295747522314,566.0,70.52744472795325,14.649920609675004,1709.0,287.53858617490886,61.19362871786301,0.0,0.0,0.0,8.0,0.7999999999999999,0.08000000000000002,105.0,1.1378092186319444,0.012329617314322265
