id,probability_maraud,successful_mating,next_foraging_time,foraging_events,foraging_hrs,foraging_sqhrs,staying_events,staying_hrs,staying_sqhrs,repairing_events,repairing_hrs,repairing_sqhrs,marauding_events,marauding_hrs,marauding_sqhrs,traveling_events,traveling_hrs,traveling_sqhrs
0,0.0,7,360.30258157501277,567.0,69.94983695757479,14.457484029261732,1160.0,193.58092056610994,40.966855546566215,570.0,96.6897322710821,20.546077142504963,0.0,0.0,0.0,0.0,0.0,0.0
1,0.054,11,360.8845136985468,564.0,68.28441226526168,13.941137523884036,1715.0,290.433178574006,62.70060195344663,0.0,0.0,0.0,8.0,0.7999999999999999,0.08000000000000002,81.0,0.8777385400875,0.009511419071048592
