id,probability_maraud,successful_mating,next_foraging_time,foraging_events,foraging_hrs,foraging_sqhrs,staying_events,staying_hrs,staying_sqhrs,repairing_events,repairing_hrs,repairing_sqhrs,marauding_events,marauding_hrs,marauding_sqhrs,traveling_events,traveling_hrs,traveling_sqhrs
0,0.0,8,360.27392491111385,581.0,68.2602275468123,13.579175117130804,1465.0,243.42298288131965,50.961796548193675,283.0,48.48152164014251,10.498352347864607,0.0,0.0,0.0,0.0,0.0,0.0
1,0.027,10,360.3614880623561,547.0,71.70336212404997,16.20345060663446,1709.0,287.96406965796376,60.913101087219786,0.0,0.0,0.0,4.0,0.4,0.04000000000000001,42.0,0.045784752358333354,4.991056067890257e-05
