id,probability_maraud,successful_mating,next_foraging_time,foraging_events,foraging_hrs,foraging_sqhrs,staying_events,staying_hrs,staying_sqhrs,repairing_events,repairing_hrs,repairing_sqhrs,marauding_events,marauding_hrs,marauding_sqhrs,traveling_events,traveling_hrs,traveling_sqhrs
0,0.0,10,359.9016752452058,574.0,72.13131170551051,15.181988539688938,1125.0,190.9757341246397,40.820609171968144,564.0,96.90685708816008,20.884166053988753,0.0,0.0,0.0,0.0,0.0,0.0
1,0.027,8,360.0228348524805,577.0,72.48186978724861,15.260280026199784,1717.0,286.680426980287,60.047516371950955,0.0,0.0,0.0,8.0,0.7999999999999999,0.08000000000000002,48.0,0.0523254312666667,5.7040640775888644e-05
