id,probability_maraud,successful_mating,next_foraging_time,foraging_events,foraging_hrs,foraging_sqhrs,staying_events,staying_hrs,staying_sqhrs,repairing_events,repairing_hrs,repairing_sqhrs,marauding_events,marauding_hrs,marauding_sqhrs,traveling_events,traveling_hrs,traveling_sqhrs
0,0.0,5,360.3008598779604,556.0,70.24482141500042,14.628611015128262,1262.0,217.29596595372288,47.106466856628046,426.0,72.47399182519949,15.424460951454183,0.0,0.0,0.0,0.0,0.0,0.0
1,0.027,13,360.2806978817605,562.0,70.18222628606195,14.415981615063,1720.0,289.3291669886784,61.46609873423992,0.0,0.0,0.0,6.0,0.6,0.06000000000000001,41.0,0.04469463920694446,4.872221399607156e-05
