id,probability_maraud,successful_mating,next_foraging_time,foraging_events,foraging_hrs,foraging_sqhrs,staying_events,staying_hrs,staying_sqhrs,repairing_events,repairing_hrs,repairing_sqhrs,marauding_events,marauding_hrs,marauding_sqhrs,traveling_events,traveling_hrs,traveling_sqhrs
0,0.0,10,360.2678221639248,566.0,69.46329262183865,13.687610127337848,1611.0,266.42063703026525,55.63400122855762,142.0,24.252921385403035,5.2546327163989694,0.0,0.0,0.0,0.0,0.0,0.0
1,0.027,8,360.57133446916,562.0,71.8507749345655,15.360263655059013,1716.0,288.01000232524666,60.90762909355166,0.0,0.0,0.0,2.0,0.2,0.020000000000000004,40.0,0.04360452605555557,4.753386731324055e-05
