id,probability_maraud,successful_mating,next_foraging_time,foraging_events,foraging_hrs,foraging_sqhrs,staying_events,staying_hrs,staying_sqhrs,repairing_events,repairing_hrs,repairing_sqhrs,marauding_events,marauding_hrs,marauding_sqhrs,traveling_events,traveling_hrs,traveling_sqhrs
0,0.0,5,360.05199997935875,570.0,73.03269999936883,14.780515325288974,1324.0,214.52227610446857,44.69671274536929,435.0,72.46414820128479,15.216620599277745,0.0,0.0,0.0,0.0,0.0,0.0
1,0.027,13,359.84861316387696,558.0,72.46991380333233,15.422213714374578,1726.0,286.9229958771707,60.514045439500826,0.0,0.0,0.0,6.0,0.6,0.06000000000000001,48.0,0.0523254312666667,5.7040640775888644e-05
