id,probability_maraud,successful_mating,next_foraging_time,foraging_events,foraging_hrs,foraging_sqhrs,staying_events,staying_hrs,staying_sqhrs,repairing_events,repairing_hrs,repairing_sqhrs,marauding_events,marauding_hrs,marauding_sqhrs,traveling_events,traveling_hrs,traveling_sqhrs
0,0.0,7,360.14385989280555,571.0,67.08322920893782,13.301202161705323,1198.0,208.49181436075312,45.54413500358373,508.0,84.53463382454723,17.723680062436824,0.0,0.0,0.0,0.0,0.0,0.0
1,0.027,11,360.2663294359642,553.0,75.25861983781323,17.505925788111384,1711.0,284.0066092927476,59.374581011986415,0.0,0.0,0.0,7.0,0.7,0.07,43.0,0.046874865509722245,5.1098907361733584e-05
