id,probability_maraud,successful_mating,next_foraging_time,foraging_events,foraging_hrs,foraging_sqhrs,staying_events,staying_hrs,staying_sqhrs,repairing_events,repairing_hrs,repairing_sqhrs,marauding_events,marauding_hrs,marauding_sqhrs,traveling_events,traveling_hrs,traveling_sqhrs
0,0.0,10,360.4199578698698,558.0,70.65497431216005,14.658098883363847,1414.0,241.2353904619961,51.56813338972513,286.0,48.19914645590755,10.44657536774986,0.0,0.0,0.0,0.0,0.0,0.0
1,0.027,8,360.37315352120373,571.0,71.15389975392027,14.547557095008344,1717.0,288.4345594297348,61.93533711058524,0.0,0.0,0.0,4.0,0.4,0.04000000000000001,46.0,0.05014520496388892,5.466394741022662e-05
