id,probability_maraud,successful_mating,next_foraging_time,foraging_events,foraging_hrs,foraging_sqhrs,staying_events,staying_hrs,staying_sqhrs,repairing_events,repairing_hrs,repairing_sqhrs,marauding_events,marauding_hrs,marauding_sqhrs,traveling_events,traveling_hrs,traveling_sqhrs
0,0.0,6,359.8810436219828,564.0,70.25352706940119,15.161427800798599,1022.0,173.02178071506756,37.41890095799146,663.0,116.78927338996166,25.88675565817541,0.0,0.0,0.0,0.0,0.0,0.0
1,0.027,11,360.7443578239968,565.0,67.36432811729458,13.04859925157263,1728.0,291.7986870236136,62.80892386500633,0.0,0.0,0.0,10.0,0.9999999999999999,0.10000000000000003,52.0,0.056685883872222266,6.179402750721269e-05
