id,probability_maraud,successful_mating,next_foraging_time,foraging_events,foraging_hrs,foraging_sqhrs,staying_events,staying_hrs,staying_sqhrs,repairing_events,repairing_hrs,repairing_sqhrs,marauding_events,marauding_hrs,marauding_sqhrs,traveling_events,traveling_hrs,traveling_sqhrs
0,0.0,9,359.81231947409196,562.0,72.52863567337835,15.571380535986162,1214.0,201.81745805934074,43.35355572530392,510.0,85.80849441403453,18.67153565985111,0.0,0.0,0.0,0.0,0.0,0.0
1,0.027,9,360.14933717108795,571.0,72.02376078869905,16.127126509423608,1713.0,287.42529759470233,61.64790688225796,0.0,0.0,0.0,8.0,0.7999999999999999,0.08000000000000002,50.0,0.054505657569444484,5.941733414155067e-05
