id,probability_maraud,successful_mating,next_foraging_time,foraging_events,foraging_hrs,foraging_sqhrs,staying_events,staying_hrs,staying_sqhrs,repairing_events,repairing_hrs,repairing_sqhrs,marauding_events,marauding_hrs,marauding_sqhrs,traveling_events,traveling_hrs,traveling_sqhrs
0,0.0,8,360.2489662641754,575.0,71.4324240087087,14.638236797155466,1369.0,228.1286541096492,47.87381563528878,364.0,60.55646627440113,12.783891118178579,0.0,0.0,0.0,0.0,0.0,0.0
1,0.027,10,360.04005840322475,571.0,71.57992251171116,14.620111439536126,1697.0,287.9595287945656,61.18780991636655,0.0,0.0,0.0,5.0,0.5,0.05000000000000001,44.0,0.047964978661111136,5.2287254044564596e-05
