id,probability_maraud,successful_mating,next_foraging_time,foraging_events,foraging_hrs,foraging_sqhrs,staying_events,staying_hrs,staying_sqhrs,repairing_events,repairing_hrs,repairing_sqhrs,marauding_events,marauding_hrs,marauding_sqhrs,traveling_events,traveling_hrs,traveling_sqhrs
0,0.0,7,359.93015214161215,558.0,74.44850729549272,16.239970222762928,1132.0,188.50707915139043,39.770972687949254,580.0,97.09093957855744,20.53938099066504,0.0,0.0,0.0,0.0,0.0,0.0
1,0.027,11,360.10667639133106,559.0,74.33763079220924,16.198096782559663,1711.0,284.9848971797094,60.40694924294787,0.0,0.0,0.0,8.0,0.7999999999999999,0.08000000000000002,43.0,0.046874865509722245,5.1098907361733584e-05
