id,probability_maraud,successful_mating,next_foraging_time,foraging_events,foraging_hrs,foraging_sqhrs,staying_events,staying_hrs,staying_sqhrs,repairing_events,repairing_hrs,repairing_sqhrs,marauding_events,marauding_hrs,marauding_sqhrs,traveling_events,traveling_hrs,traveling_sqhrs
0,0.0,6,360.2866458665039,554.0,70.51969476876015,15.033491463247955,902.0,156.39731855177632,33.73799021095291,786.0,133.36135938397032,28.611663991699718,0.0,0.0,0.0,0.0,0.0,0.0
1,0.027,12,360.1226384346456,582.0,68.34020919651616,13.269662104949454,1731.0,290.55097692066016,62.26762049035366,0.0,0.0,0.0,11.0,1.0999999999999999,0.11000000000000004,54.0,0.05886611017500005,6.417072087287473e-05
