id,probability_maraud,successful_mating,next_foraging_time,foraging_events,foraging_hrs,foraging_sqhrs,staying_events,staying_hrs,staying_sqhrs,repairing_events,repairing_hrs,repairing_sqhrs,marauding_events,marauding_hrs,marauding_sqhrs,traveling_events,traveling_hrs,traveling_sqhrs
0,0.0,6,360.0382963146503,580.0,72.97980734755693,15.42311801187582,1263.0,210.6095865701409,44.538076823548636,460.0,76.44060921255873,16.022482271672217,0.0,0.0,0.0,0.0,0.0,0.0
1,0.027,12,359.6552540705521,564.0,69.12681783641904,13.895501214781305,1700.0,290.1394700677853,62.15369889760373,0.0,0.0,0.0,7.0,0.7,0.07,42.0,0.045784752358333354,4.991056067890257e-05
