id,probability_maraud,successful_mating,next_foraging_time,foraging_events,foraging_hrs,foraging_sqhrs,staying_events,staying_hrs,staying_sqhrs,repairing_events,repairing_hrs,repairing_sqhrs,marauding_events,marauding_hrs,marauding_sqhrs,traveling_events,traveling_hrs,traveling_sqhrs
0,0.0,8,360.3146254300426,575.0,66.11025762593052,11.985646432634788,1159.0,196.8579001821955,42.734152395311646,580.0,97.16915544399232,20.61877366755803,0.0,0.0,0.0,0.0,0.0,0.0
1,0.027,10,360.65776712741433,573.0,68.58901120316627,13.758190400580041,1728.0,290.590325727991,61.42989908633044,0.0,0.0,0.0,8.0,0.7999999999999999,0.08000000000000002,52.0,0.056685883872222266,6.179402750721269e-05
