id,probability_maraud,successful_mating,next_foraging_time,foraging_events,foraging_hrs,foraging_sqhrs,staying_events,staying_hrs,staying_sqhrs,repairing_events,repairing_hrs,repairing_sqhrs,marauding_events,marauding_hrs,marauding_sqhrs,traveling_events,traveling_hrs,traveling_sqhrs
0,0.0,6,360.24115525924464,551.0,69.03211651756841,15.102285995777915,1363.0,230.6533184873041,50.142721765810826,349.0,60.39419660289508,13.005454096458532,0.0,0.0,0.0,0.0,0.0,0.0
1,0.027,12,359.9005937443634,572.0,71.41094955118062,14.156913777244407,1780.0,288.0583323966112,59.04855643852878,0.0,0.0,0.0,5.0,0.5,0.05000000000000001,36.0,0.03924407345000001,4.27804805819165e-05
