id,probability_maraud,successful_mating,next_foraging_time,foraging_events,foraging_hrs,foraging_sqhrs,staying_events,staying_hrs,staying_sqhrs,repairing_events,repairing_hrs,repairing_sqhrs,marauding_events,marauding_hrs,marauding_sqhrs,traveling_events,traveling_hrs,traveling_sqhrs
0,0.0,8,360.6949029325064,564.0,71.596540906275,14.680441530969993,1285.0,215.86865618554583,45.940123380809254,432.0,72.64844626673822,15.332171448923683,0.0,0.0,0.0,0.0,0.0,0.0
1,0.027,10,360.4323464912418,583.0,69.78649963725411,14.375952381724506,1743.0,289.58817334415727,60.991082902186726,0.0,0.0,0.0,6.0,0.6,0.06000000000000001,49.0,0.05341554441805559,5.8228987458719656e-05
