id,probability_maraud,successful_mating,next_foraging_time,foraging_events,foraging_hrs,foraging_sqhrs,staying_events,staying_hrs,staying_sqhrs,repairing_events,repairing_hrs,repairing_sqhrs,marauding_events,marauding_hrs,marauding_sqhrs,traveling_events,traveling_hrs,traveling_sqhrs
0,0.0,5,360.439713083512,554.0,72.03667180276524,14.941691857967799,1164.0,202.3138636573282,44.071312188868326,513.0,85.81484816448281,18.028267840451804,0.0,0.0,0.0,0.0,0.0,0.0
1,0.054,13,360.4333037999409,561.0,68.98713473002422,13.742919640043853,1729.0,289.47595453507347,61.16040369350243,0.0,0.0,0.0,15.0,1.5000000000000002,0.15000000000000008,108.0,0.2346978843999994,0.000510028675387369
