id,probability_maraud,successful_mating,next_foraging_time,foraging_events,foraging_hrs,foraging_sqhrs,staying_events,staying_hrs,staying_sqhrs,repairing_events,repairing_hrs,repairing_sqhrs,marauding_events,marauding_hrs,marauding_sqhrs,traveling_events,traveling_hrs,traveling_sqhrs
0,0.0,9,360.9700101351347,558.0,71.00073026492066,14.77315826719609,1223.0,204.16833195938338,43.609937224278674,520.0,85.20695762433924,17.82021841508214,0.0,0.0,0.0,0.0,0.0,0.0
1,0.054,9,360.46977251310545,569.0,71.41931776414378,14.674759368513836,1715.0,287.1550155643414,61.092949306765696,0.0,0.0,0.0,14.0,1.4000000000000001,0.14000000000000007,71.0,0.15429212770740727,0.00033529662918984433
