id,probability_maraud,successful_mating,next_foraging_time,foraging_events,foraging_hrs,foraging_sqhrs,staying_events,staying_hrs,staying_sqhrs,repairing_events,repairing_hrs,repairing_sqhrs,marauding_events,marauding_hrs,marauding_sqhrs,traveling_events,traveling_hrs,traveling_sqhrs
0,0.0,7,360.14175303003276,556.0,68.79256009051272,13.703912257797185,1346.0,228.96492886114714,48.893470415223135,352.0,62.26656104310693,13.73978465395747,0.0,0.0,0.0,0.0,0.0,0.0
1,0.054,11,359.995734639348,566.0,69.08866909289826,14.405372589238436,1686.0,289.75480302653034,62.288629206229956,0.0,0.0,0.0,11.0,1.0999999999999999,0.11000000000000004,102.0,0.2216591130444439,0.0004816937489769596
