id,probability_maraud,successful_mating,next_foraging_time,foraging_events,foraging_hrs,foraging_sqhrs,staying_events,staying_hrs,staying_sqhrs,repairing_events,repairing_hrs,repairing_sqhrs,marauding_events,marauding_hrs,marauding_sqhrs,traveling_events,traveling_hrs,traveling_sqhrs
0,0.0,8,360.0650000922449,558.0,73.8941419843743,16.153250426093766,1322.0,225.26488183113435,49.15449689417673,361.0,61.01209330278429,13.148039360950785,0.0,0.0,0.0,0.0,0.0,0.0
1,0.054,10,360.51267804104435,575.0,71.65773911585435,14.810648523784783,1701.0,287.21285095178285,62.34860965882646,0.0,0.0,0.0,10.0,0.9999999999999999,0.10000000000000003,102.0,0.2216591130444439,0.0004816937489769596
