id,probability_maraud,successful_mating,next_foraging_time,foraging_events,foraging_hrs,foraging_sqhrs,staying_events,staying_hrs,staying_sqhrs,repairing_events,repairing_hrs,repairing_sqhrs,marauding_events,marauding_hrs,marauding_sqhrs,traveling_events,traveling_hrs,traveling_sqhrs
0,0.0,6,360.091541960752,554.0,70.58721723390394,15.18063789199769,1279.0,216.22824771124715,46.11365351067019,440.0,73.44735119406516,15.536592224365117,0.0,0.0,0.0,0.0,0.0,0.0
1,0.054,12,360.32099740494255,560.0,69.28914595113987,14.139560386694301,1710.0,289.5358467430862,61.926052470838776,0.0,0.0,0.0,12.0,1.2,0.12000000000000005,95.0,0.2064472131296292,0.00044863633483148196
