id,probability_maraud,successful_mating,next_foraging_time,foraging_events,foraging_hrs,foraging_sqhrs,staying_events,staying_hrs,staying_sqhrs,repairing_events,repairing_hrs,repairing_sqhrs,marauding_events,marauding_hrs,marauding_sqhrs,traveling_events,traveling_hrs,traveling_sqhrs
0,0.0,6,360.271671438561,578.0,69.56273044357926,14.03571851781802,1316.0,223.56671394207063,47.914396092983786,391.0,66.92055888225013,14.279314725950377,0.0,0.0,0.0,0.0,0.0,0.0
1,0.054,12,360.51852283952024,562.0,73.66735443619562,15.788489540913321,1692.0,285.2006620874498,61.57378672311748,0.0,0.0,0.0,11.0,1.0999999999999999,0.11000000000000004,89.0,0.1934084417740737,0.00042030140842107256
