id,probability_maraud,successful_mating,next_foraging_time,foraging_events,foraging_hrs,foraging_sqhrs,staying_events,staying_hrs,staying_sqhrs,repairing_events,repairing_hrs,repairing_sqhrs,marauding_events,marauding_hrs,marauding_sqhrs,traveling_events,traveling_hrs,traveling_sqhrs
0,0.0,7,360.3088544703837,559.0,69.40227516503508,14.232988811218084,1073.0,181.57990253338247,38.596943418051296,650.0,109.02240737282578,22.83210341409804,0.0,0.0,0.0,0.0,0.0,0.0
1,0.054,11,359.97032420683263,565.0,67.21634800758005,13.247577641643879,1728.0,290.9627793476391,61.995746515186184,0.0,0.0,0.0,18.0,1.8000000000000005,0.1800000000000001,99.0,0.21513972736666617,0.0004675262857717549
