id,probability_maraud,successful_mating,next_foraging_time,foraging_events,foraging_hrs,foraging_sqhrs,staying_events,staying_hrs,staying_sqhrs,repairing_events,repairing_hrs,repairing_sqhrs,marauding_events,marauding_hrs,marauding_sqhrs,traveling_events,traveling_hrs,traveling_sqhrs
0,0.0,2,360.42754556715096,569.0,70.83784013521206,14.754435510891296,1025.0,173.08711932511025,36.79966419148584,685.0,116.13029222157773,25.0858826392833,0.0,0.0,0.0,0.0,0.0,0.0
1,0.054,16,360.61201460512655,559.0,71.48321357782298,15.149372429937385,1685.0,286.532217660367,61.725439080341,0.0,0.0,0.0,19.0,1.9000000000000006,0.1900000000000001,120.0,0.26077542711111046,0.0005666985282081878
