id,probability_maraud,successful_mating,next_foraging_time,foraging_events,foraging_hrs,foraging_sqhrs,staying_events,staying_hrs,staying_sqhrs,repairing_events,repairing_hrs,repairing_sqhrs,marauding_events,marauding_hrs,marauding_sqhrs,traveling_events,traveling_hrs,traveling_sqhrs
0,0.0,4,360.10201157573425,573.0,72.48256863928594,15.556702235434386,1229.0,208.1559811244729,44.16710092993081,468.0,79.53803547986313,17.24139939177102,0.0,0.0,0.0,0.0,0.0,0.0
1,0.054,14,360.6208041645155,585.0,71.47786754861498,14.585909635436515,1707.0,287.1151742149297,61.815389701416436,0.0,0.0,0.0,13.0,1.3,0.13000000000000006,91.0,0.1977546988925922,0.000429746383891209
