id,probability_maraud,successful_mating,next_foraging_time,foraging_events,foraging_hrs,foraging_sqhrs,staying_events,staying_hrs,staying_sqhrs,repairing_events,repairing_hrs,repairing_sqhrs,marauding_events,marauding_hrs,marauding_sqhrs,traveling_events,traveling_hrs,traveling_sqhrs
0,0.0,9,360.64345649861485,570.0,70.99120437813899,14.545557708750227,1082.0,180.0758091937238,38.12710565766882,632.0,109.06812041805661,23.9435837736716,0.0,0.0,0.0,0.0,0.0,0.0
1,0.054,9,360.1797173708844,566.0,67.71783559783756,13.479157390565812,1697.0,290.30655494299884,62.28229580579653,0.0,0.0,0.0,18.0,1.8000000000000005,0.1800000000000001,113.0,0.24556352719629562,0.0005336411140627102
