id,probability_maraud,successful_mating,next_foraging_time,foraging_events,foraging_hrs,foraging_sqhrs,staying_events,staying_hrs,staying_sqhrs,repairing_events,repairing_hrs,repairing_sqhrs,marauding_events,marauding_hrs,marauding_sqhrs,traveling_events,traveling_hrs,traveling_sqhrs
0,0.0,5,359.98369635343755,564.0,69.89386668767513,14.581034396826007,1100.0,184.1523502557146,39.2261131717367,609.0,106.06541738740117,23.778215538370596,0.0,0.0,0.0,0.0,0.0,0.0
1,0.054,13,360.1246857561565,567.0,71.14027515498144,14.569704924135769,1728.0,286.9528523346656,60.3488670968781,0.0,0.0,0.0,18.0,1.8000000000000005,0.1800000000000001,90.0,0.19558157033333295,0.0004250238961561408
