id,probability_maraud,successful_mating,next_foraging_time,foraging_events,foraging_hrs,foraging_sqhrs,staying_events,staying_hrs,staying_sqhrs,repairing_events,repairing_hrs,repairing_sqhrs,marauding_events,marauding_hrs,marauding_sqhrs,traveling_events,traveling_hrs,traveling_sqhrs
0,0.0,10,359.9850544546266,559.0,68.4857428785326,13.442517497517558,1351.0,230.668757480465,49.63122970207495,361.0,60.90438108873501,12.89662009658365,0.0,0.0,0.0,0.0,0.0,0.0
1,0.054,8,360.1826736438993,573.0,70.428093941506,14.700475609772994,1665.0,288.39151768000556,62.685161457276685,0.0,0.0,0.0,10.0,0.9999999999999999,0.10000000000000003,97.0,0.21079347024814768,0.00045808131030161843
