id,probability_maraud,successful_mating,next_foraging_time,foraging_events,foraging_hrs,foraging_sqhrs,staying_events,staying_hrs,staying_sqhrs,repairing_events,repairing_hrs,repairing_sqhrs,marauding_events,marauding_hrs,marauding_sqhrs,traveling_events,traveling_hrs,traveling_sqhrs
0,0.0,11,360.46881678656456,566.0,69.84784778070343,14.05986973995034,1413.0,235.03884248765314,49.90668717093654,329.0,55.13621027293685,11.676723855770868,0.0,0.0,0.0,0.0,0.0,0.0
1,0.054,7,360.4761143481334,577.0,70.56916237688563,14.621426172125483,1703.0,288.3960342454264,61.94760154590208,0.0,0.0,0.0,9.0,0.8999999999999999,0.09000000000000002,78.0,0.169504027622222,0.000368354043335322
