id,probability_maraud,successful_mating,next_foraging_time,foraging_events,foraging_hrs,foraging_sqhrs,staying_events,staying_hrs,staying_sqhrs,repairing_events,repairing_hrs,repairing_sqhrs,marauding_events,marauding_hrs,marauding_sqhrs,traveling_events,traveling_hrs,traveling_sqhrs
0,0.0,6,360.3503772472912,566.0,70.14985174207399,15.424121868591566,1359.0,235.29077185388962,51.57334157733529,332.0,54.643981259662404,11.49434587063019,0.0,0.0,0.0,0.0,0.0,0.0
1,0.054,11,360.10920291364323,573.0,67.23970464567891,12.875240882264643,1752.0,291.8004329390371,61.99479982410398,0.0,0.0,0.0,9.0,0.8999999999999999,0.09000000000000002,85.0,0.18471592753703672,0.0004014114574807996
