id,probability_maraud,successful_mating,next_foraging_time,foraging_events,foraging_hrs,foraging_sqhrs,staying_events,staying_hrs,staying_sqhrs,repairing_events,repairing_hrs,repairing_sqhrs,marauding_events,marauding_hrs,marauding_sqhrs,traveling_events,traveling_hrs,traveling_sqhrs
0,0.0,7,360.3991850608778,576.0,69.84395726585788,14.31371461871178,1393.0,228.9621080051579,47.84226259421819,370.0,61.397305070303155,13.106108206580988,0.0,0.0,0.0,0.0,0.0,0.0
1,0.054,11,360.25366923302397,558.0,71.32840772522837,15.31418484210787,1719.0,287.51555567493267,61.21078544367797,0.0,0.0,0.0,10.0,0.9999999999999999,0.10000000000000003,97.0,0.21079347024814768,0.00045808131030161843
