id,probability_maraud,successful_mating,next_foraging_time,foraging_events,foraging_hrs,foraging_sqhrs,staying_events,staying_hrs,staying_sqhrs,repairing_events,repairing_hrs,repairing_sqhrs,marauding_events,marauding_hrs,marauding_sqhrs,traveling_events,traveling_hrs,traveling_sqhrs
0,0.0,10,360.16581989445876,565.0,69.46686433669134,14.278685500000615,1230.0,211.5158860246854,45.54189090084464,464.0,79.02316893007514,17.048377401327148,0.0,0.0,0.0,0.0,0.0,0.0
1,0.054,8,360.2879843746535,570.0,69.74746062278282,14.56089213756196,1717.0,288.98872645133014,61.00133708587958,0.0,0.0,0.0,13.0,1.3,0.13000000000000006,81.0,0.17602341329999974,0.0003825215065405267
