id,probability_maraud,successful_mating,next_foraging_time,foraging_events,foraging_hrs,foraging_sqhrs,staying_events,staying_hrs,staying_sqhrs,repairing_events,repairing_hrs,repairing_sqhrs,marauding_events,marauding_hrs,marauding_sqhrs,traveling_events,traveling_hrs,traveling_sqhrs
0,0.0,5,360.50376878987237,573.0,70.01727205649424,14.649175373919654,1228.0,204.34374645669664,42.687680973306264,505.0,85.64854844767129,18.43730366431964,0.0,0.0,0.0,0.0,0.0,0.0
1,0.054,13,360.1511528633603,563.0,70.00222934897057,13.52066726986922,1701.0,288.49435682717797,61.862136297196656,0.0,0.0,0.0,14.0,1.4000000000000001,0.14000000000000007,109.0,0.23687101295925864,0.0005147511631224372
