id,probability_maraud,successful_mating,next_foraging_time,foraging_events,foraging_hrs,foraging_sqhrs,staying_events,staying_hrs,staying_sqhrs,repairing_events,repairing_hrs,repairing_sqhrs,marauding_events,marauding_hrs,marauding_sqhrs,traveling_events,traveling_hrs,traveling_sqhrs
0,0.0,10,360.6274222415292,558.0,68.02419817671672,15.030254808910426,1318.0,224.7622658835616,49.043974355878305,412.0,67.50837664636687,14.13975301383678,0.0,0.0,0.0,0.0,0.0,0.0
1,0.054,8,360.546623674906,557.0,69.9231045636461,14.604724244198167,1705.0,288.846511526956,62.357686868597185,0.0,0.0,0.0,11.0,1.0999999999999999,0.11000000000000004,116.0,0.25208291287407336,0.0005478085772679149
