id,probability_maraud,successful_mating,next_foraging_time,foraging_events,foraging_hrs,foraging_sqhrs,staying_events,staying_hrs,staying_sqhrs,repairing_events,repairing_hrs,repairing_sqhrs,marauding_events,marauding_hrs,marauding_sqhrs,traveling_events,traveling_hrs,traveling_sqhrs
0,0.0,6,360.2181394794031,567.0,69.63267364370259,14.324880411685553,985.0,167.29197450555583,35.56675976983086,751.0,123.11083189482383,25.91140928456906,0.0,0.0,0.0,0.0,0.0,0.0
1,0.054,12,359.9440455957073,561.0,72.76845707427563,15.389146258763924,1738.0,284.86812094651924,59.76518225513352,0.0,0.0,0.0,21.0,2.1000000000000005,0.21000000000000013,129.0,0.2803335841444439,0.0006092009178238019
