id,probability_maraud,successful_mating,next_foraging_time,foraging_events,foraging_hrs,foraging_sqhrs,staying_events,staying_hrs,staying_sqhrs,repairing_events,repairing_hrs,repairing_sqhrs,marauding_events,marauding_hrs,marauding_sqhrs,traveling_events,traveling_hrs,traveling_sqhrs
0,0.0,7,359.9329865910234,566.0,69.74073930596151,14.488215965011019,1397.0,241.57126407252585,53.03766362674349,291.0,48.697402095242595,10.564608471649686,0.0,0.0,0.0,0.0,0.0,0.0
1,0.054,11,360.5489177428312,559.0,69.66011630169774,14.216919070257427,1694.0,289.3671413861108,62.63248694680139,0.0,0.0,0.0,8.0,0.7999999999999999,0.08000000000000002,89.0,0.1934084417740737,0.00042030140842107256
