id,probability_maraud,successful_mating,next_foraging_time,foraging_events,foraging_hrs,foraging_sqhrs,staying_events,staying_hrs,staying_sqhrs,repairing_events,repairing_hrs,repairing_sqhrs,marauding_events,marauding_hrs,marauding_sqhrs,traveling_events,traveling_hrs,traveling_sqhrs
0,0.0,9,360.1866493847294,560.0,72.22487673006292,16.185099440318897,1352.0,232.75494075256464,50.1101339450689,340.0,55.08567849066244,11.356396498953808,0.0,0.0,0.0,0.0,0.0,0.0
1,0.054,9,360.34165473208594,566.0,72.79211428251052,15.008197171591137,1718.0,286.21225657439464,61.20154948494882,0.0,0.0,0.0,9.0,0.8999999999999999,0.09000000000000002,76.0,0.1651577705037035,0.0003589090678651855
