id,probability_maraud,successful_mating,next_foraging_time,foraging_events,foraging_hrs,foraging_sqhrs,staying_events,staying_hrs,staying_sqhrs,repairing_events,repairing_hrs,repairing_sqhrs,marauding_events,marauding_hrs,marauding_sqhrs,traveling_events,traveling_hrs,traveling_sqhrs
0,0.0,6,360.07703831122996,563.0,72.25857058869892,15.580622999842221,1144.0,194.96533988850234,41.77603627280223,552.0,92.78511397921831,19.465262785909747,0.0,0.0,0.0,0.0,0.0,0.0
1,0.054,12,360.143836054999,557.0,71.52033676128524,15.09132261054481,1705.0,286.8653940630595,61.60252967820765,0.0,0.0,0.0,16.0,1.6000000000000003,0.1600000000000001,101.0,0.21948598448518467,0.00047697126124189137
