id,probability_maraud,successful_mating,next_foraging_time,foraging_events,foraging_hrs,foraging_sqhrs,staying_events,staying_hrs,staying_sqhrs,repairing_events,repairing_hrs,repairing_sqhrs,marauding_events,marauding_hrs,marauding_sqhrs,traveling_events,traveling_hrs,traveling_sqhrs
0,0.0,6,360.0577511656751,549.0,69.03954911631699,14.389141460782891,1160.0,192.43688946070188,40.849127574049675,596.0,98.56785212489882,20.788726152605033,0.0,0.0,0.0,0.0,0.0,0.0
1,0.054,12,360.24662778892,571.0,71.01255959456768,14.968141178288533,1684.0,287.2972738231125,62.12021142291388,0.0,0.0,0.0,17.0,1.7000000000000004,0.1700000000000001,99.0,0.21513972736666617,0.0004675262857717549
