id,probability_maraud,successful_mating,next_foraging_time,foraging_events,foraging_hrs,foraging_sqhrs,staying_events,staying_hrs,staying_sqhrs,repairing_events,repairing_hrs,repairing_sqhrs,marauding_events,marauding_hrs,marauding_sqhrs,traveling_events,traveling_hrs,traveling_sqhrs
0,0.0,5,360.34886358076034,580.0,70.38787568536051,14.269882548598625,1168.0,199.42458162136413,42.757223833116726,553.0,90.39156455053943,18.719398424267236,0.0,0.0,0.0,0.0,0.0,0.0
1,0.054,13,360.3477040909164,569.0,70.3160342777954,14.315349836773493,1709.0,288.14668387829346,61.48391639727914,0.0,0.0,0.0,15.0,1.5000000000000002,0.15000000000000008,102.0,0.2216591130444439,0.0004816937489769596
