id,probability_maraud,successful_mating,next_foraging_time,foraging_events,foraging_hrs,foraging_sqhrs,staying_events,staying_hrs,staying_sqhrs,repairing_events,repairing_hrs,repairing_sqhrs,marauding_events,marauding_hrs,marauding_sqhrs,traveling_events,traveling_hrs,traveling_sqhrs
0,0.0,7,359.98749683696656,577.0,71.09740824668074,14.047710522874997,1329.0,224.40774726786134,47.96604730221709,377.0,64.50572585908287,13.61673173556527,0.0,0.0,0.0,0.0,0.0,0.0
1,0.054,11,360.27127460076076,567.0,66.9989716600093,13.57388718900111,1676.0,291.82567106154187,64.3751741209095,0.0,0.0,0.0,11.0,1.0999999999999999,0.11000000000000004,91.0,0.1977546988925922,0.000429746383891209
