id,probability_maraud,successful_mating,next_foraging_time,foraging_events,foraging_hrs,foraging_sqhrs,staying_events,staying_hrs,staying_sqhrs,repairing_events,repairing_hrs,repairing_sqhrs,marauding_events,marauding_hrs,marauding_sqhrs,traveling_events,traveling_hrs,traveling_sqhrs
0,0.0,6,360.5009189715473,556.0,69.49147188226742,13.923771471791717,1326.0,222.9301739941691,47.32037544496617,388.0,67.67201063225167,15.142901733878979,0.0,0.0,0.0,0.0,0.0,0.0
1,0.054,12,360.3604661346187,568.0,71.95473372479371,15.19743972324697,1736.0,286.7400187926182,59.94506054281835,0.0,0.0,0.0,11.0,1.0999999999999999,0.11000000000000004,97.0,0.21079347024814768,0.00045808131030161843
