id,probability_maraud,successful_mating,next_foraging_time,foraging_events,foraging_hrs,foraging_sqhrs,staying_events,staying_hrs,staying_sqhrs,repairing_events,repairing_hrs,repairing_sqhrs,marauding_events,marauding_hrs,marauding_sqhrs,traveling_events,traveling_hrs,traveling_sqhrs
0,0.0,6,360.66087384184686,565.0,70.63473224501855,14.591597867779148,1470.0,252.78034052990867,54.56834647132819,229.0,36.61842204948053,7.645150050113684,0.0,0.0,0.0,0.0,0.0,0.0
1,0.054,12,359.9871089619976,572.0,72.24417088241626,14.887828957893216,1690.0,287.0548344725373,61.104445700403105,0.0,0.0,0.0,6.0,0.6,0.06000000000000001,78.0,0.169504027622222,0.000368354043335322
