id,probability_maraud,successful_mating,next_foraging_time,foraging_events,foraging_hrs,foraging_sqhrs,staying_events,staying_hrs,staying_sqhrs,repairing_events,repairing_hrs,repairing_sqhrs,marauding_events,marauding_hrs,marauding_sqhrs,traveling_events,traveling_hrs,traveling_sqhrs
0,0.0,7,360.43026597138373,557.0,72.53710953939972,15.056170948146887,1212.0,202.16001178065204,42.19887870120648,519.0,85.36772573643776,18.036269639874416,0.0,0.0,0.0,0.0,0.0,0.0
1,0.054,11,360.51638345043443,573.0,73.66032359754999,15.547813695433836,1681.0,284.9161555554713,60.53149141369765,0.0,0.0,0.0,14.0,1.4000000000000001,0.14000000000000007,79.0,0.17167715618148124,0.0003730765310703902
