id,probability_maraud,successful_mating,next_foraging_time,foraging_events,foraging_hrs,foraging_sqhrs,staying_events,staying_hrs,staying_sqhrs,repairing_events,repairing_hrs,repairing_sqhrs,marauding_events,marauding_hrs,marauding_sqhrs,traveling_events,traveling_hrs,traveling_sqhrs
0,0.0,6,360.28966174584775,579.0,69.31433916153374,13.644577995919914,1169.0,193.04514599197978,40.6003702066001,570.0,97.738812622696,21.13629810045169,0.0,0.0,0.0,0.0,0.0,0.0
1,0.054,10,360.34562823304424,573.0,70.0017447073908,13.993761577092627,1717.0,288.37839077722975,60.79108036191654,0.0,0.0,0.0,16.0,1.6000000000000003,0.1600000000000001,90.0,0.19558157033333295,0.0004250238961561408
