id,probability_maraud,successful_mating,next_foraging_time,foraging_events,foraging_hrs,foraging_sqhrs,staying_events,staying_hrs,staying_sqhrs,repairing_events,repairing_hrs,repairing_sqhrs,marauding_events,marauding_hrs,marauding_sqhrs,traveling_events,traveling_hrs,traveling_sqhrs
0,0.0,3,359.7878687297778,565.0,73.58391663290433,15.309364054036086,1068.0,182.52076927800712,39.154702710131474,630.0,103.93620557869525,22.193399731854143,0.0,0.0,0.0,0.0,0.0,0.0
1,0.054,15,360.6146099835677,562.0,73.28202765513386,15.34675953247502,1642.0,285.0151524661205,62.59884636852652,0.0,0.0,0.0,17.0,1.7000000000000004,0.1700000000000001,109.0,0.23687101295925864,0.0005147511631224372
