id,probability_maraud,successful_mating,next_foraging_time,foraging_events,foraging_hrs,foraging_sqhrs,staying_events,staying_hrs,staying_sqhrs,repairing_events,repairing_hrs,repairing_sqhrs,marauding_events,marauding_hrs,marauding_sqhrs,traveling_events,traveling_hrs,traveling_sqhrs
0,0.0,2,360.30405903122085,564.0,69.97668850063451,14.260366854490876,1062.0,174.3618069607452,36.48649401340544,699.0,115.86045166969696,24.82818780811022,0.0,0.0,0.0,0.0,0.0,0.0
1,0.054,16,360.1331657304141,564.0,72.38621147326492,16.01929624679656,1673.0,285.4718670961002,61.24445558055193,0.0,0.0,0.0,20.0,2.0000000000000004,0.20000000000000012,109.0,0.23687101295925864,0.0005147511631224372
