id,probability_maraud,successful_mating,next_foraging_time,foraging_events,foraging_hrs,foraging_sqhrs,staying_events,staying_hrs,staying_sqhrs,repairing_events,repairing_hrs,repairing_sqhrs,marauding_events,marauding_hrs,marauding_sqhrs,traveling_events,traveling_hrs,traveling_sqhrs
0,0.0,7,360.1570577102361,566.0,67.0369804481493,13.194235205176916,1336.0,220.65709306510516,46.562436616756244,435.0,72.56468280469426,15.27175239676123,0.0,0.0,0.0,0.0,0.0,0.0
1,0.027,11,359.95089247712383,559.0,75.27123146400983,16.569972601519204,1699.0,283.3628882712972,60.231722523515536,0.0,0.0,0.0,6.0,0.6,0.06000000000000001,36.0,0.7812174112499998,0.016952795656670874
