id,probability_maraud,successful_mating,next_foraging_time,foraging_events,foraging_hrs,foraging_sqhrs,staying_events,staying_hrs,staying_sqhrs,repairing_events,repairing_hrs,repairing_sqhrs,marauding_events,marauding_hrs,marauding_sqhrs,traveling_events,traveling_hrs,traveling_sqhrs
0,0.0,6,360.373687303753,560.0,68.32891567449889,13.425889176344779,1199.0,206.75228669568682,45.36298451491377,510.0,85.03044834244787,18.284592633734114,0.0,0.0,0.0,0.0,0.0,0.0
1,0.027,12,360.32400718278626,580.0,70.08666099317631,14.57240971453222,1678.0,288.1826254374376,62.52783008278091,0.0,0.0,0.0,7.0,0.7,0.07,48.0,1.0416232149999998,0.022603727542227846
