id,probability_maraud,successful_mating,next_foraging_time,foraging_events,foraging_hrs,foraging_sqhrs,staying_events,staying_hrs,staying_sqhrs,repairing_events,repairing_hrs,repairing_sqhrs,marauding_events,marauding_hrs,marauding_sqhrs,traveling_events,traveling_hrs,traveling_sqhrs
0,0.0,14,360.00146298926416,559.0,70.6448252386262,14.824039257597668,1277.0,216.95014242609884,46.61061446331733,411.0,72.60488630654473,15.98252579324263,0.0,0.0,0.0,0.0,0.0,0.0
1,0.027,4,360.4938523616411,575.0,71.13786598149335,14.341846001740441,1709.0,287.47210023798874,60.56466154716842,0.0,0.0,0.0,6.0,0.6,0.06000000000000001,38.0,0.8246183785416664,0.017894617637597036
