id,probability_maraud,successful_mating,next_foraging_time,foraging_events,foraging_hrs,foraging_sqhrs,staying_events,staying_hrs,staying_sqhrs,repairing_events,repairing_hrs,repairing_sqhrs,marauding_events,marauding_hrs,marauding_sqhrs,traveling_events,traveling_hrs,traveling_sqhrs
0,0.0,7,360.005143551643,558.0,71.62933334192383,15.593104469527862,1201.0,203.5803643060111,44.050284958794514,504.0,84.85866119329171,18.29863795261331,0.0,0.0,0.0,0.0,0.0,0.0
1,0.027,11,359.9753007634003,575.0,68.82585321332441,14.517488193747328,1703.0,289.55703574469993,63.08332081878545,0.0,0.0,0.0,7.0,0.7,0.07,45.0,0.9765217640624997,0.021190994570838603
