id,probability_maraud,successful_mating,next_foraging_time,foraging_events,foraging_hrs,foraging_sqhrs,staying_events,staying_hrs,staying_sqhrs,repairing_events,repairing_hrs,repairing_sqhrs,marauding_events,marauding_hrs,marauding_sqhrs,traveling_events,traveling_hrs,traveling_sqhrs
0,0.0,7,360.30174170268214,566.0,71.65956636672568,15.167768388734215,1204.0,203.7427476789135,44.321857881411965,492.0,84.63551827733868,18.389803196883015,0.0,0.0,0.0,0.0,0.0,0.0
1,0.027,11,360.32291982796437,551.0,72.38690716520057,15.583202160238464,1732.0,285.893635138488,60.27585567783306,0.0,0.0,0.0,7.0,0.7,0.07,49.0,1.0633236986458332,0.023074638532690928
