id,probability_maraud,successful_mating,next_foraging_time,foraging_events,foraging_hrs,foraging_sqhrs,staying_events,staying_hrs,staying_sqhrs,repairing_events,repairing_hrs,repairing_sqhrs,marauding_events,marauding_hrs,marauding_sqhrs,traveling_events,traveling_hrs,traveling_sqhrs
0,0.0,2,360.07171034323363,570.0,70.34394311869033,14.308503303595938,1226.0,206.09784269978832,43.97374033336853,486.0,83.65982449837107,18.196382546062814,0.0,0.0,0.0,0.0,0.0,0.0
1,0.027,16,360.30865754843796,568.0,68.55642907367026,13.004755906147613,1729.0,289.8413186772222,62.43634548907659,0.0,0.0,0.0,7.0,0.7,0.07,45.0,0.9765217640624997,0.021190994570838603
