id,probability_maraud,successful_mating,next_foraging_time,foraging_events,foraging_hrs,foraging_sqhrs,staying_events,staying_hrs,staying_sqhrs,repairing_events,repairing_hrs,repairing_sqhrs,marauding_events,marauding_hrs,marauding_sqhrs,traveling_events,traveling_hrs,traveling_sqhrs
0,0.0,8,360.59610222398214,556.0,70.86558999653528,15.365115835526185,1279.0,216.3207966917871,45.889131612264435,446.0,72.87276546653955,15.392354291777012,0.0,0.0,0.0,0.0,0.0,0.0
1,0.027,10,360.4682587059192,560.0,73.03879545756584,15.13821133251827,1688.0,285.61871431907235,61.67287642585169,0.0,0.0,0.0,6.0,0.6,0.06000000000000001,35.0,0.7595169276041664,0.016481884666207793
