id,probability_maraud,successful_mating,next_foraging_time,foraging_events,foraging_hrs,foraging_sqhrs,staying_events,staying_hrs,staying_sqhrs,repairing_events,repairing_hrs,repairing_sqhrs,marauding_events,marauding_hrs,marauding_sqhrs,traveling_events,traveling_hrs,traveling_sqhrs
0,0.0,9,360.16606486430805,553.0,69.92899962816821,14.879715452326705,1268.0,217.53613134630365,45.99911702482536,445.0,72.56146342992577,14.932188979819419,0.0,0.0,0.0,0.0,0.0,0.0
1,0.027,9,360.4782040874267,561.0,74.85057683951688,17.316984865187308,1696.0,283.6020141918747,60.24143754191063,0.0,0.0,0.0,6.0,0.6,0.06000000000000001,52.0,1.1284251495833335,0.02448737150408017
