id,probability_maraud,successful_mating,next_foraging_time,foraging_events,foraging_hrs,foraging_sqhrs,staying_events,staying_hrs,staying_sqhrs,repairing_events,repairing_hrs,repairing_sqhrs,marauding_events,marauding_hrs,marauding_sqhrs,traveling_events,traveling_hrs,traveling_sqhrs
0,0.0,6,360.24869573948047,555.0,71.15910039969522,15.492556812752442,1128.0,192.07144053914425,40.91660361161566,591.0,96.85594795774014,20.67769323881405,0.0,0.0,0.0,0.0,0.0,0.0
1,0.027,12,360.35692135711065,570.0,72.61777103046738,14.533199060237957,1701.0,285.8645450208709,61.12110528308763,0.0,0.0,0.0,8.0,0.7999999999999999,0.08000000000000002,46.0,0.998222247708333,0.021661905561301684
