id,probability_maraud,successful_mating,next_foraging_time,foraging_events,foraging_hrs,foraging_sqhrs,staying_events,staying_hrs,staying_sqhrs,repairing_events,repairing_hrs,repairing_sqhrs,marauding_events,marauding_hrs,marauding_sqhrs,traveling_events,traveling_hrs,traveling_sqhrs
0,0.0,11,360.152368133693,548.0,68.88963502737221,14.34320149503153,1513.0,255.2542779146686,55.0246136965849,215.0,36.202732776895346,7.718344036315829,0.0,0.0,0.0,0.0,0.0,0.0
1,0.027,7,360.41999085160296,573.0,73.12992739147187,15.502494016071152,1701.0,285.5939981305658,60.72179764903302,0.0,0.0,0.0,3.0,0.30000000000000004,0.030000000000000006,46.0,0.998222247708333,0.021661905561301684
