id,probability_maraud,successful_mating,next_foraging_time,foraging_events,foraging_hrs,foraging_sqhrs,staying_events,staying_hrs,staying_sqhrs,repairing_events,repairing_hrs,repairing_sqhrs,marauding_events,marauding_hrs,marauding_sqhrs,traveling_events,traveling_hrs,traveling_sqhrs
0,0.0,6,360.34853174186793,580.0,69.62573349645415,14.68833418646665,1071.0,181.65209098966193,39.41629080182596,663.0,108.80219205898948,22.817160810546728,0.0,0.0,0.0,0.0,0.0,0.0
1,0.027,12,360.22747977620696,563.0,72.242093841738,15.774538498387043,1726.0,285.9766495162452,59.61371604996923,0.0,0.0,0.0,9.0,0.8999999999999999,0.09000000000000002,49.0,1.0633236986458332,0.023074638532690928
