id,probability_maraud,successful_mating,next_foraging_time,foraging_events,foraging_hrs,foraging_sqhrs,staying_events,staying_hrs,staying_sqhrs,repairing_events,repairing_hrs,repairing_sqhrs,marauding_events,marauding_hrs,marauding_sqhrs,traveling_events,traveling_hrs,traveling_sqhrs
0,0.0,7,360.10412475873545,560.0,72.16588330315639,15.847681426931864,1469.0,251.47872979073765,54.433939227063895,214.0,36.41028203676321,7.746332778486056,0.0,0.0,0.0,0.0,0.0,0.0
1,0.027,11,360.14966506664075,550.0,70.86875707675317,14.77751030855534,1718.0,288.02333796733626,62.1519849637077,0.0,0.0,0.0,3.0,0.30000000000000004,0.030000000000000006,42.0,0.9114203131249997,0.01977826159944936
