id,probability_maraud,successful_mating,next_foraging_time,foraging_events,foraging_hrs,foraging_sqhrs,staying_events,staying_hrs,staying_sqhrs,repairing_events,repairing_hrs,repairing_sqhrs,marauding_events,marauding_hrs,marauding_sqhrs,traveling_events,traveling_hrs,traveling_sqhrs
0,0.0,8,360.6140440862883,575.0,72.03763596468178,15.134303228421041,1410.0,239.69006647746446,51.25685616803402,288.0,48.30278642625692,10.416787008746041,0.0,0.0,0.0,0.0,0.0,0.0
1,0.027,10,359.9986190913048,570.0,71.57027165832393,15.476406712364023,1700.0,287.20744108151393,61.23175599799748,0.0,0.0,0.0,4.0,0.4,0.04000000000000001,43.0,0.933120796770833,0.02024917258991244
