id,probability_maraud,successful_mating,next_foraging_time,foraging_events,foraging_hrs,foraging_sqhrs,staying_events,staying_hrs,staying_sqhrs,repairing_events,repairing_hrs,repairing_sqhrs,marauding_events,marauding_hrs,marauding_sqhrs,traveling_events,traveling_hrs,traveling_sqhrs
0,0.0,12,359.9726442440097,570.0,67.57647555448067,13.84969859582103,1508.0,256.2276995364234,54.83644951896585,225.0,36.43015731193594,7.959768703466949,0.0,0.0,0.0,0.0,0.0,0.0
1,0.027,6,360.46334941762484,575.0,71.45644623095036,14.675788548436921,1717.0,287.5430722707434,61.51665205879342,0.0,0.0,0.0,3.0,0.30000000000000004,0.030000000000000006,33.0,0.7161159603124998,0.015540062685281632
