id,probability_maraud,successful_mating,next_foraging_time,foraging_events,foraging_hrs,foraging_sqhrs,staying_events,staying_hrs,staying_sqhrs,repairing_events,repairing_hrs,repairing_sqhrs,marauding_events,marauding_hrs,marauding_sqhrs,traveling_events,traveling_hrs,traveling_sqhrs
0,0.0,3,360.0884788026071,564.0,70.14981656112622,14.243005767220252,1296.0,217.4713133027112,46.51673557355231,426.0,72.42125510161218,15.812268333818947,0.0,0.0,0.0,0.0,0.0,0.0
1,0.027,15,360.18946627697943,567.0,72.06569856874812,15.594453682825304,1681.0,286.1202673627481,61.31623394930019,0.0,0.0,0.0,6.0,0.6,0.06000000000000001,57.0,1.2369275678125007,0.026841926456395576
