id,probability_maraud,successful_mating,next_foraging_time,foraging_events,foraging_hrs,foraging_sqhrs,staying_events,staying_hrs,staying_sqhrs,repairing_events,repairing_hrs,repairing_sqhrs,marauding_events,marauding_hrs,marauding_sqhrs,traveling_events,traveling_hrs,traveling_sqhrs
0,0.0,9,360.47479906544265,579.0,68.1253733733093,13.646996454812278,1289.0,219.04760766000467,46.6858195851211,441.0,72.85259538833641,15.361091605482414,0.0,0.0,0.0,0.0,0.0,0.0
1,0.027,9,360.3960802072951,567.0,71.41075734820713,14.807911260317209,1714.0,287.4525804538495,61.86313317947966,0.0,0.0,0.0,6.0,0.6,0.06000000000000001,35.0,0.7595169276041664,0.016481884666207793
