id,probability_maraud,successful_mating,next_foraging_time,foraging_events,foraging_hrs,foraging_sqhrs,staying_events,staying_hrs,staying_sqhrs,repairing_events,repairing_hrs,repairing_sqhrs,marauding_events,marauding_hrs,marauding_sqhrs,traveling_events,traveling_hrs,traveling_sqhrs
0,0.0,3,359.7480585131645,568.0,71.47506101289493,15.622783577931937,1415.0,237.1208997995674,50.49559623347108,322.0,51.41372780770564,10.739172113776274,0.0,0.0,0.0,0.0,0.0,0.0
1,0.027,15,360.06977502276783,554.0,69.9070874009916,14.903376154031388,1683.0,288.7905009450991,62.4246264115625,0.0,0.0,0.0,5.0,0.5,0.05000000000000001,38.0,0.8246183785416664,0.017894617637597036
