id,probability_maraud,successful_mating,next_foraging_time,foraging_events,foraging_hrs,foraging_sqhrs,staying_events,staying_hrs,staying_sqhrs,repairing_events,repairing_hrs,repairing_sqhrs,marauding_events,marauding_hrs,marauding_sqhrs,traveling_events,traveling_hrs,traveling_sqhrs
0,0.0,6,360.0480486448685,560.0,68.81757538972109,14.635226948182593,1252.0,206.66692945314364,43.24492600557345,512.0,84.53298309543553,17.88367435942236,0.0,0.0,0.0,0.0,0.0,0.0
1,0.027,12,360.41942658818124,570.0,72.2727208476181,15.075474513078793,1665.0,285.9933508859579,61.68757151217085,0.0,0.0,0.0,7.0,0.7,0.07,49.0,1.0633236986458332,0.023074638532690928
