id,probability_maraud,successful_mating,next_foraging_time,foraging_events,foraging_hrs,foraging_sqhrs,staying_events,staying_hrs,staying_sqhrs,repairing_events,repairing_hrs,repairing_sqhrs,marauding_events,marauding_hrs,marauding_sqhrs,traveling_events,traveling_hrs,traveling_sqhrs
0,0.0,8,360.16030821478535,566.0,70.44955799377458,15.015696468575285,1323.0,221.48356492618976,46.85463050442659,391.0,68.26737148916347,14.82075339716981,0.0,0.0,0.0,0.0,0.0,0.0
1,0.027,10,360.6653332857275,558.0,69.74947043611289,14.480867496166628,1696.0,288.8818689838391,62.36590991546259,0.0,0.0,0.0,6.0,0.6,0.06000000000000001,48.0,1.0416232149999998,0.022603727542227846
