id,probability_maraud,successful_mating,next_foraging_time,foraging_events,foraging_hrs,foraging_sqhrs,staying_events,staying_hrs,staying_sqhrs,repairing_events,repairing_hrs,repairing_sqhrs,marauding_events,marauding_hrs,marauding_sqhrs,traveling_events,traveling_hrs,traveling_sqhrs
0,0.0,3,360.5166999516648,558.0,72.72630680566802,15.47757382277982,1193.0,202.674478159541,43.76841407998264,479.0,84.69052020174695,18.7325298450117,0.0,0.0,0.0,0.0,0.0,0.0
1,0.027,15,360.0594384003899,563.0,69.68885832461105,14.926329746968054,1709.0,288.3297735939729,61.06135209189662,0.0,0.0,0.0,7.0,0.7,0.07,63.0,1.3671304696875013,0.029667392399174063
