id,probability_maraud,successful_mating,next_foraging_time,foraging_events,foraging_hrs,foraging_sqhrs,staying_events,staying_hrs,staying_sqhrs,repairing_events,repairing_hrs,repairing_sqhrs,marauding_events,marauding_hrs,marauding_sqhrs,traveling_events,traveling_hrs,traveling_sqhrs
0,0.0,6,359.9201771321088,549.0,70.47962448922567,15.004428273800759,1361.0,228.94380340212604,49.19086294129671,362.0,60.62897420018515,12.762299327734484,0.0,0.0,0.0,0.0,0.0,0.0
1,0.027,12,360.30203191613214,565.0,72.43728785794809,14.52349231005653,1673.0,286.05239481304864,61.80431944216213,0.0,0.0,0.0,5.0,0.5,0.05000000000000001,50.0,1.0850241822916666,0.02354554952315401
