id,probability_maraud,successful_mating,next_foraging_time,foraging_events,foraging_hrs,foraging_sqhrs,staying_events,staying_hrs,staying_sqhrs,repairing_events,repairing_hrs,repairing_sqhrs,marauding_events,marauding_hrs,marauding_sqhrs,traveling_events,traveling_hrs,traveling_sqhrs
0,0.0,7,360.72311091618474,558.0,70.17698935157203,14.433340211744964,1303.0,229.4515326883543,50.75660323999791,372.0,60.40732541072653,12.38399546237007,0.0,0.0,0.0,0.0,0.0,0.0
1,0.027,11,359.9582349072733,578.0,69.85544347870827,14.16516484378508,1683.0,288.91883669721005,62.25998061926769,0.0,0.0,0.0,5.0,0.5,0.05000000000000001,44.0,0.9548212804166664,0.020720083580375522
