id,probability_maraud,successful_mating,next_foraging_time,foraging_events,foraging_hrs,foraging_sqhrs,staying_events,staying_hrs,staying_sqhrs,repairing_events,repairing_hrs,repairing_sqhrs,marauding_events,marauding_hrs,marauding_sqhrs,traveling_events,traveling_hrs,traveling_sqhrs
0,0.0,11,360.28199706560827,567.0,71.4340065540166,14.722501544104112,1264.0,216.0028329033058,46.888275504630705,420.0,72.73575691306101,15.683737281317365,0.0,0.0,0.0,0.0,0.0,0.0
1,0.027,7,360.3463159768035,568.0,71.01003080639207,14.073708841948081,1697.0,287.5087029380893,61.676737057508966,0.0,0.0,0.0,6.0,0.6,0.06000000000000001,42.0,0.9114203131249997,0.01977826159944936
