id,probability_maraud,successful_mating,next_foraging_time,foraging_events,foraging_hrs,foraging_sqhrs,staying_events,staying_hrs,staying_sqhrs,repairing_events,repairing_hrs,repairing_sqhrs,marauding_events,marauding_hrs,marauding_sqhrs,traveling_events,traveling_hrs,traveling_sqhrs
0,0.0,8,360.1084477860064,567.0,68.51990243352604,14.134075574774544,1449.0,243.1153307240429,51.44042900273851,303.0,48.50591379491663,10.321429040980867,0.0,0.0,0.0,0.0,0.0,0.0
1,0.027,10,360.5919532030404,573.0,67.04491698109828,13.250989043949843,1742.0,291.90280751403714,62.301043569800946,0.0,0.0,0.0,4.0,0.4,0.04000000000000001,36.0,0.7812174112499998,0.016952795656670874
