id,probability_maraud,successful_mating,next_foraging_time,foraging_events,foraging_hrs,foraging_sqhrs,staying_events,staying_hrs,staying_sqhrs,repairing_events,repairing_hrs,repairing_sqhrs,marauding_events,marauding_hrs,marauding_sqhrs,traveling_events,traveling_hrs,traveling_sqhrs
0,0.0,6,360.00403375534705,560.0,71.22271577549955,14.891172139085654,1432.0,240.62860894748164,51.835902632678206,300.0,48.427378256196135,10.059392291535419,0.0,0.0,0.0,0.0,0.0,0.0
1,0.027,12,360.3432447134368,559.0,70.182342365554,15.099449140771348,1711.0,288.3920755761754,60.934742111749465,0.0,0.0,0.0,4.0,0.4,0.04000000000000001,49.0,1.0633236986458332,0.023074638532690928
