id,probability_maraud,successful_mating,next_foraging_time,foraging_events,foraging_hrs,foraging_sqhrs,staying_events,staying_hrs,staying_sqhrs,repairing_events,repairing_hrs,repairing_sqhrs,marauding_events,marauding_hrs,marauding_sqhrs,traveling_events,traveling_hrs,traveling_sqhrs
0,0.0,5,360.49879271710904,566.0,69.94767030467325,14.212030671701404,1405.0,229.8521446489271,48.26788656362958,357.0,60.37284599432058,12.796347533163091,0.0,0.0,0.0,0.0,0.0,0.0
1,0.027,13,360.24617803966527,563.0,68.7337641535665,13.557335489313884,1749.0,289.989809187628,61.208184043748545,0.0,0.0,0.0,5.0,0.5,0.05000000000000001,50.0,1.0850241822916666,0.02354554952315401
