id,probability_maraud,successful_mating,next_foraging_time,foraging_events,foraging_hrs,foraging_sqhrs,staying_events,staying_hrs,staying_sqhrs,repairing_events,repairing_hrs,repairing_sqhrs,marauding_events,marauding_hrs,marauding_sqhrs,traveling_events,traveling_hrs,traveling_sqhrs
0,0.0,4,360.25728960083603,559.0,74.44443931308439,17.44228349754433,1230.0,212.64677408735133,46.189724725469716,434.0,72.93641929631816,15.43986836270933,0.0,0.0,0.0,0.0,0.0,0.0
1,0.027,14,360.00979337971154,563.0,65.46039113686254,12.230449681384586,1694.0,293.35974406721084,63.57494365597564,0.0,0.0,0.0,6.0,0.6,0.06000000000000001,39.0,0.8463188621874997,0.018365528628060117
