id,probability_maraud,successful_mating,next_foraging_time,foraging_events,foraging_hrs,foraging_sqhrs,staying_events,staying_hrs,staying_sqhrs,repairing_events,repairing_hrs,repairing_sqhrs,marauding_events,marauding_hrs,marauding_sqhrs,traveling_events,traveling_hrs,traveling_sqhrs
0,0.0,8,360.10010475812845,581.0,68.50370444737834,13.414201961649495,1080.0,182.8021358413719,38.914997876470494,629.0,108.7504301845601,23.826320772593814,0.0,0.0,0.0,0.0,0.0,0.0
1,0.027,10,360.65656544358353,570.0,73.04028049447474,14.747435728689952,1689.0,284.8648495430359,61.21514311181331,0.0,0.0,0.0,9.0,0.8999999999999999,0.09000000000000002,56.0,1.2152270841666672,0.026371015465932495
