id,probability_maraud,successful_mating,next_foraging_time,foraging_events,foraging_hrs,foraging_sqhrs,staying_events,staying_hrs,staying_sqhrs,repairing_events,repairing_hrs,repairing_sqhrs,marauding_events,marauding_hrs,marauding_sqhrs,traveling_events,traveling_hrs,traveling_sqhrs
0,0.0,7,359.93740226728704,569.0,64.31545060495348,12.237256411862885,1527.0,259.2458682673562,56.3452019851028,229.0,36.45090409245261,7.204830987923401,0.0,0.0,0.0,0.0,0.0,0.0
1,0.027,11,360.6224956154106,568.0,71.56171527440509,14.75713063275131,1696.0,287.82348681751773,62.35284067541217,0.0,0.0,0.0,6.0,0.6,0.06000000000000001,49.0,0.05341554441805559,5.8228987458719656e-05
