id,probability_maraud,successful_mating,next_foraging_time,foraging_events,foraging_hrs,foraging_sqhrs,staying_events,staying_hrs,staying_sqhrs,repairing_events,repairing_hrs,repairing_sqhrs,marauding_events,marauding_hrs,marauding_sqhrs,traveling_events,traveling_hrs,traveling_sqhrs
0,0.0,10,360.19920301811396,559.0,70.04114699621326,14.598245560511943,1392.0,235.31559314961228,50.79853913419491,322.0,54.651805723524944,11.643502057393556,0.0,0.0,0.0,0.0,0.0,0.0
1,0.027,8,359.9978001516304,564.0,70.70356478791757,13.97085913361894,1692.0,288.36982498441444,61.83232635072072,0.0,0.0,0.0,9.0,0.8999999999999999,0.09000000000000002,33.0,0.03597373399583333,3.9215440533423464e-05
