id,probability_maraud,successful_mating,next_foraging_time,foraging_events,foraging_hrs,foraging_sqhrs,staying_events,staying_hrs,staying_sqhrs,repairing_events,repairing_hrs,repairing_sqhrs,marauding_events,marauding_hrs,marauding_sqhrs,traveling_events,traveling_hrs,traveling_sqhrs
0,0.0,8,360.25363211920245,572.0,71.23831423000657,15.226330374316836,1557.0,258.20649384393903,54.96509790110055,174.0,30.61468283106327,6.821488751792457,0.0,0.0,0.0,0.0,0.0,0.0
1,0.027,10,360.0966004794241,584.0,73.69431753321507,15.6257664277489,1675.0,285.79468353811507,61.54904207770309,0.0,0.0,0.0,5.0,0.5,0.05000000000000001,36.0,0.03924407345000001,4.27804805819165e-05
