id,probability_maraud,successful_mating,next_foraging_time,foraging_events,foraging_hrs,foraging_sqhrs,staying_events,staying_hrs,staying_sqhrs,repairing_events,repairing_hrs,repairing_sqhrs,marauding_events,marauding_hrs,marauding_sqhrs,traveling_events,traveling_hrs,traveling_sqhrs
0,0.0,6,360.0262924741099,569.0,70.85513976731754,14.480631169430666,1478.0,258.8675024719486,56.97775579172178,185.0,30.472649258753663,6.412609060169632,0.0,0.0,0.0,0.0,0.0,0.0
1,0.027,12,359.90733552700084,557.0,72.5964418059114,15.456153913729151,1691.0,286.9103850493427,61.31363386541032,0.0,0.0,0.0,5.0,0.5,0.05000000000000001,42.0,0.045784752358333354,4.991056067890257e-05
