id,probability_maraud,successful_mating,next_foraging_time,foraging_events,foraging_hrs,foraging_sqhrs,staying_events,staying_hrs,staying_sqhrs,repairing_events,repairing_hrs,repairing_sqhrs,marauding_events,marauding_hrs,marauding_sqhrs,traveling_events,traveling_hrs,traveling_sqhrs
0,0.0,3,360.14352051838597,566.0,69.45237828540265,13.701796470157518,1470.0,241.65998401139518,50.85569870271642,302.0,48.988716164047545,10.092177540632736,0.0,0.0,0.0,0.0,0.0,0.0
1,0.027,15,360.0166868343812,577.0,69.81696294777207,14.030467979409325,1734.0,289.61784996218097,61.75301825690095,0.0,0.0,0.0,8.0,0.7999999999999999,0.08000000000000002,48.0,0.0523254312666667,5.7040640775888644e-05
