id,probability_maraud,successful_mating,next_foraging_time,foraging_events,foraging_hrs,foraging_sqhrs,staying_events,staying_hrs,staying_sqhrs,repairing_events,repairing_hrs,repairing_sqhrs,marauding_events,marauding_hrs,marauding_sqhrs,traveling_events,traveling_hrs,traveling_sqhrs
0,0.0,7,360.1689781944525,567.0,67.63804062182527,13.793754475283034,1375.0,231.57940290596372,48.84953628028601,354.0,61.02731240076779,13.640246604063467,0.0,0.0,0.0,0.0,0.0,0.0
1,0.027,11,360.2586522935966,559.0,72.88379882835986,15.572708994815324,1703.0,286.12231740485635,60.93058236071104,0.0,0.0,0.0,10.0,0.9999999999999999,0.10000000000000003,53.0,0.05777599702361116,6.298237419004371e-05
