id,probability_maraud,successful_mating,next_foraging_time,foraging_events,foraging_hrs,foraging_sqhrs,staying_events,staying_hrs,staying_sqhrs,repairing_events,repairing_hrs,repairing_sqhrs,marauding_events,marauding_hrs,marauding_sqhrs,traveling_events,traveling_hrs,traveling_sqhrs
0,0.0,7,360.53321610819756,562.0,68.46034691061425,12.777988710939681,1438.0,242.85678631645624,52.477081328046985,292.0,48.981905203550895,10.488289539522095,0.0,0.0,0.0,0.0,0.0,0.0
1,0.027,11,360.22063765825385,577.0,70.2466367724679,14.162643846869681,1742.0,288.9434523265137,61.21573715165291,0.0,0.0,0.0,8.0,0.7999999999999999,0.08000000000000002,50.0,0.054505657569444484,5.941733414155067e-05
