id,probability_maraud,successful_mating,next_foraging_time,foraging_events,foraging_hrs,foraging_sqhrs,staying_events,staying_hrs,staying_sqhrs,repairing_events,repairing_hrs,repairing_sqhrs,marauding_events,marauding_hrs,marauding_sqhrs,traveling_events,traveling_hrs,traveling_sqhrs
0,0.0,10,360.0928450378947,560.0,71.86018193654873,14.711590238331715,1356.0,230.24739201362422,49.303086450642645,327.0,58.00875827044309,13.049525609741044,0.0,0.0,0.0,0.0,0.0,0.0
1,0.027,8,360.5355365089956,573.0,71.52531307428912,14.28434336087574,1679.0,287.4857272800185,62.15110319395686,0.0,0.0,0.0,10.0,0.9999999999999999,0.10000000000000003,52.0,0.056685883872222266,6.179402750721269e-05
