id,probability_maraud,successful_mating,next_foraging_time,foraging_events,foraging_hrs,foraging_sqhrs,staying_events,staying_hrs,staying_sqhrs,repairing_events,repairing_hrs,repairing_sqhrs,marauding_events,marauding_hrs,marauding_sqhrs,traveling_events,traveling_hrs,traveling_sqhrs
0,0.0,9,360.6997250549417,561.0,74.83904830299917,15.268343246177942,1404.0,236.6769559692633,49.94042063168516,279.0,48.74095393810669,10.856165724318892,0.0,0.0,0.0,0.0,0.0,0.0
1,0.027,9,360.3909844052691,563.0,70.08486072345218,14.563814146394854,1691.0,289.1222024223744,62.05928765320496,0.0,0.0,0.0,8.0,0.7999999999999999,0.08000000000000002,46.0,0.05014520496388892,5.466394741022662e-05
