id,probability_maraud,successful_mating,next_foraging_time,foraging_events,foraging_hrs,foraging_sqhrs,staying_events,staying_hrs,staying_sqhrs,repairing_events,repairing_hrs,repairing_sqhrs,marauding_events,marauding_hrs,marauding_sqhrs,traveling_events,traveling_hrs,traveling_sqhrs
0,0.0,9,360.4246896958266,562.0,68.90638755278438,13.76328987364899,1528.0,254.57393761963988,54.00468748206439,223.0,36.62606649511915,7.665689443796781,0.0,0.0,0.0,0.0,0.0,0.0
1,0.027,9,360.6215071670653,568.0,71.81744096576622,15.34479185339652,1695.0,287.8355216828523,62.01200336092632,0.0,0.0,0.0,6.0,0.6,0.06000000000000001,42.0,0.045784752358333354,4.991056067890257e-05
