id,probability_maraud,successful_mating,next_foraging_time,foraging_events,foraging_hrs,foraging_sqhrs,staying_events,staying_hrs,staying_sqhrs,repairing_events,repairing_hrs,repairing_sqhrs,marauding_events,marauding_hrs,marauding_sqhrs,traveling_events,traveling_hrs,traveling_sqhrs
0,0.0,9,360.42583591905645,556.0,71.32302533552485,15.185973015436964,1554.0,258.4237649480229,54.50326093746753,179.0,30.297466798930124,6.427826055389003,0.0,0.0,0.0,0.0,0.0,0.0
1,0.027,9,360.38973085973464,555.0,71.83021395844783,14.856326681997759,1700.0,287.68425841926864,62.68390385047269,0.0,0.0,0.0,5.0,0.5,0.05000000000000001,61.0,0.06649690223472228,7.248914765269186e-05
