id,probability_maraud,successful_mating,next_foraging_time,foraging_events,foraging_hrs,foraging_sqhrs,staying_events,staying_hrs,staying_sqhrs,repairing_events,repairing_hrs,repairing_sqhrs,marauding_events,marauding_hrs,marauding_sqhrs,traveling_events,traveling_hrs,traveling_sqhrs
0,0.0,5,360.14803223616434,568.0,72.28632045561064,15.226310065461961,1388.0,233.21006321283554,49.50137695298484,335.0,54.77014536008742,11.252551833370154,0.0,0.0,0.0,0.0,0.0,0.0
1,0.027,13,360.00165702095563,575.0,68.52857322884904,14.171683966398255,1721.0,290.52250472743987,62.07727508384629,0.0,0.0,0.0,9.0,0.8999999999999999,0.09000000000000002,66.0,0.07194746799166674,7.843088106684696e-05
