id,probability_maraud,successful_mating,next_foraging_time,foraging_events,foraging_hrs,foraging_sqhrs,staying_events,staying_hrs,staying_sqhrs,repairing_events,repairing_hrs,repairing_sqhrs,marauding_events,marauding_hrs,marauding_sqhrs,traveling_events,traveling_hrs,traveling_sqhrs
0,0.0,9,360.23933234368843,556.0,69.78954449190962,14.811230196948632,1518.0,256.75079349251854,55.48913054411123,205.0,33.5486221744766,7.1227397035991595,0.0,0.0,0.0,0.0,0.0,0.0
1,0.027,9,360.1537163337151,565.0,72.82869415963825,15.157495303890798,1712.0,286.59433166275625,60.80957576890551,0.0,0.0,0.0,6.0,0.6,0.06000000000000001,46.0,0.05014520496388892,5.466394741022662e-05
