id,probability_maraud,successful_mating,next_foraging_time,foraging_events,foraging_hrs,foraging_sqhrs,staying_events,staying_hrs,staying_sqhrs,repairing_events,repairing_hrs,repairing_sqhrs,marauding_events,marauding_hrs,marauding_sqhrs,traveling_events,traveling_hrs,traveling_sqhrs
0,0.0,6,360.3352979800679,566.0,74.06268468957953,16.091142443968664,1475.0,249.3632637335311,53.05427885499092,221.0,36.59972638150133,7.674468013637191,0.0,0.0,0.0,0.0,0.0,0.0
1,0.027,12,359.92357122551755,562.0,68.61229777101664,13.78511694671553,1708.0,290.74325433763283,63.215963028718065,0.0,0.0,0.0,6.0,0.6,0.06000000000000001,46.0,0.05014520496388892,5.466394741022662e-05
