id,probability_maraud,successful_mating,next_foraging_time,foraging_events,foraging_hrs,foraging_sqhrs,staying_events,staying_hrs,staying_sqhrs,repairing_events,repairing_hrs,repairing_sqhrs,marauding_events,marauding_hrs,marauding_sqhrs,traveling_events,traveling_hrs,traveling_sqhrs
0,0.0,5,360.6751293804782,553.0,66.26879566208186,13.947815528196065,1474.0,247.10989173733608,52.150202591165595,288.0,46.792121222408994,9.581575350816522,0.0,0.0,0.0,0.0,0.0,0.0
1,0.027,12,359.87224139413183,566.0,72.0881524590502,16.00180295344769,1700.0,287.1282877470729,62.14867825822737,0.0,0.0,0.0,8.0,0.7999999999999999,0.08000000000000002,39.0,0.04251441290416668,4.6345520630409536e-05
