id,probability_maraud,successful_mating,next_foraging_time,foraging_events,foraging_hrs,foraging_sqhrs,staying_events,staying_hrs,staying_sqhrs,repairing_events,repairing_hrs,repairing_sqhrs,marauding_events,marauding_hrs,marauding_sqhrs,traveling_events,traveling_hrs,traveling_sqhrs
0,0.0,7,360.36636619659373,569.0,74.68048414460085,15.801553984135058,1485.0,245.0210138135125,51.54978667776457,253.0,40.50600950120385,8.200469635126183,0.0,0.0,0.0,0.0,0.0,0.0
1,0.027,11,360.380932576131,578.0,68.5504773249452,13.45316439545407,1714.0,290.70125768550406,61.859166903796854,0.0,0.0,0.0,7.0,0.7,0.07,46.0,0.05014520496388892,5.466394741022662e-05
