id,probability_maraud,successful_mating,next_foraging_time,foraging_events,foraging_hrs,foraging_sqhrs,staying_events,staying_hrs,staying_sqhrs,repairing_events,repairing_hrs,repairing_sqhrs,marauding_events,marauding_hrs,marauding_sqhrs,traveling_events,traveling_hrs,traveling_sqhrs
0,0.0,9,360.5696981465636,565.0,72.94060532785693,16.712294474435673,1452.0,244.56049174309575,51.54703653218932,243.0,42.580350499273244,9.136330992933882,0.0,0.0,0.0,0.0,0.0,0.0
1,0.027,9,360.29275719412016,562.0,70.0665730111256,14.54439650365188,1722.0,289.2327570496316,61.787359837556615,0.0,0.0,0.0,7.0,0.7,0.07,41.0,0.04469463920694446,4.872221399607156e-05
