id,probability_maraud,successful_mating,next_foraging_time,foraging_events,foraging_hrs,foraging_sqhrs,staying_events,staying_hrs,staying_sqhrs,repairing_events,repairing_hrs,repairing_sqhrs,marauding_events,marauding_hrs,marauding_sqhrs,traveling_events,traveling_hrs,traveling_sqhrs
0,0.0,5,360.09477274074743,572.0,70.43586088741765,14.830174946767718,1509.0,253.24182771399322,54.00477636369798,212.0,36.55634761412396,7.703895634922336,0.0,0.0,0.0,0.0,0.0,0.0
1,0.027,13,360.2284357823812,560.0,74.038311321022,16.46048086968848,1650.0,285.4716659263493,62.107215214495774,0.0,0.0,0.0,6.0,0.6,0.06000000000000001,47.0,0.05123531811527781,5.585229409305763e-05
