id,probability_maraud,successful_mating,next_foraging_time,foraging_events,foraging_hrs,foraging_sqhrs,staying_events,staying_hrs,staying_sqhrs,repairing_events,repairing_hrs,repairing_sqhrs,marauding_events,marauding_hrs,marauding_sqhrs,traveling_events,traveling_hrs,traveling_sqhrs
0,0.0,7,360.6476516190668,577.0,70.34758240650483,14.334389700932936,1414.0,241.06376892852896,51.67085328152598,283.0,48.748542418950315,10.796152647137147,0.0,0.0,0.0,0.0,0.0,0.0
1,0.027,11,360.2156313891931,558.0,69.00762160851734,13.455559781776426,1718.0,290.2012927106446,62.174920704830754,0.0,0.0,0.0,8.0,0.7999999999999999,0.08000000000000002,37.0,0.0403341866013889,4.396882726474751e-05
