id,probability_maraud,successful_mating,next_foraging_time,foraging_events,foraging_hrs,foraging_sqhrs,staying_events,staying_hrs,staying_sqhrs,repairing_events,repairing_hrs,repairing_sqhrs,marauding_events,marauding_hrs,marauding_sqhrs,traveling_events,traveling_hrs,traveling_sqhrs
0,0.0,9,360.03587506599507,563.0,68.81432608059045,13.579089398031828,1413.0,242.26125843853353,52.19906298515699,281.0,48.9793193905937,10.783904219486116,0.0,0.0,0.0,0.0,0.0,0.0
1,0.027,9,360.3520446342282,561.0,74.23134749221754,15.88297012520886,1689.0,284.92599821315906,60.743866359682826,0.0,0.0,0.0,8.0,0.7999999999999999,0.08000000000000002,54.0,0.05886611017500005,6.417072087287473e-05
