id,probability_maraud,successful_mating,next_foraging_time,foraging_events,foraging_hrs,foraging_sqhrs,staying_events,staying_hrs,staying_sqhrs,repairing_events,repairing_hrs,repairing_sqhrs,marauding_events,marauding_hrs,marauding_sqhrs,traveling_events,traveling_hrs,traveling_sqhrs
0,0.0,7,360.3454213129388,563.0,72.24231253252599,15.94954918991296,1519.0,263.1834807841164,56.985720815179036,153.0,24.614624588468914,4.981120927144803,0.0,0.0,0.0,0.0,0.0,0.0
1,0.018,9,360.1302292979674,579.0,68.95587540877155,13.521221071919255,1756.0,290.7085051360948,61.95702522509651,0.0,0.0,0.0,4.0,0.4,0.04000000000000001,34.0,0.037063847147222224,4.0403787216254476e-05
