id,probability_maraud,successful_mating,next_foraging_time,foraging_events,foraging_hrs,foraging_sqhrs,staying_events,staying_hrs,staying_sqhrs,repairing_events,repairing_hrs,repairing_sqhrs,marauding_events,marauding_hrs,marauding_sqhrs,traveling_events,traveling_hrs,traveling_sqhrs
0,0.0,8,360.4388575326115,563.0,68.62517248731852,13.179023205693882,1605.0,273.1357021762921,58.52867227805763,110.0,18.304873982870955,3.7181755867524466,0.0,0.0,0.0,0.0,0.0,0.0
1,0.018,9,360.39016051609815,553.0,71.4946124064392,15.756571080031105,1754.0,288.330052182323,60.41317098605044,0.0,0.0,0.0,3.0,0.30000000000000004,0.030000000000000006,38.0,0.04142429975277779,4.5157173947578524e-05
