id,probability_maraud,successful_mating,next_foraging_time,foraging_events,foraging_hrs,foraging_sqhrs,staying_events,staying_hrs,staying_sqhrs,repairing_events,repairing_hrs,repairing_sqhrs,marauding_events,marauding_hrs,marauding_sqhrs,traveling_events,traveling_hrs,traveling_sqhrs
0,0.0,8,359.8479337087495,560.0,68.99800006051244,13.493703080901627,1643.0,272.5559908613074,57.18944074607609,116.0,18.45377732486273,3.6090219405121653,0.0,0.0,0.0,0.0,0.0,0.0
1,0.018,10,360.00660457431377,555.0,71.77104261096407,15.560195364390268,1712.0,288.0315765537574,61.18601941609173,0.0,0.0,0.0,3.0,0.30000000000000004,0.030000000000000006,25.0,0.027252828784722214,2.9708667070775368e-05
