id,probability_maraud,successful_mating,next_foraging_time,foraging_events,foraging_hrs,foraging_sqhrs,staying_events,staying_hrs,staying_sqhrs,repairing_events,repairing_hrs,repairing_sqhrs,marauding_events,marauding_hrs,marauding_sqhrs,traveling_events,traveling_hrs,traveling_sqhrs
0,0.0,3,360.3031223880894,565.0,77.30516648279784,18.767802074319743,1508.0,257.4436869739965,54.95329998878144,157.0,25.33452346835008,5.443313845519903,0.0,0.0,0.0,0.0,0.0,0.0
1,0.018,14,360.38107710146284,565.0,72.29103054900823,15.517001968214256,1674.0,287.31240145708153,61.9433509001167,0.0,0.0,0.0,5.0,0.5,0.05000000000000001,27.0,0.02943305508749999,3.208536043643739e-05
