id,probability_maraud,successful_mating,next_foraging_time,foraging_events,foraging_hrs,foraging_sqhrs,staying_events,staying_hrs,staying_sqhrs,repairing_events,repairing_hrs,repairing_sqhrs,marauding_events,marauding_hrs,marauding_sqhrs,traveling_events,traveling_hrs,traveling_sqhrs
0,0.0,8,359.9889670271926,574.0,68.63999566691014,13.245522540427087,1490.0,254.92038502602765,55.03877906754472,220.0,36.560733569005485,7.665216070834283,0.0,0.0,0.0,0.0,0.0,0.0
1,0.018,10,360.56769463436353,568.0,71.03852236311553,14.101755805710814,1728.0,288.37011563500585,60.485919905106726,0.0,0.0,0.0,6.0,0.6,0.06000000000000001,29.0,0.03161328139027777,3.4462053802099416e-05
