id,probability_maraud,successful_mating,next_foraging_time,foraging_events,foraging_hrs,foraging_sqhrs,staying_events,staying_hrs,staying_sqhrs,repairing_events,repairing_hrs,repairing_sqhrs,marauding_events,marauding_hrs,marauding_sqhrs,traveling_events,traveling_hrs,traveling_sqhrs
0,0.0,10,360.0801360284202,569.0,75.92733271148242,16.572392391648016,1500.0,253.64831283959725,54.091286106258366,186.0,30.455071588263817,6.295150254839523,0.0,0.0,0.0,0.0,0.0,0.0
1,0.018,8,360.4104696773165,567.0,70.34063139731234,15.259471995449385,1706.0,289.21243229094847,62.21421924188796,0.0,0.0,0.0,5.0,0.5,0.05000000000000001,34.0,0.037063847147222224,4.0403787216254476e-05
