id,probability_maraud,successful_mating,next_foraging_time,foraging_events,foraging_hrs,foraging_sqhrs,staying_events,staying_hrs,staying_sqhrs,repairing_events,repairing_hrs,repairing_sqhrs,marauding_events,marauding_hrs,marauding_sqhrs,traveling_events,traveling_hrs,traveling_sqhrs
0,0.0,10,360.1868892150672,572.0,67.93601327810762,12.760669753528987,1364.0,237.39176368825704,51.69618230668496,313.0,54.742810332274225,12.165827936872123,0.0,0.0,0.0,0.0,0.0,0.0
1,0.018,8,360.19373348335176,554.0,70.39657449227055,14.310735773475075,1679.0,288.7504026640295,62.08080561952313,0.0,0.0,0.0,9.0,0.8999999999999999,0.09000000000000002,38.0,0.04142429975277779,4.5157173947578524e-05
