id,probability_maraud,successful_mating,next_foraging_time,foraging_events,foraging_hrs,foraging_sqhrs,staying_events,staying_hrs,staying_sqhrs,repairing_events,repairing_hrs,repairing_sqhrs,marauding_events,marauding_hrs,marauding_sqhrs,traveling_events,traveling_hrs,traveling_sqhrs
0,0.0,9,360.4678633700116,567.0,73.35933597278435,16.106455754281836,1561.0,262.5337870097155,56.11148737037556,149.0,24.37966990459664,5.235370664019735,0.0,0.0,0.0,0.0,0.0,0.0
1,0.018,9,360.5056016310957,561.0,69.97649954455233,14.205730978056357,1695.0,289.651667785563,62.23321571442113,0.0,0.0,0.0,4.0,0.4,0.04000000000000001,28.0,0.030523168238888877,3.3273707119268404e-05
