id,probability_maraud,successful_mating,next_foraging_time,foraging_events,foraging_hrs,foraging_sqhrs,staying_events,staying_hrs,staying_sqhrs,repairing_events,repairing_hrs,repairing_sqhrs,marauding_events,marauding_hrs,marauding_sqhrs,traveling_events,traveling_hrs,traveling_sqhrs
0,0.0,7,360.551458396994,569.0,69.69100695964067,13.496905918885174,1651.0,278.15711147155986,59.98299633740569,81.0,12.243970808785297,2.5284651388275465,0.0,0.0,0.0,0.0,0.0,0.0
1,0.018,11,360.4411794955869,566.0,71.68682650177296,15.20288525324447,1698.0,288.31374288718985,62.563706308373945,0.0,0.0,0.0,2.0,0.2,0.020000000000000004,32.0,0.03488362084444444,3.802709385059245e-05
