id,probability_maraud,successful_mating,next_foraging_time,foraging_events,foraging_hrs,foraging_sqhrs,staying_events,staying_hrs,staying_sqhrs,repairing_events,repairing_hrs,repairing_sqhrs,marauding_events,marauding_hrs,marauding_sqhrs,traveling_events,traveling_hrs,traveling_sqhrs
0,0.0,7,360.32949043690206,566.0,70.06627863381264,14.187667737191795,1609.0,271.5324581142278,57.711222768167,121.0,18.4659217634352,3.7950220331043547,0.0,0.0,0.0,0.0,0.0,0.0
1,0.018,11,360.05483118717984,578.0,73.77429593302635,15.45269407659922,1701.0,285.9677695735281,61.37942476768335,0.0,0.0,0.0,3.0,0.30000000000000004,0.030000000000000006,23.0,0.02507260248194444,2.7331973705113337e-05
