id,probability_maraud,successful_mating,next_foraging_time,foraging_events,foraging_hrs,foraging_sqhrs,staying_events,staying_hrs,staying_sqhrs,repairing_events,repairing_hrs,repairing_sqhrs,marauding_events,marauding_hrs,marauding_sqhrs,traveling_events,traveling_hrs,traveling_sqhrs
0,0.0,8,360.14311694160415,555.0,68.85126112264022,14.055761492915801,1394.0,235.0405074565697,50.10989121199814,324.0,56.143370489577336,12.096653228162948,0.0,0.0,0.0,0.0,0.0,0.0
1,0.018,10,360.1725801034423,577.0,71.90877905370762,14.858985944633131,1684.0,287.10874527319515,61.71161323886438,0.0,0.0,0.0,10.0,0.9999999999999999,0.10000000000000003,34.0,0.037063847147222224,4.0403787216254476e-05
