id,probability_maraud,successful_mating,next_foraging_time,foraging_events,foraging_hrs,foraging_sqhrs,staying_events,staying_hrs,staying_sqhrs,repairing_events,repairing_hrs,repairing_sqhrs,marauding_events,marauding_hrs,marauding_sqhrs,traveling_events,traveling_hrs,traveling_sqhrs
0,0.0,11,360.48426010148506,568.0,71.49766605056547,14.30564445105476,1555.0,258.0345113716892,54.95476711353251,178.0,30.470035245040574,6.60815325580638,0.0,0.0,0.0,0.0,0.0,0.0
1,0.018,7,359.95327181747183,567.0,66.98392684168554,13.558687785690227,1739.0,292.47857783025347,61.92655724368004,0.0,0.0,0.0,5.0,0.5,0.05000000000000001,36.0,0.03924407345000001,4.27804805819165e-05
