id,probability_maraud,successful_mating,next_foraging_time,foraging_events,foraging_hrs,foraging_sqhrs,staying_events,staying_hrs,staying_sqhrs,repairing_events,repairing_hrs,repairing_sqhrs,marauding_events,marauding_hrs,marauding_sqhrs,traveling_events,traveling_hrs,traveling_sqhrs
0,0.0,7,360.41572333955065,563.0,72.8952255141262,15.682326544666363,1527.0,257.72751169480466,55.5876712456635,187.0,29.392371278832602,5.941208629778082,0.0,0.0,0.0,0.0,0.0,0.0
1,0.018,11,360.17782505896963,572.0,70.42452495406174,14.416713432496438,1724.0,289.3505679381511,61.74360582584829,0.0,0.0,0.0,5.0,0.5,0.05000000000000001,26.0,0.028342941936111102,3.089701375360638e-05
