id,probability_maraud,successful_mating,next_foraging_time,foraging_events,foraging_hrs,foraging_sqhrs,staying_events,staying_hrs,staying_sqhrs,repairing_events,repairing_hrs,repairing_sqhrs,marauding_events,marauding_hrs,marauding_sqhrs,traveling_events,traveling_hrs,traveling_sqhrs
0,0.0,11,360.03064373414514,564.0,70.90322133482117,15.363046228216547,1628.0,276.8965133718989,59.80497014985949,79.0,12.325156208537665,2.40841254925362,0.0,0.0,0.0,0.0,0.0,0.0
1,0.018,7,360.1308011184691,566.0,71.0722471961547,14.600425878762312,1698.0,288.88069713787417,62.03623073011968,0.0,0.0,0.0,2.0,0.2,0.020000000000000004,31.0,0.03379350769305555,3.683874716776144e-05
