id,probability_maraud,successful_mating,next_foraging_time,foraging_events,foraging_hrs,foraging_sqhrs,staying_events,staying_hrs,staying_sqhrs,repairing_events,repairing_hrs,repairing_sqhrs,marauding_events,marauding_hrs,marauding_sqhrs,traveling_events,traveling_hrs,traveling_sqhrs
0,0.0,8,360.5205017235838,581.0,66.07457603907338,12.296425939995585,1545.0,261.4649794198015,56.31874182064051,189.0,32.59109718146494,7.096683124555386,0.0,0.0,0.0,0.0,0.0,0.0
1,0.018,10,360.0928598201816,560.0,71.54155814250633,14.126541124807806,1713.0,287.86163049349994,61.64677587955092,0.0,0.0,0.0,6.0,0.6,0.06000000000000001,22.0,0.02398248933055555,2.6143627022282322e-05
