id,probability_maraud,successful_mating,next_foraging_time,foraging_events,foraging_hrs,foraging_sqhrs,staying_events,staying_hrs,staying_sqhrs,repairing_events,repairing_hrs,repairing_sqhrs,marauding_events,marauding_hrs,marauding_sqhrs,traveling_events,traveling_hrs,traveling_sqhrs
0,0.0,11,360.06028304928776,572.0,68.38425737141951,13.252665494621969,1687.0,279.64017135570657,58.81397344368646,73.0,12.178351925048828,2.5604081347097853,0.0,0.0,0.0,0.0,0.0,0.0
1,0.018,7,359.9183023456047,562.0,70.01032218892357,14.559346061835305,1728.0,289.99578605321835,61.42782480771571,0.0,0.0,0.0,2.0,0.2,0.020000000000000004,20.0,0.021802263027777775,2.376693365662029e-05
