id,probability_maraud,successful_mating,next_foraging_time,foraging_events,foraging_hrs,foraging_sqhrs,staying_events,staying_hrs,staying_sqhrs,repairing_events,repairing_hrs,repairing_sqhrs,marauding_events,marauding_hrs,marauding_sqhrs,traveling_events,traveling_hrs,traveling_sqhrs
0,0.0,6,359.91364161446194,575.0,69.53109280069226,14.656218464406003,1484.0,253.75855891728017,54.67254994300175,205.0,36.81020594960882,8.205578010255609,0.0,0.0,0.0,0.0,0.0,0.0
1,0.018,12,360.42182057208106,574.0,73.1123068808822,15.825516964686996,1708.0,286.31947245880673,61.2929993529363,0.0,0.0,0.0,6.0,0.6,0.06000000000000001,37.0,0.0403341866013889,4.396882726474751e-05
