id,probability_maraud,successful_mating,next_foraging_time,foraging_events,foraging_hrs,foraging_sqhrs,staying_events,staying_hrs,staying_sqhrs,repairing_events,repairing_hrs,repairing_sqhrs,marauding_events,marauding_hrs,marauding_sqhrs,traveling_events,traveling_hrs,traveling_sqhrs
0,0.0,10,360.48660600150845,579.0,70.19385235442608,14.013063139124649,1490.0,253.2868401382436,54.237985616965624,220.0,36.5493850122832,7.936868402372718,0.0,0.0,0.0,0.0,0.0,0.0
1,0.018,8,360.3232713341164,572.0,76.3902924028992,17.2731131215542,1685.0,283.1034874487278,59.78041783479878,0.0,0.0,0.0,6.0,0.6,0.06000000000000001,32.0,0.03488362084444444,3.802709385059245e-05
