id,probability_maraud,successful_mating,next_foraging_time,foraging_events,foraging_hrs,foraging_sqhrs,staying_events,staying_hrs,staying_sqhrs,repairing_events,repairing_hrs,repairing_sqhrs,marauding_events,marauding_hrs,marauding_sqhrs,traveling_events,traveling_hrs,traveling_sqhrs
0,0.0,7,360.0479672185199,575.0,68.25715813873056,14.113758346895438,1432.0,243.33247632197632,52.41527127733781,289.0,48.521200187033315,10.387908014403305,0.0,0.0,0.0,0.0,0.0,0.0
1,0.018,11,360.3311570508949,558.0,73.63673512560955,15.921496642017086,1740.0,285.7627002836182,59.24719501588799,0.0,0.0,0.0,8.0,0.7999999999999999,0.08000000000000002,35.0,0.038153960298611116,4.159213389908549e-05
