id,probability_maraud,successful_mating,next_foraging_time,foraging_events,foraging_hrs,foraging_sqhrs,staying_events,staying_hrs,staying_sqhrs,repairing_events,repairing_hrs,repairing_sqhrs,marauding_events,marauding_hrs,marauding_sqhrs,traveling_events,traveling_hrs,traveling_sqhrs
0,0.0,7,359.7408025185608,564.0,70.56744090651611,14.878960059703711,1585.0,265.35829095661023,56.892986144449246,140.0,24.14586402300062,5.193241343093482,0.0,0.0,0.0,0.0,0.0,0.0
1,0.018,11,360.01047908570706,559.0,67.28966489271174,13.313846584306637,1722.0,292.2812543562246,63.23922886890886,0.0,0.0,0.0,4.0,0.4,0.04000000000000001,33.0,0.03597373399583333,3.9215440533423464e-05
