id,probability_maraud,successful_mating,next_foraging_time,foraging_events,foraging_hrs,foraging_sqhrs,staying_events,staying_hrs,staying_sqhrs,repairing_events,repairing_hrs,repairing_sqhrs,marauding_events,marauding_hrs,marauding_sqhrs,traveling_events,traveling_hrs,traveling_sqhrs
0,0.0,7,360.24986738900117,556.0,69.46586645371237,13.890141533852828,1584.0,266.2291829738381,57.521310817439456,150.0,24.349021064216597,4.949214966215629,0.0,0.0,0.0,0.0,0.0,0.0
1,0.018,11,360.10360468435965,565.0,71.6874083428873,14.27474011395343,1684.0,287.9938912870773,62.823497008212314,0.0,0.0,0.0,4.0,0.4,0.04000000000000001,30.0,0.03270339454166666,3.565040048493043e-05
