id,probability_maraud,successful_mating,next_foraging_time,foraging_events,foraging_hrs,foraging_sqhrs,staying_events,staying_hrs,staying_sqhrs,repairing_events,repairing_hrs,repairing_sqhrs,marauding_events,marauding_hrs,marauding_sqhrs,traveling_events,traveling_hrs,traveling_sqhrs
0,0.0,8,360.50827454133804,566.0,67.34774855323417,13.098207971410998,1541.0,262.34493549865175,56.77169192139306,173.0,30.464495626035447,6.49572977712443,0.0,0.0,0.0,0.0,0.0,0.0
1,0.018,10,360.40667421486285,566.0,70.21899869986231,14.59337564243615,1696.0,289.3138494817464,62.39410490282935,0.0,0.0,0.0,5.0,0.5,0.05000000000000001,25.0,0.027252828784722214,2.9708667070775368e-05
