id,probability_maraud,successful_mating,next_foraging_time,foraging_events,foraging_hrs,foraging_sqhrs,staying_events,staying_hrs,staying_sqhrs,repairing_events,repairing_hrs,repairing_sqhrs,marauding_events,marauding_hrs,marauding_sqhrs,traveling_events,traveling_hrs,traveling_sqhrs
0,0.0,9,360.43639800184275,547.0,71.83307052697918,15.45298774558308,1563.0,263.8125556037553,56.98446300800822,136.0,24.536293389132876,5.504920134215055,0.0,0.0,0.0,0.0,0.0,0.0
1,0.018,9,360.6877986312914,566.0,72.49531042256845,15.54285914080681,1734.0,287.1462040249221,60.04440269738748,0.0,0.0,0.0,4.0,0.4,0.04000000000000001,31.0,0.03379350769305555,3.683874716776144e-05
