id,probability_maraud,successful_mating,next_foraging_time,foraging_events,foraging_hrs,foraging_sqhrs,staying_events,staying_hrs,staying_sqhrs,repairing_events,repairing_hrs,repairing_sqhrs,marauding_events,marauding_hrs,marauding_sqhrs,traveling_events,traveling_hrs,traveling_sqhrs
0,0.0,5,360.0938816564916,546.0,70.92816900065141,16.616250884216377,1539.0,258.72344684103734,55.668642547389226,183.0,30.377594476141983,6.343373055767052,0.0,0.0,0.0,0.0,0.0,0.0
1,0.018,13,360.34987999075867,580.0,72.66784396294226,15.050067981076769,1724.0,286.82849506184857,60.8298971228667,0.0,0.0,0.0,5.0,0.5,0.05000000000000001,27.0,0.02943305508749999,3.208536043643739e-05
