id,probability_maraud,successful_mating,next_foraging_time,foraging_events,foraging_hrs,foraging_sqhrs,staying_events,staying_hrs,staying_sqhrs,repairing_events,repairing_hrs,repairing_sqhrs,marauding_events,marauding_hrs,marauding_sqhrs,traveling_events,traveling_hrs,traveling_sqhrs
0,0.0,7,360.13143402295987,571.0,70.09683023185588,14.421493075184483,1581.0,265.5817440761202,56.94465295622138,144.0,24.405506322643888,5.292031644918344,0.0,0.0,0.0,0.0,0.0,0.0
1,0.018,11,360.9252958159069,575.0,69.60943028204788,14.542153279695057,1765.0,290.21586998253304,60.89947013152357,0.0,0.0,0.0,4.0,0.4,0.04000000000000001,30.0,0.03270339454166666,3.565040048493043e-05
