id,probability_maraud,successful_mating,next_foraging_time,foraging_events,foraging_hrs,foraging_sqhrs,staying_events,staying_hrs,staying_sqhrs,repairing_events,repairing_hrs,repairing_sqhrs,marauding_events,marauding_hrs,marauding_sqhrs,traveling_events,traveling_hrs,traveling_sqhrs
0,0.0,9,360.19228659908777,554.0,70.0960519058318,14.552705634764921,1589.0,271.8124670969245,59.25802776915754,114.0,18.124584264977624,3.49860383090908,0.0,0.0,0.0,0.0,0.0,0.0
1,0.018,9,360.19575633439257,554.0,72.39288390069241,16.258522132338484,1721.0,287.38635727689814,61.19534073280635,0.0,0.0,0.0,3.0,0.30000000000000004,0.030000000000000006,38.0,0.04142429975277779,4.5157173947578524e-05
