id,probability_maraud,successful_mating,next_foraging_time,foraging_events,foraging_hrs,foraging_sqhrs,staying_events,staying_hrs,staying_sqhrs,repairing_events,repairing_hrs,repairing_sqhrs,marauding_events,marauding_hrs,marauding_sqhrs,traveling_events,traveling_hrs,traveling_sqhrs
0,0.0,5,359.8565626881124,567.0,69.1273266588968,13.091723284800214,1527.0,260.46527280917627,55.74514501365785,176.0,30.46614290000966,6.531597851840041,0.0,0.0,0.0,0.0,0.0,0.0
1,0.018,13,360.0039846113423,570.0,73.75735862325617,16.623482126323616,1703.0,285.98539822639395,60.80149308179765,0.0,0.0,0.0,5.0,0.5,0.05000000000000001,22.0,0.02398248933055555,2.6143627022282322e-05
