id,probability_maraud,successful_mating,next_foraging_time,foraging_events,foraging_hrs,foraging_sqhrs,staying_events,staying_hrs,staying_sqhrs,repairing_events,repairing_hrs,repairing_sqhrs,marauding_events,marauding_hrs,marauding_sqhrs,traveling_events,traveling_hrs,traveling_sqhrs
0,0.0,2,360.2585078432252,554.0,67.73484882398043,14.115416683360365,1355.0,231.7213217459702,49.367256035611575,348.0,60.594657700829956,13.516906854715765,0.0,0.0,0.0,0.0,0.0,0.0
1,0.027,16,360.0500203654845,558.0,72.45790500249255,16.078605661473823,1649.0,286.87184538297964,62.68298824415021,0.0,0.0,0.0,6.0,0.6,0.06000000000000001,43.0,0.09344452804814818,0.00020306697260793376
