id,probability_maraud,successful_mating,next_foraging_time,foraging_events,foraging_hrs,foraging_sqhrs,staying_events,staying_hrs,staying_sqhrs,repairing_events,repairing_hrs,repairing_sqhrs,marauding_events,marauding_hrs,marauding_sqhrs,traveling_events,traveling_hrs,traveling_sqhrs
0,0.0,3,360.42404986430796,555.0,70.32632005488142,15.21932501052019,1014.0,170.98785878971003,36.50352567924442,699.0,118.92910850517964,25.510493008931856,0.0,0.0,0.0,0.0,0.0,0.0
1,0.027,15,360.00540312598343,578.0,72.41789699644394,14.807346228987896,1717.0,286.5833857542131,61.60541803229098,0.0,0.0,0.0,10.0,0.9999999999999999,0.10000000000000003,56.0,0.12169519931851856,0.0002644593131638208
