id,probability_maraud,successful_mating,next_foraging_time,foraging_events,foraging_hrs,foraging_sqhrs,staying_events,staying_hrs,staying_sqhrs,repairing_events,repairing_hrs,repairing_sqhrs,marauding_events,marauding_hrs,marauding_sqhrs,traveling_events,traveling_hrs,traveling_sqhrs
0,0.0,7,359.91640677855617,567.0,70.10842556064044,14.164976458550901,1222.0,205.11429593930364,44.29897939786767,497.0,84.78905240591567,18.426263430471554,0.0,0.0,0.0,0.0,0.0,0.0
1,0.027,11,360.4544182097256,567.0,70.41128756893124,14.356425746833121,1723.0,288.8272501103553,61.31319605300335,0.0,0.0,0.0,7.0,0.7,0.07,46.0,0.09996391372592596,0.00021723443581313847
