id,probability_maraud,successful_mating,next_foraging_time,foraging_events,foraging_hrs,foraging_sqhrs,staying_events,staying_hrs,staying_sqhrs,repairing_events,repairing_hrs,repairing_sqhrs,marauding_events,marauding_hrs,marauding_sqhrs,traveling_events,traveling_hrs,traveling_sqhrs
0,0.0,8,359.83411059693117,565.0,73.80402265580243,16.198438980263663,1331.0,228.18848844289738,49.45598143498678,349.0,58.00884188852928,12.451635923829638,0.0,0.0,0.0,0.0,0.0,0.0
1,0.027,10,360.41393813735124,563.0,67.12314511330706,13.282318255611356,1765.0,292.2778409282528,62.240152812725974,0.0,0.0,0.0,5.0,0.5,0.05000000000000001,48.0,0.10431017084444448,0.00022667941128327494
