id,probability_maraud,successful_mating,next_foraging_time,foraging_events,foraging_hrs,foraging_sqhrs,staying_events,staying_hrs,staying_sqhrs,repairing_events,repairing_hrs,repairing_sqhrs,marauding_events,marauding_hrs,marauding_sqhrs,traveling_events,traveling_hrs,traveling_sqhrs
0,0.0,9,360.14669974891143,570.0,71.03146271558857,14.456417989091928,1135.0,193.52417953616953,41.59305474979922,572.0,95.46180778802389,20.836256617523787,0.0,0.0,0.0,0.0,0.0,0.0
1,0.027,8,360.15627110803183,573.0,70.42059012927484,13.86188972004955,1706.0,288.71892512734905,61.441341943929196,0.0,0.0,0.0,8.0,0.7999999999999999,0.08000000000000002,54.0,0.11734894220000004,0.00025501433769368434
