id,probability_maraud,successful_mating,next_foraging_time,foraging_events,foraging_hrs,foraging_sqhrs,staying_events,staying_hrs,staying_sqhrs,repairing_events,repairing_hrs,repairing_sqhrs,marauding_events,marauding_hrs,marauding_sqhrs,traveling_events,traveling_hrs,traveling_sqhrs
0,0.0,9,360.11564597320864,574.0,69.17630025956649,14.030148667541923,1085.0,180.831577258668,38.29473270278122,642.0,110.1238973837554,23.939398977725794,0.0,0.0,0.0,0.0,0.0,0.0
1,0.027,9,359.9251379119307,571.0,69.54220912413828,14.431386307536656,1709.0,289.3865709433885,61.6103539250035,0.0,0.0,0.0,10.0,0.9999999999999999,0.10000000000000003,49.0,0.10648329940370374,0.00023140189901834317
