id,probability_maraud,successful_mating,next_foraging_time,foraging_events,foraging_hrs,foraging_sqhrs,staying_events,staying_hrs,staying_sqhrs,repairing_events,repairing_hrs,repairing_sqhrs,marauding_events,marauding_hrs,marauding_sqhrs,traveling_events,traveling_hrs,traveling_sqhrs
0,0.0,9,360.51334104279914,571.0,69.52135977598925,13.84473872538004,1254.0,217.63192771914217,47.481816609962664,437.0,72.9359826675963,15.393049189875626,0.0,0.0,0.0,0.0,0.0,0.0
1,0.027,9,360.564654327142,571.0,73.13700427807623,16.297971025614018,1697.0,286.4168040739652,61.077839097587734,0.0,0.0,0.0,6.0,0.6,0.06000000000000001,43.0,0.09344452804814818,0.00020306697260793376
