id,probability_maraud,successful_mating,next_foraging_time,foraging_events,foraging_hrs,foraging_sqhrs,staying_events,staying_hrs,staying_sqhrs,repairing_events,repairing_hrs,repairing_sqhrs,marauding_events,marauding_hrs,marauding_sqhrs,traveling_events,traveling_hrs,traveling_sqhrs
0,0.0,8,360.3914488251383,560.0,69.87497110348669,15.2477621619521,1303.0,217.59163870070398,46.28816023803207,431.0,72.80342987950176,15.76620786555247,0.0,0.0,0.0,0.0,0.0,0.0
1,0.027,10,359.9336729942888,575.0,73.41239780228615,16.211041959284827,1694.0,285.94030346790487,61.15235523973041,0.0,0.0,0.0,6.0,0.6,0.06000000000000001,40.0,0.0869251423703704,0.00018889950940272906
