id,probability_maraud,successful_mating,next_foraging_time,foraging_events,foraging_hrs,foraging_sqhrs,staying_events,staying_hrs,staying_sqhrs,repairing_events,repairing_hrs,repairing_sqhrs,marauding_events,marauding_hrs,marauding_sqhrs,traveling_events,traveling_hrs,traveling_sqhrs
0,0.0,8,360.0247392268378,551.0,71.3304902389174,15.340114098202875,1336.0,228.25159009360405,49.09155782496538,354.0,60.57820666828839,13.00762625058472,0.0,0.0,0.0,0.0,0.0,0.0
1,0.027,10,360.3654622714897,569.0,73.5114613125959,15.534001857021142,1708.0,286.1151750510661,60.732487500363014,0.0,0.0,0.0,5.0,0.5,0.05000000000000001,38.0,0.08257888525185188,0.0001794545339325926
