id,probability_maraud,successful_mating,next_foraging_time,foraging_events,foraging_hrs,foraging_sqhrs,staying_events,staying_hrs,staying_sqhrs,repairing_events,repairing_hrs,repairing_sqhrs,marauding_events,marauding_hrs,marauding_sqhrs,traveling_events,traveling_hrs,traveling_sqhrs
0,0.0,6,360.1848544906351,576.0,69.09014157875532,13.990899944321544,1388.0,230.27874117745023,48.96548542626539,365.0,60.762803852709496,13.081313878115433,0.0,0.0,0.0,0.0,0.0,0.0
1,0.027,12,359.92422877516935,569.0,72.15166915889132,15.164949576287961,1708.0,287.3166499166652,61.39680347340654,0.0,0.0,0.0,5.0,0.5,0.05000000000000001,42.0,0.09127139948888892,0.00019834448487286553
