id,probability_maraud,successful_mating,next_foraging_time,foraging_events,foraging_hrs,foraging_sqhrs,staying_events,staying_hrs,staying_sqhrs,repairing_events,repairing_hrs,repairing_sqhrs,marauding_events,marauding_hrs,marauding_sqhrs,traveling_events,traveling_hrs,traveling_sqhrs
0,0.0,7,360.1633951639489,559.0,70.36448369834397,14.484012329630085,1270.0,217.01426571247626,47.179574198771554,433.0,72.64613450546419,15.664452052056594,0.0,0.0,0.0,0.0,0.0,0.0
1,0.027,11,360.1807597964168,573.0,72.91809677453115,15.030614729062293,1667.0,286.50661232254856,62.040149852956645,0.0,0.0,0.0,6.0,0.6,0.06000000000000001,49.0,0.10648329940370374,0.00023140189901834317
