id,probability_maraud,successful_mating,next_foraging_time,foraging_events,foraging_hrs,foraging_sqhrs,staying_events,staying_hrs,staying_sqhrs,repairing_events,repairing_hrs,repairing_sqhrs,marauding_events,marauding_hrs,marauding_sqhrs,traveling_events,traveling_hrs,traveling_sqhrs
0,0.0,7,360.0367188760718,557.0,65.82128755339096,12.874332948085657,1385.0,233.95565434186668,50.45953302164295,348.0,60.24519248178205,13.309392077987521,0.0,0.0,0.0,0.0,0.0,0.0
1,0.027,11,359.8393425747648,554.0,72.00360488109757,15.601176951970162,1726.0,287.4934847576547,60.64427672469618,0.0,0.0,0.0,5.0,0.5,0.05000000000000001,48.0,0.10431017084444448,0.00022667941128327494
