id,probability_maraud,successful_mating,next_foraging_time,foraging_events,foraging_hrs,foraging_sqhrs,staying_events,staying_hrs,staying_sqhrs,repairing_events,repairing_hrs,repairing_sqhrs,marauding_events,marauding_hrs,marauding_sqhrs,traveling_events,traveling_hrs,traveling_sqhrs
0,0.0,5,360.7222076750996,568.0,74.06848373068495,15.479806501427008,1130.0,189.41780901520943,39.726014364660095,557.0,96.80454339762598,21.116207625768965,0.0,0.0,0.0,0.0,0.0,0.0
1,0.027,13,360.278632488733,561.0,71.42154821292715,15.230350418666768,1706.0,287.74107317370476,61.92096490378499,0.0,0.0,0.0,8.0,0.7999999999999999,0.08000000000000002,48.0,0.10431017084444448,0.00022667941128327494
