id,probability_maraud,successful_mating,next_foraging_time,foraging_events,foraging_hrs,foraging_sqhrs,staying_events,staying_hrs,staying_sqhrs,repairing_events,repairing_hrs,repairing_sqhrs,marauding_events,marauding_hrs,marauding_sqhrs,traveling_events,traveling_hrs,traveling_sqhrs
0,0.0,7,360.1609088120232,562.0,73.96541495003085,15.864494125105693,1181.0,201.56370794649425,42.78141499130524,500.0,84.59501933712498,18.094409037026367,0.0,0.0,0.0,0.0,0.0,0.0
1,0.027,11,360.78239862291014,562.0,71.447216022794,14.29570231839407,1697.0,287.95960430696965,60.85600198924949,0.0,0.0,0.0,7.0,0.7,0.07,43.0,0.09344452804814818,0.00020306697260793376
