id,probability_maraud,successful_mating,next_foraging_time,foraging_events,foraging_hrs,foraging_sqhrs,staying_events,staying_hrs,staying_sqhrs,repairing_events,repairing_hrs,repairing_sqhrs,marauding_events,marauding_hrs,marauding_sqhrs,traveling_events,traveling_hrs,traveling_sqhrs
0,0.0,5,360.18295707469434,570.0,66.40099221143264,13.03493534948693,1300.0,215.50349216290516,45.453239517046086,471.0,78.18568801987858,16.905324843339685,0.0,0.0,0.0,0.0,0.0,0.0
1,0.027,13,360.4426931492222,555.0,71.32372980572578,14.82688607656503,1699.0,288.0538346282073,62.11241370315407,0.0,0.0,0.0,7.0,0.7,0.07,49.0,0.10648329940370374,0.00023140189901834317
