id,probability_maraud,successful_mating,next_foraging_time,foraging_events,foraging_hrs,foraging_sqhrs,staying_events,staying_hrs,staying_sqhrs,repairing_events,repairing_hrs,repairing_sqhrs,marauding_events,marauding_hrs,marauding_sqhrs,traveling_events,traveling_hrs,traveling_sqhrs
0,0.0,7,360.73555388190914,578.0,68.53614835943172,13.178931273921993,1138.0,194.3514051605978,41.650278369139954,565.0,97.30930677914148,21.279523623181106,0.0,0.0,0.0,0.0,0.0,0.0
1,0.027,11,360.3431497235979,576.0,72.70499205030394,15.496772428293475,1694.0,286.42960939649953,61.346795955953645,0.0,0.0,0.0,8.0,0.7999999999999999,0.08000000000000002,45.0,0.0977907851666667,0.00021251194807807023
