id,probability_maraud,successful_mating,next_foraging_time,foraging_events,foraging_hrs,foraging_sqhrs,staying_events,staying_hrs,staying_sqhrs,repairing_events,repairing_hrs,repairing_sqhrs,marauding_events,marauding_hrs,marauding_sqhrs,traveling_events,traveling_hrs,traveling_sqhrs
0,0.054,14,360.06418232911017,583.0,71.39820128086599,14.355790343110476,1523.0,255.9674539087916,54.360542234147964,182.0,30.806213496730688,6.558348399871506,13.0,1.3,0.13000000000000006,99.0,0.5375853605833337,0.002919171918318302
1,0.0,8,360.3215197998573,575.0,69.07610047832375,13.47478767569777,1514.0,256.7352388545744,55.22940278375867,218.0,34.19133047606329,6.965474368629534,0.0,0.0,0.0,0.0,0.0,0.0
2,0.0,5,360.30751194899455,565.0,69.41487531740623,15.23188121415444,1479.0,247.708849650594,53.24164378057986,251.0,42.982846117581055,9.38155869816801,0.0,0.0,0.0,0.0,0.0,0.0
3,0.054,9,360.24125697199537,560.0,72.9949811781229,15.252896774061876,1480.0,249.23452500902138,53.070012082113344,224.0,36.38157031960228,7.56311839532187,11.0,1.0999999999999999,0.11000000000000004,75.0,0.4072616368055558,0.002211493877513866
