id,probability_maraud,successful_mating,next_foraging_time,foraging_events,foraging_hrs,foraging_sqhrs,staying_events,staying_hrs,staying_sqhrs,repairing_events,repairing_hrs,repairing_sqhrs,marauding_events,marauding_hrs,marauding_sqhrs,traveling_events,traveling_hrs,traveling_sqhrs
0,0.0,10,360.91383616884775,570.0,68.98835927802074,13.952010972779286,1329.0,224.40076359969066,47.84035008176596,390.0,66.74277746912013,14.600423379841294,0.0,0.0,0.0,0.0,0.0,0.0
1,0.054,14,359.9264703561863,570.0,65.30065814775834,12.540966508205802,1604.0,273.54653402253047,58.60730127734087,110.0,18.09013601323778,3.8019136939321188,26.0,2.600000000000001,0.2600000000000002,92.0,0.49957427448148184,0.002712765823083675
2,0.054,7,359.9212517277285,563.0,72.21155321832023,14.895889279350962,1281.0,218.85805650432658,46.82788516556032,403.0,67.23420569613549,14.021964179868585,14.0,1.4000000000000001,0.14000000000000007,84.0,0.45613303322222254,0.0024768731428155295
3,0.0,5,360.67351158231156,570.0,68.94206681027016,13.310925058336162,1200.0,199.82197591921692,41.93739755530599,534.0,91.39759275327019,19.194245645944573,0.0,0.0,0.0,0.0,0.0,0.0
