id,probability_maraud,successful_mating,next_foraging_time,foraging_events,foraging_hrs,foraging_sqhrs,staying_events,staying_hrs,staying_sqhrs,repairing_events,repairing_hrs,repairing_sqhrs,marauding_events,marauding_hrs,marauding_sqhrs,traveling_events,traveling_hrs,traveling_sqhrs
0,0.0,13,360.2583652871934,563.0,70.55548550204311,15.258507934233984,1373.0,229.257077220149,48.717540780422645,349.0,60.23675124173092,13.70764277504967,0.0,0.0,0.0,0.0,0.0,0.0
1,0.054,8,360.00773649764403,573.0,71.08724792379012,14.112977452346762,1386.0,232.02198565956218,48.409921053779115,324.0,55.14281888143186,11.75317539162337,14.0,1.4000000000000001,0.14000000000000007,84.0,0.45613303322222254,0.0024768731428155295
2,0.054,9,360.993814080848,568.0,67.89411298025753,14.155327980259232,1543.0,259.4444171587314,54.838699219994865,177.0,30.56932375205303,6.502124333570061,18.0,1.8000000000000005,0.1800000000000001,103.0,0.5593059812129634,0.0030371182584523746
3,0.0,6,360.6044028880906,567.0,70.75822470508962,14.662319939374987,1426.0,240.22629869383462,50.820153285149914,291.0,49.109023706527104,10.477866254646228,0.0,0.0,0.0,0.0,0.0,0.0
