id,probability_maraud,successful_mating,next_foraging_time,foraging_events,foraging_hrs,foraging_sqhrs,staying_events,staying_hrs,staying_sqhrs,repairing_events,repairing_hrs,repairing_sqhrs,marauding_events,marauding_hrs,marauding_sqhrs,traveling_events,traveling_hrs,traveling_sqhrs
0,0.054,17,360.5946885595202,557.0,72.89703654317634,16.28286519820274,1493.0,254.4680776089764,54.364903243732854,166.0,30.28942056941367,6.871043877491868,19.0,1.9000000000000006,0.1900000000000001,90.0,0.488713964166667,0.0026537926530166385
1,0.054,5,360.01969668075986,567.0,72.53690864753244,15.011535624938745,1479.0,249.44662552013284,52.75570838123196,213.0,36.71429286504645,7.9908052340925035,10.0,0.9999999999999999,0.10000000000000003,65.0,0.3529600852314817,0.0019166280271786843
2,0.0,6,360.2006661137796,561.0,71.3059078043178,15.312738785582113,1345.0,227.46526614553457,49.1283163919554,360.0,61.29928183026978,13.158941203307116,0.0,0.0,0.0,0.0,0.0,0.0
3,0.0,8,359.89602921459044,556.0,74.11793143975635,16.31816714666504,1435.0,236.72909258710098,49.50324694990419,274.0,49.30355214347127,11.154289625212114,0.0,0.0,0.0,0.0,0.0,0.0
