id,probability_maraud,successful_mating,next_foraging_time,foraging_events,foraging_hrs,foraging_sqhrs,staying_events,staying_hrs,staying_sqhrs,repairing_events,repairing_hrs,repairing_sqhrs,marauding_events,marauding_hrs,marauding_sqhrs,traveling_events,traveling_hrs,traveling_sqhrs
0,0.054,10,360.3309247084859,578.0,69.20279573770378,14.329143928971922,1626.0,270.4605958043761,57.095573731958794,96.0,18.309861826992186,4.071581417201179,17.0,1.7000000000000004,0.1700000000000001,97.0,0.5267250502685189,0.0028601987482512656
1,0.0,6,360.2157770782442,569.0,74.66804942480704,15.785694332724248,1351.0,230.10336229110936,49.29375625191286,319.0,55.26975595607379,12.236352834222362,0.0,0.0,0.0,0.0,0.0,0.0
2,0.0,12,360.2686812237648,568.0,71.14957773128785,14.21323585530445,1450.0,246.27412898399106,52.98299510448517,254.0,42.580532394815386,9.18959331657914,0.0,0.0,0.0,0.0,0.0,0.0
3,0.054,8,360.3637370323525,565.0,71.96073911843152,15.801107407234287,1332.0,231.67454337667485,50.84238481538178,312.0,54.910704840374294,12.043827624107514,11.0,1.0999999999999999,0.11000000000000004,76.0,0.41269179196296324,0.002240980462547384
