id,probability_maraud,successful_mating,next_foraging_time,foraging_events,foraging_hrs,foraging_sqhrs,staying_events,staying_hrs,staying_sqhrs,repairing_events,repairing_hrs,repairing_sqhrs,marauding_events,marauding_hrs,marauding_sqhrs,traveling_events,traveling_hrs,traveling_sqhrs
0,0.054,21,360.5552681229534,564.0,69.244269653469,13.395683847643129,1182.0,201.21786922981545,43.23248931349719,506.0,88.31928907288578,19.329519005750115,10.0,0.9999999999999999,0.10000000000000003,62.0,0.33666961975925946,0.0018281682720781298
1,0.0,15,360.717113981032,557.0,68.65044202441358,14.305728623037998,1360.0,230.46639916292867,49.146065841903535,378.0,61.01639963015569,12.534485883561212,0.0,0.0,0.0,0.0,0.0,0.0
2,0.0,0,359.96239865326066,561.0,77.34742684993344,17.136325001566256,1690.0,282.74818071983805,59.41345554997034,0.0,0.0,0.0,0.0,0.0,0.0,0.0,0.0,0.0
3,0.054,0,360.1640541585604,582.0,69.12025853327631,13.28985187610621,1773.0,288.8806935349246,60.17452772216101,0.0,0.0,0.0,15.0,1.5000000000000002,0.15000000000000008,114.0,0.6190376879444449,0.0033614706938210745
