id,probability_maraud,successful_mating,next_foraging_time,foraging_events,foraging_hrs,foraging_sqhrs,staying_events,staying_hrs,staying_sqhrs,repairing_events,repairing_hrs,repairing_sqhrs,marauding_events,marauding_hrs,marauding_sqhrs,traveling_events,traveling_hrs,traveling_sqhrs
0,0.0,16,360.0131190724641,573.0,71.67521577032731,14.95273223257486,1045.0,173.3478883374039,36.252432091949174,677.0,115.11581406515965,24.890367814610904,0.0,0.0,0.0,0.0,0.0,0.0
1,0.054,20,360.4059071713916,559.0,73.69475001368093,16.3334617660349,1698.0,285.0053820775687,60.024403054427125,0.0,0.0,0.0,9.0,0.8999999999999999,0.09000000000000002,87.0,0.4724234986944448,0.002565332897916084
2,0.054,0,360.2875084494107,567.0,65.36796763965137,12.409177634834684,1710.0,293.3205741971476,63.65073686061611,0.0,0.0,0.0,10.0,0.9999999999999999,0.10000000000000003,104.0,0.5647361363703708,0.003066604843485893
3,0.0,0,360.5321731312926,554.0,73.23330386639375,16.107430579905017,1699.0,286.8070086737221,61.20219240710298,0.0,0.0,0.0,0.0,0.0,0.0,0.0,0.0,0.0
