id,probability_maraud,successful_mating,next_foraging_time,foraging_events,foraging_hrs,foraging_sqhrs,staying_events,staying_hrs,staying_sqhrs,repairing_events,repairing_hrs,repairing_sqhrs,marauding_events,marauding_hrs,marauding_sqhrs,traveling_events,traveling_hrs,traveling_sqhrs
0,0.054,18,359.92687532895803,572.0,72.18320787504355,15.32580432586056,1220.0,207.28507441978226,44.08493768646976,460.0,79.35366458721018,17.149883656975444,9.0,0.8999999999999999,0.09000000000000002,60.0,0.32580930944444464,0.0017691951020110935
1,0.0,18,360.2451160960908,563.0,70.8265418960417,15.0982390160762,1417.0,239.01786207474814,50.84540357696925,293.0,50.279091973223736,10.950240585382064,0.0,0.0,0.0,0.0,0.0,0.0
2,0.0,0,359.93906744056443,561.0,68.85334120380045,13.720007240013008,1719.0,291.3636914966676,62.08513308679567,0.0,0.0,0.0,0.0,0.0,0.0,0.0,0.0,0.0
3,0.054,0,360.2729096351389,562.0,70.48621408748104,14.537990274671621,1678.0,287.7224509149311,62.47307729925559,0.0,0.0,0.0,13.0,1.3,0.13000000000000006,91.0,0.4941441193240744,0.0026832792380501566
