id,probability_maraud,successful_mating,next_foraging_time,foraging_events,foraging_hrs,foraging_sqhrs,staying_events,staying_hrs,staying_sqhrs,repairing_events,repairing_hrs,repairing_sqhrs,marauding_events,marauding_hrs,marauding_sqhrs,traveling_events,traveling_hrs,traveling_sqhrs
0,0.054,21,359.821302008299,560.0,70.2102375982599,14.356520046282329,1278.0,215.59947633539622,46.11382145128676,457.0,73.28563295456846,15.194790444304145,6.0,0.6,0.06000000000000001,72.0,0.3909711713333336,0.0021230341224133115
1,0.0,15,360.2151100125574,556.0,70.45660862614302,15.146182739736439,1527.0,253.3488962026879,53.29342183359153,213.0,36.33060382313918,7.62881274124652,0.0,0.0,0.0,0.0,0.0,0.0
2,0.054,0,360.41446850870796,579.0,67.13919883996543,12.429585767471607,1733.0,291.318311412302,62.58031360403651,0.0,0.0,0.0,12.0,1.2,0.12000000000000005,90.0,0.488713964166667,0.0026537926530166385
3,0.0,0,360.7149119168704,567.0,69.98448261884052,14.232934618256902,1736.0,290.06715434330147,61.38022454719165,0.0,0.0,0.0,0.0,0.0,0.0,0.0,0.0,0.0
