id,probability_maraud,successful_mating,next_foraging_time,foraging_events,foraging_hrs,foraging_sqhrs,staying_events,staying_hrs,staying_sqhrs,repairing_events,repairing_hrs,repairing_sqhrs,marauding_events,marauding_hrs,marauding_sqhrs,traveling_events,traveling_hrs,traveling_sqhrs
0,0.0,14,360.0382033334244,566.0,72.63979383543783,15.283567350730916,982.0,165.44656059266646,35.38508503241814,711.0,122.04052447913348,26.038181872950467,0.0,0.0,0.0,0.0,0.0,0.0
1,0.0,22,360.656437353429,572.0,67.48907257671684,13.696479893382557,1727.0,292.6444393369554,62.96562823862847,0.0,0.0,0.0,0.0,0.0,0.0,0.0,0.0,0.0
2,0.054,0,360.6675802229924,568.0,72.80423302933993,14.869755065734655,1731.0,286.149300181587,59.996517532886536,0.0,0.0,0.0,8.0,0.7999999999999999,0.08000000000000002,74.0,0.4018314816481484,0.002182007292480348
3,0.054,0,359.9983174222183,582.0,66.81385118603107,13.226082958625575,1753.0,291.4915920951361,61.37111186534056,0.0,0.0,0.0,12.0,1.2,0.12000000000000005,92.0,0.49957427448148184,0.002712765823083675
