id,probability_maraud,successful_mating,next_foraging_time,foraging_events,foraging_hrs,foraging_sqhrs,staying_events,staying_hrs,staying_sqhrs,repairing_events,repairing_hrs,repairing_sqhrs,marauding_events,marauding_hrs,marauding_sqhrs,traveling_events,traveling_hrs,traveling_sqhrs
0,0.0,5,360.3924429977013,569.0,73.14050459141794,15.620962337537774,1208.0,207.19451304478096,44.91938535504581,465.0,79.83715891900036,17.657354659782058,0.0,0.0,0.0,0.0,0.0,0.0
1,0.054,8,360.23681224501047,570.0,73.15973746055309,15.566302748090669,1503.0,254.06037853985458,54.343413816763814,184.0,30.78806145475536,6.571077457276672,15.0,1.5000000000000002,0.15000000000000008,106.0,0.5755964466851856,0.003125578013552929
2,0.0,12,359.9713867888251,570.0,68.33206539548593,14.542816079047626,1399.0,236.6718420648792,50.74680933871132,325.0,55.095760481475274,11.596338906698204,0.0,0.0,0.0,0.0,0.0,0.0
3,0.054,11,360.4697873138777,562.0,71.37331158681924,14.665995116525506,1550.0,262.0693056489667,56.140203799364514,135.0,24.50305264420885,5.413164913465,16.0,1.6000000000000003,0.1600000000000001,90.0,0.488713964166667,0.0026537926530166385
