id,probability_maraud,successful_mating,next_foraging_time,foraging_events,foraging_hrs,foraging_sqhrs,staying_events,staying_hrs,staying_sqhrs,repairing_events,repairing_hrs,repairing_sqhrs,marauding_events,marauding_hrs,marauding_sqhrs,traveling_events,traveling_hrs,traveling_sqhrs
0,0.054,19,360.43550897569946,561.0,68.59938282188021,14.124830124307273,1220.0,205.06192864758177,43.9326269378827,499.0,85.25959490069904,18.484292227947687,9.0,0.8999999999999999,0.09000000000000002,69.0,0.37468070586111135,0.002034574367312757
1,0.0,17,360.0592490550012,569.0,68.65328069077395,13.433286870361293,1435.0,236.29196883501663,49.330500170793755,333.0,55.161982113482736,11.431651386240125,0.0,0.0,0.0,0.0,0.0,0.0
2,0.0,0,359.9763527530533,574.0,71.08974095402604,14.267249570360867,1712.0,288.93652123817986,62.34863161940943,0.0,0.0,0.0,0.0,0.0,0.0,0.0,0.0,0.0
3,0.054,0,360.1291112629513,568.0,71.43454874255974,15.449266089290207,1699.0,286.61833537921984,60.34867566832983,0.0,0.0,0.0,14.0,1.4000000000000001,0.14000000000000007,108.0,0.5864567570000004,0.0031845511836199655
