id,probability_maraud,successful_mating,next_foraging_time,foraging_events,foraging_hrs,foraging_sqhrs,staying_events,staying_hrs,staying_sqhrs,repairing_events,repairing_hrs,repairing_sqhrs,marauding_events,marauding_hrs,marauding_sqhrs,traveling_events,traveling_hrs,traveling_sqhrs
0,0.0,12,360.6385957217195,564.0,75.6759704875959,17.30626396162468,1353.0,229.344627620096,49.05944528091988,317.0,55.01877037299996,11.981113499346538,0.0,0.0,0.0,0.0,0.0,0.0
1,0.054,9,360.11850427207065,581.0,72.30083076947305,15.008622316704907,1568.0,267.4160092644118,57.45571606365542,110.0,18.21399289919068,3.8386661421791923,17.0,1.7000000000000004,0.1700000000000001,71.0,0.3855410161759262,0.0020935475373797933
2,0.0,4,360.3261718778298,559.0,76.42965821485285,16.703139919101528,1172.0,198.30533938876204,42.168318034881715,503.0,85.35712957291071,18.388005517601776,0.0,0.0,0.0,0.0,0.0,0.0
3,0.054,11,359.99443891836836,571.0,67.65028244405175,13.004313017908439,1602.0,272.2133162464705,58.19629236868852,119.0,18.57027718351793,3.6864146050910978,12.0,1.2,0.12000000000000005,75.0,0.4072616368055558,0.002211493877513866
