id,probability_maraud,successful_mating,next_foraging_time,foraging_events,foraging_hrs,foraging_sqhrs,staying_events,staying_hrs,staying_sqhrs,repairing_events,repairing_hrs,repairing_sqhrs,marauding_events,marauding_hrs,marauding_sqhrs,traveling_events,traveling_hrs,traveling_sqhrs
0,0.054,5,360.07770380859574,565.0,69.64983185289059,14.049430146165449,1588.0,270.3584591453904,58.711549976329415,115.0,18.3856338982366,3.87025855433726,12.0,1.2,0.12000000000000005,85.0,0.46156318837962995,0.0025063597278490476
1,0.0,16,360.27714738292354,560.0,70.09007184684415,14.10853808740034,1500.0,259.49887732881,56.470440923632864,179.0,30.606582393818602,6.715965103225414,0.0,0.0,0.0,0.0,0.0,0.0
2,0.054,8,360.1304599443955,571.0,70.95884871578546,14.327326840114699,1536.0,267.0360713074108,58.00679557240935,138.0,20.623507563883276,3.9991985034573574,10.0,0.9999999999999999,0.10000000000000003,88.0,0.4778536538518522,0.002594819482949602
3,0.0,7,360.2720828839512,565.0,70.24758787449619,14.707893051736297,1356.0,228.32178900243179,49.38290784856085,366.0,61.52202289469501,12.836117751535934,0.0,0.0,0.0,0.0,0.0,0.0
