id,probability_maraud,successful_mating,next_foraging_time,foraging_events,foraging_hrs,foraging_sqhrs,staying_events,staying_hrs,staying_sqhrs,repairing_events,repairing_hrs,repairing_sqhrs,marauding_events,marauding_hrs,marauding_sqhrs,traveling_events,traveling_hrs,traveling_sqhrs
0,0.054,16,360.1777029459612,560.0,70.62510690106183,15.22816689338934,1101.0,184.48840320369564,39.54154710104942,584.0,104.03914970013213,23.356410997662113,6.0,0.6,0.06000000000000001,51.0,0.2769379130277779,0.00150381583670943
1,0.0,20,360.0564639360511,566.0,71.53730563212201,16.039299416850938,1509.0,251.7170517412189,53.41123405884816,208.0,36.75368973688619,7.889637528685948,0.0,0.0,0.0,0.0,0.0,0.0
2,0.0,0,360.22350335894464,583.0,69.64628384248545,13.061359098760471,1746.0,290.4102299180582,61.87876019344025,0.0,0.0,0.0,0.0,0.0,0.0,0.0,0.0,0.0
3,0.054,0,360.35692454119516,560.0,70.21852464830465,14.979346194241748,1697.0,287.5989102919057,62.19418226104442,0.0,0.0,0.0,17.0,1.7000000000000004,0.1700000000000001,90.0,0.488713964166667,0.0026537926530166385
