id,probability_maraud,successful_mating,next_foraging_time,foraging_events,foraging_hrs,foraging_sqhrs,staying_events,staying_hrs,staying_sqhrs,repairing_events,repairing_hrs,repairing_sqhrs,marauding_events,marauding_hrs,marauding_sqhrs,traveling_events,traveling_hrs,traveling_sqhrs
0,0.054,8,360.2063823270524,553.0,65.7091703308315,12.768365430117589,1542.0,261.5274632815253,56.832535566398626,185.0,30.320550882623916,6.1968613735082165,20.0,2.0000000000000004,0.20000000000000012,99.0,0.5375853605833337,0.002919171918318302
1,0.054,13,360.0028359592377,566.0,67.12456372947656,12.824707063301776,1457.0,242.00408625970005,51.2258825468451,287.0,48.8973874001213,10.41192153312299,16.0,1.6000000000000003,0.1600000000000001,79.0,0.4289822574351855,0.0023294402176479386
2,0.0,6,360.36681012323515,568.0,71.91726188862883,14.626958294954603,1359.0,227.07311855468646,47.83281019613023,359.0,61.13228748351951,12.883024851139115,0.0,0.0,0.0,0.0,0.0,0.0
3,0.0,9,359.8392453954137,560.0,69.06743195224333,13.76629480430485,1271.0,216.8198449774743,47.36722887876134,447.0,74.15349739190717,15.602943991336495,0.0,0.0,0.0,0.0,0.0,0.0
