id,probability_maraud,successful_mating,next_foraging_time,foraging_events,foraging_hrs,foraging_sqhrs,staying_events,staying_hrs,staying_sqhrs,repairing_events,repairing_hrs,repairing_sqhrs,marauding_events,marauding_hrs,marauding_sqhrs,traveling_events,traveling_hrs,traveling_sqhrs
0,0.054,22,360.02053993451005,563.0,69.58961024160735,14.168682476504591,1345.0,225.27913613313328,47.95423937318377,361.0,63.581016691308214,13.81890558766706,13.0,1.3,0.13000000000000006,90.0,0.488713964166667,0.0026537926530166385
1,0.054,12,359.9975530342704,552.0,71.29586775203448,14.995179845369712,1238.0,207.9119084172102,44.35069041251481,466.0,79.57010744709446,16.935682142851494,11.0,1.0999999999999999,0.11000000000000004,56.0,0.304088688814815,0.0016512487618770208
2,0.0,0,360.2264190097907,559.0,70.22612542540267,14.491061174841773,1676.0,289.9292195308325,62.87051655420225,0.0,0.0,0.0,0.0,0.0,0.0,0.0,0.0,0.0
3,0.0,0,360.5761052882597,579.0,68.46695452204719,13.326590327654538,1702.0,291.5741960354553,62.987839138617524,0.0,0.0,0.0,0.0,0.0,0.0,0.0,0.0,0.0
