id,probability_maraud,successful_mating,next_foraging_time,foraging_events,foraging_hrs,foraging_sqhrs,staying_events,staying_hrs,staying_sqhrs,repairing_events,repairing_hrs,repairing_sqhrs,marauding_events,marauding_hrs,marauding_sqhrs,traveling_events,traveling_hrs,traveling_sqhrs
0,0.054,10,360.12314118719075,557.0,69.45412047556007,15.027927737680924,1573.0,263.6695666580396,56.05174485632864,145.0,24.423579377586194,5.28518765288088,21.0,2.1000000000000005,0.21000000000000013,89.0,0.4832838090092596,0.0026243060679831203
1,0.0,12,360.4880208675002,572.0,72.8205893392017,15.976867567239895,1267.0,214.09349347210522,45.16093190307273,422.0,73.24458193271545,15.870546090698946,0.0,0.0,0.0,0.0,0.0,0.0
2,0.054,6,360.7664885134416,564.0,68.92758760678149,13.525940424514555,1478.0,246.3763381788012,52.70537302773324,249.0,43.10324468283615,9.365688563163237,13.0,1.3,0.13000000000000006,83.0,0.4507028780648151,0.0024473865577820113
3,0.0,8,359.9458740442624,561.0,72.17732722308058,14.67187207759774,1321.0,220.72369350167938,47.972388999442,421.0,67.1114720322965,13.978874189928765,0.0,0.0,0.0,0.0,0.0,0.0
