id,probability_maraud,successful_mating,next_foraging_time,foraging_events,foraging_hrs,foraging_sqhrs,staying_events,staying_hrs,staying_sqhrs,repairing_events,repairing_hrs,repairing_sqhrs,marauding_events,marauding_hrs,marauding_sqhrs,traveling_events,traveling_hrs,traveling_sqhrs
0,0.054,21,360.10079451445483,550.0,71.09961403906243,14.867096219887191,1248.0,220.3161285770094,47.59545545544722,405.0,67.45278548954138,14.457405143570853,10.0,0.9999999999999999,0.10000000000000003,73.0,0.396401326490741,0.0021525207074468296
1,0.0,15,360.1924052234442,572.0,71.42675198724979,14.100496276657855,1359.0,231.53060071038095,49.15517936593677,347.0,57.0697357576976,11.741271196078673,0.0,0.0,0.0,0.0,0.0,0.0
2,0.0,0,360.17671465450195,568.0,65.40736074348898,13.535686545471359,1723.0,294.6178620741606,63.437819031251685,0.0,0.0,0.0,0.0,0.0,0.0,0.0,0.0,0.0
3,0.054,0,359.95594287108923,584.0,69.9655678324892,13.81307771207155,1693.0,288.49236064537195,62.26786134224677,0.0,0.0,0.0,11.0,1.0999999999999999,0.11000000000000004,85.0,0.46156318837962995,0.0025063597278490476
