id,probability_maraud,successful_mating,next_foraging_time,foraging_events,foraging_hrs,foraging_sqhrs,staying_events,staying_hrs,staying_sqhrs,repairing_events,repairing_hrs,repairing_sqhrs,marauding_events,marauding_hrs,marauding_sqhrs,traveling_events,traveling_hrs,traveling_sqhrs
0,0.054,21,359.9788092575905,562.0,71.99358079736474,15.89810047108027,1425.0,243.40408333046182,52.835034254820066,261.0,42.84151357669302,8.9723156038391,13.0,1.3,0.13000000000000006,89.0,0.4832838090092596,0.0026243060679831203
1,0.054,15,360.3239176685951,569.0,67.78353785184983,12.76376696400248,1242.0,212.31869753807067,45.833744996110845,470.0,78.91669090251851,16.650298649650544,7.0,0.7,0.07,74.0,0.4018314816481484,0.002182007292480348
2,0.0,0,360.09921433334773,562.0,70.13504613631156,14.48971407591261,1712.0,290.11472094645535,61.996940633327,0.0,0.0,0.0,0.0,0.0,0.0,0.0,0.0,0.0
3,0.0,0,360.04664219187856,552.0,68.04104372286069,13.83789451800827,1729.0,292.12982604353635,61.903740375479366,0.0,0.0,0.0,0.0,0.0,0.0,0.0,0.0,0.0
