id,probability_maraud,successful_mating,next_foraging_time,foraging_events,foraging_hrs,foraging_sqhrs,staying_events,staying_hrs,staying_sqhrs,repairing_events,repairing_hrs,repairing_sqhrs,marauding_events,marauding_hrs,marauding_sqhrs,traveling_events,traveling_hrs,traveling_sqhrs
0,0.0,9,360.379109287345,550.0,66.40155907141792,13.115808914864681,972.0,162.97635171897204,34.54642762419925,779.0,130.73975770907825,27.611501548806586,0.0,0.0,0.0,0.0,0.0,0.0
1,0.054,27,360.36453652385046,569.0,72.05152665057606,14.962511060448264,1700.0,286.63263867907534,60.7872412453862,0.0,0.0,0.0,10.0,0.9999999999999999,0.10000000000000003,109.0,0.5918869121574079,0.0032140377686534836
2,0.054,0,360.3329380396894,578.0,72.38708485841701,14.019477466954775,1679.0,285.83108350318787,61.39977024513495,0.0,0.0,0.0,12.0,1.2,0.12000000000000005,109.0,0.5918869121574079,0.0032140377686534836
3,0.0,0,360.32249909117786,557.0,74.68531257685066,16.842156611757975,1707.0,285.35213744207135,61.2195086448365,0.0,0.0,0.0,0.0,0.0,0.0,0.0,0.0,0.0
