id,probability_maraud,successful_mating,next_foraging_time,foraging_events,foraging_hrs,foraging_sqhrs,staying_events,staying_hrs,staying_sqhrs,repairing_events,repairing_hrs,repairing_sqhrs,marauding_events,marauding_hrs,marauding_sqhrs,traveling_events,traveling_hrs,traveling_sqhrs
0,0.054,8,359.9838999054655,568.0,71.02299937435953,14.351030570081319,1629.0,275.00970413148224,58.82455397274918,78.0,12.170839691162087,2.4831958850115607,15.0,1.5000000000000002,0.15000000000000008,76.0,0.41269179196296324,0.002240980462547384
1,0.054,13,360.3050593673367,564.0,71.98517522382163,15.515358632664887,1578.0,268.0811878423204,57.52431724600017,116.0,18.36559668188846,3.6720759199353123,12.0,1.2,0.12000000000000005,83.0,0.4507028780648151,0.0024473865577820113
2,0.0,7,360.22517677022324,549.0,74.34884348879481,16.603190922354315,1282.0,219.46464639696825,47.536033573027154,393.0,66.41121495629383,14.120774477308412,0.0,0.0,0.0,0.0,0.0,0.0
3,0.0,8,360.08065860437165,564.0,68.23735922935148,13.731734375282723,1334.0,224.9728243357548,48.138787232109664,405.0,66.84579261235255,13.873978144778995,0.0,0.0,0.0,0.0,0.0,0.0
