id,probability_maraud,successful_mating,next_foraging_time,foraging_events,foraging_hrs,foraging_sqhrs,staying_events,staying_hrs,staying_sqhrs,repairing_events,repairing_hrs,repairing_sqhrs,marauding_events,marauding_hrs,marauding_sqhrs,traveling_events,traveling_hrs,traveling_sqhrs
0,0.0,10,360.2630749582524,576.0,69.69916746724682,14.346631488017927,767.0,131.26227203427425,27.981028863319533,909.0,159.2161669715659,35.07503479869398,0.0,0.0,0.0,0.0,0.0,0.0
1,0.054,26,360.02655987237006,574.0,72.15614053225366,14.94136653706678,1687.0,286.02978106544447,60.73991718092551,0.0,0.0,0.0,14.0,1.4000000000000001,0.14000000000000007,99.0,0.5375853605833337,0.002919171918318302
2,0.054,0,360.3246814966417,568.0,70.32115296660018,14.305016468732918,1682.0,288.1088775578603,62.28024864440795,0.0,0.0,0.0,12.0,1.2,0.12000000000000005,108.0,0.5864567570000004,0.0031845511836199655
3,0.0,0,360.47613918164024,576.0,72.56869717696894,14.613810986546861,1695.0,287.5704061664082,61.53551391083446,0.0,0.0,0.0,0.0,0.0,0.0,0.0,0.0,0.0
