id,probability_maraud,successful_mating,next_foraging_time,foraging_events,foraging_hrs,foraging_sqhrs,staying_events,staying_hrs,staying_sqhrs,repairing_events,repairing_hrs,repairing_sqhrs,marauding_events,marauding_hrs,marauding_sqhrs,traveling_events,traveling_hrs,traveling_sqhrs
0,0.0,9,360.4890483263961,563.0,71.76985264085774,15.046689266828604,948.0,159.35601105935189,33.83686941939351,758.0,129.12939854341172,28.087684378743443,0.0,0.0,0.0,0.0,0.0,0.0
1,0.0,27,360.410542240058,557.0,73.84780589701846,15.940166406283659,1726.0,286.1566337262762,60.394782523377124,0.0,0.0,0.0,0.0,0.0,0.0,0.0,0.0,0.0
2,0.054,0,360.78615520507765,562.0,70.83830597307644,15.680284610681744,1696.0,287.5716485283302,61.93625296766445,0.0,0.0,0.0,13.0,1.3,0.13000000000000006,115.0,0.6244678431018523,0.0033909572788545926
3,0.054,0,360.4303493684716,573.0,71.32453609258164,15.3514195381184,1666.0,287.45576434656624,63.069458365510194,0.0,0.0,0.0,8.0,0.7999999999999999,0.08000000000000002,79.0,0.4289822574351855,0.0023294402176479386
