id,probability_maraud,successful_mating,next_foraging_time,foraging_events,foraging_hrs,foraging_sqhrs,staying_events,staying_hrs,staying_sqhrs,repairing_events,repairing_hrs,repairing_sqhrs,marauding_events,marauding_hrs,marauding_sqhrs,traveling_events,traveling_hrs,traveling_sqhrs
0,0.0,14,360.494502183345,582.0,70.8551757843273,13.775023397765457,834.0,142.63474968779713,30.926148805636846,855.0,146.60816015167478,31.679000434334966,0.0,0.0,0.0,0.0,0.0,0.0
1,0.054,22,360.034269972882,568.0,70.31046282985972,14.734230869890672,1726.0,287.982595603529,61.66344311171962,0.0,0.0,0.0,12.0,1.2,0.12000000000000005,110.0,0.5973170673148153,0.003243524353687002
2,0.054,0,360.2375264464545,553.0,71.21503611797634,15.664048926961412,1697.0,287.13399984936297,61.005428924958224,0.0,0.0,0.0,12.0,1.2,0.12000000000000005,89.0,0.4832838090092596,0.0026243060679831203
3,0.0,0,360.39555319950455,571.0,70.08091063052446,14.262029661566336,1682.0,289.97768445119635,63.29235956152402,0.0,0.0,0.0,0.0,0.0,0.0,0.0,0.0,0.0
