id,probability_maraud,successful_mating,next_foraging_time,foraging_events,foraging_hrs,foraging_sqhrs,staying_events,staying_hrs,staying_sqhrs,repairing_events,repairing_hrs,repairing_sqhrs,marauding_events,marauding_hrs,marauding_sqhrs,traveling_events,traveling_hrs,traveling_sqhrs
0,0.0,16,360.11306618459486,572.0,67.34884026911388,13.715112869517052,884.0,152.0724498725546,32.60887394544843,825.0,140.70818338825208,30.131456836250102,0.0,0.0,0.0,0.0,0.0,0.0
1,0.054,20,360.25388497903646,568.0,71.30921093357797,15.05454916002969,1667.0,287.29075981983834,61.9796785092203,0.0,0.0,0.0,9.0,0.8999999999999999,0.09000000000000002,114.0,0.6190376879444449,0.0033614706938210745
2,0.054,0,359.98760044295796,567.0,70.83936790401705,14.282598724343337,1732.0,287.2822547767849,60.557476503266244,0.0,0.0,0.0,15.0,1.5000000000000002,0.15000000000000008,109.0,0.5918869121574079,0.0032140377686534836
3,0.0,0,360.8699424213223,566.0,68.38909862544409,14.25929125470992,1715.0,291.9826128184088,62.31916471310174,0.0,0.0,0.0,0.0,0.0,0.0,0.0,0.0,0.0
