id,probability_maraud,successful_mating,next_foraging_time,foraging_events,foraging_hrs,foraging_sqhrs,staying_events,staying_hrs,staying_sqhrs,repairing_events,repairing_hrs,repairing_sqhrs,marauding_events,marauding_hrs,marauding_sqhrs,traveling_events,traveling_hrs,traveling_sqhrs
0,0.054,12,360.0098291407138,561.0,71.09063783353488,14.513445718688871,1635.0,275.1745728485448,58.4124064800828,71.0,12.238271894090902,2.5981784020526675,13.0,1.3,0.13000000000000006,75.0,0.4072616368055558,0.002211493877513866
1,0.0,8,359.91834516569554,563.0,67.27405024040537,12.349791689433427,1617.0,268.24617250471573,56.860094446331885,146.0,24.728674982242946,5.192620838670823,0.0,0.0,0.0,0.0,0.0,0.0
2,0.0,4,360.4522950896395,563.0,73.79891583464386,15.708198749733954,1283.0,219.54197302095105,47.71743487232998,389.0,66.7177062237297,14.18821929935042,0.0,0.0,0.0,0.0,0.0,0.0
3,0.054,12,359.84107940697294,563.0,73.10343004296452,16.849416506060095,1561.0,267.260868477393,58.094307653020806,113.0,18.4774832572469,3.8478987930965793,7.0,0.7,0.07,86.0,0.46699334353703736,0.002535846312882566
