id,probability_maraud,successful_mating,next_foraging_time,foraging_events,foraging_hrs,foraging_sqhrs,staying_events,staying_hrs,staying_sqhrs,repairing_events,repairing_hrs,repairing_sqhrs,marauding_events,marauding_hrs,marauding_sqhrs,traveling_events,traveling_hrs,traveling_sqhrs
0,0.0,13,359.9953175926948,560.0,70.65739214441369,14.613115444966816,1037.0,179.63405921126454,38.86944952438744,630.0,109.8367646419997,24.439875628898097,0.0,0.0,0.0,0.0,0.0,0.0
1,0.054,23,359.9016268916161,545.0,74.28122837222955,16.921687189401492,1672.0,284.70434920222147,61.50478404892508,0.0,0.0,0.0,6.0,0.6,0.06000000000000001,98.0,0.5321552054259263,0.002889685333284784
2,0.054,0,360.6876194086609,574.0,68.81692120645043,14.014591042577525,1666.0,289.74628259051855,63.15639814293019,0.0,0.0,0.0,12.0,1.2,0.12000000000000005,101.0,0.5484456708981486,0.0029781450883853383
3,0.0,0,360.00434736142284,567.0,72.96387943783522,15.110088188584047,1708.0,287.083146484145,60.64764734196643,0.0,0.0,0.0,0.0,0.0,0.0,0.0,0.0,0.0
