id,probability_maraud,successful_mating,next_foraging_time,foraging_events,foraging_hrs,foraging_sqhrs,staying_events,staying_hrs,staying_sqhrs,repairing_events,repairing_hrs,repairing_sqhrs,marauding_events,marauding_hrs,marauding_sqhrs,traveling_events,traveling_hrs,traveling_sqhrs
0,0.0,6,360.20475332586955,569.0,68.14993187063416,13.042736215129738,1443.0,243.00743055060286,52.625921741911036,291.0,48.878881093616066,10.581990333287514,0.0,0.0,0.0,0.0,0.0,0.0
1,0.054,14,360.6917113799761,561.0,70.1219740243527,15.00543778446682,1555.0,263.848912102488,56.22142954372431,134.0,24.623610020146437,5.675879354188082,10.0,0.9999999999999999,0.10000000000000003,98.0,0.5321552054259263,0.002889685333284784
2,0.054,10,360.0487489056244,559.0,70.99279460633521,15.65898966336532,1439.0,250.81264372834983,54.64467165013663,220.0,36.78459878039196,7.867545660570392,11.0,1.0999999999999999,0.11000000000000004,85.0,0.46156318837962995,0.0025063597278490476
3,0.0,6,360.7619415815448,572.0,71.9283899517745,15.439202401258763,1620.0,275.58790741179524,59.11565445733804,74.0,12.833069826081562,2.7897421195210335,0.0,0.0,0.0,0.0,0.0,0.0
