id,probability_maraud,successful_mating,next_foraging_time,foraging_events,foraging_hrs,foraging_sqhrs,staying_events,staying_hrs,staying_sqhrs,repairing_events,repairing_hrs,repairing_sqhrs,marauding_events,marauding_hrs,marauding_sqhrs,traveling_events,traveling_hrs,traveling_sqhrs
0,0.054,19,360.0025139353327,573.0,72.58475110223921,15.214465715239529,1216.0,206.9248970454413,43.915493258807345,475.0,79.40801762264549,17.12287205820699,8.0,0.7999999999999999,0.08000000000000002,63.0,0.3420997749166669,0.001857654857111648
1,0.0,17,360.2744190997451,582.0,70.45613164063037,14.257401733855003,1450.0,246.49417320472173,52.8295406679253,258.0,43.18621349905408,8.872537338981212,0.0,0.0,0.0,0.0,0.0,0.0
2,0.0,0,359.91536406719075,576.0,71.52093958135463,13.803681347640676,1676.0,288.54140373941004,62.836950780282194,0.0,0.0,0.0,0.0,0.0,0.0,0.0,0.0,0.0
3,0.054,0,360.2656863231609,567.0,68.03524053077001,13.301947461668846,1743.0,290.124778108747,61.277771648855506,0.0,0.0,0.0,13.0,1.3,0.13000000000000006,102.0,0.553875826055556,0.0030076316734188565
