id,probability_maraud,successful_mating,next_foraging_time,foraging_events,foraging_hrs,foraging_sqhrs,staying_events,staying_hrs,staying_sqhrs,repairing_events,repairing_hrs,repairing_sqhrs,marauding_events,marauding_hrs,marauding_sqhrs,traveling_events,traveling_hrs,traveling_sqhrs
0,0.054,14,360.0474772038123,572.0,72.32535092297329,15.544120992568805,1583.0,260.66134804590297,54.42905534496525,152.0,24.654045902230738,5.057212361741716,19.0,1.9000000000000006,0.1900000000000001,101.0,0.5484456708981486,0.0029781450883853383
1,0.0,10,359.97222684709095,563.0,71.10875674368715,15.20528379845259,1285.0,215.94673952229863,46.34747220760217,449.0,73.15850786296531,15.30926645856707,0.0,0.0,0.0,0.0,0.0,0.0
2,0.0,8,360.1099235905877,571.0,69.30563528300438,13.380024625705644,1507.0,259.6815051515473,55.91089335055489,185.0,31.062109629199238,6.577535869476819,0.0,0.0,0.0,0.0,0.0,0.0
3,0.054,4,359.83539083519497,559.0,71.7918138207595,15.221709899218268,1345.0,231.82491464404086,50.14452786841167,310.0,54.84336101887736,11.839264837871783,12.0,1.2,0.12000000000000005,64.0,0.3475299300740743,0.0018871414421451661
