id,probability_maraud,successful_mating,next_foraging_time,foraging_events,foraging_hrs,foraging_sqhrs,staying_events,staying_hrs,staying_sqhrs,repairing_events,repairing_hrs,repairing_sqhrs,marauding_events,marauding_hrs,marauding_sqhrs,traveling_events,traveling_hrs,traveling_sqhrs
0,0.0,15,360.2561488906246,569.0,71.42404287455044,14.412350807359822,1134.0,187.79031083909786,39.27400800988779,595.0,100.80897642994515,21.328778425096818,0.0,0.0,0.0,0.0,0.0,0.0
1,0.054,21,360.1219285297563,566.0,71.14688586377446,14.72690350652733,1687.0,287.9742267787298,61.67554238387164,0.0,0.0,0.0,6.0,0.6,0.06000000000000001,83.0,0.4507028780648151,0.0024473865577820113
2,0.054,0,360.3744348152905,575.0,70.43032181602335,14.658441874761204,1703.0,288.13607621814936,61.01969725809886,0.0,0.0,0.0,11.0,1.0999999999999999,0.11000000000000004,87.0,0.4724234986944448,0.002565332897916084
3,0.0,0,360.1289267103551,568.0,76.05112666157027,17.18657793378989,1684.0,283.95392686046335,61.09203057508104,0.0,0.0,0.0,0.0,0.0,0.0,0.0,0.0,0.0
