id,probability_maraud,successful_mating,next_foraging_time,foraging_events,foraging_hrs,foraging_sqhrs,staying_events,staying_hrs,staying_sqhrs,repairing_events,repairing_hrs,repairing_sqhrs,marauding_events,marauding_hrs,marauding_sqhrs,traveling_events,traveling_hrs,traveling_sqhrs
0,0.054,18,360.0521919822352,565.0,72.22738661944204,15.231236553187816,1210.0,210.55184316883293,45.9053690871454,450.0,76.4530822303383,15.929007636854573,6.0,0.6,0.06000000000000001,72.0,0.3909711713333336,0.0021230341224133115
1,0.0,18,360.1348869418348,574.0,70.78156121048139,15.070460864550444,1518.0,252.7373521388303,52.89531004436368,216.0,36.50048533338537,7.675683195033271,0.0,0.0,0.0,0.0,0.0,0.0
2,0.0,0,359.8945429862422,563.0,66.81005475130267,13.549263904253888,1750.0,293.24688948959147,62.12428025609913,0.0,0.0,0.0,0.0,0.0,0.0,0.0,0.0,0.0
3,0.054,0,360.2198457531833,574.0,72.1756580532659,15.345446390256372,1693.0,286.07824734051036,61.51686293156584,0.0,0.0,0.0,13.0,1.3,0.13000000000000006,92.0,0.49957427448148184,0.002712765823083675
