id,probability_maraud,successful_mating,next_foraging_time,foraging_events,foraging_hrs,foraging_sqhrs,staying_events,staying_hrs,staying_sqhrs,repairing_events,repairing_hrs,repairing_sqhrs,marauding_events,marauding_hrs,marauding_sqhrs,traveling_events,traveling_hrs,traveling_sqhrs
0,0.054,19,360.07158128022303,570.0,73.18054733210806,15.076856889747553,1092.0,182.4483897121481,38.73834403479479,606.0,103.61351921679497,22.327641800209797,7.0,0.7,0.07,42.0,0.22806651661111124,0.0012384365714077665
1,0.0,17,360.44404797314394,576.0,70.46677711448864,15.547732795433154,1441.0,246.76322782549113,53.62072788457379,253.0,42.79835392096587,9.4083524588753,0.0,0.0,0.0,0.0,0.0,0.0
2,0.0,0,360.0152715944947,564.0,70.03911853890051,15.26346823020933,1721.0,290.0793098139664,61.99671501070703,0.0,0.0,0.0,0.0,0.0,0.0,0.0,0.0,0.0
3,0.054,0,360.30703717493645,563.0,72.72154108171043,15.588867082749045,1689.0,285.02215692451324,60.982156384438326,0.0,0.0,0.0,17.0,1.7000000000000004,0.1700000000000001,114.0,0.6190376879444449,0.0033614706938210745
