id,probability_maraud,successful_mating,next_foraging_time,foraging_events,foraging_hrs,foraging_sqhrs,staying_events,staying_hrs,staying_sqhrs,repairing_events,repairing_hrs,repairing_sqhrs,marauding_events,marauding_hrs,marauding_sqhrs,traveling_events,traveling_hrs,traveling_sqhrs
0,0.0,16,360.4750220666473,545.0,70.28818065091869,14.966561833238762,1097.0,186.2003368407766,39.84727499538794,607.0,103.58209086848005,22.669868074140364,0.0,0.0,0.0,0.0,0.0,0.0
1,0.054,20,359.9209445005169,565.0,71.86020201457433,14.994284434576402,1675.0,286.7771324615184,61.980574665938775,0.0,0.0,0.0,9.0,0.8999999999999999,0.09000000000000002,99.0,0.5375853605833337,0.002919171918318302
2,0.0,0,359.9489480796956,571.0,72.26048906664523,14.86375722001175,1728.0,287.75145233289743,60.72341956977889,0.0,0.0,0.0,0.0,0.0,0.0,0.0,0.0,0.0
3,0.054,0,360.6221065867138,566.0,76.11507852056809,16.870903101618165,1696.0,282.6596749235072,59.938182969747835,0.0,0.0,0.0,8.0,0.7999999999999999,0.08000000000000002,100.0,0.5430155157407411,0.00294865850335182
