id,probability_maraud,successful_mating,next_foraging_time,foraging_events,foraging_hrs,foraging_sqhrs,staying_events,staying_hrs,staying_sqhrs,repairing_events,repairing_hrs,repairing_sqhrs,marauding_events,marauding_hrs,marauding_sqhrs,traveling_events,traveling_hrs,traveling_sqhrs
0,0.0,14,360.6122316980584,576.0,69.83656270187446,14.193215957002336,995.0,169.90845514149925,36.69139885960189,703.0,120.45770123067996,26.014030765223993,0.0,0.0,0.0,0.0,0.0,0.0
1,0.054,22,360.1659154742084,575.0,73.07785727856253,15.2812791722226,1719.0,285.08936602960375,60.455432131332905,0.0,0.0,0.0,13.0,1.3,0.13000000000000006,105.0,0.5701662915277782,0.003096091428519411
2,0.0,0,360.2482675884625,565.0,72.01855453462133,15.76467976255829,1723.0,288.0440923883328,60.523149554094545,0.0,0.0,0.0,0.0,0.0,0.0,0.0,0.0,0.0
3,0.054,0,360.1643553596691,559.0,68.59636521897434,14.135530626794411,1708.0,290.22469007241784,62.343077070079325,0.0,0.0,0.0,7.0,0.7,0.07,94.0,0.5104345847962967,0.002771738993150711
