id,probability_maraud,successful_mating,next_foraging_time,foraging_events,foraging_hrs,foraging_sqhrs,staying_events,staying_hrs,staying_sqhrs,repairing_events,repairing_hrs,repairing_sqhrs,marauding_events,marauding_hrs,marauding_sqhrs,traveling_events,traveling_hrs,traveling_sqhrs
0,0.0,10,360.3070979097721,572.0,69.82970737845433,13.987610706587395,1515.0,253.84426187975663,53.98603000994904,206.0,36.33561672278808,7.994073641066324,0.0,0.0,0.0,0.0,0.0,0.0
1,0.0,8,360.4794778732336,568.0,70.85294748376701,14.524617287966546,1404.0,234.56282192689363,49.95408512251462,327.0,54.69829143448212,11.299445129122564,0.0,0.0,0.0,0.0,0.0,0.0
2,0.054,7,360.2733245628969,580.0,67.57007739928744,12.820353795089321,1447.0,241.85234170260551,51.185095045134894,278.0,48.92379282081759,10.75466554132672,14.0,1.4000000000000001,0.14000000000000007,81.0,0.4398425677500003,0.002388413387714975
3,0.054,11,360.1691405949561,562.0,66.72250454943824,13.36532096668817,1618.0,279.69913779087256,60.23983758106632,70.0,12.100462644515638,2.640444991801627,11.0,1.0999999999999999,0.11000000000000004,92.0,0.49957427448148184,0.002712765823083675
