id,probability_maraud,successful_mating,next_foraging_time,foraging_events,foraging_hrs,foraging_sqhrs,staying_events,staying_hrs,staying_sqhrs,repairing_events,repairing_hrs,repairing_sqhrs,marauding_events,marauding_hrs,marauding_sqhrs,traveling_events,traveling_hrs,traveling_sqhrs
0,0.054,22,360.01172613638835,570.0,71.6943745830694,14.561222706413798,1234.0,212.11075218895158,45.741245286003526,439.0,74.86051413420341,16.04036775450817,10.0,0.9999999999999999,0.10000000000000003,78.0,0.42355210227777806,0.0022999536326144205
1,0.054,14,359.87328990005506,550.0,75.14399123800948,16.68047192908747,1314.0,222.06541578339744,47.29962288772829,374.0,61.23340789491534,12.692705271423812,13.0,1.3,0.13000000000000006,72.0,0.3909711713333336,0.0021230341224133115
2,0.0,0,360.1765086478044,577.0,71.6422514090054,15.50973188146026,1692.0,288.41799947470525,62.19142900361911,0.0,0.0,0.0,0.0,0.0,0.0,0.0,0.0,0.0
3,0.0,0,360.45761135457445,573.0,70.33703091113128,14.253645710944442,1721.0,289.81955779730646,61.65600280396643,0.0,0.0,0.0,0.0,0.0,0.0,0.0,0.0,0.0
