id,probability_maraud,successful_mating,next_foraging_time,foraging_events,foraging_hrs,foraging_sqhrs,staying_events,staying_hrs,staying_sqhrs,repairing_events,repairing_hrs,repairing_sqhrs,marauding_events,marauding_hrs,marauding_sqhrs,traveling_events,traveling_hrs,traveling_sqhrs
0,0.0,5,359.86188745394213,567.0,67.66315733700067,13.96900696669947,1347.0,225.16018656882605,48.155155275044926,383.0,67.25240279252473,14.655030923389225,0.0,0.0,0.0,0.0,0.0,0.0
1,0.0,10,359.77095123490614,575.0,70.79035553412501,14.621313033557762,1326.0,221.6131935197138,47.46424113326598,399.0,67.64488452245138,14.33417325830306,0.0,0.0,0.0,0.0,0.0,0.0
2,0.054,13,360.31200636809507,557.0,73.21993716506003,15.595427902674265,1487.0,247.48624818747749,52.47608839736882,226.0,37.02455792860572,7.6979254477919765,19.0,1.9000000000000006,0.1900000000000001,87.0,0.4724234986944448,0.002565332897916084
3,0.054,8,360.235928677185,568.0,68.34203256200509,14.169423075538203,1511.0,252.91948328457426,53.54244324096468,232.0,36.81419214793451,7.492070252089535,15.0,1.5000000000000002,0.15000000000000008,84.0,0.45613303322222254,0.0024768731428155295
