id,probability_maraud,successful_mating,next_foraging_time,foraging_events,foraging_hrs,foraging_sqhrs,staying_events,staying_hrs,staying_sqhrs,repairing_events,repairing_hrs,repairing_sqhrs,marauding_events,marauding_hrs,marauding_sqhrs,traveling_events,traveling_hrs,traveling_sqhrs
0,0.054,7,360.12046669466275,583.0,70.44485696048777,14.15372373385634,1526.0,257.3029904848547,54.7678794432067,185.0,30.52361321282264,6.4454707029359914,13.0,1.3,0.13000000000000006,83.0,0.4507028780648151,0.0024473865577820113
1,0.0,10,360.0036547517779,567.0,69.43749343737588,13.549087152030127,1406.0,241.76708242256703,52.855656758437966,296.0,48.96071962498586,10.274886940979034,0.0,0.0,0.0,0.0,0.0,0.0
2,0.0,7,360.21806222916945,565.0,71.32524296820455,14.99265230508951,1465.0,245.98432009446415,53.10908049280577,257.0,42.87691539743898,9.036805525074218,0.0,0.0,0.0,0.0,0.0,0.0
3,0.054,12,360.0531333744348,566.0,72.01929200863412,14.597473630334614,1575.0,262.12420437960975,55.32255185561288,139.0,24.30273000878878,5.387083834772155,11.0,1.0999999999999999,0.11000000000000004,91.0,0.4941441193240744,0.0026832792380501566
