id,probability_maraud,successful_mating,next_foraging_time,foraging_events,foraging_hrs,foraging_sqhrs,staying_events,staying_hrs,staying_sqhrs,repairing_events,repairing_hrs,repairing_sqhrs,marauding_events,marauding_hrs,marauding_sqhrs,traveling_events,traveling_hrs,traveling_sqhrs
0,0.054,21,360.28734927313815,571.0,70.79981914406117,14.936125133091267,1240.0,214.27691273545682,46.43665786337202,444.0,73.45016293197742,15.544163544261307,11.0,1.0999999999999999,0.11000000000000004,70.0,0.38011086101851876,0.002064060952346275
1,0.0,15,360.20455447609754,555.0,75.41088666044656,17.4865647435901,1253.0,217.3561823281455,47.42176375898748,404.0,67.25754872468679,14.368179277021882,0.0,0.0,0.0,0.0,0.0,0.0
2,0.0,0,360.1555281038678,558.0,74.20674220487946,16.07723976385194,1694.0,285.92868487636144,61.36709724885746,0.0,0.0,0.0,0.0,0.0,0.0,0.0,0.0,0.0
3,0.054,0,360.1126106137736,556.0,68.44894746706024,13.749449711735286,1677.0,289.9935839404997,62.96512974908932,0.0,0.0,0.0,12.0,1.2,0.12000000000000005,96.0,0.5212948951111115,0.0028307121632177475
