id,probability_maraud,successful_mating,next_foraging_time,foraging_events,foraging_hrs,foraging_sqhrs,staying_events,staying_hrs,staying_sqhrs,repairing_events,repairing_hrs,repairing_sqhrs,marauding_events,marauding_hrs,marauding_sqhrs,traveling_events,traveling_hrs,traveling_sqhrs
0,0.054,23,360.3791104918108,574.0,72.50103544510978,16.343908604999566,1205.0,200.28610459254512,42.1119497618342,522.0,85.4693551201329,17.930172049985305,14.0,1.4000000000000001,0.14000000000000007,77.0,0.41812194712037065,0.0022704670475809023
1,0.0,13,360.3962737763037,570.0,71.2312042131277,14.837055161751028,1184.0,203.36177618741263,44.328855222464576,526.0,85.61830774745432,17.562561827705025,0.0,0.0,0.0,0.0,0.0,0.0
2,0.054,0,360.1458582152212,574.0,73.71376385958698,15.825822474517818,1691.0,284.35927226031237,60.620791957050486,0.0,0.0,0.0,14.0,1.4000000000000001,0.14000000000000007,103.0,0.5593059812129634,0.0030371182584523746
3,0.0,0,360.0315476632687,571.0,72.70126023582135,14.886620093737147,1707.0,287.3260124343478,61.56610485909463,0.0,0.0,0.0,0.0,0.0,0.0,0.0,0.0,0.0
