id,probability_maraud,successful_mating,next_foraging_time,foraging_events,foraging_hrs,foraging_sqhrs,staying_events,staying_hrs,staying_sqhrs,repairing_events,repairing_hrs,repairing_sqhrs,marauding_events,marauding_hrs,marauding_sqhrs,traveling_events,traveling_hrs,traveling_sqhrs
0,0.0,6,360.0775189257077,550.0,69.6881719629772,14.980230074216067,1355.0,229.79208703190585,49.56270397337044,361.0,60.90931685249589,13.041902627693974,0.0,0.0,0.0,0.0,0.0,0.0
1,0.054,11,360.2175179264958,553.0,71.98955075992363,15.007505650295608,1538.0,261.5424070951386,56.529419654396875,152.0,24.454703277953055,4.9804776510332305,16.0,1.6000000000000003,0.1600000000000001,92.0,0.49957427448148184,0.002712765823083675
2,0.054,11,360.0863117232468,560.0,72.16150979970348,15.103203248946976,1469.0,249.57567188316602,54.058122256131746,217.0,36.53607682594282,7.825215111762945,13.0,1.3,0.13000000000000006,79.0,0.4289822574351855,0.0023294402176479386
3,0.0,8,360.58021261608735,560.0,69.86805641796828,14.573134275603499,1386.0,235.57747238427518,50.50406831207404,331.0,54.84502860324457,11.65210247273189,0.0,0.0,0.0,0.0,0.0,0.0
