id,probability_maraud,successful_mating,next_foraging_time,foraging_events,foraging_hrs,foraging_sqhrs,staying_events,staying_hrs,staying_sqhrs,repairing_events,repairing_hrs,repairing_sqhrs,marauding_events,marauding_hrs,marauding_sqhrs,traveling_events,traveling_hrs,traveling_sqhrs
0,0.0,10,360.4568625598241,558.0,68.23984198281416,13.86440925413116,1370.0,230.49682343684557,48.94247473391682,369.0,61.31723873079628,12.667325558517344,0.0,0.0,0.0,0.0,0.0,0.0
1,0.054,7,360.20685207017203,557.0,68.43490562720302,14.325528460845529,1573.0,265.1424206379755,56.780604457142616,131.0,24.28583843260782,5.6944366203431365,18.0,1.8000000000000005,0.1800000000000001,86.0,0.46699334353703736,0.002535846312882566
2,0.054,11,360.1919351285731,559.0,71.21117682777478,15.355220443145498,1481.0,244.50258943907266,51.89610794967049,259.0,42.355157425958836,8.895592511539547,16.0,1.6000000000000003,0.1600000000000001,93.0,0.5050044296388893,0.002742252408117193
3,0.0,8,360.0504728387195,568.0,68.66059430687757,13.447189947491282,1293.0,217.96264476749337,46.426322560350854,438.0,73.46740798125833,15.784368097465114,0.0,0.0,0.0,0.0,0.0,0.0
