id,probability_maraud,successful_mating,next_foraging_time,foraging_events,foraging_hrs,foraging_sqhrs,staying_events,staying_hrs,staying_sqhrs,repairing_events,repairing_hrs,repairing_sqhrs,marauding_events,marauding_hrs,marauding_sqhrs,traveling_events,traveling_hrs,traveling_sqhrs
0,0.054,23,360.6967712393823,565.0,71.8151316885666,15.703921420737204,1399.0,238.05943081793976,51.14764810612191,283.0,48.89698355091212,10.301113016239366,10.0,0.9999999999999999,0.10000000000000003,70.0,0.38011086101851876,0.002064060952346275
1,0.054,13,360.529577079155,567.0,74.42879220530205,16.82348777290474,1336.0,225.37668803432658,48.33785047984191,360.0,58.98958789075422,12.337989448928685,8.0,0.7999999999999999,0.08000000000000002,82.0,0.4452727229074077,0.002417899972748493
2,0.0,0,359.9928499711055,561.0,71.95861526202798,14.435469200213543,1744.0,288.2648951181331,60.65014693675543,0.0,0.0,0.0,0.0,0.0,0.0,0.0,0.0,0.0
3,0.0,0,360.3096732793679,560.0,70.39879771064741,15.146799589660743,1732.0,289.6325326455719,61.41375812809014,0.0,0.0,0.0,0.0,0.0,0.0,0.0,0.0,0.0
