id,probability_maraud,successful_mating,next_foraging_time,foraging_events,foraging_hrs,foraging_sqhrs,staying_events,staying_hrs,staying_sqhrs,repairing_events,repairing_hrs,repairing_sqhrs,marauding_events,marauding_hrs,marauding_sqhrs,traveling_events,traveling_hrs,traveling_sqhrs
0,0.0,7,360.74411864165927,580.0,72.13915907682616,14.930457627480605,860.0,147.21327278316343,31.788606446248057,810.0,141.10945644115776,30.77317801248497,0.0,0.0,0.0,0.0,0.0,0.0
1,0.054,29,360.3058088786391,574.0,67.62055221184613,13.596370113950766,1721.0,290.83232910007393,62.374959048360815,0.0,0.0,0.0,11.0,1.0999999999999999,0.11000000000000004,91.0,0.4941441193240744,0.0026832792380501566
2,0.0,0,360.10280386795336,558.0,71.74099801104654,14.913092596903796,1759.0,288.5831837233034,60.69075507292214,0.0,0.0,0.0,0.0,0.0,0.0,0.0,0.0,0.0
3,0.054,0,359.97042550767867,560.0,74.88075851487906,16.314250212115454,1702.0,283.5309952893008,59.984887474671446,0.0,0.0,0.0,12.0,1.2,0.12000000000000005,106.0,0.5755964466851856,0.003125578013552929
