id,probability_maraud,successful_mating,next_foraging_time,foraging_events,foraging_hrs,foraging_sqhrs,staying_events,staying_hrs,staying_sqhrs,repairing_events,repairing_hrs,repairing_sqhrs,marauding_events,marauding_hrs,marauding_sqhrs,traveling_events,traveling_hrs,traveling_sqhrs
0,0.0,13,360.7142934998987,565.0,70.8789243404003,14.64077625324082,1412.0,240.29427745817372,51.30341629951855,299.0,48.96317089638155,10.069963705337017,0.0,0.0,0.0,0.0,0.0,0.0
1,0.054,5,359.9664310549588,567.0,70.07356890680386,14.882939607559111,1592.0,269.19743045200846,57.220760003766,111.0,18.125934777698344,3.7693764413238555,21.0,2.1000000000000005,0.21000000000000013,107.0,0.581026601842593,0.0031550645985864473
2,0.054,13,360.34369288861393,573.0,70.39300663862439,14.462147262407829,1386.0,233.8689537274988,50.06385936752225,318.0,54.88654638664562,11.984261687336275,8.0,0.7999999999999999,0.08000000000000002,82.0,0.4452727229074077,0.002417899972748493
3,0.0,5,360.38557267915144,561.0,70.4070924099552,14.47314831410918,1389.0,237.8706681584559,51.18170630737122,302.0,51.750186064052826,11.04594675107295,0.0,0.0,0.0,0.0,0.0,0.0
