id,probability_maraud,successful_mating,next_foraging_time,foraging_events,foraging_hrs,foraging_sqhrs,staying_events,staying_hrs,staying_sqhrs,repairing_events,repairing_hrs,repairing_sqhrs,marauding_events,marauding_hrs,marauding_sqhrs,traveling_events,traveling_hrs,traveling_sqhrs
0,0.0,7,360.38570227181094,565.0,74.63311151465983,15.735818261087084,1488.0,253.70578451363744,55.41671588263631,185.0,31.6909348459667,6.873252429342951,0.0,0.0,0.0,0.0,0.0,0.0
1,0.054,15,359.9989009364283,570.0,73.66703923121213,16.075562089758748,1566.0,260.51532392701404,55.60214397840524,144.0,24.150819432682994,5.328366434502638,12.0,1.2,0.12000000000000005,89.0,0.4832838090092596,0.0026243060679831203
2,0.054,8,360.25394586860875,548.0,70.49759023091434,15.047888598096414,1465.0,251.45636050391045,54.174996212056776,212.0,36.62131668713408,7.8587775278453025,11.0,1.0999999999999999,0.11000000000000004,71.0,0.3855410161759262,0.0020935475373797933
3,0.0,6,360.07078902170394,566.0,68.42408980149418,14.2703715882947,1472.0,248.97371398511234,53.25456641068896,262.0,42.62071487253753,8.728542259233322,0.0,0.0,0.0,0.0,0.0,0.0
