id,probability_maraud,successful_mating,next_foraging_time,foraging_events,foraging_hrs,foraging_sqhrs,staying_events,staying_hrs,staying_sqhrs,repairing_events,repairing_hrs,repairing_sqhrs,marauding_events,marauding_hrs,marauding_sqhrs,traveling_events,traveling_hrs,traveling_sqhrs
0,0.054,19,360.06769645805394,568.0,72.98849150865793,15.74240760010172,1226.0,206.84956850349676,44.2391637211144,461.0,79.13624991658403,17.244527904819655,7.0,0.7,0.07,76.0,0.41269179196296324,0.002240980462547384
1,0.0,17,359.9281206485423,565.0,69.57962752565176,14.871992105846843,1452.0,247.6283405574872,53.13853031536375,250.0,42.984274342852466,9.520782734002733,0.0,0.0,0.0,0.0,0.0,0.0
2,0.0,0,360.07419144409596,563.0,67.37760284279997,13.20940936419664,1686.0,292.7785789366341,63.93242773508705,0.0,0.0,0.0,0.0,0.0,0.0,0.0,0.0,0.0
3,0.054,0,360.2297013585045,582.0,72.51963435622473,15.124611693573224,1671.0,285.8600515323837,61.5833919431772,0.0,0.0,0.0,13.0,1.3,0.13000000000000006,69.0,0.37468070586111135,0.002034574367312757
