id,probability_maraud,successful_mating,next_foraging_time,foraging_events,foraging_hrs,foraging_sqhrs,staying_events,staying_hrs,staying_sqhrs,repairing_events,repairing_hrs,repairing_sqhrs,marauding_events,marauding_hrs,marauding_sqhrs,traveling_events,traveling_hrs,traveling_sqhrs
0,0.0,16,360.17198387231673,580.0,69.49016630308141,13.421285216359706,1008.0,168.72122424959161,35.51388161785084,728.0,121.81516932400618,25.575502470668553,0.0,0.0,0.0,0.0,0.0,0.0
1,0.0,20,360.0800276578873,557.0,70.27643465284291,15.467150144653946,1712.0,289.8062474245509,62.335201121400765,0.0,0.0,0.0,0.0,0.0,0.0,0.0,0.0,0.0
2,0.054,0,360.41214141399365,568.0,67.37051664333612,13.173678007274978,1723.0,291.0822671780133,62.126872871014235,0.0,0.0,0.0,10.0,0.9999999999999999,0.10000000000000003,101.0,0.5484456708981486,0.0029781450883853383
3,0.054,0,359.9167130912959,576.0,72.02277347554919,14.683419097626457,1700.0,286.3629277535389,60.80254261974987,0.0,0.0,0.0,10.0,0.9999999999999999,0.10000000000000003,117.0,0.6353281534166672,0.003449930448921629
