id,probability_maraud,successful_mating,next_foraging_time,foraging_events,foraging_hrs,foraging_sqhrs,staying_events,staying_hrs,staying_sqhrs,repairing_events,repairing_hrs,repairing_sqhrs,marauding_events,marauding_hrs,marauding_sqhrs,traveling_events,traveling_hrs,traveling_sqhrs
0,0.054,5,360.2852358878645,564.0,67.30869384792992,13.289234480927803,1486.0,248.39390224321318,52.60795760492939,259.0,42.6566469801915,8.81107909492401,13.0,1.3,0.13000000000000006,91.0,0.4941441193240744,0.0026832792380501566
1,0.054,13,359.96536185284924,572.0,66.27230350601887,12.794458155766051,1548.0,267.66352879086685,57.78139965465795,137.0,24.182026044273915,5.318283554496885,16.0,1.6000000000000003,0.1600000000000001,76.0,0.41269179196296324,0.002240980462547384
2,0.0,10,360.020685383856,553.0,67.43847058981872,14.728259769995063,1501.0,258.18679606842704,56.33681926279716,209.0,34.3847618691416,7.307437991936727,0.0,0.0,0.0,0.0,0.0,0.0
3,0.0,8,360.682808337387,564.0,72.25726880351057,15.529962451045558,1250.0,214.3260709293477,46.92815033663879,446.0,73.46195395220998,15.894854649471181,0.0,0.0,0.0,0.0,0.0,0.0
