id,probability_maraud,successful_mating,next_foraging_time,foraging_events,foraging_hrs,foraging_sqhrs,staying_events,staying_hrs,staying_sqhrs,repairing_events,repairing_hrs,repairing_sqhrs,marauding_events,marauding_hrs,marauding_sqhrs,traveling_events,traveling_hrs,traveling_sqhrs
0,0.054,18,360.340820230645,561.0,69.36922838606351,14.121749441395268,1260.0,204.00904948109064,42.0361831022747,497.0,85.56501262879105,18.432423219068685,8.0,0.7999999999999999,0.08000000000000002,61.0,0.33123946460185205,0.0017986816870446116
1,0.054,18,360.0793624849139,569.0,74.77690476810864,16.40003147745622,1385.0,236.0258664366332,50.44519284918407,298.0,47.450170614404236,9.316594961814186,14.0,1.4000000000000001,0.14000000000000007,89.0,0.4832838090092596,0.0026243060679831203
2,0.0,0,360.44603318165207,563.0,75.35776446730112,16.952280941687967,1682.0,284.80288338188143,61.12553156166265,0.0,0.0,0.0,0.0,0.0,0.0,0.0,0.0,0.0
3,0.0,0,360.131554417803,573.0,72.41299841825486,15.373830319449405,1725.0,287.6669428377403,60.80409333386081,0.0,0.0,0.0,0.0,0.0,0.0,0.0,0.0,0.0
