id,probability_maraud,successful_mating,next_foraging_time,foraging_events,foraging_hrs,foraging_sqhrs,staying_events,staying_hrs,staying_sqhrs,repairing_events,repairing_hrs,repairing_sqhrs,marauding_events,marauding_hrs,marauding_sqhrs,traveling_events,traveling_hrs,traveling_sqhrs
0,0.054,15,360.2334458919907,556.0,70.68282627037098,14.669982329864803,1595.0,268.89354976244084,57.3571067918341,120.0,18.46268983889365,3.7500040774260683,16.0,1.6000000000000003,0.1600000000000001,87.0,0.4724234986944448,0.002565332897916084
1,0.0,10,359.94478346028234,574.0,67.85282157651548,14.170566600395754,1453.0,243.28212517756216,51.58126172768769,275.0,48.92158960917336,10.823796356870565,0.0,0.0,0.0,0.0,0.0,0.0
2,0.0,6,360.17138314623134,574.0,73.2444297774118,15.185485487953345,1361.0,231.69637471877513,49.484529323652126,324.0,55.06258291507804,11.760114850383419,0.0,0.0,0.0,0.0,0.0,0.0
3,0.054,5,360.434682083697,570.0,69.139083338275,14.091832173313724,1524.0,253.03386989137888,53.59574417079029,215.0,36.6070921399952,7.948017434132094,10.0,0.9999999999999999,0.10000000000000003,66.0,0.3583902403888891,0.0019461146122122025
