id,probability_maraud,successful_mating,next_foraging_time,foraging_events,foraging_hrs,foraging_sqhrs,staying_events,staying_hrs,staying_sqhrs,repairing_events,repairing_hrs,repairing_sqhrs,marauding_events,marauding_hrs,marauding_sqhrs,traveling_events,traveling_hrs,traveling_sqhrs
0,0.0,19,360.45505945123983,564.0,70.39333297996586,14.560229673705836,1007.0,174.70165372938482,37.98133868059285,670.0,114.96927699209105,24.676741405845277,0.0,0.0,0.0,0.0,0.0,0.0
1,0.0,17,360.3598751874076,558.0,72.97989478811733,16.269253044713437,1687.0,287.09626335308684,61.55400527887684,0.0,0.0,0.0,0.0,0.0,0.0,0.0,0.0,0.0
2,0.054,0,360.5744040313538,575.0,68.82871600592435,13.50723342190329,1734.0,289.68720669449846,61.408229914734584,0.0,0.0,0.0,11.0,1.0999999999999999,0.11000000000000004,99.0,0.5375853605833337,0.002919171918318302
3,0.054,0,360.34800474940437,568.0,67.87858981495937,12.98173027943323,1723.0,290.8076856433396,61.85715056313223,0.0,0.0,0.0,8.0,0.7999999999999999,0.08000000000000002,98.0,0.5321552054259263,0.002889685333284784
