id,probability_maraud,successful_mating,next_foraging_time,foraging_events,foraging_hrs,foraging_sqhrs,staying_events,staying_hrs,staying_sqhrs,repairing_events,repairing_hrs,repairing_sqhrs,marauding_events,marauding_hrs,marauding_sqhrs,traveling_events,traveling_hrs,traveling_sqhrs
0,0.0,8,360.436770088782,560.0,72.89220414246718,15.92094842978666,1274.0,216.11132663791383,45.59276243217485,416.0,71.17512173276874,15.589802188367685,0.0,0.0,0.0,0.0,0.0,0.0
1,0.054,8,360.4055478929967,572.0,75.33017685034203,15.805906270687752,1491.0,251.77212251343528,53.45580724266868,177.0,30.795926195373863,6.701834974343702,18.0,1.8000000000000005,0.1800000000000001,76.0,0.41269179196296324,0.002240980462547384
2,0.0,10,360.2826993063769,571.0,66.05361296618968,12.981260507726443,1444.0,245.16692306034417,52.91210063954811,284.0,48.80266429889938,10.571120828026714,0.0,0.0,0.0,0.0,0.0,0.0
3,0.054,10,360.4093830986222,566.0,73.0054153151496,15.478753402404191,1497.0,248.70266803894202,51.60359925260018,220.0,36.514864372895595,7.5887558716641825,13.0,1.3,0.13000000000000006,92.0,0.49957427448148184,0.002712765823083675
