id,probability_maraud,successful_mating,next_foraging_time,foraging_events,foraging_hrs,foraging_sqhrs,staying_events,staying_hrs,staying_sqhrs,repairing_events,repairing_hrs,repairing_sqhrs,marauding_events,marauding_hrs,marauding_sqhrs,traveling_events,traveling_hrs,traveling_sqhrs
0,0.054,24,360.05348603390615,563.0,73.84438601662131,16.95407792933358,1194.0,205.99925753277918,45.03320443846231,483.0,78.9182009222841,16.688154396322428,9.0,0.8999999999999999,0.09000000000000002,65.0,0.3529600852314817,0.0019166280271786843
1,0.054,12,360.7082561602443,563.0,71.22613243683816,14.471634448314179,1355.0,232.48224168736562,50.414683417640504,322.0,54.78112854901031,11.66643076477571,13.0,1.3,0.13000000000000006,71.0,0.3855410161759262,0.0020935475373797933
2,0.0,0,360.4614706446857,561.0,74.10765037266478,16.444471348938414,1713.0,285.97395485155073,60.40966883663738,0.0,0.0,0.0,0.0,0.0,0.0,0.0,0.0,0.0
3,0.0,0,360.6968216250057,560.0,69.66534435178333,14.207524092607745,1715.0,290.56218792477335,62.32010375135335,0.0,0.0,0.0,0.0,0.0,0.0,0.0,0.0,0.0
