id,probability_maraud,successful_mating,next_foraging_time,foraging_events,foraging_hrs,foraging_sqhrs,staying_events,staying_hrs,staying_sqhrs,repairing_events,repairing_hrs,repairing_sqhrs,marauding_events,marauding_hrs,marauding_sqhrs,traveling_events,traveling_hrs,traveling_sqhrs
0,0.0,7,360.3024474056321,567.0,70.81494839050313,15.42232918394579,1310.0,217.07477823884005,46.32482335457599,415.0,72.22763508277446,15.97702815447796,0.0,0.0,0.0,0.0,0.0,0.0
1,0.0,5,360.30809174385877,569.0,72.20791014039146,15.422347629674995,1330.0,227.0566765297946,49.06775544432001,348.0,60.83499128234995,13.61468921093149,0.0,0.0,0.0,0.0,0.0,0.0
2,0.054,9,360.3152255315661,557.0,72.71809579492155,15.77212689677341,1586.0,266.8126768192642,56.18259179421809,113.0,18.327576749711536,3.738186268594385,17.0,1.7000000000000004,0.1700000000000001,85.0,0.46156318837962995,0.0025063597278490476
3,0.054,15,360.1816956778829,557.0,70.60459796566886,14.531718837608558,1609.0,275.8738199796087,60.32283812745494,76.0,12.004002868682738,2.4656439746063272,10.0,0.9999999999999999,0.10000000000000003,108.0,0.5864567570000004,0.0031845511836199655
