id,probability_maraud,successful_mating,next_foraging_time,foraging_events,foraging_hrs,foraging_sqhrs,staying_events,staying_hrs,staying_sqhrs,repairing_events,repairing_hrs,repairing_sqhrs,marauding_events,marauding_hrs,marauding_sqhrs,traveling_events,traveling_hrs,traveling_sqhrs
0,0.0,12,360.44466721036775,562.0,71.00191564066071,15.505092219913854,1374.0,234.64679610885733,50.313296083460024,322.0,54.487068960914236,11.318147167839747,0.0,0.0,0.0,0.0,0.0,0.0
1,0.0,7,360.16843658173275,566.0,69.916103350014,13.706375135233985,1533.0,259.88452148562965,55.647576220845714,173.0,30.32031911873406,6.587562653286336,0.0,0.0,0.0,0.0,0.0,0.0
2,0.054,9,359.9252633959392,550.0,71.80363222841567,15.709535124256835,1460.0,249.58006515800966,53.897566315748335,214.0,36.76171133442689,7.964223439896858,15.0,1.5000000000000002,0.15000000000000008,90.0,0.488713964166667,0.0026537926530166385
3,0.054,8,360.4760628117144,577.0,74.18150011288813,16.119377948828127,1479.0,254.0027346218978,54.68002653261793,176.0,30.41462690747149,6.561623560459092,10.0,0.9999999999999999,0.10000000000000003,80.0,0.4344124125925929,0.002358926802681457
