id,probability_maraud,successful_mating,next_foraging_time,foraging_events,foraging_hrs,foraging_sqhrs,staying_events,staying_hrs,staying_sqhrs,repairing_events,repairing_hrs,repairing_sqhrs,marauding_events,marauding_hrs,marauding_sqhrs,traveling_events,traveling_hrs,traveling_sqhrs
0,0.054,23,360.14783441408355,572.0,71.53530370433013,15.089037193925742,1257.0,213.46569599905249,45.34710678949107,433.0,73.9081204666443,15.723133346721722,8.0,0.7999999999999999,0.08000000000000002,56.0,0.304088688814815,0.0016512487618770208
1,0.0,13,360.38294444298873,567.0,66.50448802024323,12.614548446601578,1454.0,245.46620381118007,52.360089441813564,274.0,48.172026687384125,10.608330631876893,0.0,0.0,0.0,0.0,0.0,0.0
2,0.054,0,360.07878550243015,570.0,68.63502645495296,13.621147540818829,1714.0,289.74213250810806,61.369309861781865,0.0,0.0,0.0,13.0,1.3,0.13000000000000006,76.0,0.41269179196296324,0.002240980462547384
3,0.0,0,360.4590918696253,575.0,66.76115830799577,12.969453629325436,1723.0,293.25962697892913,62.806813110243674,0.0,0.0,0.0,0.0,0.0,0.0,0.0,0.0,0.0
