id,probability_maraud,successful_mating,next_foraging_time,foraging_events,foraging_hrs,foraging_sqhrs,staying_events,staying_hrs,staying_sqhrs,repairing_events,repairing_hrs,repairing_sqhrs,marauding_events,marauding_hrs,marauding_sqhrs,traveling_events,traveling_hrs,traveling_sqhrs
0,0.0,13,360.23588565313463,567.0,70.68654220416913,14.529186137007368,929.0,154.9077080636281,32.96200933563168,804.0,134.5732543034076,28.665178509379896,0.0,0.0,0.0,0.0,0.0,0.0
1,0.054,23,360.08290828173625,543.0,73.04878589300996,15.55397083678114,1685.0,285.43591547310183,61.56232952787777,0.0,0.0,0.0,11.0,1.0999999999999999,0.11000000000000004,92.0,0.49957427448148184,0.002712765823083675
2,0.054,0,360.18108869951317,571.0,71.09487899848256,14.857800790735316,1671.0,287.3719158518829,62.37573561717647,0.0,0.0,0.0,11.0,1.0999999999999999,0.11000000000000004,106.0,0.5755964466851856,0.003125578013552929
3,0.0,0,360.30048162041015,564.0,67.75381390945108,12.98142861448213,1730.0,292.3392360710564,63.071334763902954,0.0,0.0,0.0,0.0,0.0,0.0,0.0,0.0,0.0
