id,probability_maraud,successful_mating,next_foraging_time,foraging_events,foraging_hrs,foraging_sqhrs,staying_events,staying_hrs,staying_sqhrs,repairing_events,repairing_hrs,repairing_sqhrs,marauding_events,marauding_hrs,marauding_sqhrs,traveling_events,traveling_hrs,traveling_sqhrs
0,0.0,9,360.2382045652675,559.0,67.39732306021203,13.566087217733125,1303.0,219.00459030044757,46.35113079974507,425.0,73.69049360620889,16.276550097895033,0.0,0.0,0.0,0.0,0.0,0.0
1,0.0,6,360.18698569742054,566.0,70.03003006236519,14.762278903798014,1342.0,223.19874941126335,46.67652232273001,384.0,66.80143496728716,14.2679706546347,0.0,0.0,0.0,0.0,0.0,0.0
2,0.054,8,359.93521209079245,577.0,74.10025223986338,15.93616561266367,1556.0,265.7861779723184,57.133299566808304,113.0,18.20181654887476,3.497945946436437,15.0,1.5000000000000002,0.15000000000000008,84.0,0.45613303322222254,0.0024768731428155295
3,0.054,13,360.02237112145104,571.0,72.79741686617614,15.095511523021491,1500.0,254.51346060517682,55.15819511487599,172.0,30.617616832623195,6.949706085477221,16.0,1.6000000000000003,0.1600000000000001,94.0,0.5104345847962967,0.002771738993150711
