id,probability_maraud,successful_mating,next_foraging_time,foraging_events,foraging_hrs,foraging_sqhrs,staying_events,staying_hrs,staying_sqhrs,repairing_events,repairing_hrs,repairing_sqhrs,marauding_events,marauding_hrs,marauding_sqhrs,traveling_events,traveling_hrs,traveling_sqhrs
0,0.054,8,360.6209646071953,573.0,72.73793638786515,15.833663662363275,1455.0,242.9555494333693,51.240229807502516,249.0,42.84943658655784,9.17048850062748,11.0,1.0999999999999999,0.11000000000000004,84.0,0.45613303322222254,0.0024768731428155295
1,0.0,8,359.95884060489124,556.0,73.09601227900542,15.392109311036588,1522.0,256.7461645124256,54.97389780067045,185.0,30.36918907022495,6.365540074922072,0.0,0.0,0.0,0.0,0.0,0.0
2,0.054,8,360.37031381565004,555.0,74.19826945082377,15.83342074574793,1486.0,253.57288291906536,54.597661875160036,186.0,30.387160247139,6.031011195859094,14.0,1.4000000000000001,0.14000000000000007,87.0,0.4724234986944448,0.002565332897916084
3,0.0,12,360.66625669850384,562.0,73.43504024335381,16.58625736508462,1398.0,237.405979758025,51.302736869877734,275.0,49.19569436624121,11.256864541845292,0.0,0.0,0.0,0.0,0.0,0.0
