id,probability_maraud,successful_mating,next_foraging_time,foraging_events,foraging_hrs,foraging_sqhrs,staying_events,staying_hrs,staying_sqhrs,repairing_events,repairing_hrs,repairing_sqhrs,marauding_events,marauding_hrs,marauding_sqhrs,traveling_events,traveling_hrs,traveling_sqhrs
0,0.0,11,359.94569276438324,567.0,73.11345141490906,15.69514656169727,1388.0,238.1010721608069,51.55668069616771,298.0,48.853973964654195,10.262170857204474,0.0,0.0,0.0,0.0,0.0,0.0
1,0.054,9,359.92635670486254,578.0,72.6606634893907,15.157448421917874,1596.0,266.5828775681358,57.338023215695785,101.0,18.45854464481293,4.1974747918163535,20.0,2.0000000000000004,0.20000000000000012,95.0,0.5158647399537041,0.0028012255781842293
2,0.0,8,359.8654456729719,562.0,69.535136062834,13.979224105334712,1473.0,248.03591187508917,53.45703591332105,252.0,42.466422491528306,8.920671845127115,0.0,0.0,0.0,0.0,0.0,0.0
3,0.054,8,360.35089771978954,568.0,70.32976675929989,13.860583546542681,1319.0,227.24085573478158,49.07333070350401,358.0,61.271620365185164,13.110277498134245,8.0,0.7999999999999999,0.08000000000000002,75.0,0.4072616368055558,0.002211493877513866
