id,probability_maraud,successful_mating,next_foraging_time,foraging_events,foraging_hrs,foraging_sqhrs,staying_events,staying_hrs,staying_sqhrs,repairing_events,repairing_hrs,repairing_sqhrs,marauding_events,marauding_hrs,marauding_sqhrs,traveling_events,traveling_hrs,traveling_sqhrs
0,0.054,7,360.590502685224,568.0,72.85937101522235,15.208758870850243,1493.0,248.62562859158894,52.31352059053995,207.0,36.644808571593465,8.089766329983828,15.0,1.5000000000000002,0.15000000000000008,91.0,0.4941441193240744,0.0026832792380501566
1,0.0,9,359.8606919400548,568.0,68.4143840148396,14.334855534271755,1414.0,237.02236452712054,50.87883301136668,316.0,54.578632475428485,11.702186829257808,0.0,0.0,0.0,0.0,0.0,0.0
2,0.0,10,360.61316560766033,569.0,68.85237470343111,13.606196967963099,1394.0,235.91679382651,50.7202676299587,333.0,55.333195960683774,11.70215256777388,0.0,0.0,0.0,0.0,0.0,0.0
3,0.054,10,360.12149674833165,570.0,70.77508820540699,15.14273003208657,1487.0,250.71200934815718,53.17739248319178,215.0,36.65476795328596,7.896112264860472,15.0,1.5000000000000002,0.15000000000000008,78.0,0.42355210227777806,0.0022999536326144205
