id,probability_maraud,successful_mating,next_foraging_time,foraging_events,foraging_hrs,foraging_sqhrs,staying_events,staying_hrs,staying_sqhrs,repairing_events,repairing_hrs,repairing_sqhrs,marauding_events,marauding_hrs,marauding_sqhrs,traveling_events,traveling_hrs,traveling_sqhrs
0,0.054,5,360.0017493121258,571.0,71.78843472548655,15.418782495869554,1510.0,249.67847155427307,52.00334455467528,211.0,36.632555498778444,7.90821837236198,15.0,1.5000000000000002,0.15000000000000008,102.0,0.553875826055556,0.0030076316734188565
1,0.0,12,360.1806827036343,564.0,67.482448615908,13.518380214813922,1300.0,219.70294088009538,47.08539019929912,419.0,73.11859952834253,16.193016130534886,0.0,0.0,0.0,0.0,0.0,0.0
2,0.054,13,359.8431472925896,575.0,68.122617094882,13.315549546914134,1623.0,271.49450958125027,57.34212124852988,116.0,18.314030045707046,3.677209916400741,17.0,1.7000000000000004,0.1700000000000001,91.0,0.4941441193240744,0.0026832792380501566
3,0.0,6,361.193467838707,583.0,69.7151829252602,14.095785277575054,1306.0,223.82079196182266,47.95122244024347,400.0,67.01178860848928,14.28547402361817,0.0,0.0,0.0,0.0,0.0,0.0
