id,probability_maraud,successful_mating,next_foraging_time,foraging_events,foraging_hrs,foraging_sqhrs,staying_events,staying_hrs,staying_sqhrs,repairing_events,repairing_hrs,repairing_sqhrs,marauding_events,marauding_hrs,marauding_sqhrs,traveling_events,traveling_hrs,traveling_sqhrs
0,0.054,21,360.0332067553501,579.0,71.32758685550546,14.63674060881033,1314.0,219.94859849182419,46.49591521720333,410.0,67.47524459639823,14.261611332817004,9.0,0.8999999999999999,0.09000000000000002,73.0,0.396401326490741,0.0021525207074468296
1,0.054,15,360.07623610573205,574.0,71.34994169462867,14.352005908944005,1367.0,232.30230053763623,49.80755586783495,311.0,55.01840439468003,12.003907769453381,11.0,1.0999999999999999,0.11000000000000004,74.0,0.4018314816481484,0.002182007292480348
2,0.0,0,360.28051030989604,570.0,71.32525168466348,14.605787638284932,1732.0,288.85425444672666,61.61324280370325,0.0,0.0,0.0,0.0,0.0,0.0,0.0,0.0,0.0
3,0.0,0,360.40420023665877,574.0,72.5839188764161,16.036641988464872,1694.0,287.47793158274453,61.00742879492935,0.0,0.0,0.0,0.0,0.0,0.0,0.0,0.0,0.0
