id,probability_maraud,successful_mating,next_foraging_time,foraging_events,foraging_hrs,foraging_sqhrs,staying_events,staying_hrs,staying_sqhrs,repairing_events,repairing_hrs,repairing_sqhrs,marauding_events,marauding_hrs,marauding_sqhrs,traveling_events,traveling_hrs,traveling_sqhrs
0,0.054,18,360.8615041528969,565.0,73.79092946423373,16.488144972066134,1130.0,193.36558966577059,41.93475255982529,528.0,91.96431089071731,19.860520518233223,10.0,0.9999999999999999,0.10000000000000003,53.0,0.28779822334259275,0.0015627890067764663
1,0.0,18,360.71111106054315,572.0,69.30192374780275,13.390335920360638,1360.0,229.5376444847188,49.3538620678881,354.0,61.21041327077987,13.42301520504276,0.0,0.0,0.0,0.0,0.0,0.0
2,0.0,0,359.79724124519197,555.0,70.60774346830556,15.829143333577358,1720.0,289.40807594794103,61.62604496467781,0.0,0.0,0.0,0.0,0.0,0.0,0.0,0.0,0.0
3,0.054,0,360.1455552260457,568.0,66.88371632270916,12.8611434514759,1747.0,291.101154846585,61.82072052708493,0.0,0.0,0.0,15.0,1.5000000000000002,0.15000000000000008,108.0,0.5864567570000004,0.0031845511836199655
