id,probability_maraud,successful_mating,next_foraging_time,foraging_events,foraging_hrs,foraging_sqhrs,staying_events,staying_hrs,staying_sqhrs,repairing_events,repairing_hrs,repairing_sqhrs,marauding_events,marauding_hrs,marauding_sqhrs,traveling_events,traveling_hrs,traveling_sqhrs
0,0.0,10,360.25275910482264,565.0,68.73634592009141,13.745724227570301,1245.0,209.15434136935923,45.38671047114115,479.0,82.14285310533731,17.97529911158282,0.0,0.0,0.0,0.0,0.0,0.0
1,0.0,10,360.31416262986625,559.0,71.7297535464707,14.430616169829989,1435.0,245.49712548160858,52.83253819227381,241.0,42.821245330915126,9.501463835338427,0.0,0.0,0.0,0.0,0.0,0.0
2,0.054,9,359.96237155733155,576.0,72.90131219082001,16.24836346409878,1630.0,272.9131469559703,58.18733165695051,70.0,12.419712143925477,2.762966730192341,13.0,1.3,0.13000000000000006,91.0,0.4941441193240744,0.0026832792380501566
3,0.054,7,360.6101081419367,570.0,68.24776673652768,13.946978678807664,1581.0,265.4906315231876,56.39126360588865,139.0,24.55165358537949,5.380547738936579,14.0,1.4000000000000001,0.14000000000000007,74.0,0.4018314816481484,0.002182007292480348
