id,probability_maraud,successful_mating,next_foraging_time,foraging_events,foraging_hrs,foraging_sqhrs,staying_events,staying_hrs,staying_sqhrs,repairing_events,repairing_hrs,repairing_sqhrs,marauding_events,marauding_hrs,marauding_sqhrs,traveling_events,traveling_hrs,traveling_sqhrs
0,0.0,12,360.3863711715575,568.0,70.05829355148772,14.524874921438522,963.0,167.4814572173562,36.50156656657656,730.0,122.59008284799008,25.987148721176496,0.0,0.0,0.0,0.0,0.0,0.0
1,0.054,24,359.8375685721426,549.0,73.82638276203281,16.566636963885276,1718.0,284.4399292733737,60.07605139709892,0.0,0.0,0.0,12.0,1.2,0.12000000000000005,106.0,0.5755964466851856,0.003125578013552929
2,0.054,0,360.56581014498585,568.0,67.44873832677447,13.335745627549207,1690.0,291.46988036557764,64.42236190971227,0.0,0.0,0.0,8.0,0.7999999999999999,0.08000000000000002,84.0,0.45613303322222254,0.0024768731428155295
3,0.0,0,360.03515729587724,563.0,74.39094316705669,15.625403706728736,1655.0,285.67297544618447,61.89882586837157,0.0,0.0,0.0,0.0,0.0,0.0,0.0,0.0,0.0
