id,probability_maraud,successful_mating,next_foraging_time,foraging_events,foraging_hrs,foraging_sqhrs,staying_events,staying_hrs,staying_sqhrs,repairing_events,repairing_hrs,repairing_sqhrs,marauding_events,marauding_hrs,marauding_sqhrs,traveling_events,traveling_hrs,traveling_sqhrs
0,0.054,9,360.0729752296395,563.0,70.79752438229895,14.780707863829445,1670.0,280.6908591984729,58.9258877215347,31.0,6.106560428645001,1.4614317882075918,19.0,1.9000000000000006,0.1900000000000001,107.0,0.581026601842593,0.0031550645985864473
1,0.0,12,360.45356681147507,557.0,70.06788165047226,14.029645201421205,1321.0,226.92820652050446,49.48246566409865,366.0,63.24126210742075,13.721096409015667,0.0,0.0,0.0,0.0,0.0,0.0
2,0.0,5,360.0102753354771,568.0,68.66709055720221,14.38977553917449,1227.0,212.04988631462933,45.61530383643123,465.0,79.43597904146355,17.25273395037608,0.0,0.0,0.0,0.0,0.0,0.0
3,0.054,10,360.141478900139,568.0,71.58273347269302,14.630244127893972,1343.0,225.09529659138784,48.1395707690763,350.0,61.349483806930905,13.474061463298675,16.0,1.6000000000000003,0.1600000000000001,87.0,0.4724234986944448,0.002565332897916084
