id,probability_maraud,successful_mating,next_foraging_time,foraging_events,foraging_hrs,foraging_sqhrs,staying_events,staying_hrs,staying_sqhrs,repairing_events,repairing_hrs,repairing_sqhrs,marauding_events,marauding_hrs,marauding_sqhrs,traveling_events,traveling_hrs,traveling_sqhrs
0,0.0,34,360.4267451037039,558.0,67.64376674740859,13.68296123650239,670.0,115.4005396323936,25.250019038184284,1023.0,177.17906685941705,38.568491076668266,0.0,0.0,0.0,0.0,0.0,0.0
1,0.0,74,360.4185240977983,562.0,69.51245462817019,14.98047154179249,1717.0,290.5980802914362,62.72487332164113,0.0,0.0,0.0,0.0,0.0,0.0,0.0,0.0,0.0
2,0.054,0,360.1318316306923,563.0,70.14914235755589,14.111802507735485,1695.0,288.79182069746423,62.9267767630354,0.0,0.0,0.0,7.0,0.7,0.07,115.0,0.6244678431018523,0.0033909572788545926
3,0.054,0,360.2601088943203,555.0,70.28958450073607,14.842412944468151,1682.0,287.982482758269,62.45216814567869,0.0,0.0,0.0,14.0,1.4000000000000001,0.14000000000000007,101.0,0.5484456708981486,0.0029781450883853383
4,0.0,0,360.534293521426,563.0,68.80662772292143,13.763830036728287,1722.0,291.2552994990265,63.21267751406303,0.0,0.0,0.0,0.0,0.0,0.0,0.0,0.0,0.0
5,0.0,0,360.33938440489794,576.0,71.65277728581948,14.821930326398471,1695.0,288.48468157296026,61.90051448504009,0.0,0.0,0.0,0.0,0.0,0.0,0.0,0.0,0.0
6,0.0,0,360.24936693368505,568.0,70.78622438700751,14.463554629781292,1709.0,289.24458738907214,62.386424906290756,0.0,0.0,0.0,0.0,0.0,0.0,0.0,0.0,0.0
7,0.0,0,360.72423835931784,566.0,69.61540602651311,14.53037453855782,1705.0,290.5353119513105,62.313381812192304,0.0,0.0,0.0,0.0,0.0,0.0,0.0,0.0,0.0
8,0.054,0,360.0515103605593,558.0,73.19113417828324,15.738007740792625,1689.0,286.0971220667308,61.1943419446527,0.0,0.0,0.0,4.0,0.4,0.04000000000000001,81.0,0.4398425677500003,0.002388413387714975
9,0.054,0,360.22428461598,559.0,73.33755626309002,15.930414786136497,1668.0,285.81742407970296,61.71230394203575,0.0,0.0,0.0,4.0,0.4,0.04000000000000001,82.0,0.4452727229074077,0.002417899972748493
10,0.0,0,360.5036990503192,560.0,73.44866780827951,15.601163667148864,1711.0,286.57531109401975,60.34607535962917,0.0,0.0,0.0,0.0,0.0,0.0,0.0,0.0,0.0
11,0.0,0,360.44394066094367,561.0,69.97210096262508,15.363089091588847,1770.0,290.19855499800786,61.629922966578,0.0,0.0,0.0,0.0,0.0,0.0,0.0,0.0,0.0
