id,probability_maraud,successful_mating,next_foraging_time,foraging_events,foraging_hrs,foraging_sqhrs,staying_events,staying_hrs,staying_sqhrs,repairing_events,repairing_hrs,repairing_sqhrs,marauding_events,marauding_hrs,marauding_sqhrs,traveling_events,traveling_hrs,traveling_sqhrs
0,0.0,33,360.0833408622779,559.0,71.05208223829139,14.325072138044083,739.0,124.76051814745038,26.604966223243824,969.0,164.2555325627846,35.71149974128107,0.0,0.0,0.0,0.0,0.0,0.0
1,0.0,75,360.10959358826557,561.0,69.28383821885973,15.097630338991209,1700.0,290.9283587983977,63.399503004763346,0.0,0.0,0.0,0.0,0.0,0.0,0.0,0.0,0.0
2,0.0,0,360.9985204077115,565.0,71.6176432105367,14.720969133510382,1753.0,288.81434302264375,59.74631658899298,0.0,0.0,0.0,0.0,0.0,0.0,0.0,0.0,0.0
3,0.0,0,360.1917105578886,564.0,71.04974903197771,14.698577259603375,1691.0,289.03577569331617,62.06178319056177,0.0,0.0,0.0,0.0,0.0,0.0,0.0,0.0,0.0
4,0.054,0,360.72503793887904,561.0,66.07876833976118,13.390628793743803,1727.0,292.6882372947086,62.809246081112015,0.0,0.0,0.0,8.0,0.7999999999999999,0.08000000000000002,93.0,0.5050044296388893,0.002742252408117193
5,0.0,0,360.04204091627815,575.0,73.80354133554405,15.4185209539786,1719.0,286.3199931450729,60.50098508951593,0.0,0.0,0.0,0.0,0.0,0.0,0.0,0.0,0.0
6,0.0,0,360.2208827219217,566.0,66.79036186464612,12.798434775618606,1699.0,293.27874458202075,63.91899481841284,0.0,0.0,0.0,0.0,0.0,0.0,0.0,0.0,0.0
7,0.054,0,360.59193617007753,569.0,72.28462191440416,15.616775885981607,1673.0,286.60939681904244,61.64057046341181,0.0,0.0,0.0,6.0,0.6,0.06000000000000001,98.0,0.5321552054259263,0.002889685333284784
8,0.0,0,360.23376439586394,549.0,72.08720793560661,15.684296643099428,1667.0,288.0477273719075,61.82555504291162,0.0,0.0,0.0,0.0,0.0,0.0,0.0,0.0,0.0
9,0.054,0,360.0994840236235,569.0,66.59130885202381,13.088438573832676,1731.0,292.5147976595353,62.97608782088596,0.0,0.0,0.0,5.0,0.5,0.05000000000000001,99.0,0.5375853605833337,0.002919171918318302
10,0.0,0,359.67769941623254,570.0,70.23994998950737,14.58913114243165,1682.0,289.80536842809124,62.085967388216766,0.0,0.0,0.0,0.0,0.0,0.0,0.0,0.0,0.0
11,0.054,0,360.91606995782564,558.0,69.34955391612128,13.847813900591802,1737.0,289.42108050592356,61.41225002478984,0.0,0.0,0.0,8.0,0.7999999999999999,0.08000000000000002,105.0,0.5701662915277782,0.003096091428519411
