id,probability_maraud,successful_mating,next_foraging_time,foraging_events,foraging_hrs,foraging_sqhrs,staying_events,staying_hrs,staying_sqhrs,repairing_events,repairing_hrs,repairing_sqhrs,marauding_events,marauding_hrs,marauding_sqhrs,traveling_events,traveling_hrs,traveling_sqhrs
0,0.0,27,360.036638535484,559.0,72.19242229071787,15.118672843734158,589.0,96.71455547340629,20.268921881812684,1121.0,191.1783126901201,40.84710809235548,0.0,0.0,0.0,0.0,0.0,0.0
1,0.0,81,360.215082690687,570.0,69.93597695906716,14.164835959127137,1713.0,290.3359211511118,62.488904585871545,0.0,0.0,0.0,0.0,0.0,0.0,0.0,0.0,0.0
2,0.0,0,360.3204338240342,568.0,66.14029777833983,12.905130188399003,1748.0,293.8655282954587,62.546439540643796,0.0,0.0,0.0,0.0,0.0,0.0,0.0,0.0,0.0
3,0.0,0,360.2338513720146,563.0,68.18202069711433,13.189765501971983,1709.0,291.8985875565829,63.00452126453356,0.0,0.0,0.0,0.0,0.0,0.0,0.0,0.0,0.0
4,0.0,0,360.5738153704587,553.0,69.10739927644356,14.433519767021922,1729.0,290.9504997322303,62.19028753010262,0.0,0.0,0.0,0.0,0.0,0.0,0.0,0.0,0.0
5,0.0,0,360.2031854656839,578.0,68.74673844185695,13.294628677432966,1720.0,291.4542180704273,62.503885862652226,0.0,0.0,0.0,0.0,0.0,0.0,0.0,0.0,0.0
6,0.054,0,360.08893806167976,557.0,69.54907987592318,14.310838031686682,1695.0,289.3637382289476,62.44221236706878,0.0,0.0,0.0,7.0,0.7,0.07,92.0,0.49957427448148184,0.002712765823083675
7,0.054,0,360.0191423818964,562.0,72.71344804905424,16.720542527113015,1686.0,286.01154630119,60.71420967861857,0.0,0.0,0.0,8.0,0.7999999999999999,0.08000000000000002,88.0,0.4778536538518522,0.002594819482949602
8,0.0,0,360.20043565738166,568.0,69.76666319467272,14.514644507836879,1730.0,290.2905262982254,61.9676691378012,0.0,0.0,0.0,0.0,0.0,0.0,0.0,0.0,0.0
9,0.054,0,360.0473843149686,568.0,68.97402785753899,13.627157909859694,1710.0,289.8425585952756,62.72855282735679,0.0,0.0,0.0,8.0,0.7999999999999999,0.08000000000000002,108.0,0.5864567570000004,0.0031845511836199655
10,0.054,0,360.3866917605808,567.0,71.49160809498277,13.97636943423852,1694.0,287.1224674195091,61.07395667383662,0.0,0.0,0.0,9.0,0.8999999999999999,0.09000000000000002,110.0,0.5973170673148153,0.003243524353687002
11,0.0,0,359.9844235441451,574.0,71.10257826475005,13.609585281517411,1760.0,289.0623553434575,59.943534196136945,0.0,0.0,0.0,0.0,0.0,0.0,0.0,0.0,0.0
