id,probability_maraud,successful_mating,next_foraging_time,foraging_events,foraging_hrs,foraging_sqhrs,staying_events,staying_hrs,staying_sqhrs,repairing_events,repairing_hrs,repairing_sqhrs,marauding_events,marauding_hrs,marauding_sqhrs,traveling_events,traveling_hrs,traveling_sqhrs
0,0.054,44,360.47985606763393,570.0,69.72905893408274,14.134331450741376,955.0,161.03985786865996,34.006657481833884,769.0,128.05520513115664,27.071515324769997,11.0,1.0999999999999999,0.11000000000000004,53.0,0.28779822334259275,0.0015627890067764663
1,0.054,64,360.33880314363773,578.0,69.91070446928252,14.177779334279268,1343.0,224.5190970124814,47.542138551005245,392.0,65.26241221538882,13.55493932182062,0.0,0.0,0.0,69.0,0.37468070586111135,0.002034574367312757
2,0.0,0,360.3774280023434,569.0,68.58476136296005,14.368913001944659,1713.0,291.4374340020123,62.0053901859769,0.0,0.0,0.0,0.0,0.0,0.0,0.0,0.0,0.0
3,0.054,0,359.99793610580764,565.0,67.71633719879627,13.803096764987332,1716.0,290.39259478999026,62.88836198745091,0.0,0.0,0.0,14.0,1.4000000000000001,0.14000000000000007,98.0,0.5321552054259263,0.002889685333284784
4,0.0,0,359.9513739416468,566.0,74.2438559329426,16.81581261026669,1699.0,285.8091221148867,60.770756646248245,0.0,0.0,0.0,0.0,0.0,0.0,0.0,0.0,0.0
5,0.0,0,360.4955907503051,569.0,70.64651467061599,14.662781977295234,1714.0,289.4994009762643,61.97201294721485,0.0,0.0,0.0,0.0,0.0,0.0,0.0,0.0,0.0
6,0.0,0,360.1232980489873,579.0,66.60486620935785,12.650282398349752,1758.0,293.51536814790535,62.2641543868993,0.0,0.0,0.0,0.0,0.0,0.0,0.0,0.0,0.0
7,0.0,0,360.435255981371,568.0,68.04608061387101,13.33495467315016,1692.0,292.0823212424526,63.845486758576556,0.0,0.0,0.0,0.0,0.0,0.0,0.0,0.0,0.0
8,0.0,0,361.012460362922,562.0,70.89728116611349,14.937965611161518,1703.0,289.51324084456,61.936273656544984,0.0,0.0,0.0,0.0,0.0,0.0,0.0,0.0,0.0
9,0.054,0,360.3607179441783,573.0,74.70210684061692,16.410493982158822,1675.0,284.0903998849483,60.963464130204805,0.0,0.0,0.0,8.0,0.7999999999999999,0.08000000000000002,95.0,0.5158647399537041,0.0028012255781842293
10,0.0,0,359.9492483101385,565.0,71.78256459152401,15.902771465592945,1717.0,288.26137060854757,61.40805852067582,0.0,0.0,0.0,0.0,0.0,0.0,0.0,0.0,0.0
11,0.0,0,360.0214340041012,556.0,72.10391659400332,15.28402188857625,1708.0,288.129226269758,61.08364351478517,0.0,0.0,0.0,0.0,0.0,0.0,0.0,0.0,0.0
