id,probability_maraud,successful_mating,next_foraging_time,foraging_events,foraging_hrs,foraging_sqhrs,staying_events,staying_hrs,staying_sqhrs,repairing_events,repairing_hrs,repairing_sqhrs,marauding_events,marauding_hrs,marauding_sqhrs,traveling_events,traveling_hrs,traveling_sqhrs
0,0.0,18,359.9795576921402,564.0,71.46264718285634,14.689925501622351,474.0,79.22359760182921,17.10924043924876,1236.0,209.5071809230873,45.45421238224733,0.0,0.0,0.0,0.0,0.0,0.0
1,0.0,90,359.95980696987715,571.0,71.04611928712227,14.66244671078885,1706.0,289.00316810009923,62.45782832689327,0.0,0.0,0.0,0.0,0.0,0.0,0.0,0.0,0.0
2,0.0,0,360.2444966257591,576.0,71.44552707423381,15.020228965792429,1720.0,288.6891043225718,61.228479576760876,0.0,0.0,0.0,0.0,0.0,0.0,0.0,0.0,0.0
3,0.054,0,360.7754506808542,558.0,66.59359938725503,13.274788757620938,1697.0,291.9658785897297,63.356464386562884,0.0,0.0,0.0,9.0,0.8999999999999999,0.09000000000000002,112.0,0.6081773776296301,0.003302497523754038
4,0.054,0,360.3411424277691,567.0,71.59448462747758,14.910322361633906,1754.0,287.2241648727046,59.76936501751097,0.0,0.0,0.0,7.0,0.7,0.07,96.0,0.5212948951111115,0.0028307121632177475
5,0.054,0,360.5327899155047,561.0,70.7404694248706,14.051961598022418,1702.0,287.7427908219867,61.97638834742882,0.0,0.0,0.0,11.0,1.0999999999999999,0.11000000000000004,97.0,0.5267250502685189,0.0028601987482512656
6,0.0,0,360.3167992146551,570.0,72.54092643198824,16.049125509041705,1679.0,287.55489253094623,62.367681914274385,0.0,0.0,0.0,0.0,0.0,0.0,0.0,0.0,0.0
7,0.0,0,360.2972531152862,571.0,69.43486865693706,13.569352268310691,1746.0,290.77380025479073,61.82926743991866,0.0,0.0,0.0,0.0,0.0,0.0,0.0,0.0,0.0
8,0.0,0,360.06061578156437,561.0,70.37065459710539,15.04528003044839,1692.0,289.6793299676012,62.68281731902325,0.0,0.0,0.0,0.0,0.0,0.0,0.0,0.0,0.0
9,0.054,0,360.435780235091,570.0,65.87548334102075,13.058096854901079,1726.0,292.89634409339936,63.149024708508044,0.0,0.0,0.0,8.0,0.7999999999999999,0.08000000000000002,88.0,0.4778536538518522,0.002594819482949602
10,0.0,0,360.089617902419,569.0,68.71391840962586,14.448230418035333,1720.0,291.2949130763517,62.685208213343294,0.0,0.0,0.0,0.0,0.0,0.0,0.0,0.0,0.0
11,0.0,0,360.3440231807178,553.0,71.98627322506556,16.168623368381034,1702.0,288.1228564105414,61.88035461955484,0.0,0.0,0.0,0.0,0.0,0.0,0.0,0.0,0.0
