id,probability_maraud,successful_mating,next_foraging_time,foraging_events,foraging_hrs,foraging_sqhrs,staying_events,staying_hrs,staying_sqhrs,repairing_events,repairing_hrs,repairing_sqhrs,marauding_events,marauding_hrs,marauding_sqhrs,traveling_events,traveling_hrs,traveling_sqhrs
0,0.0,39,360.0921685736109,567.0,69.2278578745116,13.693137652613224,668.0,113.69534451793074,24.270207892988264,1041.0,177.08150475217192,37.9475207353231,0.0,0.0,0.0,0.0,0.0,0.0
1,0.0,69,360.18471784182714,563.0,72.29507971355807,15.709028761656596,1687.0,287.83785435662264,61.52851036615648,0.0,0.0,0.0,0.0,0.0,0.0,0.0,0.0,0.0
2,0.0,0,360.8411576897312,561.0,72.68998700750957,15.292695175014185,1739.0,287.5431557215291,60.19988140436844,0.0,0.0,0.0,0.0,0.0,0.0,0.0,0.0,0.0
3,0.054,0,360.34502448208696,563.0,69.8530553722188,14.981416595896103,1739.0,289.4415610542229,61.071668145933174,0.0,0.0,0.0,4.0,0.4,0.04000000000000001,75.0,0.4072616368055558,0.002211493877513866
4,0.0,0,360.3351978510152,567.0,73.14648104737564,15.721621042790593,1679.0,286.88967311359085,62.49387280557031,0.0,0.0,0.0,0.0,0.0,0.0,0.0,0.0,0.0
5,0.0,0,359.96828770212875,581.0,71.66789850928865,14.935967869069906,1724.0,288.36859036858743,61.47235268005673,0.0,0.0,0.0,0.0,0.0,0.0,0.0,0.0,0.0
6,0.0,0,360.38165329045086,558.0,74.33167800403577,16.480193096464234,1687.0,285.67791115720786,61.182324154955595,0.0,0.0,0.0,0.0,0.0,0.0,0.0,0.0,0.0
7,0.054,0,360.34014965916026,558.0,69.07795120572689,14.383218421535009,1694.0,289.7351802345582,62.81825293159214,0.0,0.0,0.0,9.0,0.8999999999999999,0.09000000000000002,86.0,0.46699334353703736,0.002535846312882566
8,0.054,0,360.03261720680877,564.0,73.24015080244583,15.575419582889111,1704.0,285.3493126704032,60.84074160248139,0.0,0.0,0.0,8.0,0.7999999999999999,0.08000000000000002,113.0,0.6136075327870375,0.0033319841087875563
9,0.0,0,360.1002180115213,565.0,72.3392422184197,15.005408807662247,1722.0,287.78635942219654,59.93429111958584,0.0,0.0,0.0,0.0,0.0,0.0,0.0,0.0,0.0
10,0.054,0,360.01727623090704,557.0,72.68085476816542,15.622398565298102,1690.0,286.17428445498115,61.74969108405182,0.0,0.0,0.0,8.0,0.7999999999999999,0.08000000000000002,98.0,0.5321552054259263,0.002889685333284784
11,0.0,0,360.429554997267,559.0,70.35757530968935,14.259571011619476,1702.0,289.68152098059676,62.46293332104525,0.0,0.0,0.0,0.0,0.0,0.0,0.0,0.0,0.0
