id,probability_maraud,successful_mating,next_foraging_time,foraging_events,foraging_hrs,foraging_sqhrs,staying_events,staying_hrs,staying_sqhrs,repairing_events,repairing_hrs,repairing_sqhrs,marauding_events,marauding_hrs,marauding_sqhrs,traveling_events,traveling_hrs,traveling_sqhrs
0,0.054,40,360.75709587745723,557.0,70.19020500823092,14.735682562021525,852.0,142.59340982726573,30.475775237382692,867.0,146.2103309772526,30.742055753690625,8.0,0.7999999999999999,0.08000000000000002,53.0,0.28779822334259275,0.0015627890067764663
1,0.0,68,360.0213503286684,565.0,67.42622378332402,13.27239618505612,1470.0,243.70395719130167,51.78618628767352,272.0,49.004297886522195,10.981229638613154,0.0,0.0,0.0,0.0,0.0,0.0
2,0.0,0,360.18869180984944,571.0,69.0149124006326,14.010634470508462,1736.0,291.07977329698673,61.36766568575276,0.0,0.0,0.0,0.0,0.0,0.0,0.0,0.0,0.0
3,0.054,0,359.91773651728744,573.0,70.94977789822414,14.34988213197035,1678.0,287.7601368156159,62.81955373822616,0.0,0.0,0.0,8.0,0.7999999999999999,0.08000000000000002,95.0,0.5158647399537041,0.0028012255781842293
4,0.0,0,360.25551457614404,562.0,69.78028541857113,14.572991969539869,1711.0,290.23742833133883,62.10485030393226,0.0,0.0,0.0,0.0,0.0,0.0,0.0,0.0,0.0
5,0.0,0,360.03654294533214,569.0,70.49198473573452,15.225856676178973,1734.0,289.65539792372385,61.40402914186643,0.0,0.0,0.0,0.0,0.0,0.0,0.0,0.0,0.0
6,0.054,0,360.04291279866305,569.0,68.82050273724936,14.36773214107369,1747.0,289.8360232640852,61.49148198717245,0.0,0.0,0.0,9.0,0.8999999999999999,0.09000000000000002,90.0,0.488713964166667,0.0026537926530166385
7,0.054,0,360.0919370064503,566.0,71.77891085317965,15.55853309825225,1680.0,287.12770212214355,62.246866418227086,0.0,0.0,0.0,7.0,0.7,0.07,102.0,0.553875826055556,0.0030076316734188565
8,0.0,0,360.24662938411427,567.0,72.22066413737369,15.777282193785965,1709.0,287.8267840896369,61.4825169742178,0.0,0.0,0.0,0.0,0.0,0.0,0.0,0.0,0.0
9,0.0,0,360.32096237121476,567.0,70.93859163738577,13.917133026497519,1730.0,289.1705399515053,61.10420009312715,0.0,0.0,0.0,0.0,0.0,0.0,0.0,0.0,0.0
10,0.0,0,360.1822529971203,567.0,69.37278306043665,14.372342273669659,1713.0,290.67978497471233,62.93083644731395,0.0,0.0,0.0,0.0,0.0,0.0,0.0,0.0,0.0
11,0.0,0,360.4981207319491,560.0,69.45794734608499,14.387437401255907,1689.0,290.69462228086866,63.312779121601224,0.0,0.0,0.0,0.0,0.0,0.0,0.0,0.0,0.0
