id,probability_maraud,successful_mating,next_foraging_time,foraging_events,foraging_hrs,foraging_sqhrs,staying_events,staying_hrs,staying_sqhrs,repairing_events,repairing_hrs,repairing_sqhrs,marauding_events,marauding_hrs,marauding_sqhrs,traveling_events,traveling_hrs,traveling_sqhrs
0,0.0,42,360.42779863267066,576.0,65.71411002514118,12.531766406567604,839.0,141.75829600495703,30.2822913623004,886.0,152.68112765863404,32.83108515524382,0.0,0.0,0.0,0.0,0.0,0.0
1,0.054,66,360.4626182341482,564.0,74.69896735303813,17.35887020102795,1709.0,284.3678917588639,60.05520174309994,0.0,0.0,0.0,6.0,0.6,0.06000000000000001,106.0,0.5755964466851856,0.003125578013552929
2,0.054,0,360.02249088879194,569.0,72.5821709278573,15.4894731679786,1674.0,286.0223085166945,61.7271523139451,0.0,0.0,0.0,9.0,0.8999999999999999,0.09000000000000002,94.0,0.5104345847962967,0.002771738993150711
3,0.0,0,360.1809816880652,562.0,69.7843128242491,13.960662302647567,1676.0,290.34049712964946,63.2484026874658,0.0,0.0,0.0,0.0,0.0,0.0,0.0,0.0,0.0
4,0.0,0,360.1565298341596,570.0,74.50715067968197,15.296671567131991,1698.0,285.8179980136366,61.18345716947979,0.0,0.0,0.0,0.0,0.0,0.0,0.0,0.0,0.0
5,0.054,0,360.093962433657,559.0,70.32835179763494,14.827176022825743,1711.0,288.8137304585869,61.30379252975801,0.0,0.0,0.0,5.0,0.5,0.05000000000000001,90.0,0.488713964166667,0.0026537926530166385
6,0.054,0,360.5743648845183,568.0,69.58174086042625,14.041459229588424,1723.0,289.3253860030613,61.87633759249673,0.0,0.0,0.0,5.0,0.5,0.05000000000000001,117.0,0.6353281534166672,0.003449930448921629
7,0.0,0,360.3923868453994,562.0,71.41384566498694,14.29733949701308,1699.0,288.7474035623874,62.27030956084526,0.0,0.0,0.0,0.0,0.0,0.0,0.0,0.0,0.0
8,0.0,0,360.03199255349136,569.0,69.53312334937299,13.561603634740036,1687.0,290.4867665156619,62.811267564655346,0.0,0.0,0.0,0.0,0.0,0.0,0.0,0.0,0.0
9,0.0,0,360.00427027203546,548.0,73.38685867096834,16.595682621491175,1713.0,286.6238428171929,60.82701914655866,0.0,0.0,0.0,0.0,0.0,0.0,0.0,0.0,0.0
10,0.0,0,360.06003636936987,573.0,69.60192879928313,14.131509934101684,1743.0,290.5291797614072,61.57361794978158,0.0,0.0,0.0,0.0,0.0,0.0,0.0,0.0,0.0
11,0.0,0,360.0471586849098,558.0,67.13699527373052,13.461100254053111,1704.0,293.0183219260049,63.231636739349554,0.0,0.0,0.0,0.0,0.0,0.0,0.0,0.0,0.0
