id,probability_maraud,successful_mating,next_foraging_time,foraging_events,foraging_hrs,foraging_sqhrs,staying_events,staying_hrs,staying_sqhrs,repairing_events,repairing_hrs,repairing_sqhrs,marauding_events,marauding_hrs,marauding_sqhrs,traveling_events,traveling_hrs,traveling_sqhrs
0,0.0,30,359.8267014873619,566.0,67.81000738407236,12.87479128868174,757.0,124.66951591218897,26.320774907438963,1001.0,167.59571099342025,35.97192851149733,0.0,0.0,0.0,0.0,0.0,0.0
1,0.054,78,360.55257608996374,573.0,73.1039522688513,15.640860278047535,1697.0,285.65097654035367,61.997874830714935,0.0,0.0,0.0,7.0,0.7,0.07,110.0,0.5973170673148153,0.003243524353687002
2,0.0,0,360.08656731772606,557.0,72.45458835573199,14.712324956633571,1648.0,287.7110993401413,63.00926172012564,0.0,0.0,0.0,0.0,0.0,0.0,0.0,0.0,0.0
3,0.0,0,360.21338184678774,572.0,69.23233690456392,14.36675020004223,1721.0,290.777727374032,62.20121595031652,0.0,0.0,0.0,0.0,0.0,0.0,0.0,0.0,0.0
4,0.054,0,360.4751281594229,570.0,70.58584122583471,14.047268229665839,1709.0,288.0899128426289,61.171178342369984,0.0,0.0,0.0,10.0,0.9999999999999999,0.10000000000000003,92.0,0.49957427448148184,0.002712765823083675
5,0.054,0,359.9661153771973,565.0,73.78158808645735,16.16907403065311,1707.0,285.2341959615114,60.5122459509694,0.0,0.0,0.0,7.0,0.7,0.07,84.0,0.45613303322222254,0.0024768731428155295
6,0.0,0,360.4736988284221,558.0,71.25340320904607,14.728865236906838,1694.0,289.00780779356296,62.08779975816178,0.0,0.0,0.0,0.0,0.0,0.0,0.0,0.0,0.0
7,0.054,0,360.2155496534541,567.0,71.11785906626046,15.141754816651085,1739.0,288.3398261036225,60.045674557660895,0.0,0.0,0.0,4.0,0.4,0.04000000000000001,85.0,0.46156318837962995,0.0025063597278490476
8,0.0,0,360.18356915995935,569.0,70.91204066874155,15.011247622315173,1674.0,289.0893125807743,62.20741919824244,0.0,0.0,0.0,0.0,0.0,0.0,0.0,0.0,0.0
9,0.0,0,360.20978667981916,561.0,67.65670535893754,13.095624795261603,1727.0,292.4900224822937,62.698600185888736,0.0,0.0,0.0,0.0,0.0,0.0,0.0,0.0,0.0
10,0.0,0,360.59319436340354,580.0,72.36527456241136,14.908778383719818,1671.0,287.84161182242485,61.85240989888329,0.0,0.0,0.0,0.0,0.0,0.0,0.0,0.0,0.0
11,0.0,0,360.11868161129524,559.0,72.42838907366202,15.45534551461993,1713.0,287.7136948194755,61.312340939716464,0.0,0.0,0.0,0.0,0.0,0.0,0.0,0.0,0.0
