id,probability_maraud,successful_mating,next_foraging_time,foraging_events,foraging_hrs,foraging_sqhrs,staying_events,staying_hrs,staying_sqhrs,repairing_events,repairing_hrs,repairing_sqhrs,marauding_events,marauding_hrs,marauding_sqhrs,traveling_events,traveling_hrs,traveling_sqhrs
0,0.0,26,359.8534492281902,578.0,72.29205039561954,14.994216559659508,675.0,110.7542300192841,23.066779544142513,1051.0,176.9835814787697,38.15281466567744,0.0,0.0,0.0,0.0,0.0,0.0
1,0.0,82,360.01408009453695,559.0,72.01019035364784,15.178354093393557,1705.0,288.1687652539386,61.09722631576789,0.0,0.0,0.0,0.0,0.0,0.0,0.0,0.0,0.0
2,0.0,0,360.32766135898567,570.0,72.24444530888421,14.419956475587659,1685.0,287.78095898671484,61.794177222717195,0.0,0.0,0.0,0.0,0.0,0.0,0.0,0.0,0.0
3,0.0,0,360.03333962768164,557.0,62.35120543991523,11.266261573662518,1731.0,297.8711236902722,65.15575444145527,0.0,0.0,0.0,0.0,0.0,0.0,0.0,0.0,0.0
4,0.0,0,360.1308189746818,555.0,72.04391181825243,14.926394960865544,1660.0,288.049805859749,63.41449128854979,0.0,0.0,0.0,0.0,0.0,0.0,0.0,0.0,0.0
5,0.0,0,360.26079842516845,557.0,70.00495335310525,14.651724495883805,1685.0,290.19366194966096,62.809675687065734,0.0,0.0,0.0,0.0,0.0,0.0,0.0,0.0,0.0
6,0.054,0,359.9903320448596,569.0,69.58420849566058,14.07877649471387,1722.0,288.66363806262297,62.05153931915177,0.0,0.0,0.0,11.0,1.0999999999999999,0.11000000000000004,122.0,0.6624789292037042,0.00359736337408922
7,0.054,0,360.3811111891603,581.0,69.05067986269346,13.586465879116897,1720.0,289.8296460064973,61.92972000001061,0.0,0.0,0.0,7.0,0.7,0.07,91.0,0.4941441193240744,0.0026832792380501566
8,0.054,0,360.00010093362545,561.0,70.9343087681982,14.975743341836374,1685.0,287.85996857808465,62.20245735643789,0.0,0.0,0.0,7.0,0.7,0.07,97.0,0.5267250502685189,0.0028601987482512656
9,0.0,0,360.57877913194915,541.0,74.90757072743983,17.164684543754024,1688.0,285.2534660142118,60.84976732755639,0.0,0.0,0.0,0.0,0.0,0.0,0.0,0.0,0.0
10,0.0,0,360.31490235319774,568.0,69.01016243524604,13.4051198681429,1711.0,291.1247978774042,62.29033912570491,0.0,0.0,0.0,0.0,0.0,0.0,0.0,0.0,0.0
11,0.054,0,360.1631995688972,579.0,70.16968838973017,14.141868648151858,1697.0,289.1396853877036,63.185251978782894,0.0,0.0,0.0,4.0,0.4,0.04000000000000001,93.0,0.5050044296388893,0.002742252408117193
