id,probability_maraud,successful_mating,next_foraging_time,foraging_events,foraging_hrs,foraging_sqhrs,staying_events,staying_hrs,staying_sqhrs,repairing_events,repairing_hrs,repairing_sqhrs,marauding_events,marauding_hrs,marauding_sqhrs,traveling_events,traveling_hrs,traveling_sqhrs
0,0.0,34,360.37900138562395,569.0,73.45649225231145,15.927183617819663,631.0,104.40263741800888,22.191591276074522,1085.0,182.26276363082826,38.76610967670692,0.0,0.0,0.0,0.0,0.0,0.0
1,0.054,74,360.28892641905327,566.0,73.52127846966927,16.005343155545834,1698.0,284.61434078831087,60.84998602533152,0.0,0.0,0.0,13.0,1.3,0.13000000000000006,122.0,0.6624789292037042,0.00359736337408922
2,0.0,0,359.97904477606306,565.0,74.21325540888138,16.91681855920473,1724.0,285.928946539829,60.335800734730356,0.0,0.0,0.0,0.0,0.0,0.0,0.0,0.0,0.0
3,0.054,0,359.97397309145055,571.0,67.84160875626482,13.048842211441233,1695.0,290.9851564543497,62.38318559944532,0.0,0.0,0.0,7.0,0.7,0.07,88.0,0.4778536538518522,0.002594819482949602
4,0.0,0,359.7479598560749,573.0,69.16612533827157,13.12334683302615,1683.0,290.9643690274046,62.32027195410898,0.0,0.0,0.0,0.0,0.0,0.0,0.0,0.0,0.0
5,0.054,0,360.07584644216837,567.0,70.25520836885379,14.327143413783741,1691.0,289.0332543868722,61.95804442301321,0.0,0.0,0.0,5.0,0.5,0.05000000000000001,89.0,0.4832838090092596,0.0026243060679831203
6,0.0,0,359.94029440695203,576.0,71.28474420568949,14.380479672424887,1730.0,288.7183493914807,61.70599207497914,0.0,0.0,0.0,0.0,0.0,0.0,0.0,0.0,0.0
7,0.054,0,360.11371277347297,573.0,67.77987875377724,13.494010143425172,1712.0,291.27822190031594,62.410982211749854,0.0,0.0,0.0,5.0,0.5,0.05000000000000001,90.0,0.488713964166667,0.0026537926530166385
8,0.0,0,360.25534117434637,562.0,72.61533273863915,16.38485120611616,1692.0,287.4749748513794,61.53704993474005,0.0,0.0,0.0,0.0,0.0,0.0,0.0,0.0,0.0
9,0.0,0,359.90733703018975,553.0,72.99858407959817,15.533170556528054,1669.0,287.02556612736913,62.337936209933275,0.0,0.0,0.0,0.0,0.0,0.0,0.0,0.0,0.0
10,0.0,0,360.23275824243404,571.0,71.53238924572271,15.0560525961594,1703.0,288.47420216094906,62.23667963136785,0.0,0.0,0.0,0.0,0.0,0.0,0.0,0.0,0.0
11,0.0,0,359.9459213655582,576.0,70.62313705697005,15.06737909748673,1704.0,289.38403497785396,61.931215506315915,0.0,0.0,0.0,0.0,0.0,0.0,0.0,0.0,0.0
