id,probability_maraud,successful_mating,next_foraging_time,foraging_events,foraging_hrs,foraging_sqhrs,staying_events,staying_hrs,staying_sqhrs,repairing_events,repairing_hrs,repairing_sqhrs,marauding_events,marauding_hrs,marauding_sqhrs,traveling_events,traveling_hrs,traveling_sqhrs
0,0.0,37,360.1169526479073,571.0,71.34034446786139,14.48088185008672,689.0,114.50852491649313,24.32328584607347,1032.0,174.1783701672942,36.98111446091552,0.0,0.0,0.0,0.0,0.0,0.0
1,0.054,71,360.30320892672734,559.0,73.23722984889302,17.280649620794684,1677.0,285.50031971934743,61.111369313934176,0.0,0.0,0.0,8.0,0.7999999999999999,0.08000000000000002,91.0,0.4941441193240744,0.0026832792380501566
2,0.0,0,360.17900961892803,575.0,70.13490315882137,14.616338639881343,1698.0,289.9627816335194,63.14115862589985,0.0,0.0,0.0,0.0,0.0,0.0,0.0,0.0,0.0
3,0.0,0,359.9613159750522,562.0,71.98949440688939,15.673339046172597,1728.0,288.09498638919484,61.227036158411046,0.0,0.0,0.0,0.0,0.0,0.0,0.0,0.0,0.0
4,0.054,0,360.39453690244216,568.0,73.68564863948116,16.078735634753897,1712.0,285.2496925663037,60.30234945275076,0.0,0.0,0.0,6.0,0.6,0.06000000000000001,102.0,0.553875826055556,0.0030076316734188565
5,0.0,0,359.99114281727276,560.0,72.21994451921135,15.084135817120131,1692.0,287.8172373182059,61.93480579084623,0.0,0.0,0.0,0.0,0.0,0.0,0.0,0.0,0.0
6,0.0,0,360.3173682767156,569.0,74.73085213901271,16.69938368222441,1699.0,285.4236368367488,60.7543348176509,0.0,0.0,0.0,0.0,0.0,0.0,0.0,0.0,0.0
7,0.0,0,359.9734059141083,550.0,72.94521088718456,15.804411131603077,1693.0,287.0888144053734,61.76404025940524,0.0,0.0,0.0,0.0,0.0,0.0,0.0,0.0,0.0
8,0.0,0,360.34908331283543,558.0,73.63015192818946,15.962964069506839,1683.0,286.5282427667562,62.10141691353706,0.0,0.0,0.0,0.0,0.0,0.0,0.0,0.0,0.0
9,0.054,0,360.1718307329138,553.0,71.64141082356174,16.324888016440372,1694.0,287.20779872925715,61.9560789473171,0.0,0.0,0.0,8.0,0.7999999999999999,0.08000000000000002,94.0,0.5104345847962967,0.002771738993150711
10,0.0,0,359.97369679170566,567.0,70.53475052588186,14.69901879326343,1680.0,289.55608794797854,62.92752762239231,0.0,0.0,0.0,0.0,0.0,0.0,0.0,0.0,0.0
11,0.054,0,360.34135275457754,578.0,68.70686406050208,12.429648791534376,1702.0,290.2498628502996,62.30474439920951,0.0,0.0,0.0,7.0,0.7,0.07,90.0,0.488713964166667,0.0026537926530166385
