id,probability_maraud,successful_mating,next_foraging_time,foraging_events,foraging_hrs,foraging_sqhrs,staying_events,staying_hrs,staying_sqhrs,repairing_events,repairing_hrs,repairing_sqhrs,marauding_events,marauding_hrs,marauding_sqhrs,traveling_events,traveling_hrs,traveling_sqhrs
0,0.0,33,360.6375139674968,568.0,70.03562455042862,14.378920823450636,785.0,131.42240753625552,28.14136119541744,920.0,158.68155814826804,34.143153056663294,0.0,0.0,0.0,0.0,0.0,0.0
1,0.0,75,360.264385492992,563.0,72.0084673848315,15.246335224031005,1679.0,288.1260695129715,62.80806565976966,0.0,0.0,0.0,0.0,0.0,0.0,0.0,0.0,0.0
2,0.054,0,359.9117811153833,572.0,70.6765163592148,14.244024275376297,1715.0,288.8599752944549,62.60707865680205,0.0,0.0,0.0,1.0,0.1,0.010000000000000002,93.0,0.5050044296388893,0.002742252408117193
3,0.054,0,360.19567436370534,558.0,75.70794166711845,16.67709779917852,1634.0,283.1093453509508,61.96117342957319,0.0,0.0,0.0,7.0,0.7,0.07,97.0,0.5267250502685189,0.0028601987482512656
4,0.0,0,360.2797528221354,570.0,71.1065144994802,13.832989484826548,1729.0,289.0040223695572,62.007916776281654,0.0,0.0,0.0,0.0,0.0,0.0,0.0,0.0,0.0
5,0.054,0,359.9976615726118,564.0,72.55689211927955,16.229805503085846,1681.0,285.7042087582158,61.84462891320416,0.0,0.0,0.0,12.0,1.2,0.12000000000000005,111.0,0.6027472224722227,0.00327301093872052
6,0.0,0,360.8814142189882,555.0,72.13643650009972,15.78945107281016,1674.0,288.0697670297228,63.33699798015119,0.0,0.0,0.0,0.0,0.0,0.0,0.0,0.0,0.0
7,0.0,0,360.3782278229023,556.0,73.25243211880347,15.479932160112138,1678.0,287.0140819329985,61.499601612853425,0.0,0.0,0.0,0.0,0.0,0.0,0.0,0.0,0.0
8,0.0,0,360.42292718454667,561.0,68.69273881017193,14.393079884653686,1688.0,291.37600855539574,62.881837473764655,0.0,0.0,0.0,0.0,0.0,0.0,0.0,0.0,0.0
9,0.0,0,360.3320879446529,572.0,72.117140071966,15.389056197012742,1718.0,288.03539308608754,61.28687205843779,0.0,0.0,0.0,0.0,0.0,0.0,0.0,0.0,0.0
10,0.054,0,360.1665929810298,559.0,73.00640677447446,16.02159656319844,1690.0,285.87732309138113,61.162113156027395,0.0,0.0,0.0,6.0,0.6,0.06000000000000001,98.0,0.5321552054259263,0.002889685333284784
11,0.0,0,360.5770078038772,568.0,72.95860544579988,15.651721131883138,1721.0,287.3554725856807,60.99737452780545,0.0,0.0,0.0,0.0,0.0,0.0,0.0,0.0,0.0
