id,probability_maraud,successful_mating,next_foraging_time,foraging_events,foraging_hrs,foraging_sqhrs,staying_events,staying_hrs,staying_sqhrs,repairing_events,repairing_hrs,repairing_sqhrs,marauding_events,marauding_hrs,marauding_sqhrs,traveling_events,traveling_hrs,traveling_sqhrs
0,0.054,33,360.0006166847111,569.0,74.91958852469878,15.62949280453888,711.0,121.80808780983233,26.57930244511786,963.0,162.3699859867664,35.11121455757439,7.0,0.7,0.07,40.0,0.21720620629629642,0.0011794634013407301
1,0.0,75,359.97331266631465,558.0,69.34973894232759,14.202425551432553,1451.0,247.85646059599475,54.16397374031412,254.0,42.98096416401555,9.098043897973168,0.0,0.0,0.0,0.0,0.0,0.0
2,0.054,0,359.9577625915676,562.0,71.63852257341183,16.680045667114424,1687.0,287.3532037440387,61.5400875825075,0.0,0.0,0.0,8.0,0.7999999999999999,0.08000000000000002,96.0,0.5212948951111115,0.0028307121632177475
3,0.0,0,360.3836436879783,570.0,68.95251803971536,14.439076264334284,1715.0,291.2119708196854,63.02152558282602,0.0,0.0,0.0,0.0,0.0,0.0,0.0,0.0,0.0
4,0.0,0,360.2659093354058,567.0,70.49855644409537,14.092315882467297,1732.0,289.6474561967665,61.015852498864035,0.0,0.0,0.0,0.0,0.0,0.0,0.0,0.0,0.0
5,0.0,0,360.71411649527147,557.0,68.46899281426644,13.536996033001326,1718.0,291.7137328351699,62.108342290593406,0.0,0.0,0.0,0.0,0.0,0.0,0.0,0.0,0.0
6,0.054,0,360.61871094321026,566.0,67.67445456983259,13.443663156290738,1737.0,291.08085064831647,61.13029159621039,0.0,0.0,0.0,8.0,0.7999999999999999,0.08000000000000002,110.0,0.5973170673148153,0.003243524353687002
7,0.0,0,359.88719852032216,553.0,73.86101045887976,15.840331079006976,1712.0,286.1536579483343,60.61221388805052,0.0,0.0,0.0,0.0,0.0,0.0,0.0,0.0,0.0
8,0.0,0,360.26886926797715,570.0,71.84013261764485,15.827157470666561,1742.0,288.2447525854395,60.397412205240215,0.0,0.0,0.0,0.0,0.0,0.0,0.0,0.0,0.0
9,0.054,0,360.3858392548409,571.0,72.7953831771877,15.226258376435993,1696.0,285.89769116737335,60.77734368541516,0.0,0.0,0.0,11.0,1.0999999999999999,0.11000000000000004,112.0,0.6081773776296301,0.003302497523754038
10,0.0,0,360.5011668001664,569.0,70.15180553202111,15.172247406310118,1703.0,289.9126053208404,62.12018850813076,0.0,0.0,0.0,0.0,0.0,0.0,0.0,0.0,0.0
11,0.0,0,360.0445216183294,562.0,68.46214332340725,13.42062429218815,1698.0,291.7362435130795,63.70978359049381,0.0,0.0,0.0,0.0,0.0,0.0,0.0,0.0,0.0
