id,probability_maraud,successful_mating,next_foraging_time,foraging_events,foraging_hrs,foraging_sqhrs,staying_events,staying_hrs,staying_sqhrs,repairing_events,repairing_hrs,repairing_sqhrs,marauding_events,marauding_hrs,marauding_sqhrs,traveling_events,traveling_hrs,traveling_sqhrs
0,0.0,39,359.9615925253399,581.0,68.03647985369167,13.248495388669586,760.0,126.71013034974746,27.1387478263608,1003.0,165.27777930021895,34.767427030947395,0.0,0.0,0.0,0.0,0.0,0.0
1,0.054,69,360.6473926299518,560.0,73.54870406567424,16.04154667540094,1686.0,285.72272342008887,60.593217034921054,0.0,0.0,0.0,4.0,0.4,0.04000000000000001,74.0,0.4018314816481484,0.002182007292480348
2,0.0,0,360.30280753160565,574.0,68.66509755050252,13.595647784957851,1717.0,291.3515689798685,62.1360838610284,0.0,0.0,0.0,0.0,0.0,0.0,0.0,0.0,0.0
3,0.054,0,360.31572564761325,571.0,68.61233405450119,12.934456401798391,1710.0,290.21939514841756,61.84728143135366,0.0,0.0,0.0,8.0,0.7999999999999999,0.08000000000000002,95.0,0.5158647399537041,0.0028012255781842293
4,0.054,0,360.4493013431187,560.0,73.06839321867157,15.873970383728741,1651.0,285.8740416244109,61.898966289459764,0.0,0.0,0.0,8.0,0.7999999999999999,0.08000000000000002,95.0,0.5158647399537041,0.0028012255781842293
5,0.0,0,360.40710248104074,570.0,71.34638719042702,14.89459088366793,1709.0,288.6710673482269,62.19618760474794,0.0,0.0,0.0,0.0,0.0,0.0,0.0,0.0,0.0
6,0.0,0,360.706206381394,569.0,76.74969866490603,17.713834334369782,1654.0,283.4077953399095,61.50299834646387,0.0,0.0,0.0,0.0,0.0,0.0,0.0,0.0,0.0
7,0.0,0,360.17842970210006,570.0,71.08978719047957,14.905264516386964,1730.0,289.0504543273618,61.4920441430098,0.0,0.0,0.0,0.0,0.0,0.0,0.0,0.0,0.0
8,0.0,0,360.01660704765214,560.0,73.48416103020588,15.780294223621013,1716.0,286.8374882753489,61.62081719025539,0.0,0.0,0.0,0.0,0.0,0.0,0.0,0.0,0.0
9,0.0,0,360.22666956810826,560.0,68.49667217345545,14.321646902735761,1722.0,291.6532582951199,63.45751608744137,0.0,0.0,0.0,0.0,0.0,0.0,0.0,0.0,0.0
10,0.054,0,360.7206036652809,562.0,71.70789476152672,14.495360641919214,1697.0,287.34693830352387,61.69343646352237,0.0,0.0,0.0,7.0,0.7,0.07,71.0,0.3855410161759262,0.0020935475373797933
11,0.0,0,359.9144790237434,563.0,71.40307084671079,15.329391560483787,1709.0,288.70119478362875,61.152636052979105,0.0,0.0,0.0,0.0,0.0,0.0,0.0,0.0,0.0
