id,probability_maraud,successful_mating,next_foraging_time,foraging_events,foraging_hrs,foraging_sqhrs,staying_events,staying_hrs,staying_sqhrs,repairing_events,repairing_hrs,repairing_sqhrs,marauding_events,marauding_hrs,marauding_sqhrs,traveling_events,traveling_hrs,traveling_sqhrs
0,0.0,29,359.9416670069607,571.0,70.01795269978265,14.035647519042277,608.0,104.2004864361141,22.905509839200437,1099.0,185.86250958403392,39.8291746041359,0.0,0.0,0.0,0.0,0.0,0.0
1,0.0,79,359.8287381954828,563.0,69.00854470633668,13.692784585559012,1694.0,291.0769236709131,62.74023562500087,0.0,0.0,0.0,0.0,0.0,0.0,0.0,0.0,0.0
2,0.054,0,360.170515822877,561.0,72.41780112993153,15.73583767070775,1689.0,286.0694323038127,61.281799968868086,0.0,0.0,0.0,10.0,0.9999999999999999,0.10000000000000003,116.0,0.6298979982592597,0.003420443863888111
3,0.0,0,360.53061141686,572.0,69.66881818844114,13.960105279226948,1725.0,290.5101121785918,61.94688976667024,0.0,0.0,0.0,0.0,0.0,0.0,0.0,0.0,0.0
4,0.0,0,360.08584016164735,557.0,69.58561248665542,14.22929510935606,1702.0,290.62764428622967,63.39089558143872,0.0,0.0,0.0,0.0,0.0,0.0,0.0,0.0,0.0
5,0.0,0,360.48852297013315,563.0,72.48224069745015,16.392227351515082,1679.0,287.54899335626345,62.7310434496,0.0,0.0,0.0,0.0,0.0,0.0,0.0,0.0,0.0
6,0.054,0,360.2880590637169,557.0,70.05894324247011,14.66494092919523,1722.0,288.78703755943457,61.44954728359403,0.0,0.0,0.0,8.0,0.7999999999999999,0.08000000000000002,96.0,0.5212948951111115,0.0028307121632177475
7,0.054,0,360.1723361927305,551.0,70.14216987535822,14.507560345178897,1688.0,288.91163421325746,63.015960907348976,0.0,0.0,0.0,5.0,0.5,0.05000000000000001,91.0,0.4941441193240744,0.0026832792380501566
8,0.054,0,359.9521320655902,562.0,70.83144896087424,14.388376508469811,1714.0,287.86142891803246,61.09547690099104,0.0,0.0,0.0,8.0,0.7999999999999999,0.08000000000000002,103.0,0.5593059812129634,0.0030371182584523746
9,0.0,0,360.15633649843795,567.0,73.13923259545574,14.872182633200447,1712.0,286.903893482714,61.188218460997646,0.0,0.0,0.0,0.0,0.0,0.0,0.0,0.0,0.0
10,0.0,0,360.211562038319,559.0,70.80941203427248,14.668358082288979,1727.0,289.2901927031873,61.96177156230881,0.0,0.0,0.0,0.0,0.0,0.0,0.0,0.0,0.0
11,0.0,0,359.9339152073181,556.0,75.59376399634536,17.740692692483904,1691.0,284.52357595009,60.194870581988745,0.0,0.0,0.0,0.0,0.0,0.0,0.0,0.0,0.0
