id,probability_maraud,successful_mating,next_foraging_time,foraging_events,foraging_hrs,foraging_sqhrs,staying_events,staying_hrs,staying_sqhrs,repairing_events,repairing_hrs,repairing_sqhrs,marauding_events,marauding_hrs,marauding_sqhrs,traveling_events,traveling_hrs,traveling_sqhrs
0,0.054,54,360.2283369327726,551.0,68.78756199516206,14.711403129028866,957.0,167.61538383178103,36.84506559699554,720.0,122.45487797906245,26.311848955770735,10.0,0.9999999999999999,0.10000000000000003,54.0,0.29322837850000016,0.0015922755918099845
1,0.054,54,360.46732716373344,564.0,73.43787640827853,15.699106723918712,1321.0,223.98554083163302,48.688183266772135,377.0,61.60000044614264,13.340305130628053,6.0,0.6,0.06000000000000001,97.0,0.5267250502685189,0.0028601987482512656
2,0.054,0,360.2973174213646,567.0,66.75840582475325,12.836321937677862,1720.0,292.3919093227094,62.44671318688565,0.0,0.0,0.0,4.0,0.4,0.04000000000000001,86.0,0.46699334353703736,0.002535846312882566
3,0.0,0,360.2682429412347,564.0,69.22665338795447,15.14560496218818,1720.0,290.86232890317325,62.093255464998826,0.0,0.0,0.0,0.0,0.0,0.0,0.0,0.0,0.0
4,0.0,0,360.0810477155637,558.0,70.17079468506313,14.68864388259402,1708.0,289.9212800396922,63.17845032132266,0.0,0.0,0.0,0.0,0.0,0.0,0.0,0.0,0.0
5,0.0,0,360.21793144067317,566.0,66.07411413788279,13.1900414149395,1748.0,293.9660339851941,61.88627890963225,0.0,0.0,0.0,0.0,0.0,0.0,0.0,0.0,0.0
6,0.0,0,360.4155279895481,590.0,69.36426364227522,13.710990163922842,1743.0,290.81589119187817,61.93379848858042,0.0,0.0,0.0,0.0,0.0,0.0,0.0,0.0,0.0
7,0.054,0,360.0368477261884,565.0,71.85735983762729,15.8911503523488,1764.0,286.59440592431673,59.68474875717385,0.0,0.0,0.0,10.0,0.9999999999999999,0.10000000000000003,106.0,0.5755964466851856,0.003125578013552929
8,0.0,0,360.63701124463273,565.0,69.2593280261551,14.563975518695967,1718.0,290.92271044082764,62.09064104457556,0.0,0.0,0.0,0.0,0.0,0.0,0.0,0.0,0.0
9,0.0,0,360.2687932692263,573.0,68.90850040635625,14.217954803990322,1730.0,291.1703472539934,62.08509108992682,0.0,0.0,0.0,0.0,0.0,0.0,0.0,0.0,0.0
10,0.0,0,360.5023327114672,569.0,73.42630877934397,15.177717170209645,1720.0,286.6450820622603,60.40941914329623,0.0,0.0,0.0,0.0,0.0,0.0,0.0,0.0,0.0
11,0.0,0,360.49703285803946,575.0,69.02404232388102,13.704345258512326,1690.0,291.1891119454913,63.255060899498744,0.0,0.0,0.0,0.0,0.0,0.0,0.0,0.0,0.0
