id,probability_maraud,successful_mating,next_foraging_time,foraging_events,foraging_hrs,foraging_sqhrs,staying_events,staying_hrs,staying_sqhrs,repairing_events,repairing_hrs,repairing_sqhrs,marauding_events,marauding_hrs,marauding_sqhrs,traveling_events,traveling_hrs,traveling_sqhrs
0,0.0,45,360.3413520921706,564.0,69.76454181571988,14.051044567779654,780.0,130.08116899356895,27.474939495378145,963.0,160.2445137041521,34.25422037424147,0.0,0.0,0.0,0.0,0.0,0.0
1,0.0,63,360.40006760600073,548.0,69.54170421523914,14.647276876909503,1701.0,290.6308471045214,62.00658290696765,0.0,0.0,0.0,0.0,0.0,0.0,0.0,0.0,0.0
2,0.054,0,359.81482694190066,579.0,73.93749146002979,16.106405053810114,1715.0,284.8698104867594,59.92506924813809,0.0,0.0,0.0,7.0,0.7,0.07,91.0,0.4941441193240744,0.0026832792380501566
3,0.054,0,360.4166417678294,566.0,73.14736163638612,15.417324100194774,1693.0,285.8106005952817,61.746509139068195,0.0,0.0,0.0,6.0,0.6,0.06000000000000001,93.0,0.5050044296388893,0.002742252408117193
4,0.0,0,360.0923322938538,564.0,69.73148797233293,13.504804899036873,1714.0,290.4193627106575,61.56882547216315,0.0,0.0,0.0,0.0,0.0,0.0,0.0,0.0,0.0
5,0.054,0,360.56466992644056,583.0,68.77989527655765,13.6337082899259,1704.0,290.30181179515733,62.5189200398408,0.0,0.0,0.0,5.0,0.5,0.05000000000000001,94.0,0.5104345847962967,0.002771738993150711
6,0.0,0,360.0349860466647,569.0,71.33584821900496,15.156079511313,1712.0,288.8582943841045,62.53470552771475,0.0,0.0,0.0,0.0,0.0,0.0,0.0,0.0,0.0
7,0.0,0,360.2423248449881,564.0,72.77176618511199,16.34141258286252,1700.0,287.2611375791168,60.65243397811999,0.0,0.0,0.0,0.0,0.0,0.0,0.0,0.0,0.0
8,0.0,0,360.7736615641605,554.0,72.77578538557016,15.545599925914377,1726.0,287.2998079181234,60.71216924019703,0.0,0.0,0.0,0.0,0.0,0.0,0.0,0.0,0.0
9,0.054,0,360.0188772594102,578.0,67.8809873654131,13.741560365542671,1753.0,290.83610422636883,61.287569031097654,0.0,0.0,0.0,9.0,0.8999999999999999,0.09000000000000002,82.0,0.4452727229074077,0.002417899972748493
10,0.0,0,360.48946379113164,568.0,74.0654331662845,15.33261251050658,1720.0,286.02271985461755,60.380980682967696,0.0,0.0,0.0,0.0,0.0,0.0,0.0,0.0,0.0
11,0.0,0,359.96757040558697,555.0,74.17784612896511,16.621486442350452,1669.0,285.8928625406271,61.717998790659294,0.0,0.0,0.0,0.0,0.0,0.0,0.0,0.0,0.0
