id,probability_maraud,successful_mating,next_foraging_time,foraging_events,foraging_hrs,foraging_sqhrs,staying_events,staying_hrs,staying_sqhrs,repairing_events,repairing_hrs,repairing_sqhrs,marauding_events,marauding_hrs,marauding_sqhrs,traveling_events,traveling_hrs,traveling_sqhrs
0,0.0,28,360.04450302312625,562.0,68.7901092316456,13.946863672995267,801.0,132.86078707480033,27.963254092226205,941.0,158.46286606970318,34.276138080708286,0.0,0.0,0.0,0.0,0.0,0.0
1,0.0,80,360.26725559544315,572.0,70.9876368378737,14.530586300600529,1686.0,289.0682209706989,62.34291998959866,0.0,0.0,0.0,0.0,0.0,0.0,0.0,0.0,0.0
2,0.054,0,360.47134319617476,559.0,69.97891806470584,14.219132719155128,1710.0,288.7261656756054,61.37741174828631,0.0,0.0,0.0,9.0,0.8999999999999999,0.09000000000000002,97.0,0.5267250502685189,0.0028601987482512656
3,0.0,0,359.94715705743556,568.0,71.06510344966755,14.9738220600036,1677.0,288.9725721900662,62.618179829246664,0.0,0.0,0.0,0.0,0.0,0.0,0.0,0.0,0.0
4,0.0,0,360.00267762782033,567.0,72.28554914209361,15.540840910045578,1717.0,287.81595865127355,61.397560938967054,0.0,0.0,0.0,0.0,0.0,0.0,0.0,0.0,0.0
5,0.0,0,360.1736280078297,562.0,75.00195661896633,16.64414848919731,1661.0,285.100282619847,62.23825757922724,0.0,0.0,0.0,0.0,0.0,0.0,0.0,0.0,0.0
6,0.0,0,360.616096676354,563.0,72.88210424599792,15.74912916121007,1723.0,287.2097320098303,60.39681375148532,0.0,0.0,0.0,0.0,0.0,0.0,0.0,0.0,0.0
7,0.054,0,360.0193436664861,559.0,69.43228397277629,14.053797332550818,1718.0,289.22992755603445,61.579796800879365,0.0,0.0,0.0,8.0,0.7999999999999999,0.08000000000000002,104.0,0.5647361363703708,0.003066604843485893
8,0.0,0,360.5972440057399,558.0,74.13545220695342,17.908701126641347,1670.0,285.93181708029016,61.76973926622058,0.0,0.0,0.0,0.0,0.0,0.0,0.0,0.0,0.0
9,0.0,0,359.9167598118948,567.0,66.59984054368016,12.544001475756428,1742.0,293.42373829819456,63.00884246154234,0.0,0.0,0.0,0.0,0.0,0.0,0.0,0.0,0.0
10,0.054,0,360.578313131271,552.0,74.66409533729076,16.613842581559396,1685.0,284.9891046426576,61.19411468736098,0.0,0.0,0.0,1.0,0.1,0.010000000000000002,78.0,0.42355210227777806,0.0022999536326144205
11,0.054,0,360.1802963311577,561.0,72.10037956002465,15.508455122234695,1730.0,286.6121660210662,60.359995449409,0.0,0.0,0.0,8.0,0.7999999999999999,0.08000000000000002,116.0,0.6298979982592597,0.003420443863888111
