id,probability_maraud,successful_mating,next_foraging_time,foraging_events,foraging_hrs,foraging_sqhrs,staying_events,staying_hrs,staying_sqhrs,repairing_events,repairing_hrs,repairing_sqhrs,marauding_events,marauding_hrs,marauding_sqhrs,traveling_events,traveling_hrs,traveling_sqhrs
0,0.0,28,360.1523178239466,550.0,72.05437216609415,16.06876861673967,615.0,105.65587939510351,22.70851236541231,1076.0,182.2917092326356,39.541697484170875,0.0,0.0,0.0,0.0,0.0,0.0
1,0.054,80,360.038904221635,562.0,72.71948841615323,15.40301900264329,1671.0,286.2480672094776,62.020739233943,0.0,0.0,0.0,5.0,0.5,0.05000000000000001,104.0,0.5647361363703708,0.003066604843485893
2,0.0,0,359.9151827127296,557.0,73.06119972081282,15.717162949056117,1679.0,286.9718935173736,61.91786715781601,0.0,0.0,0.0,0.0,0.0,0.0,0.0,0.0,0.0
3,0.0,0,360.3733278891527,569.0,69.2152405926327,14.187734954483734,1708.0,290.86192859421845,62.693083682325586,0.0,0.0,0.0,0.0,0.0,0.0,0.0,0.0,0.0
4,0.054,0,359.9089300191973,543.0,74.04547842338484,16.96618906405616,1682.0,284.73991544521937,60.8361646830467,0.0,0.0,0.0,8.0,0.7999999999999999,0.08000000000000002,90.0,0.488713964166667,0.0026537926530166385
5,0.054,0,360.0627525573055,558.0,68.42892308776591,14.025039668745187,1716.0,290.31222181291565,62.39769493305431,0.0,0.0,0.0,7.0,0.7,0.07,124.0,0.673339239518519,0.003656336544156256
6,0.0,0,360.02663851326787,568.0,78.26471068930235,18.21302558729179,1626.0,281.81592032358566,61.666769791997325,0.0,0.0,0.0,0.0,0.0,0.0,0.0,0.0,0.0
7,0.054,0,359.8508449188092,563.0,70.09998820617521,15.16593209432261,1714.0,288.35048452390515,61.45417951614113,0.0,0.0,0.0,10.0,0.9999999999999999,0.10000000000000003,106.0,0.5755964466851856,0.003125578013552929
8,0.0,0,360.031170242611,574.0,71.02998000788276,15.10854957052362,1725.0,289.1493615041093,61.06431208540786,0.0,0.0,0.0,0.0,0.0,0.0,0.0,0.0,0.0
9,0.0,0,360.4615489282804,555.0,72.12585034519758,15.733926277909429,1721.0,287.9965971520515,61.29991050526875,0.0,0.0,0.0,0.0,0.0,0.0,0.0,0.0,0.0
10,0.0,0,360.4821707555564,563.0,72.21560029094813,15.879786709878642,1705.0,287.96026478122525,61.54122623799863,0.0,0.0,0.0,0.0,0.0,0.0,0.0,0.0,0.0
11,0.0,0,360.14617220199284,560.0,73.98200294880867,15.623765811707331,1727.0,286.09223819705835,60.41831849528569,0.0,0.0,0.0,0.0,0.0,0.0,0.0,0.0,0.0
