id,probability_maraud,successful_mating,next_foraging_time,foraging_events,foraging_hrs,foraging_sqhrs,staying_events,staying_hrs,staying_sqhrs,repairing_events,repairing_hrs,repairing_sqhrs,marauding_events,marauding_hrs,marauding_sqhrs,traveling_events,traveling_hrs,traveling_sqhrs
0,0.054,43,360.0389287079756,572.0,71.90664860331968,15.404033603226884,825.0,146.2151045919146,31.85677409963568,825.0,140.95471594116617,30.199881915270943,7.0,0.7,0.07,50.0,0.2715077578703705,0.0014743292516759118
1,0.0,65,360.12913646255157,562.0,70.51270996679762,15.091185370492447,1475.0,246.5315074897844,52.466605022345504,252.0,42.99179497640269,8.853347060249622,0.0,0.0,0.0,0.0,0.0,0.0
2,0.0,0,359.82089334651084,557.0,72.14598646790425,15.231727453315548,1686.0,287.8810441226466,61.91192865466507,0.0,0.0,0.0,0.0,0.0,0.0,0.0,0.0,0.0
3,0.0,0,360.340524058788,566.0,73.587487718934,15.861721851912527,1683.0,286.6741439528565,61.92382941853366,0.0,0.0,0.0,0.0,0.0,0.0,0.0,0.0,0.0
4,0.054,0,360.5257995764597,548.0,71.79884401517019,16.850116428807247,1679.0,287.05330481405747,62.11799026716964,0.0,0.0,0.0,7.0,0.7,0.07,99.0,0.5375853605833337,0.002919171918318302
5,0.0,0,360.25894838280624,568.0,68.33334750997136,13.801471530380091,1702.0,291.74847215943646,63.13145512546517,0.0,0.0,0.0,0.0,0.0,0.0,0.0,0.0,0.0
6,0.054,0,360.3728275368162,566.0,71.15781770816366,15.177988721344372,1691.0,287.95642024083236,61.811229817831254,0.0,0.0,0.0,6.0,0.6,0.06000000000000001,96.0,0.5212948951111115,0.0028307121632177475
7,0.054,0,359.84138991623104,563.0,67.25803584400123,13.093802489112285,1741.0,291.1094404217458,61.629301042615744,0.0,0.0,0.0,11.0,1.0999999999999999,0.11000000000000004,102.0,0.553875826055556,0.0030076316734188565
8,0.0,0,360.05816930602,576.0,71.97415451590284,14.784551631692377,1688.0,288.1396726406362,62.056051492470715,0.0,0.0,0.0,0.0,0.0,0.0,0.0,0.0,0.0
9,0.0,0,360.15104979874366,572.0,70.86727307655765,14.725949318471017,1735.0,289.2661736154991,61.62115750052407,0.0,0.0,0.0,0.0,0.0,0.0,0.0,0.0,0.0
10,0.0,0,360.0774905938061,554.0,71.33163834425399,15.197903869092302,1732.0,288.6756718466171,61.686399078480605,0.0,0.0,0.0,0.0,0.0,0.0,0.0,0.0,0.0
11,0.0,0,360.44028415035933,565.0,71.31234138412852,15.285376345986474,1710.0,288.72746529124805,61.937372871991,0.0,0.0,0.0,0.0,0.0,0.0,0.0,0.0,0.0
