id,probability_maraud,successful_mating,next_foraging_time,foraging_events,foraging_hrs,foraging_sqhrs,staying_events,staying_hrs,staying_sqhrs,repairing_events,repairing_hrs,repairing_sqhrs,marauding_events,marauding_hrs,marauding_sqhrs,traveling_events,traveling_hrs,traveling_sqhrs
0,0.0,35,360.73845146501253,564.0,71.11669125896053,15.124867536630855,761.0,130.23017909672117,28.22403669288279,922.0,158.8356269224086,34.50912466926372,0.0,0.0,0.0,0.0,0.0,0.0
1,0.0,73,359.8145933191674,569.0,71.20674710611198,15.618476971693857,1689.0,288.8007316941473,62.66608735122714,0.0,0.0,0.0,0.0,0.0,0.0,0.0,0.0,0.0
2,0.054,0,360.42271662049393,560.0,72.37522013127852,15.017248518430398,1700.0,286.8763668455169,61.342844273632444,0.0,0.0,0.0,4.0,0.4,0.04000000000000001,84.0,0.45613303322222254,0.0024768731428155295
3,0.0,0,360.3509321018437,570.0,67.83609713981014,13.772588829109909,1719.0,292.1874529612285,62.94341770779861,0.0,0.0,0.0,0.0,0.0,0.0,0.0,0.0,0.0
4,0.054,0,360.1004066442486,568.0,73.17226599406166,17.042315464786505,1646.0,285.7708341436031,62.296675881155686,0.0,0.0,0.0,6.0,0.6,0.06000000000000001,91.0,0.4941441193240744,0.0026832792380501566
5,0.054,0,360.0500211494125,558.0,72.4223135055219,15.526158769020196,1681.0,285.97836275562076,61.01804587891467,0.0,0.0,0.0,12.0,1.2,0.12000000000000005,101.0,0.5484456708981486,0.0029781450883853383
6,0.054,0,360.4021214722463,549.0,70.23126341913331,15.519656490887892,1696.0,289.14983110268446,61.757109696679755,0.0,0.0,0.0,4.0,0.4,0.04000000000000001,101.0,0.5484456708981486,0.0029781450883853383
7,0.0,0,360.13052137579393,574.0,73.8740238040198,15.012133454361562,1701.0,286.22784465125005,60.69019982691998,0.0,0.0,0.0,0.0,0.0,0.0,0.0,0.0,0.0
8,0.0,0,360.28126224842725,575.0,67.52043320281686,13.490779921029056,1741.0,292.76428382751226,62.79318311935266,0.0,0.0,0.0,0.0,0.0,0.0,0.0,0.0,0.0
9,0.0,0,360.6059384315577,569.0,68.347499864947,13.470759640633844,1746.0,291.7511940626978,62.063320132102426,0.0,0.0,0.0,0.0,0.0,0.0,0.0,0.0,0.0
10,0.0,0,360.0820516991572,553.0,71.7261866030557,15.029018570421991,1693.0,288.2832628317334,61.87236560082691,0.0,0.0,0.0,0.0,0.0,0.0,0.0,0.0,0.0
11,0.0,0,360.33213823510846,584.0,71.34032444065369,15.271775504837757,1720.0,288.66418723303474,61.63107737732126,0.0,0.0,0.0,0.0,0.0,0.0,0.0,0.0,0.0
