id,probability_maraud,successful_mating,next_foraging_time,foraging_events,foraging_hrs,foraging_sqhrs,staying_events,staying_hrs,staying_sqhrs,repairing_events,repairing_hrs,repairing_sqhrs,marauding_events,marauding_hrs,marauding_sqhrs,traveling_events,traveling_hrs,traveling_sqhrs
0,0.0,31,359.99168189451666,561.0,72.65553554372683,15.323472249712166,683.0,112.72093460084166,23.166633609759213,1021.0,174.64370230602387,37.42679331837272,0.0,0.0,0.0,0.0,0.0,0.0
1,0.0,77,360.1523511296867,564.0,67.76953311028551,13.24154635847695,1712.0,292.34170612904796,63.16468704894469,0.0,0.0,0.0,0.0,0.0,0.0,0.0,0.0,0.0
2,0.054,0,360.39220970975475,564.0,70.90397824675948,14.751147289332103,1711.0,288.494491614355,62.47588088695726,0.0,0.0,0.0,4.0,0.4,0.04000000000000001,92.0,0.49957427448148184,0.002712765823083675
3,0.0,0,359.98967360395955,573.0,69.89014346692333,14.604535738418976,1685.0,290.3380162384848,63.61161308503146,0.0,0.0,0.0,0.0,0.0,0.0,0.0,0.0,0.0
4,0.0,0,360.0164662029424,565.0,70.11809552044356,15.07506448686003,1735.0,290.0972291632145,61.74556919873386,0.0,0.0,0.0,0.0,0.0,0.0,0.0,0.0,0.0
5,0.054,0,360.05509804330035,576.0,71.12097572298775,14.372243730076345,1684.0,287.9100217143141,61.98213305068241,0.0,0.0,0.0,5.0,0.5,0.05000000000000001,88.0,0.4778536538518522,0.002594819482949602
6,0.054,0,360.46369331396926,558.0,72.22248196274825,14.700864448232306,1674.0,285.8447613850335,61.79422383080955,0.0,0.0,0.0,15.0,1.5000000000000002,0.15000000000000008,93.0,0.5050044296388893,0.002742252408117193
7,0.0,0,360.0190622994799,552.0,71.5204912022121,15.392718613752772,1747.0,288.7737948207168,60.695141347491536,0.0,0.0,0.0,0.0,0.0,0.0,0.0,0.0,0.0
8,0.054,0,359.9923178047943,569.0,69.53290903416303,14.28933580394806,1699.0,289.6662460616139,61.87572622813022,0.0,0.0,0.0,5.0,0.5,0.05000000000000001,92.0,0.49957427448148184,0.002712765823083675
9,0.0,0,359.95729080124437,572.0,66.47732613805944,12.562844533663243,1719.0,293.6585927239707,63.39776803591313,0.0,0.0,0.0,0.0,0.0,0.0,0.0,0.0,0.0
10,0.0,0,360.30765134802505,569.0,65.3643384409095,12.254250227567757,1723.0,294.7553925515663,63.32688500283526,0.0,0.0,0.0,0.0,0.0,0.0,0.0,0.0,0.0
11,0.0,0,360.37148280430745,562.0,75.23917098557055,17.352106194122317,1696.0,285.02027304508346,60.338293987237925,0.0,0.0,0.0,0.0,0.0,0.0,0.0,0.0,0.0
