id,probability_maraud,successful_mating,next_foraging_time,foraging_events,foraging_hrs,foraging_sqhrs,staying_events,staying_hrs,staying_sqhrs,repairing_events,repairing_hrs,repairing_sqhrs,marauding_events,marauding_hrs,marauding_sqhrs,traveling_events,traveling_hrs,traveling_sqhrs
0,0.0,36,359.91054513180654,574.0,68.9527859192517,13.53299090312606,751.0,124.6412248066091,26.32133392115033,999.0,166.51712190616053,35.23192994519171,0.0,0.0,0.0,0.0,0.0,0.0
1,0.0,72,360.4732224291091,569.0,69.3361333968972,14.081892399816496,1702.0,290.8029449808342,62.67826920197663,0.0,0.0,0.0,0.0,0.0,0.0,0.0,0.0,0.0
2,0.0,0,360.18151636087765,563.0,70.64136062798852,14.79788136285004,1723.0,289.4585830167463,61.816047438607995,0.0,0.0,0.0,0.0,0.0,0.0,0.0,0.0,0.0
3,0.0,0,360.5147923571952,571.0,70.3189770560699,13.899600137028871,1703.0,289.73800979992046,62.35592787399355,0.0,0.0,0.0,0.0,0.0,0.0,0.0,0.0,0.0
4,0.054,0,359.9636484619003,563.0,71.71416934110971,15.134285677099989,1692.0,287.3540027834569,61.90188960553642,0.0,0.0,0.0,4.0,0.4,0.04000000000000001,108.0,0.5864567570000004,0.0031845511836199655
5,0.054,0,360.5639379704527,569.0,72.37018922524919,15.034825303500378,1684.0,286.5452311319201,61.25738877011913,0.0,0.0,0.0,7.0,0.7,0.07,84.0,0.45613303322222254,0.0024768731428155295
6,0.054,0,360.045715653954,546.0,69.35412349079455,14.209160776767753,1738.0,289.39660638821687,61.504082574916815,0.0,0.0,0.0,8.0,0.7999999999999999,0.08000000000000002,108.0,0.5864567570000004,0.0031845511836199655
7,0.0,0,360.1952653392192,571.0,71.38030005907046,15.580118159745172,1713.0,288.8387598032223,61.705296770339245,0.0,0.0,0.0,0.0,0.0,0.0,0.0,0.0,0.0
8,0.0,0,360.22405424709996,581.0,69.79185187091547,13.222113314513777,1726.0,290.2319629976185,61.96800215010045,0.0,0.0,0.0,0.0,0.0,0.0,0.0,0.0,0.0
9,0.054,0,360.2726628542033,561.0,73.3988934238139,15.942327186535792,1665.0,285.39500293691714,61.52867834420405,0.0,0.0,0.0,9.0,0.8999999999999999,0.09000000000000002,92.0,0.49957427448148184,0.002712765823083675
10,0.0,0,360.0068432621446,560.0,73.32114339965375,16.25248372273627,1703.0,286.78311304790435,61.54055981367349,0.0,0.0,0.0,0.0,0.0,0.0,0.0,0.0,0.0
11,0.0,0,360.30513595962134,578.0,65.97312468541507,12.67309468777494,1749.0,294.194276009189,63.07659679034431,0.0,0.0,0.0,0.0,0.0,0.0,0.0,0.0,0.0
