id,probability_maraud,successful_mating,next_foraging_time,foraging_events,foraging_hrs,foraging_sqhrs,staying_events,staying_hrs,staying_sqhrs,repairing_events,repairing_hrs,repairing_sqhrs,marauding_events,marauding_hrs,marauding_sqhrs,traveling_events,traveling_hrs,traveling_sqhrs
0,0.0,32,360.3566476713625,566.0,72.82240461616182,15.370609498746822,581.0,99.64026262561363,21.9527134162105,1106.0,187.69246723311466,40.47685402062776,0.0,0.0,0.0,0.0,0.0,0.0
1,0.054,76,360.13347961837695,546.0,72.53097145654975,15.234145977370085,1670.0,286.55347808289605,61.36884563210474,0.0,0.0,0.0,5.0,0.5,0.05000000000000001,101.0,0.5484456708981486,0.0029781450883853383
2,0.0,0,360.49294094512015,568.0,70.48620938024864,14.48318107249935,1728.0,289.61142170568274,61.962382226394794,0.0,0.0,0.0,0.0,0.0,0.0,0.0,0.0,0.0
3,0.0,0,360.28237536040206,551.0,73.02949391855987,15.873485138911997,1725.0,286.99167328872704,61.094726419673314,0.0,0.0,0.0,0.0,0.0,0.0,0.0,0.0,0.0
4,0.0,0,359.93372926848923,568.0,69.75190917012894,13.85556783213546,1697.0,290.39425046205946,63.144434082061515,0.0,0.0,0.0,0.0,0.0,0.0,0.0,0.0,0.0
5,0.054,0,360.536601985706,574.0,75.97886429175215,16.555478545339383,1702.0,282.6668954279505,59.27029021487686,0.0,0.0,0.0,9.0,0.8999999999999999,0.09000000000000002,107.0,0.581026601842593,0.0031550645985864473
6,0.0,0,360.14293134828085,566.0,70.6642561202549,15.409881772408397,1752.0,289.40303827311357,60.626861860966926,0.0,0.0,0.0,0.0,0.0,0.0,0.0,0.0,0.0
7,0.054,0,360.53615171824447,568.0,74.58111513942876,16.49634725854783,1680.0,284.11254298452457,60.755731501913,0.0,0.0,0.0,9.0,0.8999999999999999,0.09000000000000002,104.0,0.5647361363703708,0.003066604843485893
8,0.0,0,360.437240852446,556.0,70.5470907378961,15.683781219955868,1664.0,289.65044710193825,64.46966485240146,0.0,0.0,0.0,0.0,0.0,0.0,0.0,0.0,0.0
9,0.0,0,360.2173572394643,570.0,70.93530180900026,14.238512055254006,1731.0,289.1580738541825,60.85413227135625,0.0,0.0,0.0,0.0,0.0,0.0,0.0,0.0,0.0
10,0.054,0,360.32905034228094,571.0,69.76315911696261,14.128436971667512,1692.0,289.0372381408478,62.710271177201186,0.0,0.0,0.0,8.0,0.7999999999999999,0.08000000000000002,99.0,0.5375853605833337,0.002919171918318302
11,0.0,0,359.8442769006339,581.0,71.01562181686721,14.038593822312071,1737.0,289.0647861450949,62.31685487973209,0.0,0.0,0.0,0.0,0.0,0.0,0.0,0.0,0.0
