id,probability_maraud,successful_mating,next_foraging_time,foraging_events,foraging_hrs,foraging_sqhrs,staying_events,staying_hrs,staying_sqhrs,repairing_events,repairing_hrs,repairing_sqhrs,marauding_events,marauding_hrs,marauding_sqhrs,traveling_events,traveling_hrs,traveling_sqhrs
0,0.0,5,360.09067735076894,561.0,71.63745377120232,15.131263621766397,922.0,155.23417843339715,33.39075821903525,769.0,133.1526995577806,29.18446966109243,0.0,0.0,0.0,0.0,0.0,0.0
1,0.054,13,359.8095449608292,562.0,69.68421192812866,14.082812668260052,1727.0,289.23824490298875,61.6458641695206,0.0,0.0,0.0,11.0,1.0999999999999999,0.11000000000000004,107.0,0.11664210719861128,0.0001271530950629187
