id,probability_maraud,successful_mating,next_foraging_time,foraging_events,foraging_hrs,foraging_sqhrs,staying_events,staying_hrs,staying_sqhrs,repairing_events,repairing_hrs,repairing_sqhrs,marauding_events,marauding_hrs,marauding_sqhrs,traveling_events,traveling_hrs,traveling_sqhrs
0,0.0,5,360.272325064998,560.0,70.55020202489082,14.192345514890954,1084.0,180.86820640051886,37.91067192893905,637.0,108.74231709384892,23.25830800088714,0.0,0.0,0.0,0.0,0.0,0.0
1,0.054,13,360.15021013942686,568.0,72.43473933443956,15.698872281372255,1687.0,286.87248046090275,62.06359508545564,0.0,0.0,0.0,9.0,0.8999999999999999,0.09000000000000002,97.0,0.10574097568472236,0.00011526962823460854
