id,probability_maraud,successful_mating,next_foraging_time,foraging_events,foraging_hrs,foraging_sqhrs,staying_events,staying_hrs,staying_sqhrs,repairing_events,repairing_hrs,repairing_sqhrs,marauding_events,marauding_hrs,marauding_sqhrs,traveling_events,traveling_hrs,traveling_sqhrs
0,0.0,8,360.14150827977517,566.0,74.42109540759,16.53312487132363,746.0,128.4200137193914,27.832761719703807,951.0,157.19645226305101,33.02094404886765,0.0,0.0,0.0,0.0,0.0,0.0
1,0.054,10,360.04969941600865,570.0,69.0708278049387,14.056101565232323,1706.0,289.6212165457257,61.47966638925169,0.0,0.0,0.0,13.0,1.3,0.13000000000000006,99.0,0.10792120198750015,0.00011764632160027058
