id,probability_maraud,successful_mating,next_foraging_time,foraging_events,foraging_hrs,foraging_sqhrs,staying_events,staying_hrs,staying_sqhrs,repairing_events,repairing_hrs,repairing_sqhrs,marauding_events,marauding_hrs,marauding_sqhrs,traveling_events,traveling_hrs,traveling_sqhrs
0,0.0,7,360.0800417843371,553.0,69.46255182100865,14.520689555880894,989.0,169.3311670452248,36.57746521881233,717.0,121.28582390985106,26.266494437803885,0.0,0.0,0.0,0.0,0.0,0.0
1,0.054,11,360.54899917644804,560.0,71.35377297408232,14.7921282702907,1714.0,287.60448768173967,61.79378064101661,0.0,0.0,0.0,10.0,0.9999999999999999,0.10000000000000003,81.0,0.0882991652625001,9.625608130931224e-05
