id,probability_maraud,successful_mating,next_foraging_time,foraging_events,foraging_hrs,foraging_sqhrs,staying_events,staying_hrs,staying_sqhrs,repairing_events,repairing_hrs,repairing_sqhrs,marauding_events,marauding_hrs,marauding_sqhrs,traveling_events,traveling_hrs,traveling_sqhrs
0,0.0,4,360.0778894605634,564.0,69.90353305210337,14.508613305571002,989.0,169.047671763566,36.69282447700924,726.0,121.10830156492085,25.490601707037523,0.0,0.0,0.0,0.0,0.0,0.0
1,0.054,14,359.65763990783535,566.0,71.49706847974089,16.168100153036388,1696.0,287.40296007583487,61.695434934066554,0.0,0.0,0.0,10.0,0.9999999999999999,0.10000000000000003,95.0,0.10356074938194458,0.0001128929348689465
