id,probability_maraud,successful_mating,next_foraging_time,foraging_events,foraging_hrs,foraging_sqhrs,staying_events,staying_hrs,staying_sqhrs,repairing_events,repairing_hrs,repairing_sqhrs,marauding_events,marauding_hrs,marauding_sqhrs,traveling_events,traveling_hrs,traveling_sqhrs
0,0.0,9,360.24054616685544,562.0,71.23636602287633,14.852617109824704,1052.0,178.44218843327639,38.69484989569122,672.0,110.52703745796795,23.237217243172143,0.0,0.0,0.0,0.0,0.0,0.0
1,0.054,9,359.9922035430437,567.0,68.30557610981808,14.20426095965463,1698.0,290.6772164309787,63.21905776566259,0.0,0.0,0.0,10.0,0.9999999999999999,0.10000000000000003,75.0,0.08175848635416676,8.912600121232612e-05
