id,probability_maraud,successful_mating,next_foraging_time,foraging_events,foraging_hrs,foraging_sqhrs,staying_events,staying_hrs,staying_sqhrs,repairing_events,repairing_hrs,repairing_sqhrs,marauding_events,marauding_hrs,marauding_sqhrs,traveling_events,traveling_hrs,traveling_sqhrs
0,0.0,5,359.9857470412689,562.0,73.61843179152059,15.382127254953385,743.0,128.75230665351694,27.972146070797468,922.0,157.758870501699,34.123321689979846,0.0,0.0,0.0,0.0,0.0,0.0
1,0.054,13,360.40363522923377,570.0,71.8184269674812,14.606188853121061,1699.0,286.7704669666169,60.59296570863842,0.0,0.0,0.0,13.0,1.3,0.13000000000000006,112.0,0.12209267295555573,0.0001330948284770738
