id,probability_maraud,successful_mating,next_foraging_time,foraging_events,foraging_hrs,foraging_sqhrs,staying_events,staying_hrs,staying_sqhrs,repairing_events,repairing_hrs,repairing_sqhrs,marauding_events,marauding_hrs,marauding_sqhrs,traveling_events,traveling_hrs,traveling_sqhrs
0,0.0,4,360.3658455248741,576.0,68.94802937478696,14.084385588842332,1023.0,170.0267280238035,36.58319527490739,733.0,121.16419653228627,25.54084710968343,0.0,0.0,0.0,0.0,0.0,0.0
1,0.054,14,360.63690900417663,575.0,72.72211899015035,15.09264474383198,1683.0,286.30976886695817,60.72882902453612,0.0,0.0,0.0,10.0,0.9999999999999999,0.10000000000000003,88.0,0.09592995732222234,0.00010457450808912937
