id,probability_maraud,successful_mating,next_foraging_time,foraging_events,foraging_hrs,foraging_sqhrs,staying_events,staying_hrs,staying_sqhrs,repairing_events,repairing_hrs,repairing_sqhrs,marauding_events,marauding_hrs,marauding_sqhrs,traveling_events,traveling_hrs,traveling_sqhrs
0,0.0,6,360.0265690689888,568.0,70.40550900228172,15.635631095002964,688.0,119.77902827803186,26.788736049641663,1020.0,169.86600836137026,36.10657335926465,0.0,0.0,0.0,0.0,0.0,0.0
1,0.054,12,360.23434771907586,543.0,71.84183704559307,15.517630961308775,1720.0,286.7598852180159,60.97941052823592,0.0,0.0,0.0,14.0,1.4000000000000001,0.14000000000000007,101.0,0.11010142829027793,0.00012002301496593261
