id,probability_maraud,successful_mating,next_foraging_time,foraging_events,foraging_hrs,foraging_sqhrs,staying_events,staying_hrs,staying_sqhrs,repairing_events,repairing_hrs,repairing_sqhrs,marauding_events,marauding_hrs,marauding_sqhrs,traveling_events,traveling_hrs,traveling_sqhrs
0,0.0,5,360.31404020901317,572.0,69.4493226941566,14.305465752718572,844.0,145.3055973057577,31.030050783994536,842.0,145.2531123939371,31.354487855537773,0.0,0.0,0.0,0.0,0.0,0.0
1,0.054,13,360.1919868798899,571.0,69.08848665665357,14.037558491668385,1706.0,289.8442009941144,62.08714202078467,0.0,0.0,0.0,12.0,1.2,0.12000000000000005,107.0,0.11664210719861128,0.0001271530950629187
