id,probability_maraud,successful_mating,next_foraging_time,foraging_events,foraging_hrs,foraging_sqhrs,staying_events,staying_hrs,staying_sqhrs,repairing_events,repairing_hrs,repairing_sqhrs,marauding_events,marauding_hrs,marauding_sqhrs,traveling_events,traveling_hrs,traveling_sqhrs
0,0.0,4,359.9479644971043,560.0,70.5486323492801,15.09177762089146,1062.0,180.86687710396396,38.7748089702824,648.0,108.85527596934409,23.117257301595707,0.0,0.0,0.0,0.0,0.0,0.0
1,0.054,14,360.00865508750206,569.0,73.63048653891843,15.656389178138651,1652.0,285.54312468527775,61.76687441777432,0.0,0.0,0.0,9.0,0.8999999999999999,0.09000000000000002,72.0,0.07848814690000008,8.556096116383307e-05
