id,probability_maraud,successful_mating,next_foraging_time,foraging_events,foraging_hrs,foraging_sqhrs,staying_events,staying_hrs,staying_sqhrs,repairing_events,repairing_hrs,repairing_sqhrs,marauding_events,marauding_hrs,marauding_sqhrs,traveling_events,traveling_hrs,traveling_sqhrs
0,0.0,6,361.1898078230573,573.0,70.61765787505341,14.837118820241976,1013.0,169.22699899612599,35.696687376223196,715.0,120.91033071960263,26.633018365161746,0.0,0.0,0.0,0.0,0.0,0.0
1,0.054,12,359.93676932947375,567.0,67.27107429264802,13.21872410018573,1741.0,291.71421093028647,62.46626628291415,0.0,0.0,0.0,10.0,0.9999999999999999,0.10000000000000003,93.0,0.1013805230791668,0.00011051624150328446
