id,probability_maraud,successful_mating,next_foraging_time,foraging_events,foraging_hrs,foraging_sqhrs,staying_events,staying_hrs,staying_sqhrs,repairing_events,repairing_hrs,repairing_sqhrs,marauding_events,marauding_hrs,marauding_sqhrs,traveling_events,traveling_hrs,traveling_sqhrs
0,0.0,9,360.1658486042181,570.0,74.16675437765298,16.40722638767137,1121.0,189.05520267912,40.663355905731294,558.0,96.78564341040324,20.920557288717287,0.0,0.0,0.0,0.0,0.0,0.0
1,0.054,9,360.1342741196949,569.0,68.74226200416314,13.762036251228322,1697.0,290.3881760310188,62.719029637769104,0.0,0.0,0.0,8.0,0.7999999999999999,0.08000000000000002,105.0,0.11446188089583349,0.00012477640169725667
