id,probability_maraud,successful_mating,next_foraging_time,foraging_events,foraging_hrs,foraging_sqhrs,staying_events,staying_hrs,staying_sqhrs,repairing_events,repairing_hrs,repairing_sqhrs,marauding_events,marauding_hrs,marauding_sqhrs,traveling_events,traveling_hrs,traveling_sqhrs
0,0.0,2,360.21849187079806,581.0,70.36336163493925,14.243475225927222,910.0,156.4025807411551,33.58876143353222,799.0,133.25589081068023,28.058864220448015,0.0,0.0,0.0,0.0,0.0,0.0
1,0.054,16,360.38250268080697,559.0,73.4768354832882,16.218845835190024,1691.0,285.3170479598133,60.41877377826923,0.0,0.0,0.0,11.0,1.0999999999999999,0.11000000000000004,115.0,0.1253630124097224,0.00013665986852556686
