id,probability_maraud,successful_mating,next_foraging_time,foraging_events,foraging_hrs,foraging_sqhrs,staying_events,staying_hrs,staying_sqhrs,repairing_events,repairing_hrs,repairing_sqhrs,marauding_events,marauding_hrs,marauding_sqhrs,traveling_events,traveling_hrs,traveling_sqhrs
0,0.0,8,360.02117943699074,571.0,71.63553605223913,14.607346472376115,1182.0,203.80151071781415,44.07698359685369,485.0,84.6658103109026,18.287256882830448,0.0,0.0,0.0,0.0,0.0,0.0
1,0.054,10,359.84604075878246,571.0,69.34285515725134,14.099470977861552,1711.0,289.87295819150455,62.05819006688115,0.0,0.0,0.0,7.0,0.7,0.07,96.0,0.10465086253333347,0.00011408128155177752
