id,probability_maraud,successful_mating,next_foraging_time,foraging_events,foraging_hrs,foraging_sqhrs,staying_events,staying_hrs,staying_sqhrs,repairing_events,repairing_hrs,repairing_sqhrs,marauding_events,marauding_hrs,marauding_sqhrs,traveling_events,traveling_hrs,traveling_sqhrs
0,0.0,8,360.7962947187948,568.0,69.4423087752639,14.237079020237868,1067.0,180.3224458345075,38.73751032238092,636.0,110.40985852456458,24.460551373224355,0.0,0.0,0.0,0.0,0.0,0.0
1,0.054,10,360.3980404304417,565.0,71.20197907260726,14.474899609138006,1708.0,287.84159074616457,61.539264926166446,0.0,0.0,0.0,10.0,0.9999999999999999,0.10000000000000003,71.0,0.07739803374861119,8.437261448100205e-05
