id,probability_maraud,successful_mating,next_foraging_time,foraging_events,foraging_hrs,foraging_sqhrs,staying_events,staying_hrs,staying_sqhrs,repairing_events,repairing_hrs,repairing_sqhrs,marauding_events,marauding_hrs,marauding_sqhrs,traveling_events,traveling_hrs,traveling_sqhrs
0,0.0,5,360.48081175428655,566.0,72.39057464684944,15.238380325821014,857.0,144.7751172147833,30.81272113359036,851.0,142.8455852264131,30.426022943235946,0.0,0.0,0.0,0.0,0.0,0.0
1,0.054,13,360.26856023792305,566.0,70.17599810002585,13.989826472610265,1679.0,288.84246979140624,63.07645579118817,0.0,0.0,0.0,12.0,1.2,0.12000000000000005,102.0,0.11119154144166682,0.00012121136164876363
