id,probability_maraud,successful_mating,next_foraging_time,foraging_events,foraging_hrs,foraging_sqhrs,staying_events,staying_hrs,staying_sqhrs,repairing_events,repairing_hrs,repairing_sqhrs,marauding_events,marauding_hrs,marauding_sqhrs,traveling_events,traveling_hrs,traveling_sqhrs
0,0.0,3,360.00610682674943,561.0,70.03426263337091,15.650747207461148,1001.0,168.06318293663156,35.72067510618868,707.0,122.0113935518978,26.33859539082229,0.0,0.0,0.0,0.0,0.0,0.0
1,0.054,14,360.67957824854125,559.0,73.60923862380857,16.392157576348186,1679.0,285.2783568943809,61.702019224381864,0.0,0.0,0.0,11.0,1.0999999999999999,0.11000000000000004,90.0,0.09811018362500012,0.0001069512014547914
