id,probability_maraud,successful_mating,next_foraging_time,foraging_events,foraging_hrs,foraging_sqhrs,staying_events,staying_hrs,staying_sqhrs,repairing_events,repairing_hrs,repairing_sqhrs,marauding_events,marauding_hrs,marauding_sqhrs,traveling_events,traveling_hrs,traveling_sqhrs
0,0.0,5,360.33094243091375,563.0,71.43808198644909,14.505070023957526,1331.0,224.28028733970837,47.95008521513857,380.0,64.32476396748517,13.70917589450009,0.0,0.0,0.0,0.0,0.0,0.0
1,0.054,13,360.2362287379664,557.0,72.25070500081023,15.681691728475505,1692.0,287.05818465663174,61.71142792077611,0.0,0.0,0.0,6.0,0.6,0.06000000000000001,95.0,0.10356074938194458,0.0001128929348689465
