id,probability_maraud,successful_mating,next_foraging_time,foraging_events,foraging_hrs,foraging_sqhrs,staying_events,staying_hrs,staying_sqhrs,repairing_events,repairing_hrs,repairing_sqhrs,marauding_events,marauding_hrs,marauding_sqhrs,traveling_events,traveling_hrs,traveling_sqhrs
0,0.0,11,360.2779803654021,573.0,71.73138456799475,15.436286170668875,915.0,153.49143677561585,32.56563173781221,802.0,134.90727747242187,28.999272481049164,0.0,0.0,0.0,0.0,0.0,0.0
1,0.054,7,361.17384927420534,567.0,68.37595373686561,13.806781275832657,1750.0,290.97621501058984,61.36324654214887,0.0,0.0,0.0,12.0,1.2,0.12000000000000005,104.0,0.1133717677444446,0.00012358805501442566
