id,probability_maraud,successful_mating,next_foraging_time,foraging_events,foraging_hrs,foraging_sqhrs,staying_events,staying_hrs,staying_sqhrs,repairing_events,repairing_hrs,repairing_sqhrs,marauding_events,marauding_hrs,marauding_sqhrs,traveling_events,traveling_hrs,traveling_sqhrs
0,0.0,8,360.7902966836894,557.0,70.60281448056573,14.9311465416248,991.0,168.58249351781572,35.698572376739406,724.0,121.22322094246357,25.988370975196133,0.0,0.0,0.0,0.0,0.0,0.0
1,0.054,9,360.90348620635507,571.0,70.25595828625525,13.910692368777767,1703.0,288.8462208265059,61.79060533405663,0.0,0.0,0.0,10.0,0.9999999999999999,0.10000000000000003,85.0,0.09265961786805567,0.00010100946804063631
