id,probability_maraud,successful_mating,next_foraging_time,foraging_events,foraging_hrs,foraging_sqhrs,staying_events,staying_hrs,staying_sqhrs,repairing_events,repairing_hrs,repairing_sqhrs,marauding_events,marauding_hrs,marauding_sqhrs,traveling_events,traveling_hrs,traveling_sqhrs
0,0.0,2,360.15541419824035,567.0,69.39570871468527,13.662464952283939,727.0,125.39726909736244,27.422123824277737,984.0,165.26402873232942,34.898276600414036,0.0,0.0,0.0,0.0,0.0,0.0
1,0.054,16,360.4499552205592,556.0,73.18982646419236,16.304822440076244,1701.0,285.4316820498772,60.49046698500646,0.0,0.0,0.0,14.0,1.4000000000000001,0.14000000000000007,109.0,0.11882233350138906,0.00012952978842858075
