id,probability_maraud,successful_mating,next_foraging_time,foraging_events,foraging_hrs,foraging_sqhrs,staying_events,staying_hrs,staying_sqhrs,repairing_events,repairing_hrs,repairing_sqhrs,marauding_events,marauding_hrs,marauding_sqhrs,traveling_events,traveling_hrs,traveling_sqhrs
0,0.0,6,360.3696698327498,562.0,74.14784187578495,16.245212941558233,840.0,140.72196575526385,29.487212849176693,869.0,145.2424928202749,30.61771075889216,0.0,0.0,0.0,0.0,0.0,0.0
1,0.054,12,360.0303193537243,567.0,71.04270445955166,15.00571533095041,1706.0,287.66653880846115,61.413405304565075,0.0,0.0,0.0,12.0,1.2,0.12000000000000005,97.0,0.10574097568472236,0.00011526962823460854
