id,probability_maraud,successful_mating,next_foraging_time,foraging_events,foraging_hrs,foraging_sqhrs,staying_events,staying_hrs,staying_sqhrs,repairing_events,repairing_hrs,repairing_sqhrs,marauding_events,marauding_hrs,marauding_sqhrs,traveling_events,traveling_hrs,traveling_sqhrs
0,0.0,8,360.12718127240674,560.0,71.49824626552875,15.172284184301644,961.0,164.96466101323048,35.762511600667935,758.0,123.65579424062696,25.918789061410283,0.0,0.0,0.0,0.0,0.0,0.0
1,0.054,10,360.1430763614647,573.0,70.56739073985797,14.927527931006486,1689.0,288.2841158038447,62.34349208419025,0.0,0.0,0.0,11.0,1.0999999999999999,0.11000000000000004,94.0,0.10247063623055569,0.00011170458818611548
