id,probability_maraud,successful_mating,next_foraging_time,foraging_events,foraging_hrs,foraging_sqhrs,staying_events,staying_hrs,staying_sqhrs,repairing_events,repairing_hrs,repairing_sqhrs,marauding_events,marauding_hrs,marauding_sqhrs,traveling_events,traveling_hrs,traveling_sqhrs
0,0.0,13,359.9622214527681,559.0,67.99778047796562,13.753444418280896,1699.0,286.04908117736943,61.53726889552274,36.0,6.018101174072189,1.322026184582785,0.0,0.0,0.0,0.0,0.0,0.0
1,0.0,12,360.3963972854833,576.0,70.60209934656577,15.320634964591273,1661.0,283.33887286911005,61.7233815567907,38.0,6.070320998514397,1.2386786520498105,0.0,0.0,0.0,0.0,0.0,0.0
2,0.0,7,360.4309595718392,586.0,70.63972916157009,14.486731921162184,1700.0,289.45099217851595,62.21738732638629,0.0,0.0,0.0,0.0,0.0,0.0,0.0,0.0,0.0
3,0.0,9,359.88949831450765,587.0,72.21046227660503,14.990139093504666,1552.0,263.44813321047684,56.13154147245754,147.0,24.42754951295374,5.109911983624565,0.0,0.0,0.0,0.0,0.0,0.0
4,0.0,11,359.9709474425147,575.0,70.00452455649346,14.008693288025567,1583.0,265.005353598325,55.20841423702298,140.0,24.992442336701355,5.829086354470699,0.0,0.0,0.0,0.0,0.0,0.0
5,0.054,8,360.2326802865024,555.0,65.58470941965882,12.61364790623352,1717.0,292.4627338427209,62.48976324396925,0.0,0.0,0.0,15.0,1.5000000000000002,0.15000000000000008,97.0,0.5267250502685189,0.0028601987482512656
6,0.0,7,360.41424977635387,561.0,69.11996381303888,14.541440528043575,1729.0,290.9053435448932,62.80581449238366,0.0,0.0,0.0,0.0,0.0,0.0,0.0,0.0,0.0
7,0.0,5,360.03976851031894,560.0,74.53420620584792,16.662858046125248,1503.0,255.06022237566444,55.20642560936689,193.0,30.572224237978414,6.332680717626282,0.0,0.0,0.0,0.0,0.0,0.0
