id,probability_maraud,successful_mating,next_foraging_time,foraging_events,foraging_hrs,foraging_sqhrs,staying_events,staying_hrs,staying_sqhrs,repairing_events,repairing_hrs,repairing_sqhrs,marauding_events,marauding_hrs,marauding_sqhrs,traveling_events,traveling_hrs,traveling_sqhrs
0,0.0,42,360.581165363713,550.0,71.55847036422972,15.234159776533833,1287.0,215.49246687803952,45.31480704195743,421.0,73.10992521166767,15.915201129352102,0.0,0.0,0.0,0.0,0.0,0.0
1,0.0,30,360.04931109187726,570.0,66.40686226135723,12.832188004278054,1729.0,293.67175521267677,63.288364737650085,0.0,0.0,0.0,0.0,0.0,0.0,0.0,0.0,0.0
2,0.0,0,360.3714589053263,561.0,70.76815558211756,15.352034801633845,1736.0,289.2732515128029,61.16756196425029,0.0,0.0,0.0,0.0,0.0,0.0,0.0,0.0,0.0
3,0.0,0,360.15607150126215,572.0,68.92217154222138,13.096806878405873,1750.0,291.0966793578957,61.32976064987542,0.0,0.0,0.0,0.0,0.0,0.0,0.0,0.0,0.0
4,0.0,0,360.4041024956819,563.0,72.4176437915078,15.904672171486405,1693.0,287.59827229254716,62.369738076605316,0.0,0.0,0.0,0.0,0.0,0.0,0.0,0.0,0.0
5,0.0,0,360.5069899911088,579.0,68.55481093994283,13.259649774086602,1679.0,291.46576821392057,63.762882090269684,0.0,0.0,0.0,0.0,0.0,0.0,0.0,0.0,0.0
6,0.0,0,360.1885112237273,565.0,69.31667058816097,14.770753633924611,1717.0,290.79017796739396,62.956745569146356,0.0,0.0,0.0,0.0,0.0,0.0,0.0,0.0,0.0
7,0.054,0,359.95163173040066,570.0,72.1643643307376,14.730868261631594,1676.0,286.3290002404369,61.92516449182434,0.0,0.0,0.0,12.0,1.2,0.12000000000000005,88.0,0.4778536538518522,0.002594819482949602
