id,probability_maraud,successful_mating,next_foraging_time,foraging_events,foraging_hrs,foraging_sqhrs,staying_events,staying_hrs,staying_sqhrs,repairing_events,repairing_hrs,repairing_sqhrs,marauding_events,marauding_hrs,marauding_sqhrs,traveling_events,traveling_hrs,traveling_sqhrs
0,0.0,7,360.08555271505367,586.0,69.13435574259044,14.178298805024314,1738.0,284.90088739909953,59.71855543078543,45.0,6.000182048635136,1.1257100538340596,0.0,0.0,0.0,0.0,0.0,0.0
1,0.0,8,360.34423301075844,547.0,71.20801834259228,16.022228965619064,1639.0,277.8934543563956,59.54032119918233,64.0,10.978000199766871,2.3985466666848354,0.0,0.0,0.0,0.0,0.0,0.0
2,0.0,15,359.9215948278579,572.0,70.85132141069171,14.89198871217486,1663.0,276.9776289712121,58.40451382309392,72.0,12.194560862044977,2.659538322001954,0.0,0.0,0.0,0.0,0.0,0.0
3,0.0,10,360.0171454107892,574.0,69.6544120597999,14.684390866866309,1645.0,278.2360152683563,60.302330323623046,73.0,12.22292096017153,2.6294416407454175,0.0,0.0,0.0,0.0,0.0,0.0
4,0.054,9,360.27936589663017,561.0,72.46430901978854,15.015269878376616,1702.0,285.95141134511914,61.457249312125874,0.0,0.0,0.0,13.0,1.3,0.13000000000000006,90.0,0.488713964166667,0.0026537926530166385
5,0.0,6,360.0457417558001,564.0,71.31621740105197,14.54761923736318,1638.0,276.6759093550182,58.98435835891856,73.0,12.059222521530574,2.4390027070991787,0.0,0.0,0.0,0.0,0.0,0.0
6,0.0,8,360.13803305993713,572.0,63.32338387984256,11.454518960752912,1718.0,284.5315586009093,60.063902553465155,70.0,12.206770419297241,2.616904065445744,0.0,0.0,0.0,0.0,0.0,0.0
7,0.0,9,360.37406806984893,550.0,72.03198445893352,15.465559770762399,1671.0,275.6970873202921,57.85487277994755,64.0,12.293684770258183,2.9294716751515204,0.0,0.0,0.0,0.0,0.0,0.0
