id,probability_maraud,successful_mating,next_foraging_time,foraging_events,foraging_hrs,foraging_sqhrs,staying_events,staying_hrs,staying_sqhrs,repairing_events,repairing_hrs,repairing_sqhrs,marauding_events,marauding_hrs,marauding_sqhrs,traveling_events,traveling_hrs,traveling_sqhrs
0,0.0,30,360.30322302604225,556.0,69.66168458283069,14.206688589720741,1090.0,180.76236940714983,38.32801949306587,637.0,109.62992794188854,23.889436468467824,0.0,0.0,0.0,0.0,0.0,0.0
1,0.0,42,360.1989894067509,566.0,69.64967501192645,13.986313301578162,1711.0,290.7028612928933,62.28778294715523,0.0,0.0,0.0,0.0,0.0,0.0,0.0,0.0,0.0
2,0.0,0,359.9593199629094,565.0,74.06064699577672,15.90331538053923,1695.0,286.04247256851176,60.81633149780122,0.0,0.0,0.0,0.0,0.0,0.0,0.0,0.0,0.0
3,0.0,0,360.5172467412547,573.0,73.39867326444187,16.410834195310077,1747.0,286.68678227959487,60.70363978800987,0.0,0.0,0.0,0.0,0.0,0.0,0.0,0.0,0.0
4,0.054,0,359.8800981606112,573.0,71.80487102059499,14.633390584249124,1666.0,285.928721021888,61.86295354443122,0.0,0.0,0.0,18.0,1.8000000000000005,0.1800000000000001,94.0,0.5104345847962967,0.002771738993150711
5,0.0,0,360.5077822285597,572.0,72.37729205320476,15.59665579055623,1710.0,287.69291480380133,61.85262443982382,0.0,0.0,0.0,0.0,0.0,0.0,0.0,0.0,0.0
6,0.0,0,359.9232797203586,565.0,69.5952148076928,14.116695520538327,1703.0,290.5077754770646,62.78081251703446,0.0,0.0,0.0,0.0,0.0,0.0,0.0,0.0,0.0
7,0.0,0,360.31486936193727,570.0,70.90465057075093,14.438035132370507,1670.0,289.1040249242521,62.65499349678989,0.0,0.0,0.0,0.0,0.0,0.0,0.0,0.0,0.0
