id,probability_maraud,successful_mating,next_foraging_time,foraging_events,foraging_hrs,foraging_sqhrs,staying_events,staying_hrs,staying_sqhrs,repairing_events,repairing_hrs,repairing_sqhrs,marauding_events,marauding_hrs,marauding_sqhrs,traveling_events,traveling_hrs,traveling_sqhrs
0,0.0,47,360.02545442157344,556.0,71.05860158200325,15.438706042245455,1265.0,215.6516917940505,45.853391160451714,422.0,73.37611132199274,15.719008390423042,0.0,0.0,0.0,0.0,0.0,0.0
1,0.0,25,360.2755533100901,576.0,73.14275046391174,16.033003466266702,1673.0,287.0671165271973,61.83074618611544,0.0,0.0,0.0,0.0,0.0,0.0,0.0,0.0,0.0
2,0.0,0,360.1043534794222,564.0,69.49648422511446,14.022142388701878,1714.0,290.608564639365,61.86876647390419,0.0,0.0,0.0,0.0,0.0,0.0,0.0,0.0,0.0
3,0.0,0,359.814007910041,564.0,71.17086769042443,15.797894612951604,1724.0,288.8434238347147,61.52709550510639,0.0,0.0,0.0,0.0,0.0,0.0,0.0,0.0,0.0
4,0.0,0,360.37894849482547,579.0,70.62022455623915,13.846732157209678,1709.0,289.4196472150623,61.87121812295177,0.0,0.0,0.0,0.0,0.0,0.0,0.0,0.0,0.0
5,0.0,0,360.64763615856174,568.0,70.60953484685541,14.124502994925546,1701.0,289.5590250235099,62.376953876788704,0.0,0.0,0.0,0.0,0.0,0.0,0.0,0.0,0.0
6,0.0,0,360.1731382323569,573.0,70.8582305552841,13.919241925032967,1708.0,289.2359500223408,62.47412293301454,0.0,0.0,0.0,0.0,0.0,0.0,0.0,0.0,0.0
7,0.054,0,360.0596220168348,561.0,74.59311930059974,16.258454406926923,1707.0,283.9760392522768,60.128822941988105,0.0,0.0,0.0,12.0,1.2,0.12000000000000005,88.0,0.4778536538518522,0.002594819482949602
