id,probability_maraud,successful_mating,next_foraging_time,foraging_events,foraging_hrs,foraging_sqhrs,staying_events,staying_hrs,staying_sqhrs,repairing_events,repairing_hrs,repairing_sqhrs,marauding_events,marauding_hrs,marauding_sqhrs,traveling_events,traveling_hrs,traveling_sqhrs
0,0.0,40,360.5173634471914,574.0,71.11708004817953,14.752650232371323,1200.0,207.04647440888044,44.20443709843031,509.0,81.85862035451773,17.00547800841024,0.0,0.0,0.0,0.0,0.0,0.0
1,0.054,32,360.3201243871633,559.0,70.60267807320352,14.922207595625588,1680.0,287.56147645956463,63.01321646978157,0.0,0.0,0.0,14.0,1.4000000000000001,0.14000000000000007,89.0,0.4832838090092596,0.0026243060679831203
2,0.0,0,360.77805091229044,559.0,67.39973600107916,13.230549931721141,1722.0,292.7878117609775,63.53850545731854,0.0,0.0,0.0,0.0,0.0,0.0,0.0,0.0,0.0
3,0.0,0,360.28950333984943,565.0,69.9777258791298,15.151094475436182,1689.0,290.02333409056206,63.114025184606184,0.0,0.0,0.0,0.0,0.0,0.0,0.0,0.0,0.0
4,0.0,0,360.27699932451407,568.0,70.16256273660525,14.410137223764936,1699.0,289.8958224303775,61.98482785604834,0.0,0.0,0.0,0.0,0.0,0.0,0.0,0.0,0.0
5,0.0,0,360.09625228036697,558.0,74.58515188806696,17.017304303830326,1657.0,285.47273544297747,61.94841141193754,0.0,0.0,0.0,0.0,0.0,0.0,0.0,0.0,0.0
6,0.0,0,360.1158696613728,569.0,71.39579330382035,14.616923904168834,1683.0,288.65343290219954,61.95973010470861,0.0,0.0,0.0,0.0,0.0,0.0,0.0,0.0,0.0
7,0.0,0,360.12315451655945,565.0,69.01206830698561,14.659202523577788,1705.0,291.0821833036076,63.219911299576104,0.0,0.0,0.0,0.0,0.0,0.0,0.0,0.0,0.0
