id,probability_maraud,successful_mating,next_foraging_time,foraging_events,foraging_hrs,foraging_sqhrs,staying_events,staying_hrs,staying_sqhrs,repairing_events,repairing_hrs,repairing_sqhrs,marauding_events,marauding_hrs,marauding_sqhrs,traveling_events,traveling_hrs,traveling_sqhrs
0,0.054,62,360.40625429464603,563.0,69.7474123546819,14.291047962326308,1676.0,288.867614857358,62.82759502087067,0.0,0.0,0.0,10.0,0.9999999999999999,0.10000000000000003,81.0,0.4398425677500003,0.002388413387714975
1,0.0,10,360.01503034524285,561.0,72.74064454218168,16.10714730966658,1319.0,226.22542037477973,48.712100380693826,354.0,61.05831558083832,13.305244925255785,0.0,0.0,0.0,0.0,0.0,0.0
2,0.0,0,360.4761456410843,574.0,69.41984672798678,14.723908950724171,1752.0,290.60371658745504,61.62939830688547,0.0,0.0,0.0,0.0,0.0,0.0,0.0,0.0,0.0
3,0.0,0,360.15383742075323,571.0,71.20139751310147,15.250452979343857,1709.0,288.9760850387612,61.69109459250375,0.0,0.0,0.0,0.0,0.0,0.0,0.0,0.0,0.0
4,0.0,0,360.32476406216,563.0,66.54716232067163,12.855843566963543,1733.0,293.52728001922634,62.91927483379774,0.0,0.0,0.0,0.0,0.0,0.0,0.0,0.0,0.0
5,0.0,0,360.1234001143285,580.0,69.42826323266871,13.554565154639459,1716.0,290.61119698648264,62.47032485265243,0.0,0.0,0.0,0.0,0.0,0.0,0.0,0.0,0.0
6,0.0,0,360.2845880510528,560.0,72.85913166231974,15.129060185462375,1747.0,287.2363214064229,60.51936483115631,0.0,0.0,0.0,0.0,0.0,0.0,0.0,0.0,0.0
7,0.0,0,360.38670016119823,563.0,71.62714833413074,15.111168018469204,1693.0,288.5011479214027,62.62808709498789,0.0,0.0,0.0,0.0,0.0,0.0,0.0,0.0,0.0
