id,probability_maraud,successful_mating,next_foraging_time,foraging_events,foraging_hrs,foraging_sqhrs,staying_events,staying_hrs,staying_sqhrs,repairing_events,repairing_hrs,repairing_sqhrs,marauding_events,marauding_hrs,marauding_sqhrs,traveling_events,traveling_hrs,traveling_sqhrs
0,0.0,34,360.3002827467282,565.0,73.47480171683284,15.760915877728456,1109.0,182.64496913385642,38.81159825168764,630.0,103.94197155713113,21.846321351833236,0.0,0.0,0.0,0.0,0.0,0.0
1,0.0,38,360.62901461951463,582.0,72.3306459416232,14.434483224112768,1699.0,287.8047093323035,61.404630626829125,0.0,0.0,0.0,0.0,0.0,0.0,0.0,0.0,0.0
2,0.0,0,360.39171641398787,580.0,67.75020599087283,13.324156311334,1766.0,292.2653095806393,61.95608019627469,0.0,0.0,0.0,0.0,0.0,0.0,0.0,0.0,0.0
3,0.0,0,360.3805987929144,568.0,71.93398407640385,15.582943255557701,1699.0,288.09657101334034,62.2697203427192,0.0,0.0,0.0,0.0,0.0,0.0,0.0,0.0,0.0
4,0.0,0,359.93039613186767,567.0,68.8819309112117,13.675948240786372,1749.0,291.2344500063473,62.176753872146406,0.0,0.0,0.0,0.0,0.0,0.0,0.0,0.0,0.0
5,0.0,0,360.4874917196523,567.0,71.2944188510253,14.56871241226258,1695.0,288.7156898879614,62.19412862906456,0.0,0.0,0.0,0.0,0.0,0.0,0.0,0.0,0.0
6,0.0,0,360.11535405139153,572.0,70.04795731091097,14.385327097728721,1750.0,290.10412794174897,61.44044466193795,0.0,0.0,0.0,0.0,0.0,0.0,0.0,0.0,0.0
7,0.054,0,360.249857346693,568.0,72.30015284243463,15.707548180349354,1715.0,285.41362510985067,60.174398764796585,0.0,0.0,0.0,18.0,1.8000000000000005,0.1800000000000001,111.0,0.6027472224722227,0.00327301093872052
