id,probability_maraud,successful_mating,next_foraging_time,foraging_events,foraging_hrs,foraging_sqhrs,staying_events,staying_hrs,staying_sqhrs,repairing_events,repairing_hrs,repairing_sqhrs,marauding_events,marauding_hrs,marauding_sqhrs,traveling_events,traveling_hrs,traveling_sqhrs
0,0.054,11,360.37670529909036,568.0,73.87189099296371,15.88260183619314,1683.0,284.03764977048155,61.07915308713081,0.0,0.0,0.0,17.0,1.7000000000000004,0.1700000000000001,91.0,0.4941441193240744,0.0026832792380501566
1,0.0,4,359.95710766925276,559.0,71.40988221803141,15.3372842769094,1478.0,246.33134868051613,52.09833575864368,244.0,42.39105354737659,8.996367494837523,0.0,0.0,0.0,0.0,0.0,0.0
2,0.0,10,360.14254211224363,571.0,65.1880301697979,11.586812177372508,1676.0,282.7271732166145,60.51092911060391,69.0,12.107819931505452,2.679125622108639,0.0,0.0,0.0,0.0,0.0,0.0
3,0.0,5,360.3733954225713,570.0,72.28463890437143,14.3654742909549,1645.0,275.39784432186366,58.46208839725936,78.0,12.37303871076963,2.612665365945535,0.0,0.0,0.0,0.0,0.0,0.0
4,0.0,12,360.06724721450746,555.0,72.52226526432062,15.927593613378052,1569.0,269.37523741621334,58.616443212316995,104.0,18.478091476740566,4.203713542756276,0.0,0.0,0.0,0.0,0.0,0.0
5,0.0,15,360.20793063491806,558.0,69.6745648108756,14.495660596659993,1721.0,290.45065102374764,61.020449974122585,0.0,0.0,0.0,0.0,0.0,0.0,0.0,0.0,0.0
6,0.0,6,360.11565146596735,557.0,71.54877545544988,16.23003882022985,1605.0,276.4071815219821,60.33329756572099,65.0,12.060786559324084,2.876612989927222,0.0,0.0,0.0,0.0,0.0,0.0
7,0.0,9,360.32338428854683,558.0,68.7147852473838,13.822695685920095,1650.0,285.1842898361865,61.29700317379567,38.0,6.130989006129998,1.3242797601869953,0.0,0.0,0.0,0.0,0.0,0.0
