id,probability_maraud,successful_mating,next_foraging_time,foraging_events,foraging_hrs,foraging_sqhrs,staying_events,staying_hrs,staying_sqhrs,repairing_events,repairing_hrs,repairing_sqhrs,marauding_events,marauding_hrs,marauding_sqhrs,traveling_events,traveling_hrs,traveling_sqhrs
0,0.0,48,360.58963443626214,572.0,68.81641856785413,13.613108337763684,1216.0,199.93621414425525,41.908154481848385,549.0,91.27840340502941,19.168146900473005,0.0,0.0,0.0,0.0,0.0,0.0
1,0.0,24,359.95973334643355,570.0,69.19541372764282,14.107303714067267,1738.0,290.8247786769355,61.70051880308176,0.0,0.0,0.0,0.0,0.0,0.0,0.0,0.0,0.0
2,0.0,0,360.2607445917283,566.0,69.78171462473179,14.27645894601572,1738.0,290.3337827455169,61.48386493241166,0.0,0.0,0.0,0.0,0.0,0.0,0.0,0.0,0.0
3,0.0,0,360.4653294792452,561.0,72.40536935633826,15.197647759282757,1695.0,287.66378800297224,62.26347165921821,0.0,0.0,0.0,0.0,0.0,0.0,0.0,0.0,0.0
4,0.0,0,360.2372873505045,573.0,72.05574092231505,14.906445750318193,1701.0,288.16538768642687,61.776189022729945,0.0,0.0,0.0,0.0,0.0,0.0,0.0,0.0,0.0
5,0.0,0,360.3350104414263,578.0,70.33949504123188,13.703272796608593,1744.0,289.8398547068157,61.06773685663862,0.0,0.0,0.0,0.0,0.0,0.0,0.0,0.0,0.0
6,0.054,0,359.8620894732695,557.0,71.79866342178512,15.706738970687251,1665.0,286.151971678541,62.50466263723163,0.0,0.0,0.0,15.0,1.5000000000000002,0.15000000000000008,119.0,0.646188463731482,0.0035089036189886653
7,0.0,0,359.984411078217,569.0,75.32745925889186,16.167866409081476,1682.0,284.7095596836928,61.130707379916444,0.0,0.0,0.0,0.0,0.0,0.0,0.0,0.0,0.0
