id,probability_maraud,successful_mating,next_foraging_time,foraging_events,foraging_hrs,foraging_sqhrs,staying_events,staying_hrs,staying_sqhrs,repairing_events,repairing_hrs,repairing_sqhrs,marauding_events,marauding_hrs,marauding_sqhrs,traveling_events,traveling_hrs,traveling_sqhrs
0,0.0,42,360.04021173739596,571.0,69.25231229998393,14.427924898251637,1433.0,242.30631385084146,51.671445310038315,291.0,48.52418232526914,10.145715973137778,0.0,0.0,0.0,0.0,0.0,0.0
1,0.0,29,360.6993276264735,559.0,68.85493922375987,14.40951361832517,1727.0,291.1641552547014,62.81659410404153,0.0,0.0,0.0,0.0,0.0,0.0,0.0,0.0,0.0
2,0.0,0,360.1647463143699,566.0,67.19212848024584,13.425814849682537,1719.0,292.95261882676266,62.52966498448297,0.0,0.0,0.0,0.0,0.0,0.0,0.0,0.0,0.0
3,0.0,0,359.9297846562208,565.0,69.35521995272097,14.293165846720004,1698.0,290.7097672048189,62.655180039165764,0.0,0.0,0.0,0.0,0.0,0.0,0.0,0.0,0.0
4,0.0,0,359.94600861949573,576.0,68.35450718637134,14.039754501459935,1727.0,291.681852479561,61.91439604558511,0.0,0.0,0.0,0.0,0.0,0.0,0.0,0.0,0.0
5,0.0,0,360.18310859619976,563.0,72.83610991876374,16.253700538709285,1730.0,287.45689742434905,61.36413320149557,0.0,0.0,0.0,0.0,0.0,0.0,0.0,0.0,0.0
6,0.0,0,360.19760286943756,564.0,71.66340738201181,16.089001447563362,1711.0,288.3866342981465,61.62868266529546,0.0,0.0,0.0,0.0,0.0,0.0,0.0,0.0,0.0
7,0.054,0,360.79545118719744,571.0,72.9847103874781,16.010139792124136,1670.0,285.8613923416565,61.45808421343797,0.0,0.0,0.0,8.0,0.7999999999999999,0.08000000000000002,82.0,0.4452727229074077,0.002417899972748493
