id,probability_maraud,successful_mating,next_foraging_time,foraging_events,foraging_hrs,foraging_sqhrs,staying_events,staying_hrs,staying_sqhrs,repairing_events,repairing_hrs,repairing_sqhrs,marauding_events,marauding_hrs,marauding_sqhrs,traveling_events,traveling_hrs,traveling_sqhrs
0,0.0,40,360.0120863700845,560.0,71.55491492357501,15.12516830936557,1257.0,209.6769046940755,44.920792310618396,478.0,79.00731517285321,16.762162824170908,0.0,0.0,0.0,0.0,0.0,0.0
1,0.0,32,360.05459482508587,562.0,71.50755036115986,15.1330309369938,1709.0,288.63510712392406,61.42300296070053,0.0,0.0,0.0,0.0,0.0,0.0,0.0,0.0,0.0
2,0.054,0,360.1640779302572,563.0,70.78804559429739,14.133871615895199,1687.0,287.62465814995977,62.54803415725591,0.0,0.0,0.0,13.0,1.3,0.13000000000000006,92.0,0.49957427448148184,0.002712765823083675
3,0.0,0,360.1615664788302,574.0,71.39711556487862,14.032205053326372,1735.0,288.62179778392846,60.257299316654255,0.0,0.0,0.0,0.0,0.0,0.0,0.0,0.0,0.0
4,0.0,0,360.1108635405778,574.0,69.3035485919071,13.698832684508686,1755.0,290.70591454164446,60.484989435740594,0.0,0.0,0.0,0.0,0.0,0.0,0.0,0.0,0.0
5,0.0,0,360.51188911213507,576.0,68.98631444027941,13.967773480153017,1733.0,291.09586027996306,62.17590927090538,0.0,0.0,0.0,0.0,0.0,0.0,0.0,0.0,0.0
6,0.0,0,359.96576750286664,548.0,72.61824400927179,15.574583633190805,1703.0,287.53400421755913,61.19833587508537,0.0,0.0,0.0,0.0,0.0,0.0,0.0,0.0,0.0
7,0.0,0,360.353428856371,573.0,67.03320563781313,12.864668674536258,1762.0,292.9804628050071,62.3051411518008,0.0,0.0,0.0,0.0,0.0,0.0,0.0,0.0,0.0
