id,probability_maraud,successful_mating,next_foraging_time,foraging_events,foraging_hrs,foraging_sqhrs,staying_events,staying_hrs,staying_sqhrs,repairing_events,repairing_hrs,repairing_sqhrs,marauding_events,marauding_hrs,marauding_sqhrs,traveling_events,traveling_hrs,traveling_sqhrs
0,0.0,44,360.0544870601599,561.0,72.8778898400445,15.24813588324932,1439.0,238.4788809149056,49.72253293191991,296.0,48.77381651746519,10.201256214781269,0.0,0.0,0.0,0.0,0.0,0.0
1,0.0,28,359.99543196054157,556.0,74.72572933279028,16.771047107143,1641.0,285.3260362171656,62.93156206013983,0.0,0.0,0.0,0.0,0.0,0.0,0.0,0.0,0.0
2,0.0,0,360.1681970731668,567.0,67.63020670618957,13.25127643267584,1734.0,292.4357254816134,62.2527222339767,0.0,0.0,0.0,0.0,0.0,0.0,0.0,0.0,0.0
3,0.0,0,360.2220235246988,568.0,72.58506672377116,15.9153694032496,1719.0,287.7109296936974,61.55563500980299,0.0,0.0,0.0,0.0,0.0,0.0,0.0,0.0,0.0
4,0.0,0,360.25321451743093,560.0,71.85717355524574,15.13542100816898,1715.0,288.27558674661077,61.82344959010339,0.0,0.0,0.0,0.0,0.0,0.0,0.0,0.0,0.0
5,0.0,0,360.41092000449197,549.0,72.71155808901646,15.921192943461035,1685.0,287.341525374334,62.22737476037519,0.0,0.0,0.0,0.0,0.0,0.0,0.0,0.0,0.0
6,0.054,0,360.0873783252058,563.0,71.24743729703741,15.491407286483705,1700.0,287.413455982829,61.19894072319473,0.0,0.0,0.0,8.0,0.7999999999999999,0.08000000000000002,100.0,0.5430155157407411,0.00294865850335182
7,0.0,0,360.25691000287446,568.0,72.62036921710425,15.418143669138274,1698.0,287.6785594979793,61.55133621608944,0.0,0.0,0.0,0.0,0.0,0.0,0.0,0.0,0.0
