id,probability_maraud,successful_mating,next_foraging_time,foraging_events,foraging_hrs,foraging_sqhrs,staying_events,staying_hrs,staying_sqhrs,repairing_events,repairing_hrs,repairing_sqhrs,marauding_events,marauding_hrs,marauding_sqhrs,traveling_events,traveling_hrs,traveling_sqhrs
0,0.0,38,359.9798814031301,575.0,69.37501424409324,14.068686396971323,1357.0,230.79983096698422,49.69527536215641,355.0,59.90742958317226,12.762178376820057,0.0,0.0,0.0,0.0,0.0,0.0
1,0.0,34,360.04192694129904,565.0,71.56257941639417,14.754007711128043,1702.0,288.4507957310256,62.207444022237304,0.0,0.0,0.0,0.0,0.0,0.0,0.0,0.0,0.0
2,0.054,0,360.0022748109647,546.0,73.25902786335949,16.494950125133514,1666.0,285.38842353021107,62.43863351193139,0.0,0.0,0.0,10.0,0.9999999999999999,0.10000000000000003,83.0,0.4507028780648151,0.0024473865577820113
3,0.0,0,360.01001716521733,569.0,73.35352283663983,16.939876640914044,1683.0,286.9885910528554,61.96123225106568,0.0,0.0,0.0,0.0,0.0,0.0,0.0,0.0,0.0
4,0.0,0,360.3103825898621,562.0,70.53261082566038,14.465711134650777,1744.0,289.48429895167203,60.94094768963943,0.0,0.0,0.0,0.0,0.0,0.0,0.0,0.0,0.0
5,0.0,0,360.06491030888174,572.0,67.24900795521575,13.075078888318892,1725.0,292.8388100506896,62.522991023891265,0.0,0.0,0.0,0.0,0.0,0.0,0.0,0.0,0.0
6,0.0,0,359.9630920895426,574.0,70.60977075322364,14.893824126612826,1685.0,289.4228921966321,62.34851611768385,0.0,0.0,0.0,0.0,0.0,0.0,0.0,0.0,0.0
7,0.0,0,360.00962994972645,563.0,73.21894155521001,16.2189535639386,1685.0,286.8472222711272,61.81360549203884,0.0,0.0,0.0,0.0,0.0,0.0,0.0,0.0,0.0
