id,probability_maraud,successful_mating,next_foraging_time,foraging_events,foraging_hrs,foraging_sqhrs,staying_events,staying_hrs,staying_sqhrs,repairing_events,repairing_hrs,repairing_sqhrs,marauding_events,marauding_hrs,marauding_sqhrs,traveling_events,traveling_hrs,traveling_sqhrs
0,0.0,11,359.9736945441053,557.0,73.47904914556513,15.478403734722887,1648.0,274.3232709494365,58.1570290638604,69.0,12.277831504434175,2.8360713313056136,0.0,0.0,0.0,0.0,0.0,0.0
1,0.0,6,360.06445023744067,557.0,73.34799974642605,16.033019644354592,1650.0,274.74088146846293,58.097220293662296,68.0,12.124771633895563,2.711646815045879,0.0,0.0,0.0,0.0,0.0,0.0
2,0.0,11,360.0676854457067,566.0,70.41432476132069,15.254655296082019,1501.0,253.0749659291782,54.017677421097005,210.0,36.655973664165046,8.078650545280293,0.0,0.0,0.0,0.0,0.0,0.0
3,0.0,10,360.22949948267166,574.0,69.49571020349259,14.461524654811335,1618.0,272.23090102622575,57.80464103218489,104.0,18.44030444954401,4.13336640298073,0.0,0.0,0.0,0.0,0.0,0.0
4,0.0,4,360.51654312549846,569.0,71.96608701510038,14.728700606639272,1553.0,257.4452386314929,54.252965961925234,182.0,30.664299460471543,6.515439999530037,0.0,0.0,0.0,0.0,0.0,0.0
5,0.0,7,360.1572823502131,554.0,69.5964569974142,14.652911496958074,1545.0,259.56538567531453,55.72453287096715,173.0,30.933400848184625,7.181088586160334,0.0,0.0,0.0,0.0,0.0,0.0
6,0.0,11,360.45300570178597,558.0,73.4883176722468,15.231155429906474,1679.0,280.60955729921045,59.46409038850825,34.0,6.0829314668464285,1.3118444242537899,0.0,0.0,0.0,0.0,0.0,0.0
7,0.054,12,360.4936482706284,578.0,69.78040183652232,13.493740689453768,1691.0,287.425011828567,62.175056086550526,0.0,0.0,0.0,24.0,2.400000000000001,0.24000000000000016,111.0,0.6027472224722227,0.00327301093872052
