id,probability_maraud,successful_mating,next_foraging_time,foraging_events,foraging_hrs,foraging_sqhrs,staying_events,staying_hrs,staying_sqhrs,repairing_events,repairing_hrs,repairing_sqhrs,marauding_events,marauding_hrs,marauding_sqhrs,traveling_events,traveling_hrs,traveling_sqhrs
0,0.0,35,360.14762311025066,555.0,72.52218704157463,15.431129667853247,1313.0,220.59458921191901,46.446527068958744,400.0,67.00419844771237,14.21972010934215,0.0,0.0,0.0,0.0,0.0,0.0
1,0.0,37,360.0606580982536,557.0,70.29100444924552,14.401794797050028,1695.0,289.80932943689015,62.188344723022425,0.0,0.0,0.0,0.0,0.0,0.0,0.0,0.0,0.0
2,0.054,0,360.2800618235887,568.0,75.24623786947697,17.357144084758932,1663.0,283.2958378058807,61.478229539616244,0.0,0.0,0.0,11.0,1.0999999999999999,0.11000000000000004,92.0,0.49957427448148184,0.002712765823083675
3,0.0,0,360.0213688033648,563.0,72.92204839758666,15.630054780267711,1693.0,287.2017711465171,61.10916293154702,0.0,0.0,0.0,0.0,0.0,0.0,0.0,0.0,0.0
4,0.0,0,360.5611028346114,570.0,72.54839053799007,15.05004079730339,1692.0,287.5735424925804,62.315856759829586,0.0,0.0,0.0,0.0,0.0,0.0,0.0,0.0,0.0
5,0.0,0,360.1373109551677,564.0,70.47260577614715,15.140332712052727,1724.0,289.6217966677721,61.69818068471063,0.0,0.0,0.0,0.0,0.0,0.0,0.0,0.0,0.0
6,0.0,0,360.46613188737695,562.0,70.8718426511472,14.996568541213083,1661.0,289.43805434234724,63.298474684525964,0.0,0.0,0.0,0.0,0.0,0.0,0.0,0.0,0.0
7,0.0,0,359.7665863320166,560.0,68.12118477981382,13.55699898289694,1691.0,291.91181410425077,63.864483613175146,0.0,0.0,0.0,0.0,0.0,0.0,0.0,0.0,0.0
