id,probability_maraud,successful_mating,next_foraging_time,foraging_events,foraging_hrs,foraging_sqhrs,staying_events,staying_hrs,staying_sqhrs,repairing_events,repairing_hrs,repairing_sqhrs,marauding_events,marauding_hrs,marauding_sqhrs,traveling_events,traveling_hrs,traveling_sqhrs
0,0.0,10,360.22763311865486,566.0,69.99367785564145,14.489082871105552,1571.0,272.0932895986448,58.788635764108044,102.0,18.1391105504768,4.035535606112796,0.0,0.0,0.0,0.0,0.0,0.0
1,0.0,11,360.14869188922097,564.0,72.49358612854964,14.706845216826174,1678.0,287.62171348133694,62.19371016553057,0.0,0.0,0.0,0.0,0.0,0.0,0.0,0.0,0.0
2,0.0,7,360.7147973975833,562.0,69.20745805249803,14.272970375444249,1606.0,272.86568324799276,58.295435330985775,105.0,18.26882337695335,4.141768739171662,0.0,0.0,0.0,0.0,0.0,0.0
3,0.0,8,359.79574104229647,575.0,70.73198046814564,15.04806448927908,1707.0,289.3360954936344,62.83961151031703,0.0,0.0,0.0,0.0,0.0,0.0,0.0,0.0,0.0
4,0.054,9,360.02822004428344,573.0,70.02395185358841,13.975713148983083,1722.0,287.98514839437826,60.25958356565214,0.0,0.0,0.0,15.0,1.5000000000000002,0.15000000000000008,100.0,0.5430155157407411,0.00294865850335182
5,0.0,7,359.9586034276458,582.0,67.24792300574799,12.664078031522152,1670.0,280.8441668508244,59.86028115130186,67.0,12.071807218174177,2.830106953617988,0.0,0.0,0.0,0.0,0.0,0.0
6,0.0,12,360.4517957390031,569.0,72.27170054559487,15.218196025228208,1593.0,269.51210349211607,59.17159255061743,107.0,18.217060542073796,3.946129944948797,0.0,0.0,0.0,0.0,0.0,0.0
7,0.0,8,360.64466005706134,580.0,72.35396295143514,14.9071943499452,1558.0,262.9543709026838,55.92508733311431,149.0,24.693535675058367,5.266714477701512,0.0,0.0,0.0,0.0,0.0,0.0
