id,probability_maraud,successful_mating,next_foraging_time,foraging_events,foraging_hrs,foraging_sqhrs,staying_events,staying_hrs,staying_sqhrs,repairing_events,repairing_hrs,repairing_sqhrs,marauding_events,marauding_hrs,marauding_sqhrs,traveling_events,traveling_hrs,traveling_sqhrs
0,0.0,9,359.99832073241055,566.0,68.13694871556513,14.552598646274983,1693.0,285.8739003870404,60.24533891572701,38.0,6.135092197346938,1.2593932892460102,0.0,0.0,0.0,0.0,0.0,0.0
1,0.0,15,360.3996947528294,566.0,70.72456692808676,15.698459285152163,1676.0,276.9584561127392,58.55259847149263,59.0,12.391920483593763,3.115716884840418,0.0,0.0,0.0,0.0,0.0,0.0
2,0.054,7,359.9534420071719,556.0,69.9839964731625,14.40321603301016,1663.0,287.8561186222121,62.923356839026226,0.0,0.0,0.0,16.0,1.6000000000000003,0.1600000000000001,106.0,0.5755964466851856,0.003125578013552929
3,0.0,8,360.11423767826483,559.0,70.72265544255275,14.471057963017083,1594.0,271.0729846210258,58.52977885819995,103.0,18.274866008657245,4.006700232869976,0.0,0.0,0.0,0.0,0.0,0.0
4,0.0,8,360.38529195446205,571.0,72.61990563104973,15.034461631169195,1608.0,269.15128063863716,56.65515123162375,112.0,18.41712978084294,3.7591394565965626,0.0,0.0,0.0,0.0,0.0,0.0
5,0.0,6,359.831699488329,562.0,68.86748683128593,13.64675891530625,1588.0,266.92603840503335,57.49120504164358,140.0,24.274746279609985,5.161887562404327,0.0,0.0,0.0,0.0,0.0,0.0
6,0.0,6,359.9642342717194,574.0,70.46531563735712,14.070309691674977,1731.0,289.54195721292706,60.58193644073631,0.0,0.0,0.0,0.0,0.0,0.0,0.0,0.0,0.0
7,0.0,13,359.97686447384086,556.0,68.7465534113068,13.651579766658196,1580.0,272.9143020932413,60.14180449787801,112.0,18.41482700308665,4.016518585170144,0.0,0.0,0.0,0.0,0.0,0.0
