id,probability_maraud,successful_mating,next_foraging_time,foraging_events,foraging_hrs,foraging_sqhrs,staying_events,staying_hrs,staying_sqhrs,repairing_events,repairing_hrs,repairing_sqhrs,marauding_events,marauding_hrs,marauding_sqhrs,traveling_events,traveling_hrs,traveling_sqhrs
0,0.0,9,360.2502626075464,564.0,71.26309194388237,14.717288235092557,1493.0,258.0923592939529,55.74092945215227,187.0,30.761699799354748,6.5252991333892325,0.0,0.0,0.0,0.0,0.0,0.0
1,0.0,6,360.4527136562201,565.0,67.604637555849,13.09502141131984,1705.0,292.4193388551819,62.52829143085027,0.0,0.0,0.0,0.0,0.0,0.0,0.0,0.0,0.0
2,0.0,7,360.215973249893,583.0,70.4924624212664,14.032896160303004,1609.0,271.2407957911038,57.67657891657932,113.0,18.413596377474175,3.7751490017692637,0.0,0.0,0.0,0.0,0.0,0.0
3,0.054,13,360.00850811103703,564.0,70.7468133093213,15.293998880370543,1707.0,286.666184188466,61.06463337600289,0.0,0.0,0.0,21.0,2.1000000000000005,0.21000000000000013,96.0,0.5212948951111115,0.0028307121632177475
4,0.0,13,360.27150762018306,572.0,73.35404001953125,16.817831692873472,1651.0,274.5836939914418,57.75980815089938,70.0,12.198085618891021,2.6478446972681415,0.0,0.0,0.0,0.0,0.0,0.0
5,0.0,6,360.8788907604527,557.0,72.69751327303594,15.147513540835636,1618.0,275.08045107291133,59.25296597368127,70.0,12.250626846678557,2.6332999148519676,0.0,0.0,0.0,0.0,0.0,0.0
6,0.0,10,360.84175248633784,547.0,71.10306437033528,15.534661818902421,1459.0,252.7094826409918,54.97428375527289,224.0,36.36724899782077,7.585863867455469,0.0,0.0,0.0,0.0,0.0,0.0
7,0.0,8,359.9655300172227,565.0,70.79329977028713,14.969627516414178,1582.0,272.6514871685895,58.9132899507479,96.0,16.574825368861294,3.562123737085151,0.0,0.0,0.0,0.0,0.0,0.0
