id,probability_maraud,successful_mating,next_foraging_time,foraging_events,foraging_hrs,foraging_sqhrs,staying_events,staying_hrs,staying_sqhrs,repairing_events,repairing_hrs,repairing_sqhrs,marauding_events,marauding_hrs,marauding_sqhrs,traveling_events,traveling_hrs,traveling_sqhrs
0,0.0,42,360.4210891945734,571.0,70.04131667721465,14.56172574673909,1292.0,219.57611314471671,46.980028015810255,429.0,70.50394067337315,14.911985554246879,0.0,0.0,0.0,0.0,0.0,0.0
1,0.0,30,360.3111501234777,565.0,71.69446585616095,15.006113359120546,1693.0,288.34583938442995,61.86290385208155,0.0,0.0,0.0,0.0,0.0,0.0,0.0,0.0,0.0
2,0.0,0,360.65664134447223,580.0,68.68265397653404,13.573790140486572,1717.0,291.7108853991622,62.06035998000906,0.0,0.0,0.0,0.0,0.0,0.0,0.0,0.0,0.0
3,0.0,0,360.3906863952806,565.0,68.6018252357192,13.600705254779545,1709.0,291.4444282059455,62.25371027244307,0.0,0.0,0.0,0.0,0.0,0.0,0.0,0.0,0.0
4,0.0,0,360.09240659220285,558.0,73.50550066090345,17.098661032781195,1676.0,286.5060202945954,61.12883544425309,0.0,0.0,0.0,0.0,0.0,0.0,0.0,0.0,0.0
5,0.0,0,360.5272829783214,566.0,70.92222545510845,14.374070260696222,1702.0,289.1473977001611,61.93237390470187,0.0,0.0,0.0,0.0,0.0,0.0,0.0,0.0,0.0
6,0.054,0,360.01239680649013,579.0,74.36600064462093,15.069575730852605,1707.0,284.01267516607277,59.947327750450846,0.0,0.0,0.0,12.0,1.2,0.12000000000000005,98.0,0.5321552054259263,0.002889685333284784
7,0.0,0,359.93178610544606,564.0,74.72445509250676,16.38832190606698,1682.0,285.2767207956569,61.51540408886373,0.0,0.0,0.0,0.0,0.0,0.0,0.0,0.0,0.0
