id,probability_maraud,successful_mating,next_foraging_time,foraging_events,foraging_hrs,foraging_sqhrs,staying_events,staying_hrs,staying_sqhrs,repairing_events,repairing_hrs,repairing_sqhrs,marauding_events,marauding_hrs,marauding_sqhrs,traveling_events,traveling_hrs,traveling_sqhrs
0,0.0,11,360.3467093359989,562.0,69.57721251957362,14.673029214218618,1654.0,278.3995486861768,59.417242429072196,74.0,12.290773698042495,2.6118670811650615,0.0,0.0,0.0,0.0,0.0,0.0
1,0.054,17,360.4780088923885,563.0,68.23160148907398,14.266932608059594,1699.0,288.72551431122065,61.34155566410362,0.0,0.0,0.0,26.0,2.600000000000001,0.2600000000000002,82.0,0.4452727229074077,0.002417899972748493
2,0.0,8,360.5725081460268,571.0,68.30026737544551,12.887820743293736,1643.0,277.9725975980913,59.65397087766638,82.0,13.879382411947653,2.82610308065113,0.0,0.0,0.0,0.0,0.0,0.0
3,0.0,7,360.10910267264086,560.0,73.71406805636357,16.172174316474646,1568.0,262.0857576576107,55.61287562850985,139.0,24.37822137356405,5.532504082521202,0.0,0.0,0.0,0.0,0.0,0.0
4,0.0,4,360.1717669678701,556.0,73.954628261008,17.13019785051598,1464.0,249.77270736274608,53.96574483186354,216.0,36.63256959115174,8.05854429968445,0.0,0.0,0.0,0.0,0.0,0.0
5,0.0,11,360.51869454294234,570.0,70.34851464118086,14.286505078927698,1634.0,277.6948132186363,60.11074948034702,70.0,12.115715130919911,2.5096428674410203,0.0,0.0,0.0,0.0,0.0,0.0
6,0.0,9,360.49280422656295,560.0,67.53991660228137,13.841289502612682,1613.0,274.1735190939328,58.30064843700665,108.0,18.50859659825898,4.075340285086824,0.0,0.0,0.0,0.0,0.0,0.0
7,0.0,5,360.00682241652993,564.0,70.06980008362618,14.390496393655638,1511.0,257.7140603169847,54.32849309623555,188.0,32.246190941611104,6.965304588970851,0.0,0.0,0.0,0.0,0.0,0.0
