id,probability_maraud,successful_mating,next_foraging_time,foraging_events,foraging_hrs,foraging_sqhrs,staying_events,staying_hrs,staying_sqhrs,repairing_events,repairing_hrs,repairing_sqhrs,marauding_events,marauding_hrs,marauding_sqhrs,traveling_events,traveling_hrs,traveling_sqhrs
0,0.0,10,360.07061185487925,571.0,67.5019732184898,13.474055231808167,1616.0,274.4228407426469,58.74004252845943,104.0,18.107828626094385,3.930636876283112,0.0,0.0,0.0,0.0,0.0,0.0
1,0.0,11,360.2142931062805,558.0,73.16926546901452,15.553300274069695,1613.0,268.58785343668944,57.0126221282171,105.0,18.33486873549246,3.938833382693804,0.0,0.0,0.0,0.0,0.0,0.0
2,0.054,7,360.4232713670463,567.0,75.62442120708482,15.896596844617125,1689.0,281.83144721189734,60.24344717488038,0.0,0.0,0.0,21.0,2.1000000000000005,0.21000000000000013,109.0,0.5918869121574079,0.0032140377686534836
3,0.0,10,360.25870204302447,563.0,75.00230661928221,16.743327393390953,1580.0,272.7250527909621,59.09181246323942,68.0,12.398069419998658,2.826182373947571,0.0,0.0,0.0,0.0,0.0,0.0
4,0.0,5,360.4653423033552,570.0,72.42928526424686,14.825989761416748,1628.0,275.5211898634888,58.40562376096844,68.0,12.215136827439306,2.677344677773468,0.0,0.0,0.0,0.0,0.0,0.0
5,0.0,7,360.1082513999177,568.0,70.11938270387853,14.183866782491815,1589.0,271.9040398010714,58.76979190392785,110.0,18.26946008556645,3.8276507473863135,0.0,0.0,0.0,0.0,0.0,0.0
6,0.0,11,360.5303312727464,566.0,74.33818142273465,16.693813645255098,1588.0,267.4328549612993,57.11876982081136,107.0,18.24303274858386,3.9940300892268574,0.0,0.0,0.0,0.0,0.0,0.0
7,0.0,11,360.3124681586891,563.0,76.31335555591741,16.762910971530143,1506.0,253.42796963554397,54.5314320704065,172.0,30.39126944339184,6.6330861353298465,0.0,0.0,0.0,0.0,0.0,0.0
