id,probability_maraud,successful_mating,next_foraging_time,foraging_events,foraging_hrs,foraging_sqhrs,staying_events,staying_hrs,staying_sqhrs,repairing_events,repairing_hrs,repairing_sqhrs,marauding_events,marauding_hrs,marauding_sqhrs,traveling_events,traveling_hrs,traveling_sqhrs
0,0.0,10,360.26200773708894,570.0,74.85972024469895,16.481226178315588,1618.0,271.13140246773486,57.61741326119089,94.0,14.098521256249025,2.6971065823223475,0.0,0.0,0.0,0.0,0.0,0.0
1,0.0,11,360.5121255244601,569.0,71.41914253430275,15.716823546473561,1626.0,276.5017296310473,59.710424920130386,74.0,12.117786595455675,2.505485510614923,0.0,0.0,0.0,0.0,0.0,0.0
2,0.054,9,360.1547580432276,567.0,71.23427662351862,14.492149164010867,1661.0,285.4873515426364,61.999477072012745,0.0,0.0,0.0,27.0,2.700000000000001,0.2700000000000002,109.0,0.5918869121574079,0.0032140377686534836
3,0.0,9,360.4473230395665,565.0,68.96313658475097,14.223955879197272,1576.0,265.1912136530833,56.546411509704754,153.0,25.978077343113334,5.603783601067734,0.0,0.0,0.0,0.0,0.0,0.0
4,0.0,9,359.9155769879201,567.0,71.24328554857807,15.259046125347139,1488.0,251.95425604062717,53.89490762021019,227.0,36.86264358944763,7.717111186485854,0.0,0.0,0.0,0.0,0.0,0.0
5,0.0,15,360.14159551665136,559.0,68.26528194012717,13.494637386059917,1702.0,291.8642802022401,62.848201166056754,0.0,0.0,0.0,0.0,0.0,0.0,0.0,0.0,0.0
6,0.0,6,360.3818006548432,557.0,71.74729974920577,15.508780446260195,1604.0,269.9250814865502,58.254955164270335,115.0,18.345872030610952,3.882479937669037,0.0,0.0,0.0,0.0,0.0,0.0
7,0.0,3,359.96629266851073,566.0,73.33096371853145,15.304487031558995,1421.0,237.70501669984336,50.46786415350135,285.0,49.085963115372735,10.885296891192764,0.0,0.0,0.0,0.0,0.0,0.0
