id,probability_maraud,successful_mating,next_foraging_time,foraging_events,foraging_hrs,foraging_sqhrs,staying_events,staying_hrs,staying_sqhrs,repairing_events,repairing_hrs,repairing_sqhrs,marauding_events,marauding_hrs,marauding_sqhrs,traveling_events,traveling_hrs,traveling_sqhrs
0,0.0,38,360.1309135140571,547.0,74.46595602293026,16.94611246783112,1358.0,230.7676005110231,50.00456598161569,337.0,54.92132481505642,10.821851545375633,0.0,0.0,0.0,0.0,0.0,0.0
1,0.054,34,360.2176946105352,565.0,67.04582127880886,13.47581468989898,1704.0,291.55422674409095,62.82194889289817,0.0,0.0,0.0,9.0,0.8999999999999999,0.09000000000000002,94.0,0.5104345847962967,0.002771738993150711
2,0.0,0,360.38974630129553,573.0,68.12493507363034,13.151334040859659,1700.0,291.89834345457774,62.97018178692283,0.0,0.0,0.0,0.0,0.0,0.0,0.0,0.0,0.0
3,0.0,0,360.65443495114897,574.0,70.95127183799603,14.432370155865561,1706.0,289.1547684206533,62.28878778540417,0.0,0.0,0.0,0.0,0.0,0.0,0.0,0.0,0.0
4,0.0,0,360.0089901581286,565.0,69.48215871462516,14.283106159583062,1725.0,290.6518874402076,61.970619102416656,0.0,0.0,0.0,0.0,0.0,0.0,0.0,0.0,0.0
5,0.0,0,360.46309344050684,580.0,72.93729238117307,14.660608079564271,1685.0,287.1964988031405,61.91380799502465,0.0,0.0,0.0,0.0,0.0,0.0,0.0,0.0,0.0
6,0.0,0,360.0553040704236,571.0,73.44290965599221,16.886987104370128,1684.0,286.69228690998955,62.138038779994694,0.0,0.0,0.0,0.0,0.0,0.0,0.0,0.0,0.0
7,0.0,0,360.48174510714205,558.0,69.02699409149122,14.211369886758039,1739.0,290.98411471377347,62.81370982250649,0.0,0.0,0.0,0.0,0.0,0.0,0.0,0.0,0.0
