id,probability_maraud,successful_mating,next_foraging_time,foraging_events,foraging_hrs,foraging_sqhrs,staying_events,staying_hrs,staying_sqhrs,repairing_events,repairing_hrs,repairing_sqhrs,marauding_events,marauding_hrs,marauding_sqhrs,traveling_events,traveling_hrs,traveling_sqhrs
0,0.0,9,359.9201330253955,549.0,72.12544008105415,15.693050101596732,1658.0,281.90168015607316,60.3373927404894,35.0,6.054293789294294,1.22292702952412,0.0,0.0,0.0,0.0,0.0,0.0
1,0.0,13,360.0617674824415,560.0,70.27667480985225,14.626095759693078,1604.0,271.5050382929393,57.89141092881513,109.0,18.242324268006723,3.8635461982261354,0.0,0.0,0.0,0.0,0.0,0.0
2,0.0,9,360.0482323451005,564.0,70.08006620479566,14.607052838742273,1549.0,259.28892493298673,55.059784100654404,192.0,30.66393723924744,6.209694564887844,0.0,0.0,0.0,0.0,0.0,0.0
3,0.0,9,360.1426401928992,576.0,72.4501871298359,15.298647343749984,1720.0,287.60295075660235,61.078545867962646,0.0,0.0,0.0,0.0,0.0,0.0,0.0,0.0,0.0
4,0.054,14,360.40906354811557,560.0,70.35158367570152,14.563964022494897,1687.0,287.71787909812804,60.96573220234051,0.0,0.0,0.0,15.0,1.5000000000000002,0.15000000000000008,93.0,0.5050044296388893,0.002742252408117193
5,0.0,8,360.1553917289405,564.0,71.79137626659477,15.857624110947834,1631.0,276.1690060353065,59.65471906808421,71.0,12.255043058638673,2.5698674347526187,0.0,0.0,0.0,0.0,0.0,0.0
6,0.0,5,360.19914358751475,563.0,68.46804536702273,13.666340058795754,1649.0,273.36442474703654,57.77687677581732,103.0,18.255647917313354,4.124953244934279,0.0,0.0,0.0,0.0,0.0,0.0
7,0.0,5,360.4606087223214,566.0,68.47029668741055,13.959356666885903,1666.0,285.5039688035011,62.19020962689542,35.0,6.161073620854842,1.3793444613994745,0.0,0.0,0.0,0.0,0.0,0.0
