id,probability_maraud,successful_mating,next_foraging_time,foraging_events,foraging_hrs,foraging_sqhrs,staying_events,staying_hrs,staying_sqhrs,repairing_events,repairing_hrs,repairing_sqhrs,marauding_events,marauding_hrs,marauding_sqhrs,traveling_events,traveling_hrs,traveling_sqhrs
0,0.0,12,360.60681125211653,588.0,70.79729241896489,14.373385288662215,1613.0,277.0364263443807,59.38057626864456,74.0,12.244931400454092,2.7055238439117715,0.0,0.0,0.0,0.0,0.0,0.0
1,0.0,10,360.70083366548226,567.0,71.23621448483783,14.802102890137402,1685.0,289.05493949857487,62.57429562406061,0.0,0.0,0.0,0.0,0.0,0.0,0.0,0.0,0.0
2,0.0,10,360.66376677316475,568.0,67.14693044898071,12.761332222229212,1706.0,286.83733402806183,60.71690555096044,42.0,6.071592550810379,1.0944523109502,0.0,0.0,0.0,0.0,0.0,0.0
3,0.054,10,360.17936784660986,563.0,71.35858508203412,15.577732576234679,1713.0,286.76776380892335,60.889574105800556,0.0,0.0,0.0,14.0,1.4000000000000001,0.14000000000000007,96.0,0.5212948951111115,0.0028307121632177475
4,0.0,5,359.96262897891285,574.0,70.16259320516652,14.5536045583707,1710.0,283.8416596963924,59.86764263844604,34.0,6.105139543844367,1.463887683807784,0.0,0.0,0.0,0.0,0.0,0.0
5,0.0,7,360.51603815850314,571.0,70.21423667862824,13.987622149288592,1630.0,277.6609367757252,59.55794337716569,81.0,12.2384064078321,2.407046009927013,0.0,0.0,0.0,0.0,0.0,0.0
6,0.0,13,360.0978388742492,552.0,69.13098603486894,13.809956631419992,1619.0,272.6016149064001,57.73870210338447,109.0,18.273925017836486,3.841077495092212,0.0,0.0,0.0,0.0,0.0,0.0
7,0.0,5,360.2238551001395,553.0,68.27223095949584,13.621268741231928,1546.0,261.38267866882705,56.40244102778186,184.0,30.406123452158372,6.419003108787713,0.0,0.0,0.0,0.0,0.0,0.0
