id,probability_maraud,successful_mating,next_foraging_time,foraging_events,foraging_hrs,foraging_sqhrs,staying_events,staying_hrs,staying_sqhrs,repairing_events,repairing_hrs,repairing_sqhrs,marauding_events,marauding_hrs,marauding_sqhrs,traveling_events,traveling_hrs,traveling_sqhrs
0,0.0,39,360.18026617285045,590.0,65.75851104999975,12.034403976050633,1379.0,233.33252889641577,49.927648699967705,366.0,60.944177360073,13.234032730598798,0.0,0.0,0.0,0.0,0.0,0.0
1,0.0,33,360.30663074670616,573.0,72.54694604424529,15.292883259059744,1711.0,287.63685087371636,60.59948616235963,0.0,0.0,0.0,0.0,0.0,0.0,0.0,0.0,0.0
2,0.0,0,359.9642660478673,562.0,66.90814889740487,13.476695250895718,1729.0,293.1420353255001,63.21591686786046,0.0,0.0,0.0,0.0,0.0,0.0,0.0,0.0,0.0
3,0.0,0,360.1503944628744,571.0,69.41303964488894,13.90720116579451,1722.0,290.67777249386467,61.985841886363445,0.0,0.0,0.0,0.0,0.0,0.0,0.0,0.0,0.0
4,0.0,0,360.15791974957415,563.0,68.90360855057322,13.271514372874815,1744.0,291.3406621889815,61.58451620598658,0.0,0.0,0.0,0.0,0.0,0.0,0.0,0.0,0.0
5,0.054,0,360.29663386945884,574.0,67.15295203562164,13.81401260622112,1739.0,291.24392076334635,62.05193835991412,0.0,0.0,0.0,10.0,0.9999999999999999,0.10000000000000003,117.0,0.6353281534166672,0.003449930448921629
6,0.0,0,360.2290069269242,564.0,71.47188042168318,15.379159852343243,1701.0,288.615608148569,61.567680661952394,0.0,0.0,0.0,0.0,0.0,0.0,0.0,0.0,0.0
7,0.0,0,360.7410027084041,567.0,68.81441571665313,14.767508285283677,1751.0,291.1993099878715,62.299272453265,0.0,0.0,0.0,0.0,0.0,0.0,0.0,0.0,0.0
