id,probability_maraud,successful_mating,next_foraging_time,foraging_events,foraging_hrs,foraging_sqhrs,staying_events,staying_hrs,staying_sqhrs,repairing_events,repairing_hrs,repairing_sqhrs,marauding_events,marauding_hrs,marauding_sqhrs,traveling_events,traveling_hrs,traveling_sqhrs
0,0.0,11,360.40474619493045,567.0,70.60851166716112,14.560801703918692,1678.0,277.46174710049655,58.761969565019136,77.0,12.12535780290275,2.5947596031131193,0.0,0.0,0.0,0.0,0.0,0.0
1,0.0,9,359.79695362383876,558.0,71.37442387968598,15.088811106125787,1494.0,258.1791409226625,56.27586510285095,181.0,30.477398154597346,6.462501156448142,0.0,0.0,0.0,0.0,0.0,0.0
2,0.0,6,360.5165869635171,557.0,68.57165857274126,13.904737939605464,1528.0,260.92451813465266,56.219537671308515,181.0,30.561434341379424,6.2995932369724645,0.0,0.0,0.0,0.0,0.0,0.0
3,0.0,9,359.81111160360746,570.0,72.01940553799994,15.674385848397218,1619.0,275.8600598347941,59.7381913800009,77.0,12.139256570465337,2.4437655089076915,0.0,0.0,0.0,0.0,0.0,0.0
4,0.0,14,360.07274719049235,567.0,67.39237865277782,13.33395217800083,1648.0,280.4384650319178,60.51652399407899,68.0,12.368089511524841,2.8422592819280803,0.0,0.0,0.0,0.0,0.0,0.0
5,0.054,4,360.1004599980337,564.0,69.36063652101343,14.498988147706017,1702.0,288.2407148739657,61.89404045474292,0.0,0.0,0.0,19.0,1.9000000000000006,0.1900000000000001,106.0,0.5755964466851856,0.003125578013552929
6,0.0,7,360.03173289200043,570.0,70.71920568956943,14.90449158879808,1715.0,283.1958492437329,59.77015936267277,39.0,6.174655068234362,1.303985704236109,0.0,0.0,0.0,0.0,0.0,0.0
7,0.0,12,359.8908269188513,555.0,68.68232893902392,14.205581940241778,1658.0,279.14936686547134,59.935345535336715,75.0,12.172220558249025,2.5052391231483457,0.0,0.0,0.0,0.0,0.0,0.0
