id,probability_maraud,successful_mating,next_foraging_time,foraging_events,foraging_hrs,foraging_sqhrs,staying_events,staying_hrs,staying_sqhrs,repairing_events,repairing_hrs,repairing_sqhrs,marauding_events,marauding_hrs,marauding_sqhrs,traveling_events,traveling_hrs,traveling_sqhrs
0,0.0,36,360.3370331684405,572.0,72.47591750744787,14.676244684761087,1107.0,183.86690211918113,38.48686690144188,606.0,103.67923115463158,22.399345161660296,0.0,0.0,0.0,0.0,0.0,0.0
1,0.0,36,360.19982994224364,560.0,71.30879489131456,16.567851647456443,1711.0,288.76664174315397,61.73167312707807,0.0,0.0,0.0,0.0,0.0,0.0,0.0,0.0,0.0
2,0.0,0,360.18194461251795,558.0,66.91068833366663,13.930357629366483,1732.0,293.3724344659945,62.77897862833823,0.0,0.0,0.0,0.0,0.0,0.0,0.0,0.0,0.0
3,0.0,0,360.4934532758383,576.0,70.44429064442676,14.474039144844506,1684.0,289.71859948024763,63.165716928198414,0.0,0.0,0.0,0.0,0.0,0.0,0.0,0.0,0.0
4,0.054,0,360.10934846752275,566.0,69.75627091465618,13.356889744053197,1679.0,288.07577239998807,62.449172498410476,0.0,0.0,0.0,17.0,1.7000000000000004,0.1700000000000001,95.0,0.5158647399537041,0.0028012255781842293
5,0.0,0,360.06658637058297,564.0,68.53996676656655,13.233656475581222,1713.0,291.5050652359022,62.42226566291885,0.0,0.0,0.0,0.0,0.0,0.0,0.0,0.0,0.0
6,0.0,0,360.42534364245273,576.0,67.85963833959352,12.847887290418596,1737.0,292.1806031391405,62.84311255388586,0.0,0.0,0.0,0.0,0.0,0.0,0.0,0.0,0.0
7,0.0,0,360.0730821839464,568.0,70.23605240368106,14.534066320426959,1732.0,289.8243587942167,60.47962445836083,0.0,0.0,0.0,0.0,0.0,0.0,0.0,0.0,0.0
