id,probability_maraud,successful_mating,next_foraging_time,foraging_events,foraging_hrs,foraging_sqhrs,staying_events,staying_hrs,staying_sqhrs,repairing_events,repairing_hrs,repairing_sqhrs,marauding_events,marauding_hrs,marauding_sqhrs,traveling_events,traveling_hrs,traveling_sqhrs
0,0.0,7,360.03040691743075,563.0,70.90457949046952,15.450404396998254,1644.0,277.07502307422016,58.79405934889349,66.0,12.142428903491695,2.7846327213754614,0.0,0.0,0.0,0.0,0.0,0.0
1,0.0,8,359.8402449828485,575.0,68.80945249202941,13.981442127798857,1580.0,272.8961797707285,59.847720978760385,107.0,18.402675493406743,3.896112657280322,0.0,0.0,0.0,0.0,0.0,0.0
2,0.0,14,360.2283953533701,567.0,72.11596586009902,15.485591193695788,1661.0,285.8075422607746,61.95180975835937,13.0,2.160169421224551,0.4170402651029462,0.0,0.0,0.0,0.0,0.0,0.0
3,0.0,6,360.4905475963526,555.0,69.18457864040484,14.135122987765124,1636.0,278.49932926809026,60.00092397499518,72.0,12.362196569924594,2.9414123622659933,0.0,0.0,0.0,0.0,0.0,0.0
4,0.054,9,360.24222357479124,557.0,72.71440737675933,16.395758208424716,1684.0,285.63769040891225,61.23492792268036,0.0,0.0,0.0,14.0,1.4000000000000001,0.14000000000000007,87.0,0.4724234986944448,0.002565332897916084
5,0.0,8,360.43107852710136,574.0,75.32666178187503,15.470337208611555,1623.0,272.58757261581695,57.95606139415399,70.0,12.14380033074256,2.587304076171647,0.0,0.0,0.0,0.0,0.0,0.0
6,0.0,8,359.8955928461424,569.0,76.128450649033,17.467174004521016,1548.0,259.3693716685531,55.427333937977224,146.0,24.518030929514875,4.973081455018552,0.0,0.0,0.0,0.0,0.0,0.0
7,0.0,12,360.0007176496384,565.0,73.19525907620238,16.453227340742444,1721.0,286.98531793153063,60.77370134549771,0.0,0.0,0.0,0.0,0.0,0.0,0.0,0.0,0.0
