id,probability_maraud,successful_mating,next_foraging_time,foraging_events,foraging_hrs,foraging_sqhrs,staying_events,staying_hrs,staying_sqhrs,repairing_events,repairing_hrs,repairing_sqhrs,marauding_events,marauding_hrs,marauding_sqhrs,traveling_events,traveling_hrs,traveling_sqhrs
0,0.0,48,360.4259676309203,556.0,69.19005426055787,14.435897319616936,1391.0,237.5873591568205,51.27622962096865,326.0,53.23029083781989,11.349054730144923,0.0,0.0,0.0,0.0,0.0,0.0
1,0.054,24,360.5482407473944,566.0,70.87285035766341,15.155120044416494,1692.0,287.8025180953419,62.324934380461166,0.0,0.0,0.0,9.0,0.8999999999999999,0.09000000000000002,92.0,0.49957427448148184,0.002712765823083675
2,0.0,0,360.501315206366,578.0,67.3513488411863,12.938596982823622,1770.0,292.72109043387695,61.01552436765747,0.0,0.0,0.0,0.0,0.0,0.0,0.0,0.0,0.0
3,0.0,0,359.95892568444333,564.0,70.72288192137972,15.244241449584793,1728.0,289.3531388060831,61.110982688818275,0.0,0.0,0.0,0.0,0.0,0.0,0.0,0.0,0.0
4,0.0,0,360.50103604226956,573.0,70.11705251334229,14.47822400346941,1719.0,290.09414494864706,61.900127607973566,0.0,0.0,0.0,0.0,0.0,0.0,0.0,0.0,0.0
5,0.0,0,360.0341391181102,570.0,70.5846070631344,15.176430380758966,1713.0,289.5382582935415,62.2784361801641,0.0,0.0,0.0,0.0,0.0,0.0,0.0,0.0,0.0
6,0.0,0,360.048166371799,574.0,70.36369092001512,14.052176050811173,1727.0,289.76965737676096,61.657386026377516,0.0,0.0,0.0,0.0,0.0,0.0,0.0,0.0,0.0
7,0.0,0,360.22812122790265,553.0,73.6763422046128,16.100026418262704,1703.0,286.3749027087796,61.22902269062056,0.0,0.0,0.0,0.0,0.0,0.0,0.0,0.0,0.0
