id,probability_maraud,successful_mating,next_foraging_time,foraging_events,foraging_hrs,foraging_sqhrs,staying_events,staying_hrs,staying_sqhrs,repairing_events,repairing_hrs,repairing_sqhrs,marauding_events,marauding_hrs,marauding_sqhrs,traveling_events,traveling_hrs,traveling_sqhrs
0,0.0,6,360.3295479936497,563.0,73.7402117458895,15.85515619783521,1539.0,261.9337386446933,56.28089635559951,139.0,24.493374523958348,5.577707077629184,0.0,0.0,0.0,0.0,0.0,0.0
1,0.0,11,360.06775486784073,579.0,70.34172185102805,13.921721534399305,1578.0,271.36102486139004,59.391070277537956,111.0,18.363511671028984,3.937160942932542,0.0,0.0,0.0,0.0,0.0,0.0
2,0.0,13,360.50905099471805,579.0,69.60112523434061,14.294157309457301,1649.0,278.23411889286825,59.834965756558645,70.0,12.205569923609467,2.6184800836759115,0.0,0.0,0.0,0.0,0.0,0.0
3,0.0,11,359.97936431330174,566.0,71.77978157432732,15.996173823484261,1638.0,275.8355676493167,58.60186468378104,68.0,12.433833807912599,2.8877179614246806,0.0,0.0,0.0,0.0,0.0,0.0
4,0.0,11,359.91154597206844,562.0,70.83214837901482,14.663308464842112,1573.0,270.8485705374935,58.964270151191954,108.0,18.337290679685516,3.8417808539952354,0.0,0.0,0.0,0.0,0.0,0.0
5,0.0,7,360.19504651526603,576.0,69.83332312172074,14.945190234063844,1681.0,284.1923095607542,60.320023087492274,40.0,6.0433782044606605,1.1268437849633548,0.0,0.0,0.0,0.0,0.0,0.0
6,0.0,4,359.891276229818,566.0,68.5636850608894,13.601434684681184,1625.0,279.12508141026285,60.33121717574912,76.0,12.38185280189263,2.6738095338313994,0.0,0.0,0.0,0.0,0.0,0.0
7,0.054,9,360.6722264214424,572.0,71.97528362717708,15.11087595554081,1688.0,285.9842214989695,61.14869172659972,0.0,0.0,0.0,17.0,1.7000000000000004,0.1700000000000001,112.0,0.6081773776296301,0.003302497523754038
