id,probability_maraud,successful_mating,next_foraging_time,foraging_events,foraging_hrs,foraging_sqhrs,staying_events,staying_hrs,staying_sqhrs,repairing_events,repairing_hrs,repairing_sqhrs,marauding_events,marauding_hrs,marauding_sqhrs,traveling_events,traveling_hrs,traveling_sqhrs
0,0.0,9,360.3118182643143,566.0,70.69380305484391,14.39535919068877,1681.0,283.2639533119685,60.51569243387178,39.0,6.0795123113017455,1.222330921637709,0.0,0.0,0.0,0.0,0.0,0.0
1,0.0,8,360.0034325948567,581.0,70.59253858969151,14.614590007925377,1623.0,273.1807190152039,58.255666421220845,97.0,16.335843670862392,3.470960315078111,0.0,0.0,0.0,0.0,0.0,0.0
2,0.0,10,360.38132395622125,556.0,70.27121063134628,14.59948734876995,1686.0,283.7807986087984,60.74129140386276,38.0,6.1441865177246635,1.3120762237371277,0.0,0.0,0.0,0.0,0.0,0.0
3,0.0,9,360.13889186711845,568.0,68.87364294257983,14.036445277064454,1600.0,266.8970883856422,56.317740048067826,144.0,24.38610363986178,5.201967165381023,0.0,0.0,0.0,0.0,0.0,0.0
4,0.0,13,360.2553612018376,555.0,73.14839066207452,16.08576186512957,1595.0,268.65201585421147,56.52795705466533,103.0,18.28200992927919,3.993231426063646,0.0,0.0,0.0,0.0,0.0,0.0
5,0.0,5,360.3309942991722,571.0,72.00861120668411,15.254832766441972,1593.0,269.7252414991547,58.46388678840662,104.0,18.271294549805894,4.129122652447968,0.0,0.0,0.0,0.0,0.0,0.0
6,0.0,8,360.2318295338344,561.0,75.91595219045944,17.13323674860338,1679.0,284.1833616790895,60.74566773564482,0.0,0.0,0.0,0.0,0.0,0.0,0.0,0.0,0.0
7,0.054,10,360.39637611616865,572.0,71.20103828324886,14.791473713269385,1724.0,286.95944588484423,60.84980556007391,0.0,0.0,0.0,15.0,1.5000000000000002,0.15000000000000008,89.0,0.4832838090092596,0.0026243060679831203
