id,probability_maraud,successful_mating,next_foraging_time,foraging_events,foraging_hrs,foraging_sqhrs,staying_events,staying_hrs,staying_sqhrs,repairing_events,repairing_hrs,repairing_sqhrs,marauding_events,marauding_hrs,marauding_sqhrs,traveling_events,traveling_hrs,traveling_sqhrs
0,0.0,10,359.8874102412941,562.0,70.11043075024955,14.312430045153349,1632.0,277.7969614251714,59.78587766337272,79.0,12.202242039346437,2.3191330056400505,0.0,0.0,0.0,0.0,0.0,0.0
1,0.054,10,360.34966695811147,565.0,71.7094211919868,15.100236413623081,1699.0,285.5792937809832,60.74409900816457,0.0,0.0,0.0,22.0,2.2000000000000006,0.22000000000000014,102.0,0.553875826055556,0.0030076316734188565
2,0.0,9,360.22113546590725,552.0,69.1011918910581,14.6026904851986,1518.0,260.71258888972477,57.14252002878731,170.0,30.329740491513174,6.741531887271118,0.0,0.0,0.0,0.0,0.0,0.0
3,0.0,10,359.82014592222004,554.0,74.38212482690048,16.584065137881804,1584.0,267.63900125051856,57.44250600067138,101.0,18.02943069527792,4.023773213741844,0.0,0.0,0.0,0.0,0.0,0.0
4,0.0,8,359.8280397195018,560.0,70.15379565111353,14.383836142785768,1494.0,254.42666779945299,54.87571420620085,202.0,35.471583651043545,7.719455957741512,0.0,0.0,0.0,0.0,0.0,0.0
5,0.0,9,360.21621633510813,559.0,69.12016879572954,14.207570613542623,1641.0,278.85794190254126,60.19848804085524,72.0,12.064573149554235,2.525970214537614,0.0,0.0,0.0,0.0,0.0,0.0
6,0.0,12,360.2202085116618,570.0,68.82052406171533,13.882377834199502,1617.0,279.1629575093388,60.813994176690116,78.0,12.11739983604222,2.33982672341742,0.0,0.0,0.0,0.0,0.0,0.0
7,0.0,4,359.81733805156887,577.0,73.55041035517525,15.14873878729678,1631.0,274.31192394413085,58.42989932746476,74.0,12.26179787069483,2.6714816579916394,0.0,0.0,0.0,0.0,0.0,0.0
