id,probability_maraud,successful_mating,next_foraging_time,foraging_events,foraging_hrs,foraging_sqhrs,staying_events,staying_hrs,staying_sqhrs,repairing_events,repairing_hrs,repairing_sqhrs,marauding_events,marauding_hrs,marauding_sqhrs,traveling_events,traveling_hrs,traveling_sqhrs
0,0.0,9,360.2960974798345,558.0,72.77523833943552,15.512596752337501,1510.0,257.10541094036455,55.33023704429606,184.0,30.318752350014393,6.405579578154854,0.0,0.0,0.0,0.0,0.0,0.0
1,0.054,10,360.2253760826004,565.0,69.77650117169864,14.404448062433941,1710.0,287.67660985200973,62.20417352706213,0.0,0.0,0.0,19.0,1.9000000000000006,0.1900000000000001,123.0,0.6679090843611116,0.003626849959122738
2,0.0,10,360.02493036083905,566.0,71.14981012220252,14.304654904262891,1597.0,270.73064686854036,58.22036543290912,105.0,18.183670150668807,4.1142089061145075,0.0,0.0,0.0,0.0,0.0,0.0
3,0.0,11,360.0129005714573,570.0,76.26269034567983,17.747735801913443,1495.0,259.5465083505368,56.6217989506977,132.0,24.275809446332154,5.487099551782653,0.0,0.0,0.0,0.0,0.0,0.0
4,0.0,11,360.54133262620013,562.0,74.15942806305299,16.240424988994395,1659.0,279.90744414362524,59.04820557410234,36.0,6.080175438448996,1.3368315291205848,0.0,0.0,0.0,0.0,0.0,0.0
5,0.0,10,359.8191488046337,558.0,72.68838151322933,15.42215285030014,1639.0,275.1416370727448,57.8053164489155,75.0,12.214828980676446,2.614759639900117,0.0,0.0,0.0,0.0,0.0,0.0
6,0.0,5,360.0739764234995,561.0,67.79696706097694,13.892289057956853,1695.0,285.97405159570616,60.81944487596617,37.0,6.282669535144735,1.2998540974373398,0.0,0.0,0.0,0.0,0.0,0.0
7,0.0,6,360.3096983448841,564.0,69.19955559712923,14.101787923711854,1675.0,278.7058376821857,58.67821426038083,72.0,12.095996481118636,2.7390896051805327,0.0,0.0,0.0,0.0,0.0,0.0
