id,probability_maraud,successful_mating,next_foraging_time,foraging_events,foraging_hrs,foraging_sqhrs,staying_events,staying_hrs,staying_sqhrs,repairing_events,repairing_hrs,repairing_sqhrs,marauding_events,marauding_hrs,marauding_sqhrs,traveling_events,traveling_hrs,traveling_sqhrs
0,0.0,12,360.09211840587005,566.0,73.20696717741492,16.368528838116305,1642.0,280.800288624719,60.14801938927757,37.0,6.0148124845886635,1.192315582139385,0.0,0.0,0.0,0.0,0.0,0.0
1,0.0,6,360.0714122746514,571.0,71.53321451434535,15.2239367672979,1538.0,264.0106639324619,57.107892392634966,141.0,24.551915303277305,5.550105648468509,0.0,0.0,0.0,0.0,0.0,0.0
2,0.054,14,359.8380173254308,573.0,71.48865429755541,14.463743410075768,1735.0,286.24075153928123,60.03895144675691,0.0,0.0,0.0,19.0,1.9000000000000006,0.1900000000000001,76.0,0.41269179196296324,0.002240980462547384
3,0.0,7,360.5187360866634,579.0,74.60051808469757,15.84137826888978,1598.0,267.21448393922276,56.62526203115196,111.0,18.206029255023736,3.714090255380258,0.0,0.0,0.0,0.0,0.0,0.0
4,0.0,7,360.00214039948236,554.0,70.68234372803984,14.354412408317257,1645.0,277.1692489154418,59.10526318851032,78.0,12.309538393777187,2.5668948039561306,0.0,0.0,0.0,0.0,0.0,0.0
5,0.0,7,360.2461764749076,570.0,73.39722781156874,15.692746539115896,1519.0,256.25201526359655,54.856612852139776,178.0,30.418119210689156,6.507207031519705,0.0,0.0,0.0,0.0,0.0,0.0
6,0.0,8,360.33284241082544,576.0,68.27560396797813,13.579148846184628,1720.0,285.6652915548678,60.07438220493516,30.0,6.206732507260909,1.5135120013325793,0.0,0.0,0.0,0.0,0.0,0.0
7,0.0,11,360.05101715989395,560.0,70.39983968641265,15.268346980743392,1606.0,271.35083084375754,57.57770472693798,103.0,18.33163351357558,4.083240614691654,0.0,0.0,0.0,0.0,0.0,0.0
