id,probability_maraud,successful_mating,next_foraging_time,foraging_events,foraging_hrs,foraging_sqhrs,staying_events,staying_hrs,staying_sqhrs,repairing_events,repairing_hrs,repairing_sqhrs,marauding_events,marauding_hrs,marauding_sqhrs,traveling_events,traveling_hrs,traveling_sqhrs
0,0.0,31,360.33320699321797,557.0,69.59737646993706,13.653364083467821,1106.0,186.83346671488584,39.73501980842356,655.0,103.65371667538865,21.259906885279598,0.0,0.0,0.0,0.0,0.0,0.0
1,0.0,41,360.06557747331414,572.0,70.1155938247287,14.668143953559426,1726.0,289.9200345185202,61.51515639687583,0.0,0.0,0.0,0.0,0.0,0.0,0.0,0.0,0.0
2,0.0,0,360.2566708656391,562.0,70.9040401434851,13.924351744337356,1703.0,289.24536091686946,61.77037189481768,0.0,0.0,0.0,0.0,0.0,0.0,0.0,0.0,0.0
3,0.0,0,360.170760895487,582.0,69.27705103857738,13.605697950046174,1736.0,290.84184085111934,62.147151664637036,0.0,0.0,0.0,0.0,0.0,0.0,0.0,0.0,0.0
4,0.0,0,360.2546242325089,562.0,68.50453419344478,13.22035199148316,1731.0,291.5169919034705,62.321450848570734,0.0,0.0,0.0,0.0,0.0,0.0,0.0,0.0,0.0
5,0.054,0,360.17028322879065,582.0,68.83238173773661,14.776140325268575,1691.0,288.8337175353574,62.25991268502674,0.0,0.0,0.0,17.0,1.7000000000000004,0.1700000000000001,128.0,0.6950598601481487,0.003774282884290329
6,0.0,0,360.91670069176115,564.0,71.41728875247843,15.44968267372393,1698.0,289.20395443967703,62.17377239427268,0.0,0.0,0.0,0.0,0.0,0.0,0.0,0.0,0.0
7,0.0,0,360.0396840870308,570.0,71.62803856285059,14.65132961568504,1734.0,288.52001773718644,61.16007543564017,0.0,0.0,0.0,0.0,0.0,0.0,0.0,0.0,0.0
