id,probability_maraud,successful_mating,next_foraging_time,foraging_events,foraging_hrs,foraging_sqhrs,staying_events,staying_hrs,staying_sqhrs,repairing_events,repairing_hrs,repairing_sqhrs,marauding_events,marauding_hrs,marauding_sqhrs,traveling_events,traveling_hrs,traveling_sqhrs
0,0.0,9,360.33724815166505,562.0,75.37961457378567,16.556240077055776,1677.0,284.6369970314994,60.50795495487123,0.0,0.0,0.0,0.0,0.0,0.0,0.0,0.0,0.0
1,0.0,12,360.15915758676243,557.0,72.53849646041654,17.210839855676635,1526.0,256.94860055572656,55.088203045903676,177.0,30.685800117839037,6.6436577131087144,0.0,0.0,0.0,0.0,0.0,0.0
2,0.054,7,360.2692179616954,566.0,69.07042777274494,13.92306093747063,1701.0,288.85774854751736,61.81950105337335,0.0,0.0,0.0,18.0,1.8000000000000005,0.1800000000000001,85.0,0.46156318837962995,0.0025063597278490476
3,0.0,11,360.47006256453386,565.0,73.99643991862662,16.163460469197016,1489.0,255.64773387983018,55.316157128498034,196.0,30.57027986822971,6.193900575237315,0.0,0.0,0.0,0.0,0.0,0.0
4,0.0,7,360.59606894112983,551.0,70.87583886895537,15.38112089905744,1684.0,283.07892406134596,60.7383992916577,33.0,6.076342707502504,1.3862189056750776,0.0,0.0,0.0,0.0,0.0,0.0
5,0.0,8,359.97205930574233,561.0,70.92403087605302,15.120449257238285,1626.0,276.71386669719146,60.11296733404183,68.0,12.380577121682833,2.864438272028376,0.0,0.0,0.0,0.0,0.0,0.0
6,0.0,9,359.91157399643345,562.0,70.22561274789311,14.770775492014694,1610.0,271.65723300269224,58.137196249961605,121.0,18.266187226501188,3.56963057161199,0.0,0.0,0.0,0.0,0.0,0.0
7,0.0,9,360.50816990859573,568.0,72.14000712731507,15.28200291820665,1632.0,275.773772133429,59.11535804172057,72.0,12.177596202938854,2.6021220180569014,0.0,0.0,0.0,0.0,0.0,0.0
