id,probability_maraud,successful_mating,next_foraging_time,foraging_events,foraging_hrs,foraging_sqhrs,staying_events,staying_hrs,staying_sqhrs,repairing_events,repairing_hrs,repairing_sqhrs,marauding_events,marauding_hrs,marauding_sqhrs,traveling_events,traveling_hrs,traveling_sqhrs
0,0.0,31,360.5542360355487,558.0,70.9669688678624,15.204383877496198,1178.0,197.35578585811527,42.09696910636,556.0,91.73647603845411,19.664745127142627,0.0,0.0,0.0,0.0,0.0,0.0
1,0.0,41,360.1957294907783,559.0,70.04683397172545,13.967854085458738,1752.0,290.2117886498973,61.088714635537904,0.0,0.0,0.0,0.0,0.0,0.0,0.0,0.0,0.0
2,0.054,0,360.2155087988976,559.0,70.9901947865873,14.337234219018335,1708.0,287.19999762742475,61.51062729857256,0.0,0.0,0.0,15.0,1.5000000000000002,0.15000000000000008,87.0,0.4724234986944448,0.002565332897916084
3,0.0,0,360.3061343976169,564.0,71.52854694854723,14.874029921597762,1682.0,288.57879788127485,62.23336487899675,0.0,0.0,0.0,0.0,0.0,0.0,0.0,0.0,0.0
4,0.0,0,360.78534126642967,564.0,69.60999987298123,14.20890599413631,1735.0,290.749711241346,62.02729188902847,0.0,0.0,0.0,0.0,0.0,0.0,0.0,0.0,0.0
5,0.0,0,359.91348042030415,557.0,73.01466871187407,15.248773192393063,1689.0,287.1509908178415,62.73543814550945,0.0,0.0,0.0,0.0,0.0,0.0,0.0,0.0,0.0
6,0.0,0,360.2337226888749,567.0,69.8054294509247,13.749173398814152,1673.0,290.2974377595288,63.90500532114818,0.0,0.0,0.0,0.0,0.0,0.0,0.0,0.0,0.0
7,0.0,0,360.17836469187694,567.0,70.85601873198583,14.77401407137295,1729.0,289.16542320573353,61.14624976492132,0.0,0.0,0.0,0.0,0.0,0.0,0.0,0.0,0.0
