id,probability_maraud,successful_mating,next_foraging_time,foraging_events,foraging_hrs,foraging_sqhrs,staying_events,staying_hrs,staying_sqhrs,repairing_events,repairing_hrs,repairing_sqhrs,marauding_events,marauding_hrs,marauding_sqhrs,traveling_events,traveling_hrs,traveling_sqhrs
0,0.0,43,360.2004069700188,561.0,74.19487683896635,16.308546475111918,1295.0,223.51058527756695,49.1699249654036,376.0,62.33106564794743,13.331680255067079,0.0,0.0,0.0,0.0,0.0,0.0
1,0.0,29,360.09275556964485,569.0,72.31710029454928,15.210606488349523,1707.0,287.91331200735647,61.788516668200465,0.0,0.0,0.0,0.0,0.0,0.0,0.0,0.0,0.0
2,0.0,0,360.07902487253904,565.0,67.28141538324378,13.058714960251837,1724.0,292.92018089537993,62.54548986282764,0.0,0.0,0.0,0.0,0.0,0.0,0.0,0.0,0.0
3,0.0,0,360.03798988985426,555.0,75.09235853401951,15.906573775851015,1764.0,284.93030490073085,58.61115988610579,0.0,0.0,0.0,0.0,0.0,0.0,0.0,0.0,0.0
4,0.0,0,360.1632542186625,565.0,75.62407828760776,17.00236084045167,1699.0,284.6077007362444,60.23624149249819,0.0,0.0,0.0,0.0,0.0,0.0,0.0,0.0,0.0
5,0.0,0,360.2787341321737,562.0,66.63619805284026,13.914743862635612,1749.0,293.38705585322487,63.01098506181033,0.0,0.0,0.0,0.0,0.0,0.0,0.0,0.0,0.0
6,0.054,0,360.289504627667,571.0,70.51635459309281,14.712431324374412,1748.0,288.0180837423296,60.56998715125559,0.0,0.0,0.0,11.0,1.0999999999999999,0.11000000000000004,84.0,0.45613303322222254,0.0024768731428155295
7,0.0,0,359.87154166214964,570.0,69.63725226242168,13.962602939028313,1728.0,290.3964518296559,61.73913748137385,0.0,0.0,0.0,0.0,0.0,0.0,0.0,0.0,0.0
