id,probability_maraud,successful_mating,next_foraging_time,foraging_events,foraging_hrs,foraging_sqhrs,staying_events,staying_hrs,staying_sqhrs,repairing_events,repairing_hrs,repairing_sqhrs,marauding_events,marauding_hrs,marauding_sqhrs,traveling_events,traveling_hrs,traveling_sqhrs
0,0.0,46,359.97860927060213,569.0,68.90489480869462,14.104598513839877,1162.0,200.63058761011465,44.25703898782095,526.0,90.61461334408726,19.88468374233576,0.0,0.0,0.0,0.0,0.0,0.0
1,0.0,26,360.2041851799618,570.0,71.0027389822283,14.186551404400104,1714.0,289.1749123895448,60.82233491026228,0.0,0.0,0.0,0.0,0.0,0.0,0.0,0.0,0.0
2,0.0,0,359.91359736511885,589.0,68.15490748897965,12.215080692849147,1700.0,292.0330555153294,63.412123526595245,0.0,0.0,0.0,0.0,0.0,0.0,0.0,0.0,0.0
3,0.0,0,360.26291428317575,565.0,68.71279333033085,14.82270288250336,1717.0,291.48069997402354,62.52154587949252,0.0,0.0,0.0,0.0,0.0,0.0,0.0,0.0,0.0
4,0.0,0,359.8744479513832,558.0,71.56846320523029,15.356347406127824,1710.0,288.4604860102554,61.20336891795659,0.0,0.0,0.0,0.0,0.0,0.0,0.0,0.0,0.0
5,0.0,0,360.5579598532418,573.0,71.29258600154415,13.981694250859967,1722.0,288.9169730950949,60.756375445765514,0.0,0.0,0.0,0.0,0.0,0.0,0.0,0.0,0.0
6,0.054,0,360.12746572322584,578.0,71.4292585983431,14.206666553393976,1703.0,286.6486768060599,61.310963602781406,0.0,0.0,0.0,15.0,1.5000000000000002,0.15000000000000008,96.0,0.5212948951111115,0.0028307121632177475
7,0.0,0,360.15897875034443,573.0,70.29666124677057,14.436494450607439,1692.0,289.87491387207524,62.93340775007726,0.0,0.0,0.0,0.0,0.0,0.0,0.0,0.0,0.0
