id,probability_maraud,successful_mating,next_foraging_time,foraging_events,foraging_hrs,foraging_sqhrs,staying_events,staying_hrs,staying_sqhrs,repairing_events,repairing_hrs,repairing_sqhrs,marauding_events,marauding_hrs,marauding_sqhrs,traveling_events,traveling_hrs,traveling_sqhrs
0,0.0,12,360.33613416644914,574.0,67.93638581822542,13.94980893685274,1656.0,279.97051705018504,60.22788493905566,75.0,12.10695161906644,2.498014366215209,0.0,0.0,0.0,0.0,0.0,0.0
1,0.0,9,359.97497256868894,561.0,67.19088918115762,13.977301951423437,1646.0,280.6158844646488,59.90573847608887,66.0,12.384611864596206,2.682309419745917,0.0,0.0,0.0,0.0,0.0,0.0
2,0.0,5,360.09694003448794,569.0,70.29433570669057,14.545611598711174,1633.0,277.4608851693712,59.46459533551207,65.0,12.276265655882517,2.736700300935285,0.0,0.0,0.0,0.0,0.0,0.0
3,0.0,6,360.59233822828145,564.0,70.93481997111968,14.681139011732752,1603.0,276.7882243679344,60.407489331270995,74.0,12.33303231126019,2.6681746891791307,0.0,0.0,0.0,0.0,0.0,0.0
4,0.054,10,359.98783322721437,561.0,70.88992587741214,14.55976987330304,1702.0,286.9578637924897,61.500123141694026,0.0,0.0,0.0,17.0,1.7000000000000004,0.1700000000000001,91.0,0.4941441193240744,0.0026832792380501566
5,0.0,4,360.78933061327774,584.0,69.05041334615646,13.33766087554778,1649.0,279.3024019519675,59.68786777621965,78.0,12.151058479603542,2.4691592866735044,0.0,0.0,0.0,0.0,0.0,0.0
6,0.0,14,360.5089450803174,573.0,70.42850646366988,14.869835742504481,1645.0,277.50047763229196,59.41345523138089,75.0,12.131613410622297,2.501027406537934,0.0,0.0,0.0,0.0,0.0,0.0
7,0.0,12,360.1029120910458,551.0,71.9834003860646,15.117629246098932,1515.0,257.67369149355017,56.27496239246233,177.0,30.383544399314314,6.511341254785402,0.0,0.0,0.0,0.0,0.0,0.0
