id,probability_maraud,successful_mating,next_foraging_time,foraging_events,foraging_hrs,foraging_sqhrs,staying_events,staying_hrs,staying_sqhrs,repairing_events,repairing_hrs,repairing_sqhrs,marauding_events,marauding_hrs,marauding_sqhrs,traveling_events,traveling_hrs,traveling_sqhrs
0,0.0,34,360.2287520771933,568.0,67.63750722936264,13.293351414028283,1209.0,200.59930744496305,42.13594881133899,537.0,91.84256955400475,19.578049633320475,0.0,0.0,0.0,0.0,0.0,0.0
1,0.0,38,360.20481379072214,582.0,71.07683062288665,14.986166883650927,1727.0,288.97323668891374,60.7490406165779,0.0,0.0,0.0,0.0,0.0,0.0,0.0,0.0,0.0
2,0.0,0,360.44769298061925,561.0,70.32082470535987,15.154470824731128,1706.0,289.7560108771141,62.955663454248906,0.0,0.0,0.0,0.0,0.0,0.0,0.0,0.0,0.0
3,0.0,0,360.5346320968038,565.0,78.12357232478374,19.025344949320115,1671.0,281.88920109067857,59.95847729320375,0.0,0.0,0.0,0.0,0.0,0.0,0.0,0.0,0.0
4,0.0,0,360.1164903102846,565.0,68.87056578351878,14.416137204265626,1736.0,291.16588271655877,61.24406277780248,0.0,0.0,0.0,0.0,0.0,0.0,0.0,0.0,0.0
5,0.054,0,359.90782117939256,579.0,70.38989484375108,13.819876875000153,1689.0,287.67571864456903,62.60641527042965,0.0,0.0,0.0,15.0,1.5000000000000002,0.15000000000000008,101.0,0.5484456708981486,0.0029781450883853383
6,0.0,0,360.1892828421744,572.0,70.67360278882875,14.362031053742077,1724.0,289.3325935000801,61.80344384987659,0.0,0.0,0.0,0.0,0.0,0.0,0.0,0.0,0.0
7,0.0,0,360.1094710828632,569.0,71.41078480826383,14.136151305213454,1722.0,288.6076069458353,61.015133209130504,0.0,0.0,0.0,0.0,0.0,0.0,0.0,0.0,0.0
