id,probability_maraud,successful_mating,next_foraging_time,foraging_events,foraging_hrs,foraging_sqhrs,staying_events,staying_hrs,staying_sqhrs,repairing_events,repairing_hrs,repairing_sqhrs,marauding_events,marauding_hrs,marauding_sqhrs,traveling_events,traveling_hrs,traveling_sqhrs
0,0.0,40,360.2372132736463,573.0,69.94770572654461,14.839493258424746,1157.0,197.12693617823828,42.87192522995443,551.0,93.0506467281643,19.688489646069037,0.0,0.0,0.0,0.0,0.0,0.0
1,0.0,32,359.8506984344958,568.0,68.8861485374237,13.488130064770077,1758.0,291.22192928483156,61.3701056156382,0.0,0.0,0.0,0.0,0.0,0.0,0.0,0.0,0.0
2,0.054,0,359.99348595620665,571.0,70.24571483079038,13.590441861592659,1681.0,287.5825924740946,62.103140944314546,0.0,0.0,0.0,16.0,1.6000000000000003,0.1600000000000001,107.0,0.581026601842593,0.0031550645985864473
3,0.0,0,360.01060766471846,565.0,70.61651621757436,13.963794720702525,1725.0,289.5372423754991,61.981279500203634,0.0,0.0,0.0,0.0,0.0,0.0,0.0,0.0,0.0
4,0.0,0,360.030797797773,557.0,71.95336478297537,15.725580833570785,1695.0,288.2014497738503,61.658626490038046,0.0,0.0,0.0,0.0,0.0,0.0,0.0,0.0,0.0
5,0.0,0,360.41733515399306,569.0,71.17955028360352,14.594889014499406,1711.0,289.0117603491429,61.402162841823,0.0,0.0,0.0,0.0,0.0,0.0,0.0,0.0,0.0
6,0.0,0,360.5864420610428,568.0,69.10880739533185,13.602283012292736,1762.0,291.00542796840546,60.89246870605087,0.0,0.0,0.0,0.0,0.0,0.0,0.0,0.0,0.0
7,0.0,0,360.0065878545342,573.0,70.69909446663665,15.257341079041424,1706.0,289.4449722370529,61.9734326095146,0.0,0.0,0.0,0.0,0.0,0.0,0.0,0.0,0.0
