id,probability_maraud,successful_mating,next_foraging_time,foraging_events,foraging_hrs,foraging_sqhrs,staying_events,staying_hrs,staying_sqhrs,repairing_events,repairing_hrs,repairing_sqhrs,marauding_events,marauding_hrs,marauding_sqhrs,traveling_events,traveling_hrs,traveling_sqhrs
0,0.0,7,360.0661203538614,551.0,70.72493998855468,14.868343744032991,1512.0,258.88285522663136,56.37635491146337,190.0,30.417022865989594,6.32731732507581,0.0,0.0,0.0,0.0,0.0,0.0
1,0.054,6,360.49948016198545,559.0,73.54163159065766,16.6594146138449,1695.0,283.93769118270836,60.59024349149789,0.0,0.0,0.0,22.0,2.2000000000000006,0.22000000000000014,104.0,0.5647361363703708,0.003066604843485893
2,0.0,11,359.8140232484316,572.0,71.5701968519562,14.957105437485678,1542.0,257.6460967240807,54.252556851008315,182.0,30.80077341844894,6.536299306154312,0.0,0.0,0.0,0.0,0.0,0.0
3,0.0,10,359.9777634687988,557.0,66.86999146836858,13.268071125977611,1708.0,287.1516924246193,61.56777140964859,33.0,6.069214429316541,1.321996145724483,0.0,0.0,0.0,0.0,0.0,0.0
4,0.0,6,360.34154996768257,564.0,73.51689719238024,15.361584568333763,1424.0,244.0119338638653,53.36732839544748,254.0,42.59103317308794,9.319700098398291,0.0,0.0,0.0,0.0,0.0,0.0
5,0.0,10,360.11889315880256,551.0,69.19237679404603,14.028700087247026,1674.0,284.857516716785,61.77656726680185,33.0,6.028214456709969,1.3672071435172524,0.0,0.0,0.0,0.0,0.0,0.0
6,0.0,10,360.2426321209462,567.0,68.29987245618457,13.352890399608196,1752.0,285.74130505424625,59.89242538679464,33.0,6.006902142478129,1.4163001628615632,0.0,0.0,0.0,0.0,0.0,0.0
7,0.0,12,360.6095841599123,554.0,69.6820230755583,14.301585328545663,1646.0,278.1603380856351,59.812239412217195,76.0,12.160329907458287,2.6379808799596707,0.0,0.0,0.0,0.0,0.0,0.0
