id,probability_maraud,successful_mating,next_foraging_time,foraging_events,foraging_hrs,foraging_sqhrs,staying_events,staying_hrs,staying_sqhrs,repairing_events,repairing_hrs,repairing_sqhrs,marauding_events,marauding_hrs,marauding_sqhrs,traveling_events,traveling_hrs,traveling_sqhrs
0,0.0,5,360.13514327797304,570.0,69.85040956955301,14.363614442756123,1661.0,278.3501133415443,59.31625906949711,76.0,12.068274121534154,2.5367289631394994,0.0,0.0,0.0,0.0,0.0,0.0
1,0.0,6,359.98735063168203,561.0,71.12731144415697,14.787529872870236,1642.0,276.31319456268136,59.32093089986931,70.0,12.586910826943916,2.904761934712537,0.0,0.0,0.0,0.0,0.0,0.0
2,0.0,12,360.3487489868518,572.0,69.29480713647642,14.45042145588482,1571.0,260.08045774670074,54.42445637917239,184.0,30.674002105000547,6.346656699519974,0.0,0.0,0.0,0.0,0.0,0.0
3,0.0,9,360.50043903778436,567.0,69.4784685147896,13.870834801645314,1641.0,278.41699673872523,60.34181396005526,80.0,12.21391200750886,2.373448756049045,0.0,0.0,0.0,0.0,0.0,0.0
4,0.0,9,360.4907408985261,561.0,71.72881913854111,15.832636754557,1577.0,269.97963911919146,58.45999442883953,104.0,18.39087208960061,3.9751330986533477,0.0,0.0,0.0,0.0,0.0,0.0
5,0.0,7,360.07203875127453,558.0,70.76575006396156,15.310825346597445,1615.0,271.043519268981,57.999473615773425,107.0,18.322720716494295,3.969710599022563,0.0,0.0,0.0,0.0,0.0,0.0
6,0.054,16,360.6537765686584,570.0,70.55276272322057,14.273496590867735,1707.0,287.1974082647916,61.011975017541886,0.0,0.0,0.0,18.0,1.8000000000000005,0.1800000000000001,85.0,0.46156318837962995,0.0025063597278490476
7,0.0,8,360.23091531926474,569.0,68.51527579496813,13.522615339357284,1691.0,285.45143608721656,61.07982260861098,35.0,6.102416290573474,1.3312163941922508,0.0,0.0,0.0,0.0,0.0,0.0
