id,probability_maraud,successful_mating,next_foraging_time,foraging_events,foraging_hrs,foraging_sqhrs,staying_events,staying_hrs,staying_sqhrs,repairing_events,repairing_hrs,repairing_sqhrs,marauding_events,marauding_hrs,marauding_sqhrs,traveling_events,traveling_hrs,traveling_sqhrs
0,0.0,44,360.1334541807893,583.0,70.45446728662327,14.001010270692818,1349.0,228.7186340533951,48.7176638805349,369.0,61.033040915608204,12.954722094014176,0.0,0.0,0.0,0.0,0.0,0.0
1,0.054,28,360.07304914490635,560.0,72.1461165826677,14.776386044395718,1694.0,286.46170593932635,61.81399426871947,0.0,0.0,0.0,10.0,0.9999999999999999,0.10000000000000003,88.0,0.4778536538518522,0.002594819482949602
2,0.0,0,360.04867339389546,557.0,71.92599911546507,14.991632274939606,1708.0,288.0873136795658,61.723927186840456,0.0,0.0,0.0,0.0,0.0,0.0,0.0,0.0,0.0
3,0.0,0,360.71301841783946,572.0,71.58383875369194,14.32672747134243,1721.0,288.4840670898497,61.39379782641675,0.0,0.0,0.0,0.0,0.0,0.0,0.0,0.0,0.0
4,0.0,0,360.14053994348006,576.0,70.45083841361108,14.72124144429442,1685.0,289.8343796808739,62.23911586667747,0.0,0.0,0.0,0.0,0.0,0.0,0.0,0.0,0.0
5,0.0,0,360.38102276056077,574.0,71.65722123350993,14.629763135301134,1755.0,288.5679059326773,61.09332253481677,0.0,0.0,0.0,0.0,0.0,0.0,0.0,0.0,0.0
6,0.0,0,360.30898987588165,569.0,70.78453913406138,13.50354249245043,1714.0,289.27934732874945,61.839935794093975,0.0,0.0,0.0,0.0,0.0,0.0,0.0,0.0,0.0
7,0.0,0,360.17148373490426,572.0,69.4327973863079,14.198282210569445,1771.0,290.6671985304096,60.344655840799135,0.0,0.0,0.0,0.0,0.0,0.0,0.0,0.0,0.0
