id,probability_maraud,successful_mating,next_foraging_time,foraging_events,foraging_hrs,foraging_sqhrs,staying_events,staying_hrs,staying_sqhrs,repairing_events,repairing_hrs,repairing_sqhrs,marauding_events,marauding_hrs,marauding_sqhrs,traveling_events,traveling_hrs,traveling_sqhrs
0,0.0,37,360.6243016875348,566.0,68.59214888249659,13.043739836715107,1255.0,216.2976750111058,47.20546509971295,445.0,75.16912166172891,16.1596375653045,0.0,0.0,0.0,0.0,0.0,0.0
1,0.0,35,359.8558339332785,577.0,70.01206239388645,13.406930012734437,1678.0,290.0603606824,63.158669905643556,0.0,0.0,0.0,0.0,0.0,0.0,0.0,0.0,0.0
2,0.0,0,360.0980859463039,560.0,72.53384244795028,15.246141760554753,1727.0,287.47873436944394,60.62604197966368,0.0,0.0,0.0,0.0,0.0,0.0,0.0,0.0,0.0
3,0.0,0,360.73222823207925,565.0,71.95383987565403,14.70395865189703,1679.0,288.14349404240596,62.62137451159001,0.0,0.0,0.0,0.0,0.0,0.0,0.0,0.0,0.0
4,0.0,0,359.9374161707247,565.0,69.68185900749299,14.424026689984132,1721.0,290.35173084534244,62.55223071562736,0.0,0.0,0.0,0.0,0.0,0.0,0.0,0.0,0.0
5,0.054,0,360.18243670381423,567.0,70.04302835444436,15.448423077730764,1687.0,288.1835078657211,62.321126772364146,0.0,0.0,0.0,13.0,1.3,0.13000000000000006,96.0,0.5212948951111115,0.0028307121632177475
6,0.0,0,359.8916794581607,588.0,71.65197384876747,14.462471191276085,1671.0,288.35380988183437,63.0719286612311,0.0,0.0,0.0,0.0,0.0,0.0,0.0,0.0,0.0
7,0.0,0,360.63308125670494,550.0,75.5684310486983,17.25418691737436,1670.0,284.63481134645406,60.87366972877075,0.0,0.0,0.0,0.0,0.0,0.0,0.0,0.0,0.0
