id,probability_maraud,successful_mating,next_foraging_time,foraging_events,foraging_hrs,foraging_sqhrs,staying_events,staying_hrs,staying_sqhrs,repairing_events,repairing_hrs,repairing_sqhrs,marauding_events,marauding_hrs,marauding_sqhrs,traveling_events,traveling_hrs,traveling_sqhrs
0,0.0,8,360.27564387949246,577.0,70.81540201625535,14.127542738882774,1725.0,289.2819815664905,61.681861308128646,0.0,0.0,0.0,0.0,0.0,0.0,0.0,0.0,0.0
1,0.0,5,360.3761063294618,562.0,70.64012436135384,15.27114533911741,1573.0,271.1420190651802,58.769028225708844,108.0,18.27152164050636,3.9474123323203387,0.0,0.0,0.0,0.0,0.0,0.0
2,0.0,12,360.45928565055266,569.0,70.6130975741878,14.262987872024297,1484.0,253.37535643330838,54.692616051890305,211.0,36.32636558243666,7.852491670790571,0.0,0.0,0.0,0.0,0.0,0.0
3,0.054,10,360.2450962203895,560.0,69.65308441208238,14.368374409414981,1688.0,288.25652059908,62.014941895939245,0.0,0.0,0.0,16.0,1.6000000000000003,0.1600000000000001,94.0,0.5104345847962967,0.002771738993150711
4,0.0,9,360.53428774794276,577.0,69.40301178810937,13.191956775697237,1749.0,290.773923979696,61.531336154695765,0.0,0.0,0.0,0.0,0.0,0.0,0.0,0.0,0.0
5,0.0,9,360.0328263561966,572.0,72.54589658550888,15.59487608079997,1690.0,281.37210383520033,59.071626825395356,36.0,6.082239231794765,1.302158791610912,0.0,0.0,0.0,0.0,0.0,0.0
6,0.0,12,360.0467122355124,566.0,68.22938928595903,13.081585168433406,1613.0,273.33880869438053,58.73453897172804,110.0,18.685345976414308,4.004275418517682,0.0,0.0,0.0,0.0,0.0,0.0
7,0.0,7,360.00444867397647,560.0,74.05289329297845,16.33198592046702,1548.0,267.71689271539924,57.64956512726591,112.0,18.38337987008793,3.852313992062199,0.0,0.0,0.0,0.0,0.0,0.0
