id,probability_maraud,successful_mating,next_foraging_time,foraging_events,foraging_hrs,foraging_sqhrs,staying_events,staying_hrs,staying_sqhrs,repairing_events,repairing_hrs,repairing_sqhrs,marauding_events,marauding_hrs,marauding_sqhrs,traveling_events,traveling_hrs,traveling_sqhrs
0,0.0,10,360.097410905756,550.0,68.99577718974946,13.79506234957189,1691.0,284.877693218506,60.17993933718231,42.0,6.138097719855174,1.1583395621875374,0.0,0.0,0.0,0.0,0.0,0.0
1,0.0,6,359.83829318739373,566.0,70.99374878178199,14.578617023183634,1621.0,276.77409291290445,59.5286709656009,70.0,12.244058348408174,2.717031469952223,0.0,0.0,0.0,0.0,0.0,0.0
2,0.0,6,360.0043042966248,577.0,73.45383429611248,16.19912624048212,1527.0,262.3447947330899,56.82354974796413,147.0,24.493007742183956,5.143324090846751,0.0,0.0,0.0,0.0,0.0,0.0
3,0.054,9,360.8545663690301,551.0,74.12437683781522,17.310877421045564,1675.0,283.6580374503063,61.03920616704674,0.0,0.0,0.0,18.0,1.8000000000000005,0.1800000000000001,79.0,0.4289822574351855,0.0023294402176479386
4,0.0,12,359.9223088106799,565.0,70.04974409461182,14.80264462613535,1563.0,259.4617285052714,55.27610106168183,183.0,30.543861616513787,6.501741592991749,0.0,0.0,0.0,0.0,0.0,0.0
5,0.0,11,359.955574182804,584.0,71.34996175243451,14.474699742026788,1667.0,276.620471173704,57.98456521034503,71.0,12.039896771306804,2.5030753521890317,0.0,0.0,0.0,0.0,0.0,0.0
6,0.0,9,360.3318378883815,568.0,71.50377223435453,14.744668688199674,1554.0,264.31373655957213,56.483970977514346,138.0,24.319711220947863,5.249620630025152,0.0,0.0,0.0,0.0,0.0,0.0
7,0.0,9,360.24021909508235,562.0,72.37734195261014,15.15041958590405,1692.0,287.6908588345599,62.25042071620875,0.0,0.0,0.0,0.0,0.0,0.0,0.0,0.0,0.0
