id,probability_maraud,successful_mating,next_foraging_time,foraging_events,foraging_hrs,foraging_sqhrs,staying_events,staying_hrs,staying_sqhrs,repairing_events,repairing_hrs,repairing_sqhrs,marauding_events,marauding_hrs,marauding_sqhrs,traveling_events,traveling_hrs,traveling_sqhrs
0,0.0,15,360.2608798959553,561.0,69.67637966661573,14.635217586989612,1731.0,290.33148355054647,62.134364652094035,0.0,0.0,0.0,0.0,0.0,0.0,0.0,0.0,0.0
1,0.0,7,360.3565321316492,563.0,70.31069385262194,13.776076138597658,1631.0,277.71707271174284,59.485280146526144,71.0,12.22900186237826,2.4829237942240634,0.0,0.0,0.0,0.0,0.0,0.0
2,0.0,11,359.91338334654273,568.0,67.74459962087867,13.255964988211678,1737.0,292.3621257863732,61.93193947351388,0.0,0.0,0.0,0.0,0.0,0.0,0.0,0.0,0.0
3,0.054,9,360.1865420689772,561.0,71.29484221310403,15.176649721042955,1700.0,286.89416678232914,61.016660622321126,0.0,0.0,0.0,14.0,1.4000000000000001,0.14000000000000007,93.0,0.5050044296388893,0.002742252408117193
4,0.0,3,360.2170518832848,567.0,70.32699021122212,14.40974001782836,1620.0,277.6461180517196,59.624248156299956,65.0,12.069630921031338,2.6897078416127624,0.0,0.0,0.0,0.0,0.0,0.0
5,0.0,8,360.1220484110811,567.0,74.13242085285574,15.937345255413062,1526.0,262.19205130903885,56.6838611349924,144.0,23.734358707139453,4.875339964561174,0.0,0.0,0.0,0.0,0.0,0.0
6,0.0,9,360.09873559619325,546.0,71.528239635027,16.164896053174047,1597.0,270.1505863254742,58.05134251071021,110.0,18.400622117644893,3.9519631981777072,0.0,0.0,0.0,0.0,0.0,0.0
7,0.0,10,360.1644473675965,555.0,70.07304884419949,14.356968700661213,1619.0,271.7093530418144,58.56107725763075,101.0,18.25289505096646,4.111000308122742,0.0,0.0,0.0,0.0,0.0,0.0
