id,probability_maraud,successful_mating,next_foraging_time,foraging_events,foraging_hrs,foraging_sqhrs,staying_events,staying_hrs,staying_sqhrs,repairing_events,repairing_hrs,repairing_sqhrs,marauding_events,marauding_hrs,marauding_sqhrs,traveling_events,traveling_hrs,traveling_sqhrs
0,0.0,9,359.90824406067736,556.0,70.71654496627485,14.772946658233568,1575.0,265.04362225405345,56.55222318014559,146.0,24.240956468089145,5.152260949498476,0.0,0.0,0.0,0.0,0.0,0.0
1,0.0,11,360.0546225438577,558.0,71.26956484862177,15.38508786953417,1496.0,252.16662652097696,54.63626160000543,216.0,36.653009423842704,8.013108875086509,0.0,0.0,0.0,0.0,0.0,0.0
2,0.0,11,360.2386329098006,560.0,68.15659747941103,14.336987793221526,1555.0,267.6973005512768,57.66813324208452,156.0,24.323722281455307,5.035847598842777,0.0,0.0,0.0,0.0,0.0,0.0
3,0.054,6,360.30717432263907,570.0,68.15701729984535,13.965437621342845,1726.0,288.86141633588926,62.17881189533692,0.0,0.0,0.0,24.0,2.400000000000001,0.24000000000000016,121.0,0.6570487740462968,0.0035678767890557016
4,0.0,6,360.1761695667392,565.0,69.53208672744636,13.924350819299493,1592.0,272.1301266860097,58.77264010939603,115.0,18.542459885637545,3.880448234875766,0.0,0.0,0.0,0.0,0.0,0.0
5,0.0,9,360.24849640643544,568.0,66.58172129901327,13.115374315488644,1644.0,287.5733072784711,63.20542097039308,34.0,6.041825475373379,1.2752585886909726,0.0,0.0,0.0,0.0,0.0,0.0
6,0.0,12,360.30042716140883,564.0,67.02666546067468,12.476507962768778,1689.0,286.9471096123171,61.33184442119179,32.0,6.08898002618945,1.4249078096252417,0.0,0.0,0.0,0.0,0.0,0.0
7,0.0,8,360.1019763878559,558.0,69.40724212949779,14.03874994720142,1509.0,259.9449544609064,56.84452603669683,184.0,30.735281795770593,6.407893349111714,0.0,0.0,0.0,0.0,0.0,0.0
