id,probability_maraud,successful_mating,next_foraging_time,foraging_events,foraging_hrs,foraging_sqhrs,staying_events,staying_hrs,staying_sqhrs,repairing_events,repairing_hrs,repairing_sqhrs,marauding_events,marauding_hrs,marauding_sqhrs,traveling_events,traveling_hrs,traveling_sqhrs
0,0.0,44,360.6096040314741,570.0,73.74700296134787,15.355637848823426,1273.0,214.03448625353755,45.6915824509505,422.0,72.6007654779983,15.200908356552887,0.0,0.0,0.0,0.0,0.0,0.0
1,0.0,28,360.2377389732222,571.0,67.25291649832143,14.485031156418286,1731.0,292.9986218333583,62.90853470297456,0.0,0.0,0.0,0.0,0.0,0.0,0.0,0.0,0.0
2,0.0,0,360.00034770413157,544.0,70.21255442524394,14.132307556350764,1714.0,289.97887792356624,61.93425905816712,0.0,0.0,0.0,0.0,0.0,0.0,0.0,0.0,0.0
3,0.0,0,359.96346586958174,573.0,71.5731859592839,15.328400044893538,1707.0,288.42743103854605,61.41673304206104,0.0,0.0,0.0,0.0,0.0,0.0,0.0,0.0,0.0
4,0.0,0,359.91785083346394,564.0,66.80491461130666,12.764224425332385,1723.0,293.24575293770863,62.65294064598686,0.0,0.0,0.0,0.0,0.0,0.0,0.0,0.0,0.0
5,0.054,0,360.0326583537555,570.0,71.44402116056862,15.18612426826472,1687.0,286.983482493333,61.68097596533177,0.0,0.0,0.0,12.0,1.2,0.12000000000000005,83.0,0.4507028780648151,0.0024473865577820113
6,0.0,0,360.32428685514145,560.0,68.40618215764208,13.874749427727771,1725.0,291.66332925103643,62.69178526518843,0.0,0.0,0.0,0.0,0.0,0.0,0.0,0.0,0.0
7,0.0,0,360.3310526816444,565.0,70.38588550185773,14.32460005378561,1734.0,289.73101037885044,60.697313869952694,0.0,0.0,0.0,0.0,0.0,0.0,0.0,0.0,0.0
