id,probability_maraud,successful_mating,next_foraging_time,foraging_events,foraging_hrs,foraging_sqhrs,staying_events,staying_hrs,staying_sqhrs,repairing_events,repairing_hrs,repairing_sqhrs,marauding_events,marauding_hrs,marauding_sqhrs,traveling_events,traveling_hrs,traveling_sqhrs
0,0.054,58,359.98501852082296,552.0,66.75942100724069,13.240755073230268,1774.0,290.9950703906289,60.75186781327406,0.0,0.0,0.0,16.0,1.6000000000000003,0.1600000000000001,122.0,0.6624789292037042,0.00359736337408922
1,0.0,14,359.83880949712926,561.0,74.24331176609826,16.848840900549895,1131.0,192.56037705505977,41.21977781884829,539.0,93.21451680558525,20.468202905187294,0.0,0.0,0.0,0.0,0.0,0.0
2,0.0,0,360.0637216906547,564.0,73.30807445914512,15.622186398742713,1710.0,286.8263283431379,61.01428698357243,0.0,0.0,0.0,0.0,0.0,0.0,0.0,0.0,0.0
3,0.0,0,359.98991448804844,554.0,71.72603686624878,14.720182685987819,1697.0,288.39016732285523,62.24677961558078,0.0,0.0,0.0,0.0,0.0,0.0,0.0,0.0,0.0
4,0.0,0,360.32848185078694,568.0,68.77099041292638,13.45541779441999,1688.0,291.24728592943535,63.768237512031654,0.0,0.0,0.0,0.0,0.0,0.0,0.0,0.0,0.0
5,0.0,0,360.3940215611869,557.0,70.75930490420717,14.593989192850362,1760.0,289.2904298852838,60.454267391250646,0.0,0.0,0.0,0.0,0.0,0.0,0.0,0.0,0.0
6,0.0,0,360.14924113707934,570.0,71.26284494452496,15.96550539398592,1708.0,289.1072229340659,61.88867010752635,0.0,0.0,0.0,0.0,0.0,0.0,0.0,0.0,0.0
7,0.0,0,360.53212748391434,560.0,67.67311813935437,14.236752058846154,1766.0,292.4748638714897,62.143014772889074,0.0,0.0,0.0,0.0,0.0,0.0,0.0,0.0,0.0
