id,probability_maraud,successful_mating,next_foraging_time,foraging_events,foraging_hrs,foraging_sqhrs,staying_events,staying_hrs,staying_sqhrs,repairing_events,repairing_hrs,repairing_sqhrs,marauding_events,marauding_hrs,marauding_sqhrs,traveling_events,traveling_hrs,traveling_sqhrs
0,0.054,46,360.04554151032795,564.0,71.87621671835076,14.625317516685772,1709.0,286.6917496507353,60.78444911936161,0.0,0.0,0.0,11.0,1.0999999999999999,0.11000000000000004,97.0,0.5267250502685189,0.0028601987482512656
1,0.0,26,360.22850926874287,562.0,71.80204935636297,15.194087331007003,1291.0,220.84085588926843,47.330722068876256,397.0,67.43768388450485,14.061479861440336,0.0,0.0,0.0,0.0,0.0,0.0
2,0.0,0,360.4530600036476,567.0,68.5677754993226,13.91192908842897,1739.0,291.48092533312195,62.750374672768565,0.0,0.0,0.0,0.0,0.0,0.0,0.0,0.0,0.0
3,0.0,0,360.1487181801074,585.0,72.27322555528539,14.612152959196285,1742.0,287.9894259613291,60.995372224851295,0.0,0.0,0.0,0.0,0.0,0.0,0.0,0.0,0.0
4,0.0,0,359.9993446702068,548.0,75.89702009357437,17.286760159041293,1674.0,284.12867999232566,60.49094934954012,0.0,0.0,0.0,0.0,0.0,0.0,0.0,0.0,0.0
5,0.0,0,360.01407398265303,570.0,70.34157547122042,13.78656636284468,1690.0,289.83183086447065,62.64680659046927,0.0,0.0,0.0,0.0,0.0,0.0,0.0,0.0,0.0
6,0.0,0,360.0692441386446,578.0,71.0465780711823,14.376753805680169,1735.0,288.97620498398123,60.58185246173845,0.0,0.0,0.0,0.0,0.0,0.0,0.0,0.0,0.0
7,0.0,0,360.0323681223526,570.0,73.38593146429974,16.091190140428278,1690.0,286.6244636537743,62.00965290828871,0.0,0.0,0.0,0.0,0.0,0.0,0.0,0.0,0.0
