id,probability_maraud,successful_mating,next_foraging_time,foraging_events,foraging_hrs,foraging_sqhrs,staying_events,staying_hrs,staying_sqhrs,repairing_events,repairing_hrs,repairing_sqhrs,marauding_events,marauding_hrs,marauding_sqhrs,traveling_events,traveling_hrs,traveling_sqhrs
0,0.0,43,360.8576234754874,562.0,70.99601953072903,15.050101914303756,1389.0,228.52650866271742,48.116770842434605,360.0,60.684378336099776,12.71432785705149,0.0,0.0,0.0,0.0,0.0,0.0
1,0.054,29,360.1054353564798,567.0,71.45963813325127,15.205721623090918,1629.0,287.1320419492458,63.46754972679665,0.0,0.0,0.0,10.0,0.9999999999999999,0.10000000000000003,88.0,0.4778536538518522,0.002594819482949602
2,0.0,0,360.4142568597447,565.0,73.1381765575244,16.306156585033808,1698.0,286.94346114261,61.42199198698791,0.0,0.0,0.0,0.0,0.0,0.0,0.0,0.0,0.0
3,0.0,0,360.36630262847984,568.0,72.63607626102423,14.829187398528877,1704.0,287.379610621491,61.02360537138351,0.0,0.0,0.0,0.0,0.0,0.0,0.0,0.0,0.0
4,0.0,0,359.8599348901017,568.0,70.02433345476706,14.633605698064548,1738.0,290.04953010559143,61.69928698302274,0.0,0.0,0.0,0.0,0.0,0.0,0.0,0.0,0.0
5,0.0,0,360.4218314285935,563.0,69.79395733630388,13.571648477370443,1705.0,290.3154097608852,62.605535346069004,0.0,0.0,0.0,0.0,0.0,0.0,0.0,0.0,0.0
6,0.0,0,360.2417760049766,558.0,70.60090540528182,14.721434808765165,1726.0,289.4921132245165,61.66700342334617,0.0,0.0,0.0,0.0,0.0,0.0,0.0,0.0,0.0
7,0.0,0,359.7967678506183,555.0,69.10625496685327,13.937209201238506,1726.0,290.97920976761566,61.7922899671747,0.0,0.0,0.0,0.0,0.0,0.0,0.0,0.0,0.0
