id,probability_maraud,successful_mating,next_foraging_time,foraging_events,foraging_hrs,foraging_sqhrs,staying_events,staying_hrs,staying_sqhrs,repairing_events,repairing_hrs,repairing_sqhrs,marauding_events,marauding_hrs,marauding_sqhrs,traveling_events,traveling_hrs,traveling_sqhrs
0,0.054,18,360.2131271435701,569.0,70.69100214040911,15.152192490842577,478.0,79.08116021862241,16.504973425372114,1251.0,209.60539380289964,44.606822848086885,5.0,0.5,0.05000000000000001,25.0,0.13575387893518523,0.0007371646258379568
1,0.054,54,360.3754259939409,556.0,70.77732349446536,14.493118826121668,1551.0,258.0388471223837,55.045855407137395,181.0,30.21149907611018,6.1863824493269375,5.0,0.5,0.05000000000000001,87.0,0.4724234986944448,0.002565332897916084
2,0.054,0,360.28370400599175,572.0,70.051928163187,14.736246274275222,1697.0,288.76861587942847,62.23944748191363,0.0,0.0,0.0,7.0,0.7,0.07,97.0,0.5267250502685189,0.0028601987482512656
3,0.0,0,360.1482545885204,573.0,65.04172967661545,12.322095167760578,1720.0,295.0685832085923,63.94752114044453,0.0,0.0,0.0,0.0,0.0,0.0,0.0,0.0,0.0
4,0.054,0,360.3567426333399,554.0,71.30230209893521,15.417758212263553,1700.0,287.934601090938,62.1173039598739,0.0,0.0,0.0,4.0,0.4,0.04000000000000001,79.0,0.4289822574351855,0.0023294402176479386
5,0.054,0,360.7261167933399,570.0,72.30370129813156,15.475227297057698,1672.0,286.52031554135544,61.508137315283754,0.0,0.0,0.0,7.0,0.7,0.07,100.0,0.5430155157407411,0.00294865850335182
6,0.054,0,360.3547907505045,569.0,72.1950843619072,15.338552987064983,1732.0,287.1776260332356,60.99521126881997,0.0,0.0,0.0,3.0,0.30000000000000004,0.030000000000000006,82.0,0.4452727229074077,0.002417899972748493
7,0.054,0,360.24039298175836,577.0,66.60011117029457,12.856376267634477,1703.0,292.1106203978069,62.988783505638736,0.0,0.0,0.0,9.0,0.8999999999999999,0.09000000000000002,96.0,0.5212948951111115,0.0028307121632177475
