id,probability_maraud,successful_mating,next_foraging_time,foraging_events,foraging_hrs,foraging_sqhrs,staying_events,staying_hrs,staying_sqhrs,repairing_events,repairing_hrs,repairing_sqhrs,marauding_events,marauding_hrs,marauding_sqhrs,traveling_events,traveling_hrs,traveling_sqhrs
0,0.054,9,359.9531101685415,566.0,72.0261005339642,16.1213357881074,1445.0,243.37857657370222,51.63806760623692,262.0,43.078800379450726,8.878186678706829,12.0,1.2,0.12000000000000005,80.0,0.4344124125925929,0.002358926802681457
1,0.054,14,360.44382884337955,567.0,74.37801300317851,16.727585683105985,1296.0,222.78791824726954,47.99292529333895,375.0,61.573961492191714,12.328440927847945,9.0,0.8999999999999999,0.09000000000000002,95.0,0.5158647399537041,0.0028012255781842293
2,0.0,6,360.0962932229859,570.0,71.05285096692485,14.660832364092435,1311.0,215.47367244189476,44.70571064428578,421.0,73.5745194062151,15.88843494641153,0.0,0.0,0.0,0.0,0.0,0.0
3,0.054,6,360.0480360102609,573.0,68.86055791989365,14.047015950080349,1033.0,174.98666730339542,37.285852222453784,698.0,115.2513399053077,24.011767237721973,8.0,0.7999999999999999,0.08000000000000002,46.0,0.2497871372407409,0.0013563829115418391
4,0.054,12,360.35451040515534,557.0,70.00541247952948,14.317256761577726,1374.0,238.59793313786582,51.70904969585747,300.0,49.88386529681198,10.705975528783657,13.0,1.3,0.13000000000000006,74.0,0.4018314816481484,0.002182007292480348
5,0.054,12,360.28594373300166,582.0,68.89252982873914,13.279840064977765,1512.0,258.41429702619223,55.779423577854054,192.0,30.667069823428285,6.018183688688902,18.0,1.8000000000000005,0.1800000000000001,88.0,0.4778536538518522,0.002594819482949602
6,0.054,4,360.6489430180438,563.0,68.67811670553301,13.95281265603324,1441.0,246.41545927700423,53.710424622444734,252.0,43.04309892099114,9.359424177446694,14.0,1.4000000000000001,0.14000000000000007,90.0,0.488713964166667,0.0026537926530166385
7,0.054,9,360.6659702614531,563.0,76.37759186574789,17.0132021092275,1228.0,209.16274769978827,44.776474122657305,425.0,73.55777493153232,15.987276046988967,7.0,0.7,0.07,66.0,0.3583902403888891,0.0019461146122122025
