id,probability_maraud,successful_mating,next_foraging_time,foraging_events,foraging_hrs,foraging_sqhrs,staying_events,staying_hrs,staying_sqhrs,repairing_events,repairing_hrs,repairing_sqhrs,marauding_events,marauding_hrs,marauding_sqhrs,traveling_events,traveling_hrs,traveling_sqhrs
0,0.0,9,360.01816764074323,562.0,67.22533840733591,12.803338935100548,465.0,80.03808856758864,17.469531918545183,1246.0,212.79642320341588,46.086038054154024,0.0,0.0,0.0,0.0,0.0,0.0
1,0.054,63,360.1706858524043,556.0,74.57543734339308,16.60182148584472,1680.0,284.63804883142535,60.692662113396075,0.0,0.0,0.0,3.0,0.30000000000000004,0.030000000000000006,100.0,0.5430155157407411,0.00294865850335182
2,0.054,0,360.0135297684082,577.0,70.66939892372997,14.62525610777581,1695.0,287.99284760719354,61.938680749178346,0.0,0.0,0.0,7.0,0.7,0.07,124.0,0.673339239518519,0.003656336544156256
3,0.054,0,360.0914885286299,567.0,69.01920069893272,13.74217501716758,1714.0,289.76130924833325,61.669288345208294,0.0,0.0,0.0,7.0,0.7,0.07,96.0,0.5212948951111115,0.0028307121632177475
4,0.054,0,360.22341863855894,572.0,70.27551386452629,13.663833814194357,1735.0,288.7116640824976,61.17866444825819,0.0,0.0,0.0,5.0,0.5,0.05000000000000001,98.0,0.5321552054259263,0.002889685333284784
5,0.054,0,360.19111551729674,565.0,69.53794173810165,13.871706076109607,1716.0,289.7564202958538,61.933013868174754,0.0,0.0,0.0,3.0,0.30000000000000004,0.030000000000000006,90.0,0.488713964166667,0.0026537926530166385
6,0.054,0,360.07469364918086,563.0,70.37375284897932,14.726885396776733,1696.0,288.834444547468,62.08854518062218,0.0,0.0,0.0,4.0,0.4,0.04000000000000001,104.0,0.5647361363703708,0.003066604843485893
7,0.054,0,360.6275287146143,560.0,73.4413513106452,15.970032897668336,1684.0,285.53258092044837,61.46898233489912,0.0,0.0,0.0,6.0,0.6,0.06000000000000001,95.0,0.5158647399537041,0.0028012255781842293
