id,probability_maraud,successful_mating,next_foraging_time,foraging_events,foraging_hrs,foraging_sqhrs,staying_events,staying_hrs,staying_sqhrs,repairing_events,repairing_hrs,repairing_sqhrs,marauding_events,marauding_hrs,marauding_sqhrs,traveling_events,traveling_hrs,traveling_sqhrs
0,0.0,11,360.2623085052477,575.0,70.96200815601931,13.963838183205864,1223.0,209.67541162378754,45.19623505075913,481.0,79.41770919683206,17.03598069022858,0.0,0.0,0.0,0.0,0.0,0.0
1,0.054,11,360.49769977656416,583.0,70.48068694213615,14.189989819913496,1389.0,239.0595240716562,51.56153573490329,306.0,48.60462894156267,9.953352625320194,16.0,1.6000000000000003,0.1600000000000001,73.0,0.396401326490741,0.0021525207074468296
2,0.054,8,360.5524619188935,551.0,69.67289787893236,14.391704211929287,1405.0,240.0798804568733,52.67538514711109,291.0,48.94819029803317,10.521780636103516,9.0,0.8999999999999999,0.09000000000000002,85.0,0.46156318837962995,0.0025063597278490476
3,0.054,7,359.86635217186665,553.0,68.0197063847658,14.277278534664388,1262.0,211.30875790865736,45.23139957191751,464.0,79.57550874009696,17.147521733681025,7.0,0.7,0.07,75.0,0.4072616368055558,0.002211493877513866
4,0.054,12,360.36949141578725,576.0,69.17561539800717,14.860938252776029,1382.0,230.29979294550702,48.64199963966981,329.0,58.18570661661977,12.88783217254662,18.0,1.8000000000000005,0.1800000000000001,101.0,0.5484456708981486,0.0029781450883853383
5,0.054,6,359.8839604515521,556.0,73.31489121227882,16.172453034991822,1169.0,194.95926395034513,41.26332711453143,539.0,90.65315499773644,19.031392854928153,8.0,0.7999999999999999,0.08000000000000002,62.0,0.33666961975925946,0.0018281682720781298
6,0.054,5,359.87220502637365,567.0,70.74553004905894,14.30126625278133,1500.0,257.0365707881227,55.26718693335139,184.0,30.290518016329024,6.413356628815642,16.0,1.6000000000000003,0.1600000000000001,79.0,0.4289822574351855,0.0023294402176479386
7,0.054,12,360.4395993814598,567.0,70.33776933975656,14.818897124942435,1275.0,221.56968097061267,48.6377160507928,393.0,67.02458973892931,14.658810253461512,9.0,0.8999999999999999,0.09000000000000002,71.0,0.3855410161759262,0.0020935475373797933
