id,probability_maraud,successful_mating,next_foraging_time,foraging_events,foraging_hrs,foraging_sqhrs,staying_events,staying_hrs,staying_sqhrs,repairing_events,repairing_hrs,repairing_sqhrs,marauding_events,marauding_hrs,marauding_sqhrs,traveling_events,traveling_hrs,traveling_sqhrs
0,0.054,13,360.3186222354461,571.0,71.58379185436564,14.893651281603132,473.0,79.15450395228795,16.74261686092107,1221.0,208.75822453815306,45.28636319816523,4.0,0.4,0.04000000000000001,28.0,0.15204434440740747,0.0008256243809385116
1,0.054,59,360.4707320740934,564.0,67.56673169258853,13.782952044905024,1581.0,267.1624317266023,56.737624347969096,139.0,24.56072872271539,5.33652132680449,5.0,0.5,0.05000000000000001,80.0,0.4344124125925929,0.002358926802681457
2,0.054,0,360.1297749782952,555.0,72.81572320267033,15.570669632321364,1690.0,286.53292879132744,61.163518304559005,0.0,0.0,0.0,2.0,0.2,0.020000000000000004,104.0,0.5647361363703708,0.003066604843485893
3,0.054,0,360.2884426694975,572.0,72.61332838792667,15.008745380354432,1718.0,286.10821242114446,61.112278073730074,0.0,0.0,0.0,9.0,0.8999999999999999,0.09000000000000002,111.0,0.6027472224722227,0.00327301093872052
4,0.054,0,360.6007539768951,567.0,68.93209090274074,13.733571422155,1671.0,289.7425967909974,62.99194840805828,0.0,0.0,0.0,8.0,0.7999999999999999,0.08000000000000002,101.0,0.5484456708981486,0.0029781450883853383
5,0.0,0,360.05512151740066,556.0,69.93988510459978,14.606631389022057,1691.0,290.1630717732819,63.046673859322794,0.0,0.0,0.0,0.0,0.0,0.0,0.0,0.0,0.0
6,0.054,0,359.927949910315,564.0,71.73978369702114,15.536735876202568,1732.0,286.92828856890475,60.86978941483976,0.0,0.0,0.0,8.0,0.7999999999999999,0.08000000000000002,123.0,0.6679090843611116,0.003626849959122738
7,0.054,0,360.0247588205876,564.0,71.49382577172497,15.262156557859564,1719.0,287.8844455657343,61.11979801695849,0.0,0.0,0.0,3.0,0.30000000000000004,0.030000000000000006,92.0,0.49957427448148184,0.002712765823083675
