id,probability_maraud,successful_mating,next_foraging_time,foraging_events,foraging_hrs,foraging_sqhrs,staying_events,staying_hrs,staying_sqhrs,repairing_events,repairing_hrs,repairing_sqhrs,marauding_events,marauding_hrs,marauding_sqhrs,traveling_events,traveling_hrs,traveling_sqhrs
0,0.0,11,360.54163227022326,570.0,68.06621916321977,13.819911685639799,505.0,87.61926260021507,19.289037697390885,1238.0,204.36492705059857,43.56800718981655,0.0,0.0,0.0,0.0,0.0,0.0
1,0.054,61,360.785390257953,576.0,69.04157548134651,13.945530237727995,1724.0,290.2404769463078,62.20752738576169,0.0,0.0,0.0,3.0,0.30000000000000004,0.030000000000000006,90.0,0.488713964166667,0.0026537926530166385
2,0.054,0,360.45245626191854,574.0,71.42054285519944,14.1439901092085,1704.0,287.7540036178868,62.16925122725519,0.0,0.0,0.0,4.0,0.4,0.04000000000000001,110.0,0.5973170673148153,0.003243524353687002
3,0.054,0,360.5351773568712,573.0,74.94615545515545,16.19746276530722,1682.0,283.81563662132487,61.19626539655579,0.0,0.0,0.0,7.0,0.7,0.07,100.0,0.5430155157407411,0.00294865850335182
4,0.054,0,360.6066301386715,561.0,73.81833132444795,16.611989354492017,1696.0,285.11416078081504,60.25641837922376,0.0,0.0,0.0,6.0,0.6,0.06000000000000001,95.0,0.5158647399537041,0.0028012255781842293
5,0.054,0,360.3261364078626,571.0,73.32764592150968,17.084819853465245,1681.0,285.6986443028817,60.99576959495204,0.0,0.0,0.0,5.0,0.5,0.05000000000000001,102.0,0.553875826055556,0.0030076316734188565
6,0.054,0,360.27797818725344,549.0,68.26411988371916,14.440077478449929,1684.0,290.76982728928607,63.27322401857628,0.0,0.0,0.0,5.0,0.5,0.05000000000000001,106.0,0.5755964466851856,0.003125578013552929
7,0.054,0,360.74708795816736,562.0,75.08465986003121,17.19659813757253,1652.0,284.1538420968547,61.357418734783714,0.0,0.0,0.0,4.0,0.4,0.04000000000000001,82.0,0.4452727229074077,0.002417899972748493
