id,probability_maraud,successful_mating,next_foraging_time,foraging_events,foraging_hrs,foraging_sqhrs,staying_events,staying_hrs,staying_sqhrs,repairing_events,repairing_hrs,repairing_sqhrs,marauding_events,marauding_hrs,marauding_sqhrs,traveling_events,traveling_hrs,traveling_sqhrs
0,0.054,15,360.25464470097893,561.0,69.27176026323117,13.639938082399535,1276.0,216.28829778866972,46.90664308527431,448.0,73.28104679579937,15.117669397649061,8.0,0.7999999999999999,0.08000000000000002,71.0,0.3855410161759262,0.0020935475373797933
1,0.054,11,360.63761670213313,561.0,71.56561410278195,15.64287767481545,1317.0,221.0068919273146,47.77896383577846,393.0,65.86305152098285,13.949870209988811,12.0,1.2,0.12000000000000005,75.0,0.4072616368055558,0.002211493877513866
2,0.054,4,360.1276874172633,557.0,70.72262581392226,15.131086166892043,1190.0,201.90790054450045,43.45198523982372,526.0,85.97702002138347,17.725197104064062,11.0,1.0999999999999999,0.11000000000000004,76.0,0.41269179196296324,0.002240980462547384
3,0.054,8,360.26337728857567,570.0,72.56681283401038,15.565699393404362,1544.0,261.5869668422705,55.91159308839778,146.0,24.23462783738614,5.01599371066665,13.0,1.3,0.13000000000000006,114.0,0.6190376879444449,0.0033614706938210745
4,0.0,5,360.5712473056553,563.0,72.67970225824297,15.315965422565249,1255.0,213.88516182618824,46.2336571414059,415.0,73.48713138881227,16.47526061601425,0.0,0.0,0.0,0.0,0.0,0.0
5,0.054,8,360.3065551887679,559.0,73.0494736623934,16.521482211522592,1249.0,214.6743179016457,46.97188685328596,417.0,70.89303441520677,15.053107778282365,11.0,1.0999999999999999,0.11000000000000004,69.0,0.37468070586111135,0.002034574367312757
6,0.054,12,360.44570636300426,573.0,73.312039616291,14.693631541246136,1525.0,254.3804731883567,54.317295184383376,173.0,30.651514512977737,6.921906099153921,14.0,1.4000000000000001,0.14000000000000007,83.0,0.4507028780648151,0.0024473865577820113
7,0.054,9,360.3266106245906,565.0,73.95068997906804,15.919522269934191,1378.0,229.59908960612213,48.87843620657366,322.0,55.061460120194766,11.845437362922626,10.0,0.9999999999999999,0.10000000000000003,80.0,0.4344124125925929,0.002358926802681457
