id,probability_maraud,successful_mating,next_foraging_time,foraging_events,foraging_hrs,foraging_sqhrs,staying_events,staying_hrs,staying_sqhrs,repairing_events,repairing_hrs,repairing_sqhrs,marauding_events,marauding_hrs,marauding_sqhrs,traveling_events,traveling_hrs,traveling_sqhrs
0,0.0,11,360.2542481713639,563.0,69.16297739035741,14.064137103785471,1126.0,187.0543624836336,40.111653116037225,609.0,103.87526123599449,22.73862912011283,0.0,0.0,0.0,0.0,0.0,0.0
1,0.054,7,360.66599597707693,557.0,72.00049395152571,14.38030268910195,1404.0,244.38328113867018,54.04121736274465,256.0,42.35910253502543,8.992361436853896,10.0,0.9999999999999999,0.10000000000000003,74.0,0.4018314816481484,0.002182007292480348
2,0.054,12,360.30814444314376,561.0,71.23406400130236,14.642083379633796,1475.0,244.7696012745892,51.965905579256365,257.0,42.57178633999169,8.800014927170123,12.0,1.2,0.12000000000000005,63.0,0.3420997749166669,0.001857654857111648
3,0.054,8,360.1798678137002,570.0,71.38459351405548,15.034495576548464,1323.0,221.17501307120185,46.51606250422508,400.0,66.69526006469741,14.127873142842656,4.0,0.4,0.04000000000000001,65.0,0.3529600852314817,0.0019166280271786843
4,0.054,10,359.97641586727764,566.0,73.38888481539456,16.062061379262637,1183.0,199.17764749735193,42.367537590209515,497.0,86.19066284705951,18.873629626491365,10.0,0.9999999999999999,0.10000000000000003,68.0,0.36925055070370394,0.002005087782279239
5,0.054,7,359.9206243543835,560.0,69.31051288007852,14.286907763101267,1321.0,222.01762637146993,47.60679485457947,417.0,67.00379550502076,13.778858495969889,12.0,1.2,0.12000000000000005,93.0,0.5050044296388893,0.002742252408117193
6,0.054,10,360.04478318482944,553.0,66.83219831525578,13.33686261183741,1439.0,248.25141200917574,53.86817643574143,249.0,42.714360241766336,9.142747618370347,18.0,1.8000000000000005,0.1800000000000001,76.0,0.41269179196296324,0.002240980462547384
7,0.054,7,360.55189474585393,557.0,73.52146725576996,16.418454051128506,1537.0,253.89620681988345,53.23029193690175,185.0,30.934389649318216,6.5820984570155785,13.0,1.3,0.13000000000000006,89.0,0.4832838090092596,0.0026243060679831203
