id,probability_maraud,successful_mating,next_foraging_time,foraging_events,foraging_hrs,foraging_sqhrs,staying_events,staying_hrs,staying_sqhrs,repairing_events,repairing_hrs,repairing_sqhrs,marauding_events,marauding_hrs,marauding_sqhrs,traveling_events,traveling_hrs,traveling_sqhrs
0,0.054,11,360.34282588126683,568.0,70.55627633018338,14.528865698191378,1395.0,235.15374105059203,50.60979314255955,320.0,52.81775115015141,11.067217996279037,10.0,0.9999999999999999,0.10000000000000003,87.0,0.4724234986944448,0.002565332897916084
1,0.054,8,360.18577932061396,565.0,68.97586831051485,14.19118168512913,1338.0,227.7998649330278,49.152754800510635,371.0,61.57800668378363,13.09679727116048,13.0,1.3,0.13000000000000006,91.0,0.4941441193240744,0.0026832792380501566
2,0.054,13,360.0480606712653,569.0,67.5068706915697,12.807908603743513,1371.0,235.25302334744293,50.844475567661945,353.0,55.0990787292169,11.015179553083833,18.0,1.8000000000000005,0.1800000000000001,85.0,0.46156318837962995,0.0025063597278490476
3,0.054,12,360.5112697041148,576.0,68.13478536276655,13.53076924913557,1305.0,223.53915716141506,48.49725505627185,386.0,67.27357325710291,14.732609447107945,8.0,0.7999999999999999,0.08000000000000002,78.0,0.42355210227777806,0.0022999536326144205
4,0.0,5,359.97739958180364,565.0,67.60365237171733,13.736696229140154,1262.0,213.54138906190238,46.22379583683436,473.0,78.92063018689137,16.55722758921362,0.0,0.0,0.0,0.0,0.0,0.0
5,0.054,8,359.99828531225825,556.0,74.18312489269938,17.067847953953837,1305.0,223.54811971695693,48.4658505361666,342.0,60.961299444927256,13.310773928677227,10.0,0.9999999999999999,0.10000000000000003,78.0,0.42355210227777806,0.0022999536326144205
6,0.054,8,360.4170518533346,576.0,71.0359821874658,13.791686655032038,1333.0,220.2633009798126,46.398423590256044,405.0,67.12987078951801,13.986412463139569,13.0,1.3,0.13000000000000006,69.0,0.37468070586111135,0.002034574367312757
7,0.054,7,360.65240723836183,570.0,72.87609815662532,15.371587802214929,1203.0,200.0300680099074,42.58964217364251,500.0,85.29389690554395,18.46141326034428,15.0,1.5000000000000002,0.15000000000000008,87.0,0.4724234986944448,0.002565332897916084
