id,probability_maraud,successful_mating,next_foraging_time,foraging_events,foraging_hrs,foraging_sqhrs,staying_events,staying_hrs,staying_sqhrs,repairing_events,repairing_hrs,repairing_sqhrs,marauding_events,marauding_hrs,marauding_sqhrs,traveling_events,traveling_hrs,traveling_sqhrs
0,0.0,18,360.3924987226925,562.0,72.49715370646449,16.290829557888912,582.0,95.2036863725982,20.387394527871873,1123.0,192.30828074494627,41.76723625405733,0.0,0.0,0.0,0.0,0.0,0.0
1,0.054,54,360.1864784186536,565.0,69.59934546217484,14.515745219061358,1691.0,289.0385513627723,62.168719548874776,0.0,0.0,0.0,8.0,0.7999999999999999,0.08000000000000002,105.0,0.5701662915277782,0.003096091428519411
2,0.054,0,360.07740365945205,564.0,74.11888707307384,16.4478815725686,1674.0,285.0782306914087,61.61722038463403,0.0,0.0,0.0,4.0,0.4,0.04000000000000001,87.0,0.4724234986944448,0.002565332897916084
3,0.054,0,360.46778860795064,556.0,72.53121254883507,16.03808704578893,1702.0,286.816399484452,61.62448754239808,0.0,0.0,0.0,5.0,0.5,0.05000000000000001,79.0,0.4289822574351855,0.0023294402176479386
4,0.054,0,360.46093380742826,572.0,70.68962803945509,14.929563494514795,1709.0,288.7097784784546,61.95612384575319,0.0,0.0,0.0,3.0,0.30000000000000004,0.030000000000000006,66.0,0.3583902403888891,0.0019461146122122025
5,0.054,0,360.19031161020484,568.0,69.88177789539466,14.538819192111193,1758.0,289.4849353471713,60.401658184210106,0.0,0.0,0.0,2.0,0.2,0.020000000000000004,102.0,0.553875826055556,0.0030076316734188565
6,0.054,0,360.0852699191898,563.0,67.80468427523788,13.761533275375067,1700.0,291.53079734560833,62.49658686316308,0.0,0.0,0.0,4.0,0.4,0.04000000000000001,87.0,0.4724234986944448,0.002565332897916084
7,0.054,0,360.44466816966104,565.0,72.42317306166859,15.121717844646659,1714.0,286.49471700966234,61.42161312510063,0.0,0.0,0.0,6.0,0.6,0.06000000000000001,94.0,0.5104345847962967,0.002771738993150711
