id,probability_maraud,successful_mating,next_foraging_time,foraging_events,foraging_hrs,foraging_sqhrs,staying_events,staying_hrs,staying_sqhrs,repairing_events,repairing_hrs,repairing_sqhrs,marauding_events,marauding_hrs,marauding_sqhrs,traveling_events,traveling_hrs,traveling_sqhrs
0,0.054,11,360.1326582396713,574.0,70.45517078922849,14.48424237273542,1245.0,215.43965692773236,46.81732468844885,455.0,73.00940305378268,15.064382126596664,8.0,0.7999999999999999,0.08000000000000002,71.0,0.3855410161759262,0.0020935475373797933
1,0.054,8,360.05274746680504,561.0,68.35428405129412,13.601466237126438,1505.0,253.85131633926045,53.944704948053676,219.0,36.641891063339436,7.874486484283613,10.0,0.9999999999999999,0.10000000000000003,78.0,0.42355210227777806,0.0022999536326144205
2,0.054,10,360.4380378457793,556.0,69.95812244170267,14.314458562965159,1399.0,233.53957240166133,49.405297081930186,337.0,55.068341654281696,11.66797198682909,13.0,1.3,0.13000000000000006,83.0,0.4507028780648151,0.0024473865577820113
3,0.054,12,359.77409218804956,571.0,71.61812117477776,15.27707660178215,1291.0,217.9644658334387,46.276404817662524,403.0,68.65648004151292,14.666526648399046,13.0,1.3,0.13000000000000006,92.0,0.49957427448148184,0.002712765823083675
4,0.0,8,360.70122364710414,571.0,71.35268720240987,15.306741845348812,1364.0,227.46123751186937,47.90642436839593,368.0,61.27208220135983,12.953117041205443,0.0,0.0,0.0,0.0,0.0,0.0
5,0.054,3,360.5377464362051,566.0,70.29324737094008,14.460509923161835,1344.0,228.31930300915226,49.37501883282293,362.0,59.92371470973108,12.956042709237703,12.0,1.2,0.12000000000000005,77.0,0.41812194712037065,0.0022704670475809023
6,0.054,14,360.2054427313561,564.0,71.27655137264117,14.921689927279441,1450.0,244.2698827670825,52.333464873498166,259.0,42.86877006243871,8.803435475129465,13.0,1.3,0.13000000000000006,72.0,0.3909711713333336,0.0021230341224133115
7,0.054,6,360.1902239007203,558.0,68.66194161510218,13.989636983762903,1271.0,216.68360964446074,47.360316617873174,432.0,73.32932354808787,16.050897024414315,9.0,0.8999999999999999,0.09000000000000002,84.0,0.45613303322222254,0.0024768731428155295
