id,probability_maraud,successful_mating,next_foraging_time,foraging_events,foraging_hrs,foraging_sqhrs,staying_events,staying_hrs,staying_sqhrs,repairing_events,repairing_hrs,repairing_sqhrs,marauding_events,marauding_hrs,marauding_sqhrs,traveling_events,traveling_hrs,traveling_sqhrs
0,0.054,13,360.0637890639396,555.0,72.17804664705882,15.05088516844346,422.0,73.06447101299294,15.801956295020947,1252.0,213.79839445150412,46.004743884147736,8.0,0.7999999999999999,0.08000000000000002,34.0,0.18462527535185194,0.0010025438911396211
1,0.0,59,359.9935356340414,555.0,71.29421833656532,15.213230942808243,1424.0,244.43941421177465,52.341933686402925,264.0,44.326322080198,9.422289941500079,0.0,0.0,0.0,0.0,0.0,0.0
2,0.054,0,360.42288253200377,571.0,70.756468461332,14.6447658501576,1685.0,288.7485271011048,61.50709329518274,0.0,0.0,0.0,2.0,0.2,0.020000000000000004,87.0,0.4724234986944448,0.002565332897916084
3,0.054,0,360.8771618401281,575.0,72.0757671016205,15.29827103029166,1719.0,287.2264426169611,61.049620964997004,0.0,0.0,0.0,4.0,0.4,0.04000000000000001,105.0,0.5701662915277782,0.003096091428519411
4,0.054,0,359.91597099567355,562.0,68.02692737654323,13.862034861102142,1719.0,291.2147166461107,61.94644201520339,0.0,0.0,0.0,3.0,0.30000000000000004,0.030000000000000006,92.0,0.49957427448148184,0.002712765823083675
5,0.054,0,360.4273509283985,560.0,73.58354574540883,17.230114290434887,1703.0,285.3043453020894,61.24459115010453,0.0,0.0,0.0,6.0,0.6,0.06000000000000001,106.0,0.5755964466851856,0.003125578013552929
6,0.054,0,360.6218417488348,564.0,72.88956704039042,15.466401781694659,1688.0,285.9086603468046,62.09588053797061,0.0,0.0,0.0,7.0,0.7,0.07,98.0,0.5321552054259263,0.002889685333284784
7,0.054,0,359.8270651573862,574.0,71.6282807323498,15.694617192281566,1738.0,286.56947450977054,60.36677769293907,0.0,0.0,0.0,13.0,1.3,0.13000000000000006,107.0,0.581026601842593,0.0031550645985864473
