id,probability_maraud,successful_mating,next_foraging_time,foraging_events,foraging_hrs,foraging_sqhrs,staying_events,staying_hrs,staying_sqhrs,repairing_events,repairing_hrs,repairing_sqhrs,marauding_events,marauding_hrs,marauding_sqhrs,traveling_events,traveling_hrs,traveling_sqhrs
0,0.054,18,360.17191983816895,574.0,69.04709019935044,13.378600452359004,574.0,95.20432662153176,19.78093133268375,1178.0,195.0876699258853,40.90314833562639,6.0,0.6,0.06000000000000001,32.0,0.17376496503703712,0.0009435707210725847
1,0.054,54,360.5270885570155,582.0,70.13685542969998,13.944286397568447,1491.0,252.91781900647388,54.566147639427285,215.0,36.401125665153565,7.58624695194307,5.0,0.5,0.05000000000000001,69.0,0.37468070586111135,0.002034574367312757
2,0.0,0,360.4083623593269,574.0,72.63756478858996,15.04452083357988,1738.0,287.4291444071787,60.17003845224408,0.0,0.0,0.0,0.0,0.0,0.0,0.0,0.0,0.0
3,0.054,0,360.21004726868944,575.0,72.97314685062749,14.738379652032593,1684.0,286.2535459211009,61.07660962591708,0.0,0.0,0.0,5.0,0.5,0.05000000000000001,99.0,0.5375853605833337,0.002919171918318302
4,0.054,0,360.44602457698164,563.0,70.46184274340197,15.131933795956702,1684.0,288.54309691838785,62.48337610101597,0.0,0.0,0.0,5.0,0.5,0.05000000000000001,113.0,0.6136075327870375,0.0033319841087875563
5,0.054,0,360.40779302102874,561.0,71.56403889882361,15.517451580214919,1707.0,287.7342950229026,61.26767207644894,0.0,0.0,0.0,3.0,0.30000000000000004,0.030000000000000006,102.0,0.553875826055556,0.0030076316734188565
6,0.054,0,360.082654535426,571.0,65.1254675275521,12.035660765901836,1678.0,293.26075738753576,63.91669801138684,0.0,0.0,0.0,11.0,1.0999999999999999,0.11000000000000004,106.0,0.5755964466851856,0.003125578013552929
7,0.054,0,359.9413600152313,564.0,69.48814585735427,14.050419621781899,1726.0,289.6475946075932,62.28361017668675,0.0,0.0,0.0,3.0,0.30000000000000004,0.030000000000000006,108.0,0.5864567570000004,0.0031845511836199655
