id,probability_maraud,successful_mating,next_foraging_time,foraging_events,foraging_hrs,foraging_sqhrs,staying_events,staying_hrs,staying_sqhrs,repairing_events,repairing_hrs,repairing_sqhrs,marauding_events,marauding_hrs,marauding_sqhrs,traveling_events,traveling_hrs,traveling_sqhrs
0,0.054,23,360.47278679149906,545.0,69.29337508609261,14.676103384216965,457.0,79.81308624710869,17.392996812940126,1233.0,210.01490996355435,45.20052568082364,8.0,0.7999999999999999,0.08000000000000002,30.0,0.1629046547222223,0.0008845975510055481
1,0.054,49,360.46820329739063,577.0,68.3854945156576,13.605270237109366,1423.0,241.37340946530236,51.94617014440405,289.0,49.22633087170044,10.647881628933252,6.0,0.6,0.06000000000000001,81.0,0.4398425677500003,0.002388413387714975
2,0.054,0,360.8562792400496,558.0,72.50358434759379,15.710823752318968,1693.0,287.20346338554714,61.96126329827865,0.0,0.0,0.0,2.0,0.2,0.020000000000000004,78.0,0.42355210227777806,0.0022999536326144205
3,0.0,0,360.4850210238868,562.0,70.45670053628456,14.703526901372044,1713.0,289.6931567080764,62.80500305184321,0.0,0.0,0.0,0.0,0.0,0.0,0.0,0.0,0.0
4,0.054,0,360.39884994902917,571.0,70.52720884173105,14.630117435951268,1702.0,288.6126593510236,61.48061951944476,0.0,0.0,0.0,4.0,0.4,0.04000000000000001,86.0,0.46699334353703736,0.002535846312882566
5,0.054,0,360.0448878291627,564.0,74.27329709820503,16.848305781465637,1685.0,284.43215137769,61.00262520116152,0.0,0.0,0.0,9.0,0.8999999999999999,0.09000000000000002,86.0,0.46699334353703736,0.002535846312882566
6,0.054,0,360.54318072708645,564.0,67.35622836075808,13.975806410129989,1717.0,291.4417089293103,62.96909704739169,0.0,0.0,0.0,7.0,0.7,0.07,115.0,0.6244678431018523,0.0033909572788545926
7,0.054,0,360.14087913647506,572.0,69.487311369968,13.22079173150336,1742.0,289.334914916851,60.62027635221726,0.0,0.0,0.0,7.0,0.7,0.07,116.0,0.6298979982592597,0.003420443863888111
