id,probability_maraud,successful_mating,next_foraging_time,foraging_events,foraging_hrs,foraging_sqhrs,staying_events,staying_hrs,staying_sqhrs,repairing_events,repairing_hrs,repairing_sqhrs,marauding_events,marauding_hrs,marauding_sqhrs,traveling_events,traveling_hrs,traveling_sqhrs
0,0.054,4,360.126092696816,551.0,71.16015946068785,14.25952305694921,1230.0,208.3682567534084,45.189185227916504,481.0,79.19833034543117,16.77003585639782,10.0,0.9999999999999999,0.10000000000000003,63.0,0.3420997749166669,0.001857654857111648
1,0.0,5,360.11127929064065,558.0,73.68316910429361,15.489677559233296,1448.0,243.67894571207844,51.45569722868367,250.0,42.64421772363299,9.049848871331013,0.0,0.0,0.0,0.0,0.0,0.0
2,0.054,12,360.2179371865029,564.0,66.99670520960505,12.882432157377012,1406.0,236.7752941453183,50.196415277572264,314.0,54.96022787989418,12.081232492039836,10.0,0.9999999999999999,0.10000000000000003,77.0,0.41812194712037065,0.0022704670475809023
3,0.054,15,360.1392419660502,563.0,71.19548776890804,15.149496232069051,1280.0,213.928453219346,44.74045719229768,415.0,73.24837812049488,16.151652628406676,14.0,1.4000000000000001,0.14000000000000007,66.0,0.3583902403888891,0.0019461146122122025
4,0.054,3,360.00095864600803,563.0,73.8410371140469,16.488066618946384,1285.0,217.94283775855175,47.3307359943651,394.0,66.90358074028907,14.318186145716917,11.0,1.0999999999999999,0.11000000000000004,72.0,0.3909711713333336,0.0021230341224133115
5,0.054,13,360.60917212950386,574.0,73.98106007569871,15.69101281570661,1361.0,223.84297883486695,46.68829895330302,359.0,60.76786994227674,12.847970743079552,11.0,1.0999999999999999,0.11000000000000004,83.0,0.4507028780648151,0.0024473865577820113
6,0.054,9,360.09109918394336,555.0,71.40995409833337,14.470039189270171,1368.0,232.32006008664183,49.89261358927513,327.0,54.98675019724671,11.846108401846495,9.0,0.8999999999999999,0.09000000000000002,83.0,0.4507028780648151,0.0024473865577820113
7,0.054,11,360.64624389933704,568.0,68.3007210738538,13.362792957289457,1442.0,240.82523106094845,51.042214056535244,289.0,49.18771375423554,10.64332050248932,14.0,1.4000000000000001,0.14000000000000007,83.0,0.4507028780648151,0.0024473865577820113
