id,probability_maraud,successful_mating,next_foraging_time,foraging_events,foraging_hrs,foraging_sqhrs,staying_events,staying_hrs,staying_sqhrs,repairing_events,repairing_hrs,repairing_sqhrs,marauding_events,marauding_hrs,marauding_sqhrs,traveling_events,traveling_hrs,traveling_sqhrs
0,0.054,12,360.0079188801158,564.0,73.00003368351256,15.729153820414432,444.0,78.35951555559924,17.418006686582597,1243.0,208.3236438893556,44.67925224426607,2.0,0.2,0.020000000000000004,23.0,0.12489356862037042,0.0006781914557709202
1,0.054,60,360.48857670305483,568.0,68.6383302182348,13.963630144640701,1616.0,278.0085817943339,61.00939945023819,72.0,12.141443306260788,2.697682136399261,9.0,0.8999999999999999,0.09000000000000002,107.0,0.581026601842593,0.0031550645985864473
2,0.0,0,360.5061472937307,562.0,72.83190573164251,15.460862675474987,1713.0,287.18930118915347,60.95647551374936,0.0,0.0,0.0,0.0,0.0,0.0,0.0,0.0,0.0
3,0.054,0,360.4952433002984,594.0,66.0568143873619,11.760463923400398,1744.0,292.991285384523,62.22577578748357,0.0,0.0,0.0,6.0,0.6,0.06000000000000001,108.0,0.5864567570000004,0.0031845511836199655
4,0.054,0,360.31363260888367,558.0,69.70066757297022,14.99981477034989,1679.0,289.2595958978416,62.80063504513712,0.0,0.0,0.0,6.0,0.6,0.06000000000000001,109.0,0.5918869121574079,0.0032140377686534836
5,0.054,0,360.2797316630699,571.0,71.47689479690725,14.948819193847733,1675.0,287.76772347574763,62.35935155614299,0.0,0.0,0.0,4.0,0.4,0.04000000000000001,94.0,0.5104345847962967,0.002771738993150711
6,0.054,0,360.3824010972189,568.0,73.54803811738995,15.891047453429183,1712.0,285.67810854142976,59.942349598964995,0.0,0.0,0.0,4.0,0.4,0.04000000000000001,94.0,0.5104345847962967,0.002771738993150711
7,0.054,0,360.39704241510395,567.0,70.89958040113633,14.56701222232437,1728.0,287.91187508396365,60.93669874601378,0.0,0.0,0.0,6.0,0.6,0.06000000000000001,118.0,0.6407583085740746,0.003479417033955147
