id,probability_maraud,successful_mating,next_foraging_time,foraging_events,foraging_hrs,foraging_sqhrs,staying_events,staying_hrs,staying_sqhrs,repairing_events,repairing_hrs,repairing_sqhrs,marauding_events,marauding_hrs,marauding_sqhrs,traveling_events,traveling_hrs,traveling_sqhrs
0,0.054,12,360.48850072951,559.0,70.75320623919401,14.730992857273282,499.0,87.41534553747455,19.209159750890617,1174.0,201.24375862642086,43.529272326778255,6.0,0.6,0.06000000000000001,28.0,0.15204434440740747,0.0008256243809385116
1,0.054,60,360.6860549155143,574.0,68.62728610980109,13.567055189247736,1482.0,254.48860330361805,54.53163882305144,209.0,36.26077761647069,7.856827506017054,3.0,0.30000000000000004,0.030000000000000006,86.0,0.46699334353703736,0.002535846312882566
2,0.0,0,360.2714365597083,552.0,71.27502786661492,14.82520394664001,1728.0,288.7859596988658,61.89051285855798,0.0,0.0,0.0,0.0,0.0,0.0,0.0,0.0,0.0
3,0.054,0,360.69677265454254,557.0,73.67773993645015,15.936324558047897,1686.0,285.2449862874628,61.12495390301269,0.0,0.0,0.0,6.0,0.6,0.06000000000000001,97.0,0.5267250502685189,0.0028601987482512656
4,0.054,0,360.1718947749257,577.0,69.33933744763142,13.52640037396318,1709.0,289.9593987798088,62.126207827809466,0.0,0.0,0.0,3.0,0.30000000000000004,0.030000000000000006,93.0,0.5050044296388893,0.002742252408117193
5,0.054,0,360.0523295441506,560.0,70.1977170256455,14.52109572114531,1664.0,288.8198363849793,63.661009169810505,0.0,0.0,0.0,7.0,0.7,0.07,89.0,0.4832838090092596,0.0026243060679831203
6,0.054,0,359.87094399549403,558.0,71.94040139171291,15.235180977946637,1694.0,286.9233958399491,61.17292730833524,0.0,0.0,0.0,7.0,0.7,0.07,85.0,0.46156318837962995,0.0025063597278490476
7,0.054,0,360.45732445797205,556.0,71.09374656219961,14.294111746058107,1693.0,287.7419044508336,61.34275155750647,0.0,0.0,0.0,7.0,0.7,0.07,102.0,0.553875826055556,0.0030076316734188565
