id,probability_maraud,successful_mating,next_foraging_time,foraging_events,foraging_hrs,foraging_sqhrs,staying_events,staying_hrs,staying_sqhrs,repairing_events,repairing_hrs,repairing_sqhrs,marauding_events,marauding_hrs,marauding_sqhrs,traveling_events,traveling_hrs,traveling_sqhrs
0,0.054,13,360.1574186943038,574.0,71.50710636069935,14.457234690480076,376.0,68.19938921459591,15.420738084392168,1319.0,220.0301458405818,46.672656939313555,2.0,0.2,0.020000000000000004,20.0,0.10860310314814818,0.0005897317006703654
1,0.054,59,359.9505750584839,557.0,68.69165299383123,13.679882111075866,1631.0,278.52858322829286,60.74390815088468,71.0,12.118666209947492,2.4010678715611395,4.0,0.4,0.04000000000000001,77.0,0.41812194712037065,0.0022704670475809023
2,0.054,0,360.2006360443098,567.0,69.34707208097454,14.068646636776988,1698.0,289.66559980081854,62.379417310940475,0.0,0.0,0.0,6.0,0.6,0.06000000000000001,96.0,0.5212948951111115,0.0028307121632177475
3,0.054,0,360.1257215653819,575.0,65.49304287131704,12.27821573401348,1742.0,293.6822601093996,62.63136052528498,0.0,0.0,0.0,5.0,0.5,0.05000000000000001,95.0,0.5158647399537041,0.0028012255781842293
4,0.0,0,360.2581132726473,552.0,69.16726524869406,14.48501014014471,1707.0,290.89407662890744,62.821481817285004,0.0,0.0,0.0,0.0,0.0,0.0,0.0,0.0,0.0
5,0.054,0,360.18406857009234,578.0,67.77961384245293,13.24210331115134,1717.0,291.39599602417337,62.71108882090853,0.0,0.0,0.0,5.0,0.5,0.05000000000000001,92.0,0.49957427448148184,0.002712765823083675
6,0.054,0,360.2673754728422,568.0,69.21715969370642,13.862163365210229,1712.0,289.54823290451696,61.560547137165955,0.0,0.0,0.0,8.0,0.7999999999999999,0.08000000000000002,92.0,0.49957427448148184,0.002712765823083675
7,0.054,0,360.3571008021295,566.0,69.8225771436751,14.657547540722582,1705.0,289.1381810445179,62.522976177615185,0.0,0.0,0.0,8.0,0.7999999999999999,0.08000000000000002,89.0,0.4832838090092596,0.0026243060679831203
