id,probability_maraud,successful_mating,next_foraging_time,foraging_events,foraging_hrs,foraging_sqhrs,staying_events,staying_hrs,staying_sqhrs,repairing_events,repairing_hrs,repairing_sqhrs,marauding_events,marauding_hrs,marauding_sqhrs,traveling_events,traveling_hrs,traveling_sqhrs
0,0.054,10,360.77978256358784,568.0,68.73324575322206,14.049730685213696,1149.0,198.4678368839968,42.82157013168721,545.0,91.59610622177546,19.759363316222526,12.0,1.2,0.12000000000000005,51.0,0.2769379130277779,0.00150381583670943
1,0.054,11,360.3447964079507,563.0,72.59403269805412,16.180012590223715,1321.0,224.14101683948886,48.5989867150318,366.0,61.29811264982303,12.86931188555255,16.0,1.6000000000000003,0.1600000000000001,70.0,0.38011086101851876,0.002064060952346275
2,0.054,8,360.08122338785915,569.0,67.52459438381892,13.365183156809593,1353.0,226.84142225884707,48.748375801955916,373.0,63.75307903972499,13.423918970540482,16.0,1.6000000000000003,0.1600000000000001,85.0,0.46156318837962995,0.0025063597278490476
3,0.0,5,360.5786864537271,558.0,74.02246594329986,15.925799245908484,1301.0,218.79811785306586,46.64817353829859,388.0,67.41284941967173,15.303125407739127,0.0,0.0,0.0,0.0,0.0,0.0
4,0.054,11,360.23047027670975,568.0,67.47563334778869,13.569128673540245,1357.0,230.64797358426287,49.659215207824744,365.0,60.67806230388602,12.484851854420805,9.0,0.8999999999999999,0.09000000000000002,68.0,0.36925055070370394,0.002005087782279239
5,0.054,7,360.3917799551147,554.0,70.59205850612176,15.626793065848021,1273.0,214.3195518549839,45.938458442705446,422.0,73.24355713966155,15.776361164855269,15.0,1.5000000000000002,0.15000000000000008,84.0,0.45613303322222254,0.0024768731428155295
6,0.054,8,360.193412051953,568.0,72.19095727545792,14.467733880247742,1425.0,237.5642449898408,50.56920462442291,298.0,48.931288428572664,10.069874243640873,10.0,0.9999999999999999,0.10000000000000003,69.0,0.37468070586111135,0.002034574367312757
7,0.054,12,360.11512794227644,561.0,70.935466688922,14.67518793782981,1356.0,233.39637615702625,51.23167603622177,322.0,54.67928053877052,11.69900899151555,8.0,0.7999999999999999,0.08000000000000002,67.0,0.3638203955462965,0.0019756011972457206
