id,probability_maraud,successful_mating,next_foraging_time,foraging_events,foraging_hrs,foraging_sqhrs,staying_events,staying_hrs,staying_sqhrs,repairing_events,repairing_hrs,repairing_sqhrs,marauding_events,marauding_hrs,marauding_sqhrs,traveling_events,traveling_hrs,traveling_sqhrs
0,0.054,16,360.15005149346234,569.0,70.46510775974505,14.527344391440792,541.0,93.87656952378686,20.259068940191096,1132.0,194.64885605793182,42.6291822654835,8.0,0.7999999999999999,0.08000000000000002,42.0,0.22806651661111124,0.0012384365714077665
1,0.054,56,360.5402287556823,570.0,67.06937162863655,13.42953798382777,1463.0,243.58527233120785,52.01855143132036,290.0,48.342337114012,10.298858427178653,6.0,0.6,0.06000000000000001,78.0,0.42355210227777806,0.0022999536326144205
2,0.054,0,360.0257778976501,563.0,72.95199560229614,16.1947680601863,1652.0,286.06295222972875,63.11731828841911,0.0,0.0,0.0,7.0,0.7,0.07,76.0,0.41269179196296324,0.002240980462547384
3,0.054,0,360.45633304970244,573.0,68.69436517936275,14.485426286689874,1712.0,290.17390304209545,63.15351964076643,0.0,0.0,0.0,7.0,0.7,0.07,97.0,0.5267250502685189,0.0028601987482512656
4,0.054,0,360.32740283686184,571.0,69.52581666571518,14.467619581306524,1710.0,289.62611552800547,62.24818719159906,0.0,0.0,0.0,4.0,0.4,0.04000000000000001,92.0,0.49957427448148184,0.002712765823083675
5,0.054,0,360.4608035741751,570.0,71.90925615252259,14.982870824882829,1686.0,287.2386238897618,61.71000610075283,0.0,0.0,0.0,4.0,0.4,0.04000000000000001,89.0,0.4832838090092596,0.0026243060679831203
6,0.054,0,360.22413322977326,557.0,74.9270621799328,16.608243760447476,1670.0,284.17176675543396,61.12315935336139,0.0,0.0,0.0,4.0,0.4,0.04000000000000001,105.0,0.5701662915277782,0.003096091428519411
7,0.0,0,359.84251831654336,559.0,68.23085808543492,13.906268795796594,1730.0,291.7765627030134,62.333075062995896,0.0,0.0,0.0,0.0,0.0,0.0,0.0,0.0,0.0
