id,probability_maraud,successful_mating,next_foraging_time,foraging_events,foraging_hrs,foraging_sqhrs,staying_events,staying_hrs,staying_sqhrs,repairing_events,repairing_hrs,repairing_sqhrs,marauding_events,marauding_hrs,marauding_sqhrs,traveling_events,traveling_hrs,traveling_sqhrs
0,0.054,11,359.9041544512892,564.0,69.62965926085349,14.297648709651737,1379.0,238.9356709076994,52.14292299789953,290.0,50.061718167753995,10.827122640180242,11.0,1.0999999999999999,0.11000000000000004,78.0,0.42355210227777806,0.0022999536326144205
1,0.054,7,360.0059536719725,561.0,72.32238819626721,15.801284511066662,1242.0,212.29788507734855,46.52365502584025,431.0,73.36426305383341,15.594857551837046,16.0,1.6000000000000003,0.1600000000000001,87.0,0.4724234986944448,0.002565332897916084
2,0.054,5,360.2969133265109,553.0,72.40688588850468,16.078704584691714,1319.0,225.13136303603827,48.54380730197663,347.0,61.094159621163364,13.229056309800473,11.0,1.0999999999999999,0.11000000000000004,81.0,0.4398425677500003,0.002388413387714975
3,0.0,5,360.34198191834116,579.0,73.00694763317507,14.705514871931923,1285.0,214.05496013403967,45.92349996810762,431.0,73.17186541629768,15.649652898275436,0.0,0.0,0.0,0.0,0.0,0.0
4,0.054,14,360.49654029671916,568.0,66.31913880800522,13.686246303747026,1264.0,213.46494241498223,45.9320929151994,474.0,78.85826872232958,16.554114882557045,10.0,0.9999999999999999,0.10000000000000003,74.0,0.4018314816481484,0.002182007292480348
5,0.054,11,360.0962280154676,569.0,71.07545184278607,14.399489233757034,1246.0,208.9322007397418,44.919565964308966,460.0,79.0984010757462,17.25654879999679,8.0,0.7999999999999999,0.08000000000000002,61.0,0.33123946460185205,0.0017986816870446116
6,0.054,7,360.0767181738261,567.0,75.4919659076485,16.48009180607697,1357.0,227.77189827324625,48.34529320758431,336.0,55.238626140506405,11.60803421048771,11.0,1.0999999999999999,0.11000000000000004,88.0,0.4778536538518522,0.002594819482949602
7,0.054,12,359.9989024501311,560.0,67.53588231945969,13.39478487637588,1457.0,241.6723340153759,51.550597629602784,271.0,48.42565242353444,10.87426041719304,19.0,1.9000000000000006,0.1900000000000001,99.0,0.5375853605833337,0.002919171918318302
