id,probability_maraud,successful_mating,next_foraging_time,foraging_events,foraging_hrs,foraging_sqhrs,staying_events,staying_hrs,staying_sqhrs,repairing_events,repairing_hrs,repairing_sqhrs,marauding_events,marauding_hrs,marauding_sqhrs,traveling_events,traveling_hrs,traveling_sqhrs
0,0.0,12,359.90027332427724,570.0,71.38777673804101,14.505887142572579,1353.0,227.2871428026095,48.57329132396836,354.0,61.42732599312945,13.419405337695627,0.0,0.0,0.0,0.0,0.0,0.0
1,0.054,7,360.20868009787745,560.0,69.52400972294657,14.750112152544332,1410.0,240.48230240461217,51.81892627570709,276.0,48.65079158418692,10.6230687741821,12.0,1.2,0.12000000000000005,80.0,0.4344124125925929,0.002358926802681457
2,0.054,8,360.46308378205777,556.0,68.97404685457518,14.351557162618793,1286.0,216.28868441191503,45.99764676979006,429.0,73.30298293138132,15.839809453767476,12.0,1.2,0.12000000000000005,85.0,0.46156318837962995,0.0025063597278490476
3,0.054,6,360.5227517536229,553.0,69.56604435134503,14.301375528176825,1272.0,216.63916466232692,46.48334803429541,438.0,72.2472014813429,15.354443700291727,12.0,1.2,0.12000000000000005,72.0,0.3909711713333336,0.0021230341224133115
4,0.054,10,360.46402166340266,566.0,71.23503176130296,15.325985788595396,1285.0,220.49183861867613,48.006946996234696,391.0,67.14742689430427,14.409883103117966,8.0,0.7999999999999999,0.08000000000000002,72.0,0.3909711713333336,0.0021230341224133115
5,0.054,13,360.3907555073104,550.0,66.64188948156998,13.83336285971783,1478.0,249.3720201268389,53.672495997853645,264.0,42.84185050258938,8.96061713871405,8.0,0.7999999999999999,0.08000000000000002,69.0,0.37468070586111135,0.002034574367312757
6,0.054,10,360.39516882299523,564.0,70.70417008029162,15.313416679989954,1452.0,245.1830486697045,52.57035162325734,264.0,42.97780218646584,8.83109309922875,10.0,0.9999999999999999,0.10000000000000003,57.0,0.3095188439722224,0.001680735346910539
7,0.054,6,359.97498728353867,560.0,72.42074716889886,15.841967854215067,1443.0,249.68069274526292,54.65543547038374,217.0,36.54464456304934,7.3929617314354195,11.0,1.0999999999999999,0.11000000000000004,93.0,0.5050044296388893,0.002742252408117193
