id,probability_maraud,successful_mating,next_foraging_time,foraging_events,foraging_hrs,foraging_sqhrs,staying_events,staying_hrs,staying_sqhrs,repairing_events,repairing_hrs,repairing_sqhrs,marauding_events,marauding_hrs,marauding_sqhrs,traveling_events,traveling_hrs,traveling_sqhrs
0,0.054,6,360.0630326890273,560.0,72.84947990743767,16.38256536047548,1248.0,212.722570046434,46.002697193468485,426.0,73.08733065980253,15.657475939390748,13.0,1.3,0.13000000000000006,61.0,0.33123946460185205,0.0017986816870446116
1,0.054,11,360.4959587143177,573.0,72.93576929855412,15.33982977085852,1543.0,260.1440132127874,55.595367069735644,150.0,24.322489009644812,4.884311623768719,22.0,2.2000000000000006,0.22000000000000014,78.0,0.42355210227777806,0.0022999536326144205
2,0.054,11,359.93912147921264,571.0,70.75386440082538,13.853239840968692,1377.0,233.25072208625997,50.2520470212085,319.0,55.23798817662772,11.955916444164586,6.0,0.6,0.06000000000000001,78.0,0.42355210227777806,0.0022999536326144205
3,0.0,14,360.113691569087,562.0,70.81424349961854,14.063287075275694,1226.0,209.938777492507,45.10458296382727,452.0,79.37360617237607,17.76672703855265,0.0,0.0,0.0,0.0,0.0,0.0
4,0.054,10,360.272267418862,569.0,71.85670186233155,16.42493988142943,1308.0,220.03950171554595,46.90174749741119,380.0,67.2604866149939,14.839308739712308,6.0,0.6,0.06000000000000001,74.0,0.4018314816481484,0.002182007292480348
5,0.054,4,360.4932387560572,561.0,65.48293781505076,12.45454060162914,1411.0,237.42088814232892,50.07150752815667,335.0,55.456942605231674,11.823441144738245,12.0,1.2,0.12000000000000005,83.0,0.4507028780648151,0.0024473865577820113
6,0.054,11,360.0661397496754,579.0,71.43253326771965,14.68643133996565,1279.0,216.31964658567196,46.62947528283915,407.0,70.9645234002435,15.665436984061422,10.0,0.9999999999999999,0.10000000000000003,82.0,0.4452727229074077,0.002417899972748493
7,0.054,5,359.96520932778134,560.0,69.03655777892484,14.930439617967197,1336.0,222.25140904608688,47.05071343592344,394.0,67.21601299547717,14.547194813337015,12.0,1.2,0.12000000000000005,68.0,0.36925055070370394,0.002005087782279239
