id,probability_maraud,successful_mating,next_foraging_time,foraging_events,foraging_hrs,foraging_sqhrs,staying_events,staying_hrs,staying_sqhrs,repairing_events,repairing_hrs,repairing_sqhrs,marauding_events,marauding_hrs,marauding_sqhrs,traveling_events,traveling_hrs,traveling_sqhrs
0,0.054,10,360.2564359149539,585.0,67.2081558874131,13.295528350990867,1310.0,224.25133405127843,48.4487941166529,395.0,67.20545389793756,14.382869928930038,12.0,1.2,0.12000000000000005,74.0,0.4018314816481484,0.002182007292480348
1,0.054,9,360.28419893170144,565.0,70.81712995321026,15.104975771909832,1280.0,220.27136803294897,47.81463286717399,382.0,67.41062470691294,15.043311058151701,11.0,1.0999999999999999,0.11000000000000004,78.0,0.42355210227777806,0.0022999536326144205
2,0.054,5,360.63940385881745,566.0,68.30631915413582,13.642604539963804,1310.0,229.34243274285032,49.91254789602085,357.0,61.21292962627849,12.774653004987126,10.0,0.9999999999999999,0.10000000000000003,82.0,0.4452727229074077,0.002417899972748493
3,0.054,9,360.34149421088136,564.0,69.30216484223646,14.898280231405426,1433.0,240.44513423873008,51.24503730875313,300.0,48.51667470223517,10.262805956315447,12.0,1.2,0.12000000000000005,102.0,0.553875826055556,0.0030076316734188565
4,0.054,9,360.63816915404874,561.0,72.2329321704659,14.662286464020896,1215.0,206.79811295370467,44.37165426068709,471.0,79.22464491151685,16.56950859413063,14.0,1.4000000000000001,0.14000000000000007,76.0,0.41269179196296324,0.002240980462547384
5,0.0,7,360.21090206526407,575.0,67.46196543168162,13.062550903625812,1457.0,243.6001781918901,51.42610236540788,286.0,48.97486702096716,10.551408058718103,0.0,0.0,0.0,0.0,0.0,0.0
6,0.054,9,360.4785728407247,570.0,67.6388276257859,13.04909083755419,1306.0,222.83178886683652,48.41299508067165,387.0,67.82334640594078,15.215856120391221,13.0,1.3,0.13000000000000006,75.0,0.4072616368055558,0.002211493877513866
7,0.054,14,360.5230516168586,562.0,66.33007969043867,14.409096155625827,1367.0,231.15888083248,49.58368492089133,360.0,61.13063659344037,12.880670691469053,10.0,0.9999999999999999,0.10000000000000003,73.0,0.396401326490741,0.0021525207074468296
