id,probability_maraud,successful_mating,next_foraging_time,foraging_events,foraging_hrs,foraging_sqhrs,staying_events,staying_hrs,staying_sqhrs,repairing_events,repairing_hrs,repairing_sqhrs,marauding_events,marauding_hrs,marauding_sqhrs,traveling_events,traveling_hrs,traveling_sqhrs
0,0.054,9,360.4583715746457,580.0,72.64560977636646,15.289523398925324,1492.0,257.40089780558714,55.744506740666836,166.0,27.812622105271856,5.885893480988644,17.0,1.7000000000000004,0.1700000000000001,83.0,0.4507028780648151,0.0024473865577820113
1,0.054,10,360.2547662542892,565.0,67.99532066627668,14.966769959881962,1319.0,229.86403965694072,49.8954075776507,365.0,61.08884063451363,13.025298276856512,9.0,0.8999999999999999,0.09000000000000002,72.0,0.3909711713333336,0.0021230341224133115
2,0.0,8,360.4900534307836,563.0,69.5409729677653,14.403693016346914,1162.0,199.03062992852432,43.825642100520355,524.0,91.50625546240722,20.00613709553679,0.0,0.0,0.0,0.0,0.0,0.0
3,0.054,3,360.0679797435121,559.0,69.53732600532692,13.903473720651977,1173.0,203.1377395056811,44.31330081987978,501.0,85.64259975032932,18.516661693025178,14.0,1.4000000000000001,0.14000000000000007,66.0,0.3583902403888891,0.0019461146122122025
4,0.054,7,360.55696466443266,545.0,70.67084339702342,15.465450593504304,1207.0,208.89515803484954,45.58684919981815,470.0,79.26239648425228,16.841844956864367,9.0,0.8999999999999999,0.09000000000000002,71.0,0.3855410161759262,0.0020935475373797933
5,0.054,13,360.01320308229646,566.0,69.98266210604237,14.299318306104222,1545.0,264.49980579647587,56.42833704075086,145.0,24.27528391697058,5.1113899698476875,11.0,1.0999999999999999,0.11000000000000004,74.0,0.4018314816481484,0.002182007292480348
6,0.054,11,360.37436628616206,560.0,73.14941953141366,15.951413527746944,1388.0,230.41550959990562,48.48040362962547,313.0,54.96517851847127,12.004446203823145,10.0,0.9999999999999999,0.10000000000000003,91.0,0.4941441193240744,0.0026832792380501566
7,0.054,11,360.524471406599,557.0,75.40146436995059,16.757383690733377,1364.0,234.253462269709,51.15344077648824,282.0,49.07585981310413,10.717054605434209,9.0,0.8999999999999999,0.09000000000000002,73.0,0.396401326490741,0.0021525207074468296
