id,probability_maraud,successful_mating,next_foraging_time,foraging_events,foraging_hrs,foraging_sqhrs,staying_events,staying_hrs,staying_sqhrs,repairing_events,repairing_hrs,repairing_sqhrs,marauding_events,marauding_hrs,marauding_sqhrs,traveling_events,traveling_hrs,traveling_sqhrs
0,0.054,8,360.1285737639642,569.0,70.76221456091577,14.253344210362835,1367.0,231.3670177621641,49.78037047520755,358.0,56.545402622618816,11.340234507091873,9.0,0.8999999999999999,0.09000000000000002,87.0,0.4724234986944448,0.002565332897916084
1,0.054,7,360.35544966942564,574.0,66.62814068113231,13.887240698539525,1354.0,234.9384114293975,51.35001173969533,338.0,56.35894509929055,11.83906155404496,16.0,1.6000000000000003,0.1600000000000001,89.0,0.4832838090092596,0.0026243060679831203
2,0.054,12,359.786347120038,560.0,72.45549340450249,15.723733850016202,1385.0,236.51311674978595,51.353147470330285,288.0,48.90690959400472,10.26242426371077,17.0,1.7000000000000004,0.1700000000000001,87.0,0.4724234986944448,0.002565332897916084
3,0.054,7,360.18624716912046,578.0,68.4870385823659,13.038981253147155,1353.0,222.18662697029782,46.808817644486574,385.0,67.82567233912869,15.077231416283459,12.0,1.2,0.12000000000000005,89.0,0.4832838090092596,0.0026243060679831203
4,0.054,11,360.0377209019171,555.0,71.9071252204815,15.208700495511938,1195.0,201.4442525624169,43.23644562609215,506.0,85.42422920492598,18.418808160109776,9.0,0.8999999999999999,0.09000000000000002,72.0,0.3909711713333336,0.0021230341224133115
5,0.0,13,360.10129657344925,577.0,70.2235883649174,13.828573803782133,1241.0,210.5153097160971,45.008184118717665,482.0,79.2940192122468,16.636948398001365,0.0,0.0,0.0,0.0,0.0,0.0
6,0.054,8,360.57338356975737,558.0,70.84742130926884,14.709420530651933,1138.0,189.64224024407298,40.71493713678095,546.0,98.01559211843274,22.02104772798396,13.0,1.3,0.13000000000000006,63.0,0.3420997749166669,0.001857654857111648
7,0.054,6,360.229065499962,570.0,66.78616780970813,12.926010775130276,1475.0,248.83932190056075,52.478884576137006,252.0,42.47082096886132,8.859619998046645,14.0,1.4000000000000001,0.14000000000000007,95.0,0.5158647399537041,0.0028012255781842293
