id,probability_maraud,successful_mating,next_foraging_time,foraging_events,foraging_hrs,foraging_sqhrs,staying_events,staying_hrs,staying_sqhrs,repairing_events,repairing_hrs,repairing_sqhrs,marauding_events,marauding_hrs,marauding_sqhrs,traveling_events,traveling_hrs,traveling_sqhrs
0,0.054,13,359.9782204761823,575.0,66.15346464684887,12.390927083677349,1360.0,231.95141598061463,49.520956567679754,366.0,60.897079175086915,12.778765952325747,8.0,0.7999999999999999,0.08000000000000002,78.0,0.42355210227777806,0.0022999536326144205
1,0.054,4,360.2074353161286,569.0,71.57098645598894,14.773435354067372,1255.0,214.24112495780187,46.99302794835794,432.0,72.94687634431358,15.314243691149244,12.0,1.2,0.12000000000000005,67.0,0.3638203955462965,0.0019756011972457206
2,0.054,12,360.40242279757643,571.0,71.88411390509417,15.234526906231222,1418.0,244.15938163348864,52.703897740912225,246.0,42.31487086648329,9.26737153418847,11.0,1.0999999999999999,0.11000000000000004,104.0,0.5647361363703708,0.003066604843485893
3,0.0,10,360.16226762814716,562.0,67.87092758127498,13.139802743209396,1355.0,231.3845063781887,49.98166890194275,364.0,60.96555559791142,12.793433230146183,0.0,0.0,0.0,0.0,0.0,0.0
4,0.054,5,359.9908354762743,567.0,70.23352472183295,14.431549936971626,1306.0,226.80251968274297,49.61675175879016,362.0,60.93236811569308,13.036324829891601,16.0,1.6000000000000003,0.1600000000000001,83.0,0.4507028780648151,0.0024473865577820113
5,0.054,9,360.15076553883773,557.0,70.9177909275127,15.230648724476284,1344.0,226.5079552949254,48.13428629136395,352.0,61.13859055843461,13.480196647781126,11.0,1.0999999999999999,0.11000000000000004,80.0,0.4344124125925929,0.002358926802681457
6,0.054,7,360.4472243866983,570.0,73.03892000451137,16.63828217316119,1314.0,224.39941454728515,48.75283471210858,362.0,61.1489953453153,13.21942259994505,10.0,0.9999999999999999,0.10000000000000003,76.0,0.41269179196296324,0.002240980462547384
7,0.054,12,360.8929894694859,554.0,68.5790515832306,13.857216067549349,1338.0,228.8052546659306,49.27061951868053,370.0,61.44085969216234,12.971888582799602,11.0,1.0999999999999999,0.11000000000000004,81.0,0.4398425677500003,0.002388413387714975
