id,probability_maraud,successful_mating,next_foraging_time,foraging_events,foraging_hrs,foraging_sqhrs,staying_events,staying_hrs,staying_sqhrs,repairing_events,repairing_hrs,repairing_sqhrs,marauding_events,marauding_hrs,marauding_sqhrs,traveling_events,traveling_hrs,traveling_sqhrs
0,0.054,10,360.45593095750866,561.0,70.20474018857823,13.972904122985407,1271.0,209.97272439890077,44.138051381466155,458.0,78.72552530276465,17.099028536577872,10.0,0.9999999999999999,0.10000000000000003,65.0,0.3529600852314817,0.0019166280271786843
1,0.054,6,360.06702138317496,561.0,71.17274313050608,15.399455865950543,1191.0,208.55309176161816,45.56085592148897,482.0,79.30681145617184,16.74565893039584,7.0,0.7,0.07,66.0,0.3583902403888891,0.0019461146122122025
2,0.054,7,359.9393426205704,570.0,70.2798194651139,15.257104581274428,1382.0,233.99613181805057,49.90050181605041,320.0,54.64743786538191,11.775489404108137,7.0,0.7,0.07,75.0,0.4072616368055558,0.002211493877513866
3,0.054,12,359.9557770189051,571.0,65.41220275747162,12.981746742829944,1428.0,244.26485729524575,52.89868672173796,293.0,48.84428251492438,10.201979707267693,11.0,1.0999999999999999,0.11000000000000004,72.0,0.3909711713333336,0.0021230341224133115
4,0.0,10,360.6701691759374,558.0,75.02231324172729,16.743818626650558,1272.0,211.7301289477095,44.8752405329769,453.0,73.38608027675546,15.26900208107674,0.0,0.0,0.0,0.0,0.0,0.0
5,0.054,6,360.5716860385268,558.0,72.21510313079892,15.88122747862462,1373.0,231.21129567295614,49.00307345756381,320.0,54.8192302170434,12.019805880916069,15.0,1.5000000000000002,0.15000000000000008,74.0,0.4018314816481484,0.002182007292480348
6,0.054,12,360.69784875276133,552.0,66.38745064678095,13.722214484433724,1364.0,236.26536082681494,50.74551613277377,340.0,55.322066281585265,11.723547498901636,19.0,1.9000000000000006,0.1900000000000001,77.0,0.41812194712037065,0.0022704670475809023
7,0.054,9,360.00596525874244,580.0,69.44617735569483,13.865499094666461,1459.0,246.14209116564868,52.60951561547017,261.0,42.95575530774496,9.04218569725788,11.0,1.0999999999999999,0.11000000000000004,84.0,0.45613303322222254,0.0024768731428155295
