id,probability_maraud,successful_mating,next_foraging_time,foraging_events,foraging_hrs,foraging_sqhrs,staying_events,staying_hrs,staying_sqhrs,repairing_events,repairing_hrs,repairing_sqhrs,marauding_events,marauding_hrs,marauding_sqhrs,traveling_events,traveling_hrs,traveling_sqhrs
0,0.054,9,359.96177395166234,571.0,72.59042768954102,15.807955722739893,415.0,71.33790093252496,15.315124744939064,1297.0,215.9137575483484,45.40002964747438,2.0,0.2,0.020000000000000004,14.0,0.0760221722037037,0.0004128121904692558
1,0.054,63,360.28972827737954,559.0,73.79002998712802,15.688641714234826,1635.0,272.59518135037,58.2208175184808,76.0,12.414767263965738,2.638698339489015,6.0,0.6,0.06000000000000001,114.0,0.6190376879444449,0.0033614706938210745
2,0.0,0,360.0649052207921,572.0,71.56407716138015,15.008516242537672,1726.0,288.5809106386058,61.12257923178119,0.0,0.0,0.0,0.0,0.0,0.0,0.0,0.0,0.0
3,0.054,0,360.29405644408143,558.0,68.84214767151106,14.968344376273206,1732.0,289.8615396055517,62.295464190068216,0.0,0.0,0.0,8.0,0.7999999999999999,0.08000000000000002,93.0,0.5050044296388893,0.002742252408117193
4,0.054,0,360.3541372266405,565.0,71.60112563450387,14.680593638284515,1716.0,287.37704417554966,61.02778009250412,0.0,0.0,0.0,8.0,0.7999999999999999,0.08000000000000002,94.0,0.5104345847962967,0.002771738993150711
5,0.054,0,360.0704463068776,575.0,69.35581416832335,15.138399095333666,1720.0,289.7919439316852,62.113892877868224,0.0,0.0,0.0,5.0,0.5,0.05000000000000001,95.0,0.5158647399537041,0.0028012255781842293
6,0.054,0,359.97642038771306,565.0,69.84537751463215,14.066970628466091,1666.0,289.3307121827653,63.08303794293917,0.0,0.0,0.0,4.0,0.4,0.04000000000000001,87.0,0.4724234986944448,0.002565332897916084
7,0.054,0,360.23272684486136,566.0,69.4710956115976,14.500259688119781,1749.0,289.5075082123315,61.072000773888085,0.0,0.0,0.0,5.0,0.5,0.05000000000000001,109.0,0.5918869121574079,0.0032140377686534836
