id,probability_maraud,successful_mating,next_foraging_time,foraging_events,foraging_hrs,foraging_sqhrs,staying_events,staying_hrs,staying_sqhrs,repairing_events,repairing_hrs,repairing_sqhrs,marauding_events,marauding_hrs,marauding_sqhrs,traveling_events,traveling_hrs,traveling_sqhrs
0,0.054,10,360.0974785139567,555.0,76.0431390788258,18.14721843409543,1272.0,215.50764958290878,46.55993758010867,405.0,67.03896176997522,13.918770295034633,10.0,0.9999999999999999,0.10000000000000003,79.0,0.4289822574351855,0.0023294402176479386
1,0.054,14,360.1857081674224,570.0,70.93840650319392,14.577253063393709,1418.0,238.92576727886407,51.782992805858,272.0,48.65345159169959,10.870445640623634,12.0,1.2,0.12000000000000005,79.0,0.4289822574351855,0.0023294402176479386
2,0.054,6,360.2714646459309,570.0,71.71988033255788,15.430522907820901,1144.0,188.79892002396662,39.571241921865436,574.0,97.95302268449416,20.88967636913172,12.0,1.2,0.12000000000000005,82.0,0.4452727229074077,0.002417899972748493
3,0.054,5,359.8326059152806,565.0,73.32040461002308,16.507172923112442,1360.0,224.05461720474213,47.18698479185945,359.0,60.88748512079547,13.1502676850376,13.0,1.3,0.13000000000000006,81.0,0.4398425677500003,0.002388413387714975
4,0.054,6,360.13133314758886,574.0,70.78432576280593,14.693319152008831,1301.0,220.1003718200847,46.51760183646,392.0,67.372979755932,14.581447116800017,14.0,1.4000000000000001,0.14000000000000007,75.0,0.4072616368055558,0.002211493877513866
5,0.054,15,360.2982366865434,560.0,69.29774065984925,14.162550680329499,1471.0,249.685194084719,53.97000292713028,232.0,39.48414072888873,8.734336210734039,11.0,1.0999999999999999,0.11000000000000004,92.0,0.49957427448148184,0.002712765823083675
6,0.054,10,359.90016305345625,555.0,73.51071285305648,15.653703081417671,1397.0,242.6683505146863,53.199591488285876,248.0,42.492792460193044,9.285019078675417,11.0,1.0999999999999999,0.11000000000000004,74.0,0.4018314816481484,0.002182007292480348
7,0.0,6,360.11649264431003,560.0,74.35546129643836,16.586658017411988,1212.0,206.99370473122272,44.90170234642261,473.0,78.84162718360467,16.882005473972864,0.0,0.0,0.0,0.0,0.0,0.0
