id,probability_maraud,successful_mating,next_foraging_time,foraging_events,foraging_hrs,foraging_sqhrs,staying_events,staying_hrs,staying_sqhrs,repairing_events,repairing_hrs,repairing_sqhrs,marauding_events,marauding_hrs,marauding_sqhrs,traveling_events,traveling_hrs,traveling_sqhrs
0,0.054,13,360.73062751617795,566.0,72.0317202575115,14.95939327910932,607.0,104.23816150344673,22.306773082104836,1057.0,183.0527611749758,39.90642716062407,6.0,0.6,0.06000000000000001,48.0,0.2606474475555557,0.0014153560816088755
1,0.054,59,360.1075146578544,573.0,74.7161137866534,16.641543957075324,1499.0,247.90470147047512,52.56226670857454,211.0,36.40159199493777,7.943317495707321,6.0,0.6,0.06000000000000001,82.0,0.4452727229074077,0.002417899972748493
2,0.054,0,360.44092596288374,570.0,77.38320587449228,18.329326986287,1654.0,281.6853560613961,60.32393220995673,0.0,0.0,0.0,6.0,0.6,0.06000000000000001,99.0,0.5375853605833337,0.002919171918318302
3,0.054,0,360.37104696975325,571.0,68.2296161934564,13.394860995380608,1722.0,290.82179676406,62.95175377796602,0.0,0.0,0.0,4.0,0.4,0.04000000000000001,106.0,0.5755964466851856,0.003125578013552929
4,0.054,0,359.9086435739269,570.0,67.00802925747243,12.347630043315853,1713.0,291.807961766519,62.349334778387096,0.0,0.0,0.0,8.0,0.7999999999999999,0.08000000000000002,104.0,0.5647361363703708,0.003066604843485893
5,0.0,0,359.9095137997151,569.0,69.73962898067762,15.030629365317813,1723.0,290.3285127711496,61.3088660932867,0.0,0.0,0.0,0.0,0.0,0.0,0.0,0.0,0.0
6,0.054,0,360.1255720936454,561.0,70.28391588490024,14.328347538548677,1718.0,288.99060806935967,61.758145857181056,0.0,0.0,0.0,3.0,0.30000000000000004,0.030000000000000006,86.0,0.46699334353703736,0.002535846312882566
7,0.054,0,360.23165692120193,566.0,73.25688523401944,15.136991751059805,1697.0,286.31617795141364,59.943480640814165,0.0,0.0,0.0,3.0,0.30000000000000004,0.030000000000000006,65.0,0.3529600852314817,0.0019166280271786843
