id,probability_maraud,successful_mating,next_foraging_time,foraging_events,foraging_hrs,foraging_sqhrs,staying_events,staying_hrs,staying_sqhrs,repairing_events,repairing_hrs,repairing_sqhrs,marauding_events,marauding_hrs,marauding_sqhrs,traveling_events,traveling_hrs,traveling_sqhrs
0,0.0,5,360.5264767064885,560.0,77.63553562335032,17.378546767253084,1265.0,211.7872091434751,44.700048374547606,413.0,70.63267193060074,15.421015670197585,0.0,0.0,0.0,0.0,0.0,0.0
1,0.054,12,360.01308780890173,578.0,66.97386982027145,12.805508254930709,1385.0,235.947090562343,51.03835808144656,326.0,54.973895530097955,11.790854224849587,17.0,1.7000000000000004,0.1700000000000001,88.0,0.4778536538518522,0.002594819482949602
2,0.054,3,360.3793557635435,568.0,71.97803761495706,15.309780060437207,1176.0,201.10078820262126,43.500648000963146,497.0,85.8331615284437,18.478668518499827,9.0,0.8999999999999999,0.09000000000000002,73.0,0.396401326490741,0.0021525207074468296
3,0.054,7,360.3790469528436,574.0,69.76249842618435,14.238431184157863,1351.0,226.45144077784576,48.63419900062413,370.0,62.258214956839765,13.548499621110487,12.0,1.2,0.12000000000000005,69.0,0.37468070586111135,0.002034574367312757
4,0.054,11,360.3943527484565,566.0,68.5373664123768,13.940883691078513,1442.0,239.67032931941225,50.23479292324521,300.0,50.66372043216558,10.930208730991394,8.0,0.7999999999999999,0.08000000000000002,80.0,0.4344124125925929,0.002358926802681457
5,0.054,15,360.20972060764933,574.0,75.24720482689432,16.56868107384494,1396.0,234.78102876970055,50.39192913003407,289.0,48.76285595561101,10.376815042149467,10.0,0.9999999999999999,0.10000000000000003,58.0,0.3149489991296298,0.0017102219319440571
6,0.054,8,360.358647283251,573.0,70.97048837121991,15.609761229457419,1272.0,214.31457396052826,45.651251973738546,447.0,73.15108154521937,15.272656738951417,14.0,1.4000000000000001,0.14000000000000007,61.0,0.33123946460185205,0.0017986816870446116
7,0.054,11,360.6074274270327,578.0,68.13506416686653,12.78357485361176,1394.0,233.95840078052805,49.82462609214058,316.0,56.12200693147571,12.339478907084995,15.0,1.5000000000000002,0.15000000000000008,81.0,0.4398425677500003,0.002388413387714975
