id,probability_maraud,successful_mating,next_foraging_time,foraging_events,foraging_hrs,foraging_sqhrs,staying_events,staying_hrs,staying_sqhrs,repairing_events,repairing_hrs,repairing_sqhrs,marauding_events,marauding_hrs,marauding_sqhrs,traveling_events,traveling_hrs,traveling_sqhrs
0,0.054,8,360.3893530336996,563.0,72.74909520068226,15.51013750271527,1368.0,231.2571528887782,49.08212663864539,328.0,54.95696608112914,11.763156834325327,7.0,0.7,0.07,80.0,0.4344124125925929,0.002358926802681457
1,0.054,13,360.4799025361063,566.0,73.41068195361005,15.870273809548213,1402.0,236.81528200852043,50.77304914402453,279.0,48.51714551885745,10.686390088873642,9.0,0.8999999999999999,0.09000000000000002,77.0,0.41812194712037065,0.0022704670475809023
2,0.054,1,360.2683969416181,571.0,66.71356216371566,12.646986535430152,1287.0,223.36094408323962,48.7421380670662,409.0,68.49479231824719,14.294917568812034,11.0,1.0999999999999999,0.11000000000000004,81.0,0.4398425677500003,0.002388413387714975
3,0.0,7,360.17599891918775,565.0,69.71473716312163,14.253245029354652,1287.0,217.0325069455188,46.1988956057585,440.0,73.33200322748446,15.335347235563232,0.0,0.0,0.0,0.0,0.0,0.0
4,0.054,11,360.0038951183935,566.0,71.27000082164176,15.230807210846391,1414.0,239.0497983723471,51.501660515653384,304.0,48.389268598643966,10.16806444906241,10.0,0.9999999999999999,0.10000000000000003,71.0,0.3855410161759262,0.0020935475373797933
5,0.054,14,360.0219373893376,566.0,72.34147408834309,15.627083178121305,1359.0,230.89439828839468,49.264026263372784,325.0,55.12147284866576,11.650416201942123,12.0,1.2,0.12000000000000005,85.0,0.46156318837962995,0.0025063597278490476
6,0.054,5,359.8955219748641,563.0,70.89967199280929,15.03315766703682,1498.0,250.36223569792787,53.51147233833818,214.0,36.53690136195561,7.842330193498266,18.0,1.8000000000000005,0.1800000000000001,80.0,0.4344124125925929,0.002358926802681457
7,0.054,13,360.6247739907722,569.0,69.43733854433722,14.691505320318441,1217.0,203.94082605929978,42.84394502023336,502.0,85.5452065351015,18.18534214410696,11.0,1.0999999999999999,0.11000000000000004,61.0,0.33123946460185205,0.0017986816870446116
