id,probability_maraud,successful_mating,next_foraging_time,foraging_events,foraging_hrs,foraging_sqhrs,staying_events,staying_hrs,staying_sqhrs,repairing_events,repairing_hrs,repairing_sqhrs,marauding_events,marauding_hrs,marauding_sqhrs,traveling_events,traveling_hrs,traveling_sqhrs
0,0.054,15,359.94154467703004,557.0,66.65724791550144,14.14993488570209,607.0,98.4003129060956,20.381180316535485,1143.0,194.31773855211267,41.8227428514173,5.0,0.5,0.05000000000000001,40.0,0.21720620629629642,0.0011794634013407301
1,0.054,56,360.47005353469945,570.0,71.43275662470235,14.480614688147215,1483.0,256.5310084053484,55.55469439197936,182.0,30.990672402724314,6.76483562093471,7.0,0.7,0.07,87.0,0.4724234986944448,0.002565332897916084
2,0.054,0,360.0533559154905,559.0,72.14317209607962,15.731102446951157,1712.0,287.20905248853006,60.75735298814925,0.0,0.0,0.0,4.0,0.4,0.04000000000000001,75.0,0.4072616368055558,0.002211493877513866
3,0.054,0,360.11299958651983,554.0,67.7583023013363,14.007862788508733,1717.0,291.04336902903543,62.762584195829845,0.0,0.0,0.0,6.0,0.6,0.06000000000000001,111.0,0.6027472224722227,0.00327301093872052
4,0.054,0,360.5879343853148,550.0,74.53717701402846,16.975607137027673,1658.0,284.8586701938382,61.67494592021836,0.0,0.0,0.0,4.0,0.4,0.04000000000000001,99.0,0.5375853605833337,0.002919171918318302
5,0.054,0,360.35691383102454,560.0,71.19469095658835,15.380985394972335,1672.0,288.18007220112787,63.03308367422494,0.0,0.0,0.0,2.0,0.2,0.020000000000000004,92.0,0.49957427448148184,0.002712765823083675
6,0.054,0,360.88329653507924,564.0,73.53820163738757,16.39455997146477,1664.0,285.39981458613505,61.976614375781026,0.0,0.0,0.0,9.0,0.8999999999999999,0.09000000000000002,95.0,0.5158647399537041,0.0028012255781842293
7,0.0,0,360.182823626482,566.0,71.33736733008753,16.656130977432216,1725.0,288.8114787109281,61.858329747533496,0.0,0.0,0.0,0.0,0.0,0.0,0.0,0.0,0.0
