id,probability_maraud,successful_mating,next_foraging_time,foraging_events,foraging_hrs,foraging_sqhrs,staying_events,staying_hrs,staying_sqhrs,repairing_events,repairing_hrs,repairing_sqhrs,marauding_events,marauding_hrs,marauding_sqhrs,traveling_events,traveling_hrs,traveling_sqhrs
0,0.054,17,360.54137464898866,564.0,72.57710139644618,16.007850075162754,605.0,99.56697181519428,20.789651235019473,1106.0,186.78772018695085,39.698325367071824,9.0,0.8999999999999999,0.09000000000000002,41.0,0.22263636145370383,0.0012089499863742483
1,0.054,55,360.09600106985357,573.0,70.6652423767853,14.321955374385603,1380.0,233.91780955607817,49.94483465732997,304.0,54.76756169553268,12.165641733734038,3.0,0.30000000000000004,0.030000000000000006,77.0,0.41812194712037065,0.0022704670475809023
2,0.054,0,360.4894031426997,556.0,70.97269125047775,14.508864329689697,1666.0,288.5578304788579,62.917791531542356,0.0,0.0,0.0,1.0,0.1,0.010000000000000002,88.0,0.4778536538518522,0.002594819482949602
3,0.054,0,360.26191059354915,560.0,70.9878886283054,14.104676579388826,1678.0,287.7719291079624,62.02008567918227,0.0,0.0,0.0,9.0,0.8999999999999999,0.09000000000000002,92.0,0.49957427448148184,0.002712765823083675
4,0.054,0,360.03363725913647,573.0,71.05538127890787,14.496290561433016,1716.0,287.90313674547224,61.61829555814074,0.0,0.0,0.0,5.0,0.5,0.05000000000000001,108.0,0.5864567570000004,0.0031845511836199655
5,0.0,0,360.74878598878195,562.0,67.46460340939831,13.310537740868314,1713.0,292.7466121617229,63.21578061050494,0.0,0.0,0.0,0.0,0.0,0.0,0.0,0.0,0.0
6,0.054,0,359.9917772679424,555.0,73.13121596482038,15.719730406153344,1695.0,286.1681798872448,61.25897598500019,0.0,0.0,0.0,4.0,0.4,0.04000000000000001,90.0,0.488713964166667,0.0026537926530166385
7,0.054,0,359.8972796756398,557.0,68.46850195362424,14.494490874613378,1738.0,290.279286328334,61.58280524879046,0.0,0.0,0.0,9.0,0.8999999999999999,0.09000000000000002,88.0,0.4778536538518522,0.002594819482949602
