id,probability_maraud,successful_mating,next_foraging_time,foraging_events,foraging_hrs,foraging_sqhrs,staying_events,staying_hrs,staying_sqhrs,repairing_events,repairing_hrs,repairing_sqhrs,marauding_events,marauding_hrs,marauding_sqhrs,traveling_events,traveling_hrs,traveling_sqhrs
0,0.054,21,360.6736315185176,557.0,71.53748606912377,15.09481668718182,491.0,81.62223462478669,16.98104195290489,1192.0,206.1290106279231,45.3096473676385,5.0,0.5,0.05000000000000001,40.0,0.21720620629629642,0.0011794634013407301
1,0.054,51,359.87932168726206,567.0,64.58033402861736,12.200883474472782,1581.0,263.9569039862999,56.938469716026226,187.0,30.3584041651063,6.394470081800533,5.0,0.5,0.05000000000000001,120.0,0.6516186188888894,0.0035383902040221835
2,0.054,0,360.45165385661335,561.0,71.4979339076684,15.132196170306882,1679.0,287.7511523600388,62.267135490168585,0.0,0.0,0.0,3.0,0.30000000000000004,0.030000000000000006,102.0,0.553875826055556,0.0030076316734188565
3,0.054,0,359.8847345380203,569.0,71.80118130833931,14.79464015769837,1696.0,287.0871839141729,61.92172322570174,0.0,0.0,0.0,6.0,0.6,0.06000000000000001,96.0,0.5212948951111115,0.0028307121632177475
4,0.054,0,360.07593933184984,568.0,73.45301709160582,15.96801991734433,1680.0,285.76559564555964,61.78993473341448,0.0,0.0,0.0,4.0,0.4,0.04000000000000001,86.0,0.46699334353703736,0.002535846312882566
5,0.054,0,360.65763441513434,569.0,70.4728493349466,14.038638371486815,1732.0,288.3707527073044,61.20002633442034,0.0,0.0,0.0,9.0,0.8999999999999999,0.09000000000000002,82.0,0.4452727229074077,0.002417899972748493
6,0.0,0,360.2034116190309,562.0,70.89456626474428,14.141179811174435,1751.0,289.2004961669019,60.792842632975244,0.0,0.0,0.0,0.0,0.0,0.0,0.0,0.0,0.0
7,0.054,0,360.3964659215836,573.0,70.56108689033447,14.537777870672095,1690.0,288.3697491420815,61.98067850843348,0.0,0.0,0.0,7.0,0.7,0.07,87.0,0.4724234986944448,0.002565332897916084
