id,probability_maraud,successful_mating,next_foraging_time,foraging_events,foraging_hrs,foraging_sqhrs,staying_events,staying_hrs,staying_sqhrs,repairing_events,repairing_hrs,repairing_sqhrs,marauding_events,marauding_hrs,marauding_sqhrs,traveling_events,traveling_hrs,traveling_sqhrs
0,0.054,9,360.4627846268446,547.0,68.36370042764203,15.049519123448922,1418.0,235.21772339372853,49.3797298170503,321.0,55.32246757674945,11.841048178444145,10.0,0.9999999999999999,0.10000000000000003,58.0,0.3149489991296298,0.0017102219319440571
1,0.054,11,359.9035416977397,556.0,72.59522053159661,15.233591147498311,1407.0,234.03149959663568,50.13755751720139,299.0,51.152233296986324,11.056179843279487,18.0,1.8000000000000005,0.1800000000000001,92.0,0.49957427448148184,0.002712765823083675
2,0.054,10,360.3499610825528,576.0,70.74015976181926,14.295688169369148,1313.0,220.20085041713557,46.24528139887064,416.0,66.9873705405151,14.087037352351988,17.0,1.7000000000000004,0.1700000000000001,87.0,0.4724234986944448,0.002565332897916084
3,0.054,7,359.8679718408745,580.0,66.13316942230645,12.667343499222637,1340.0,225.38558600835933,48.21664808868247,394.0,67.13600952989127,14.24759774242118,10.0,0.9999999999999999,0.10000000000000003,74.0,0.4018314816481484,0.002182007292480348
4,0.054,11,360.3185093524831,557.0,71.6298790658736,15.842381395724619,1310.0,226.1982597095752,49.57267147824553,365.0,60.79089676102697,12.743045456370425,10.0,0.9999999999999999,0.10000000000000003,82.0,0.4452727229074077,0.002417899972748493
5,0.054,2,360.6326816831211,575.0,68.96399704230946,13.836634004362715,1102.0,186.28749051955413,39.71828932122735,608.0,103.86381159366493,22.07541570020487,8.0,0.7999999999999999,0.08000000000000002,52.0,0.28236806818518534,0.0015333024217429481
6,0.0,3,360.33245878065605,568.0,73.65337833680888,15.370621780863928,1143.0,194.4615557772533,42.233091697713704,555.0,92.03736452197886,19.665092118384063,0.0,0.0,0.0,0.0,0.0,0.0
7,0.054,19,360.31976591868624,559.0,74.07413765360879,16.152770606578596,1395.0,240.93485279994448,53.197579179591905,255.0,42.870556705602574,9.378544698662859,16.0,1.6000000000000003,0.1600000000000001,98.0,0.5321552054259263,0.002889685333284784
