id,probability_maraud,successful_mating,next_foraging_time,foraging_events,foraging_hrs,foraging_sqhrs,staying_events,staying_hrs,staying_sqhrs,repairing_events,repairing_hrs,repairing_sqhrs,marauding_events,marauding_hrs,marauding_sqhrs,traveling_events,traveling_hrs,traveling_sqhrs
0,0.054,18,360.33068838597546,558.0,70.83396416150097,15.256775702857428,449.0,75.37994044931868,16.071892319185633,1278.0,213.4548377477335,44.905394149392414,2.0,0.2,0.020000000000000004,29.0,0.15747449956481488,0.0008551109659720299
1,0.054,54,360.25799284672615,563.0,71.9248077422926,15.292571517248744,1635.0,274.8060526909586,58.74913393153567,74.0,12.153762098482028,2.5317077891334563,7.0,0.7,0.07,90.0,0.488713964166667,0.0026537926530166385
2,0.054,0,360.39397962766185,579.0,68.83615414410399,13.669645455364448,1744.0,290.46227038196764,61.278676131414315,0.0,0.0,0.0,4.0,0.4,0.04000000000000001,93.0,0.5050044296388893,0.002742252408117193
3,0.054,0,360.3180771201948,562.0,74.34494268973329,16.7969457868606,1664.0,284.7138283082868,61.25799224781259,0.0,0.0,0.0,5.0,0.5,0.05000000000000001,100.0,0.5430155157407411,0.00294865850335182
4,0.0,0,360.62629482331016,569.0,72.18923424881068,15.160556119024983,1708.0,287.99228532292,61.74146063997666,0.0,0.0,0.0,0.0,0.0,0.0,0.0,0.0,0.0
5,0.054,0,359.9862385788649,564.0,74.65386135426377,16.059677999445476,1665.0,284.2738163318923,61.9004731809292,0.0,0.0,0.0,6.0,0.6,0.06000000000000001,115.0,0.6244678431018523,0.0033909572788545926
6,0.054,0,360.19208635203574,581.0,68.41567835325498,13.209803072202755,1687.0,290.5471033491434,62.38142284545009,0.0,0.0,0.0,5.0,0.5,0.05000000000000001,103.0,0.5593059812129634,0.0030371182584523746
7,0.054,0,360.0098655214267,579.0,67.12250583900197,12.388652206281742,1730.0,291.51764468714435,61.928805099864086,0.0,0.0,0.0,8.0,0.7999999999999999,0.08000000000000002,111.0,0.6027472224722227,0.00327301093872052
