id,probability_maraud,successful_mating,next_foraging_time,foraging_events,foraging_hrs,foraging_sqhrs,staying_events,staying_hrs,staying_sqhrs,repairing_events,repairing_hrs,repairing_sqhrs,marauding_events,marauding_hrs,marauding_sqhrs,traveling_events,traveling_hrs,traveling_sqhrs
0,0.054,15,359.82253387511474,566.0,70.95254304549327,14.09615130401266,523.0,88.56593280139853,18.924858387420834,1150.0,200.2857460516421,44.18132525025022,2.0,0.2,0.020000000000000004,25.0,0.13575387893518523,0.0007371646258379568
1,0.054,57,360.4588401598379,551.0,74.85313621762828,17.038689666144524,1599.0,272.3232521489643,58.116253113617546,79.0,12.193603418515742,2.5042212166604156,4.0,0.4,0.04000000000000001,94.0,0.5104345847962967,0.002771738993150711
2,0.054,0,360.3569520302843,565.0,71.34512840515154,14.23682817935076,1688.0,287.5239417499736,61.25336056576542,0.0,0.0,0.0,6.0,0.6,0.06000000000000001,103.0,0.5593059812129634,0.0030371182584523746
3,0.054,0,360.2946253607075,566.0,70.54555433045327,14.867272778045347,1645.0,288.73784162543456,64.1061098220536,0.0,0.0,0.0,3.0,0.30000000000000004,0.030000000000000006,96.0,0.5212948951111115,0.0028307121632177475
4,0.054,0,360.0790780509704,572.0,69.28124042091605,15.336110537599083,1695.0,289.48360562172724,62.525666223242304,0.0,0.0,0.0,7.0,0.7,0.07,99.0,0.5375853605833337,0.002919171918318302
5,0.0,0,360.43783459177905,574.0,69.66519877339653,14.075198678562534,1700.0,290.3804480957189,63.11558849559778,0.0,0.0,0.0,0.0,0.0,0.0,0.0,0.0,0.0
6,0.054,0,360.3725940749577,559.0,68.51244163737047,13.787110109798315,1680.0,290.61043890977453,64.11292314794002,0.0,0.0,0.0,6.0,0.6,0.06000000000000001,89.0,0.4832838090092596,0.0026243060679831203
7,0.054,0,360.37791266883835,570.0,71.44995654647938,14.939985325027257,1715.0,287.42605901602735,60.75677339215483,0.0,0.0,0.0,7.0,0.7,0.07,94.0,0.5104345847962967,0.002771738993150711
