id,probability_maraud,successful_mating,next_foraging_time,foraging_events,foraging_hrs,foraging_sqhrs,staying_events,staying_hrs,staying_sqhrs,repairing_events,repairing_hrs,repairing_sqhrs,marauding_events,marauding_hrs,marauding_sqhrs,traveling_events,traveling_hrs,traveling_sqhrs
0,0.054,21,360.6300870721334,545.0,71.68493828764386,15.720912247353994,481.0,81.76261461701726,17.627957450345612,1219.0,206.01563006048258,43.66899008014321,5.0,0.5,0.05000000000000001,36.0,0.19548558566666677,0.0010615170612066575
1,0.054,51,359.749410280854,563.0,66.48547216990943,13.390016251844234,1556.0,261.4653519652175,56.01019941718397,181.0,30.576899954643032,6.387280742159658,10.0,0.9999999999999999,0.10000000000000003,94.0,0.5104345847962967,0.002771738993150711
2,0.0,0,360.04108068319493,567.0,71.96918955097821,15.239025463117091,1692.0,288.0358106807803,62.68612583692774,0.0,0.0,0.0,0.0,0.0,0.0,0.0,0.0,0.0
3,0.054,0,360.4424964490293,568.0,74.4902747304495,16.14595976167809,1697.0,284.4056178203424,60.249851375161896,0.0,0.0,0.0,6.0,0.6,0.06000000000000001,94.0,0.5104345847962967,0.002771738993150711
4,0.054,0,360.15467127565046,566.0,68.53409557922873,13.345722534742338,1731.0,290.59008039765365,61.08911288389477,0.0,0.0,0.0,4.0,0.4,0.04000000000000001,89.0,0.4832838090092596,0.0026243060679831203
5,0.054,0,360.3949648402871,565.0,69.36274519047973,14.45350506456567,1693.0,289.6814755236009,62.510478300435445,0.0,0.0,0.0,4.0,0.4,0.04000000000000001,117.0,0.6353281534166672,0.003449930448921629
6,0.054,0,360.10168097999997,568.0,72.16015634308125,15.852969853354336,1674.0,286.98452908195156,61.947823356552895,0.0,0.0,0.0,4.0,0.4,0.04000000000000001,98.0,0.5321552054259263,0.002889685333284784
7,0.054,0,360.20554013695494,563.0,69.01663196414111,14.67235467407146,1716.0,290.0823175629941,61.844064611725216,0.0,0.0,0.0,6.0,0.6,0.06000000000000001,100.0,0.5430155157407411,0.00294865850335182
