id,probability_maraud,successful_mating,next_foraging_time,foraging_events,foraging_hrs,foraging_sqhrs,staying_events,staying_hrs,staying_sqhrs,repairing_events,repairing_hrs,repairing_sqhrs,marauding_events,marauding_hrs,marauding_sqhrs,traveling_events,traveling_hrs,traveling_sqhrs
0,0.054,9,359.9778703903989,548.0,71.0381920525579,15.596799826330436,1305.0,221.39982170380569,47.728748760363864,403.0,66.5796686075235,13.988806734474169,7.0,0.7,0.07,59.0,0.3203791542870372,0.0017397085169775753
1,0.054,8,360.2616092137944,572.0,68.11808085351213,13.375128730521244,1326.0,223.56753563121296,47.88845827273545,402.0,67.17348497156469,14.223887696984885,9.0,0.8999999999999999,0.09000000000000002,79.0,0.4289822574351855,0.0023294402176479386
2,0.0,12,360.08090100224024,575.0,66.44989610737541,12.224054217110432,1354.0,226.36332910329367,48.239915329970735,389.0,67.28118667231746,14.668682967690643,0.0,0.0,0.0,0.0,0.0,0.0
3,0.054,7,360.2887895582303,563.0,72.03055186491179,15.45161874040264,1398.0,243.24715564521165,53.07604861797823,251.0,43.0929169775527,9.27507110895064,13.0,1.3,0.13000000000000006,83.0,0.4507028780648151,0.0024473865577820113
4,0.054,8,360.3708669666252,563.0,68.9206754216663,13.744808063351405,1297.0,228.5380146179171,50.13838184512573,364.0,60.80433279769332,12.973323135817182,14.0,1.4000000000000001,0.14000000000000007,67.0,0.3638203955462965,0.0019756011972457206
5,0.054,15,360.0631281505256,582.0,69.73347210748594,14.486152725010333,1412.0,239.7965559922446,51.515419676438576,277.0,49.06041945595158,10.930256818740556,11.0,1.0999999999999999,0.11000000000000004,84.0,0.45613303322222254,0.0024768731428155295
6,0.054,6,360.2659133507782,562.0,68.58154386031148,14.288334657767304,1407.0,241.4599620708713,52.09502006427251,308.0,48.53683340622012,9.933425384218056,11.0,1.0999999999999999,0.11000000000000004,77.0,0.41812194712037065,0.0022704670475809023
7,0.054,7,360.4910902720798,572.0,69.25557430551035,13.62481826654569,1314.0,222.63806482584243,48.65651035237972,393.0,66.49005362828487,14.170391492025969,13.0,1.3,0.13000000000000006,68.0,0.36925055070370394,0.002005087782279239
