id,probability_maraud,successful_mating,next_foraging_time,foraging_events,foraging_hrs,foraging_sqhrs,staying_events,staying_hrs,staying_sqhrs,repairing_events,repairing_hrs,repairing_sqhrs,marauding_events,marauding_hrs,marauding_sqhrs,traveling_events,traveling_hrs,traveling_sqhrs
0,0.054,18,360.34119969141705,562.0,68.25623915246639,13.718578658495804,553.0,97.18495023532125,21.548658754931612,1122.0,194.20712924971434,42.33110003267483,2.0,0.2,0.020000000000000004,28.0,0.15204434440740747,0.0008256243809385116
1,0.054,54,360.19342957774614,564.0,73.33671494769057,16.078946158780436,1655.0,273.760913074386,58.02303103950352,80.0,12.07727474089859,2.525775646589655,5.0,0.5,0.05000000000000001,85.0,0.46156318837962995,0.0025063597278490476
2,0.054,0,360.4435152010164,567.0,69.7145681805489,13.722248440018848,1717.0,289.0733996646238,62.245813471937964,0.0,0.0,0.0,7.0,0.7,0.07,102.0,0.553875826055556,0.0030076316734188565
3,0.0,0,360.19077035535753,557.0,69.6907167090704,14.753764996187632,1714.0,290.3278378235393,62.031329627350765,0.0,0.0,0.0,0.0,0.0,0.0,0.0,0.0,0.0
4,0.054,0,360.8081234495957,570.0,71.87859116739475,15.282220581266754,1662.0,287.1539729858221,62.29459534767444,0.0,0.0,0.0,6.0,0.6,0.06000000000000001,93.0,0.5050044296388893,0.002742252408117193
5,0.054,0,360.2973983588423,564.0,69.42202628052739,13.860362958575907,1710.0,289.45216529609877,62.75175994114029,0.0,0.0,0.0,7.0,0.7,0.07,93.0,0.5050044296388893,0.002742252408117193
6,0.054,0,359.88739475098487,563.0,68.77037244974878,13.776543015742204,1720.0,290.293845236732,62.32066989085117,0.0,0.0,0.0,4.0,0.4,0.04000000000000001,99.0,0.5375853605833337,0.002919171918318302
7,0.054,0,359.6323186781548,570.0,73.66178726243085,15.52956519134705,1685.0,285.5423400802926,61.40050040951938,0.0,0.0,0.0,3.0,0.30000000000000004,0.030000000000000006,94.0,0.5104345847962967,0.002771738993150711
