id,probability_maraud,successful_mating,next_foraging_time,foraging_events,foraging_hrs,foraging_sqhrs,staying_events,staying_hrs,staying_sqhrs,repairing_events,repairing_hrs,repairing_sqhrs,marauding_events,marauding_hrs,marauding_sqhrs,traveling_events,traveling_hrs,traveling_sqhrs
0,0.054,8,360.37364323513606,562.0,71.67900514229476,15.627823438759963,1241.0,207.60457052166936,43.38796978109562,476.0,79.2745414384532,16.95659038246767,11.0,1.0999999999999999,0.11000000000000004,85.0,0.46156318837962995,0.0025063597278490476
1,0.054,6,360.346365527593,570.0,70.7688264160122,15.288825035339908,1315.0,226.5517007232274,48.96299781633456,342.0,61.43780107046878,13.708668835877393,10.0,0.9999999999999999,0.10000000000000003,73.0,0.396401326490741,0.0021525207074468296
2,0.054,13,360.14860970985364,577.0,70.56278787862784,14.110984058828103,1332.0,226.7495150751833,48.5102396515901,375.0,61.026214720889826,12.812843618673293,14.0,1.4000000000000001,0.14000000000000007,86.0,0.46699334353703736,0.002535846312882566
3,0.054,10,360.2429786888114,563.0,71.59666090544185,15.154575050946727,1199.0,207.54486491974453,45.0199243812208,467.0,79.34822888728017,16.998701125688257,12.0,1.2,0.12000000000000005,67.0,0.3638203955462965,0.0019756011972457206
4,0.054,8,360.4124503240426,576.0,68.64609699053302,13.516815275361985,1396.0,234.88929010680565,50.31534519147053,318.0,54.53211686166888,11.98504383985521,15.0,1.5000000000000002,0.15000000000000008,80.0,0.4344124125925929,0.002358926802681457
5,0.0,11,359.831669884128,559.0,68.42319429749355,13.065007830874777,1325.0,224.4314525493254,47.482692072837175,400.0,67.16469267184262,14.404720008358984,0.0,0.0,0.0,0.0,0.0,0.0
6,0.054,8,360.6164241778255,570.0,71.6988563526239,15.082786844526105,1352.0,232.45176743907683,50.31421590849721,310.0,54.78291799730663,12.051954942346637,9.0,0.8999999999999999,0.09000000000000002,80.0,0.4344124125925929,0.002358926802681457
7,0.054,8,360.16107363614293,555.0,66.86535560051541,13.252088355877742,1510.0,255.24599894247166,54.326038624880304,209.0,36.49936380638125,8.014246822005429,10.0,0.9999999999999999,0.10000000000000003,79.0,0.4289822574351855,0.0023294402176479386
