id,probability_maraud,successful_mating,next_foraging_time,foraging_events,foraging_hrs,foraging_sqhrs,staying_events,staying_hrs,staying_sqhrs,repairing_events,repairing_hrs,repairing_sqhrs,marauding_events,marauding_hrs,marauding_sqhrs,traveling_events,traveling_hrs,traveling_sqhrs
0,0.054,10,360.2819211272792,570.0,73.3955331430641,16.097244244869067,1249.0,212.61179790522667,44.98104774866982,429.0,72.7962047163584,15.707425315300645,10.0,0.9999999999999999,0.10000000000000003,66.0,0.3583902403888891,0.0019461146122122025
1,0.0,6,360.2905199425139,551.0,75.6801681364411,16.884441708697743,1261.0,210.9915567528185,44.646160771198154,446.0,73.41820733788907,15.157162929442121,0.0,0.0,0.0,0.0,0.0,0.0
2,0.054,8,360.33849271305826,579.0,69.43842033641185,14.296134873134834,1361.0,227.84781264811286,49.108480978367986,369.0,60.821864941010084,13.032664591098815,15.0,1.5000000000000002,0.15000000000000008,91.0,0.4941441193240744,0.0026832792380501566
3,0.054,5,359.94817310769395,568.0,71.27540471944567,14.790305667747198,1313.0,222.46341880298877,47.98548535651132,385.0,64.96090774073356,13.910784703949346,9.0,0.8999999999999999,0.09000000000000002,74.0,0.4018314816481484,0.002182007292480348
4,0.054,10,360.2073823247131,563.0,72.84954398681602,15.766883384908777,1526.0,254.7013625575264,53.768481745190265,177.0,30.673926694294394,6.79820877030659,14.0,1.4000000000000001,0.14000000000000007,80.0,0.4344124125925929,0.002358926802681457
5,0.054,14,360.4050015736335,560.0,73.78311423523465,16.179724057362552,1224.0,211.65421201607333,45.68739843123004,421.0,73.1582095761176,15.726359595379979,12.0,1.2,0.12000000000000005,73.0,0.396401326490741,0.0021525207074468296
6,0.054,7,359.9391690301825,543.0,73.12921649321207,16.299267854981363,1375.0,234.10451610768885,50.82009783982828,305.0,51.60882931324672,11.152531683765988,8.0,0.7999999999999999,0.08000000000000002,71.0,0.3855410161759262,0.0020935475373797933
7,0.054,12,360.35122373500957,557.0,66.9375308688068,14.12234677061409,1490.0,248.92684889274383,52.91980532507185,256.0,42.76709506254016,8.851673301078197,10.0,0.9999999999999999,0.10000000000000003,81.0,0.4398425677500003,0.002388413387714975
