id,probability_maraud,successful_mating,next_foraging_time,foraging_events,foraging_hrs,foraging_sqhrs,staying_events,staying_hrs,staying_sqhrs,repairing_events,repairing_hrs,repairing_sqhrs,marauding_events,marauding_hrs,marauding_sqhrs,traveling_events,traveling_hrs,traveling_sqhrs
0,0.054,6,360.2989347022872,565.0,72.69539251050246,15.841922928574316,1293.0,218.05361738137367,46.339681661837375,390.0,67.20445230276702,14.311886487944895,18.0,1.8000000000000005,0.1800000000000001,77.0,0.41812194712037065,0.0022704670475809023
1,0.0,6,359.94791083173016,547.0,75.13413499037378,17.669100432401166,1156.0,201.1117807424311,43.255033957301585,498.0,83.7712703764733,17.827251894157794,0.0,0.0,0.0,0.0,0.0,0.0
2,0.054,7,359.9910233484804,557.0,69.94736826633427,13.975744216968314,1315.0,228.13913346410612,49.623592776691304,355.0,60.207741699883414,13.095115130000039,15.0,1.5000000000000002,0.15000000000000008,73.0,0.396401326490741,0.0021525207074468296
3,0.054,10,360.03802238488527,584.0,68.85473632107313,13.138316654215094,1194.0,203.52798907072162,44.21754062570462,505.0,85.86624353983544,18.550059089508753,16.0,1.6000000000000003,0.1600000000000001,68.0,0.36925055070370394,0.002005087782279239
4,0.054,9,359.9878794185375,564.0,72.28257002573895,15.264875962029615,1244.0,213.5774766813781,45.95230918407936,449.0,73.22453217170491,15.101426249917287,6.0,0.6,0.06000000000000001,68.0,0.36925055070370394,0.002005087782279239
5,0.054,16,360.40141686109297,569.0,69.89698861850749,13.699549988482906,1351.0,227.7493545395156,48.3418161395797,367.0,60.93191131393688,12.874491115656134,10.0,0.9999999999999999,0.10000000000000003,86.0,0.46699334353703736,0.002535846312882566
6,0.054,9,359.99573967239206,567.0,72.44011488992116,15.299766513195006,1369.0,224.73547320438624,47.05008513089257,359.0,60.91299584206216,13.210926875897677,15.0,1.5000000000000002,0.15000000000000008,87.0,0.4724234986944448,0.002565332897916084
7,0.054,9,359.96130472479433,564.0,71.31431163127009,16.81603531351215,1308.0,219.7172269947051,47.00706182473364,405.0,67.41049165716437,14.329397256650148,12.0,1.2,0.12000000000000005,77.0,0.41812194712037065,0.0022704670475809023
