id,probability_maraud,successful_mating,next_foraging_time,foraging_events,foraging_hrs,foraging_sqhrs,staying_events,staying_hrs,staying_sqhrs,repairing_events,repairing_hrs,repairing_sqhrs,marauding_events,marauding_hrs,marauding_sqhrs,traveling_events,traveling_hrs,traveling_sqhrs
0,0.054,19,360.52112768382165,555.0,70.99776262282899,14.5832247246018,464.0,76.21695301392471,15.777469590538413,1277.0,212.29107898259016,44.41817351778001,4.0,0.4,0.04000000000000001,28.0,0.15204434440740747,0.0008256243809385116
1,0.054,53,360.06686965799776,572.0,68.58114167778335,14.470102146826177,1582.0,266.3277362288556,57.2106798674584,146.0,24.527976877587125,5.100121095342693,3.0,0.30000000000000004,0.030000000000000006,86.0,0.46699334353703736,0.002535846312882566
2,0.054,0,360.88293472367377,553.0,72.59679606678121,15.765624441940844,1673.0,286.4902673792093,62.06477957345073,0.0,0.0,0.0,6.0,0.6,0.06000000000000001,112.0,0.6081773776296301,0.003302497523754038
3,0.054,0,360.05736048041376,563.0,68.17719274394403,13.68361454385609,1743.0,291.1693686179374,61.46817822412502,0.0,0.0,0.0,3.0,0.30000000000000004,0.030000000000000006,86.0,0.46699334353703736,0.002535846312882566
4,0.054,0,360.21175542672046,572.0,69.28210077337116,13.829958306966192,1700.0,289.79421072262255,62.37913822686479,0.0,0.0,0.0,6.0,0.6,0.06000000000000001,95.0,0.5158647399537041,0.0028012255781842293
5,0.054,0,360.5550761247377,562.0,66.36331056024498,12.929033089115991,1702.0,292.15443493651657,63.47150784801506,0.0,0.0,0.0,10.0,0.9999999999999999,0.10000000000000003,104.0,0.5647361363703708,0.003066604843485893
6,0.0,0,360.1047991599489,572.0,68.75580061768997,13.858488922039577,1734.0,291.3354942917474,62.077643276081126,0.0,0.0,0.0,0.0,0.0,0.0,0.0,0.0,0.0
7,0.054,0,360.4793461864002,567.0,73.10620941602429,15.444536701063402,1680.0,285.9247644257349,61.5970635248342,0.0,0.0,0.0,7.0,0.7,0.07,98.0,0.5321552054259263,0.002889685333284784
