id,probability_maraud,successful_mating,next_foraging_time,foraging_events,foraging_hrs,foraging_sqhrs,staying_events,staying_hrs,staying_sqhrs,repairing_events,repairing_hrs,repairing_sqhrs,marauding_events,marauding_hrs,marauding_sqhrs,traveling_events,traveling_hrs,traveling_sqhrs
0,0.054,21,360.24650765666223,562.0,67.2005080584474,12.863341541615743,561.0,95.84849772859381,20.54556555362246,1150.0,196.18119957682708,42.59727079238209,6.0,0.6,0.06000000000000001,34.0,0.18462527535185194,0.0010025438911396211
1,0.054,51,360.1698067550852,563.0,71.83599872781829,15.42256187659538,1526.0,250.91557694781477,52.373528370658974,221.0,36.65165636227023,7.830299078993273,2.0,0.2,0.020000000000000004,88.0,0.4778536538518522,0.002594819482949602
2,0.054,0,360.4233647220592,563.0,74.06180071043283,17.118213919517117,1661.0,285.02674376453314,61.7045674151252,0.0,0.0,0.0,6.0,0.6,0.06000000000000001,109.0,0.5918869121574079,0.0032140377686534836
3,0.0,0,360.0486823484812,561.0,67.50690198299432,13.0594381552561,1724.0,292.6145246027822,62.4227525524829,0.0,0.0,0.0,0.0,0.0,0.0,0.0,0.0,0.0
4,0.054,0,360.02435465393864,565.0,69.69003659244673,14.748719070415694,1666.0,289.2616567676742,62.79016103333575,0.0,0.0,0.0,6.0,0.6,0.06000000000000001,109.0,0.5918869121574079,0.0032140377686534836
5,0.054,0,360.3020935077671,576.0,70.0665034671239,14.372932055144052,1670.0,288.7232558938548,63.40318092746928,0.0,0.0,0.0,7.0,0.7,0.07,109.0,0.5918869121574079,0.0032140377686534836
6,0.054,0,359.9759734922959,568.0,69.89979126796311,14.34107347109278,1725.0,289.033331920289,61.87798066510078,0.0,0.0,0.0,6.0,0.6,0.06000000000000001,105.0,0.5701662915277782,0.003096091428519411
7,0.054,0,360.1759133999551,567.0,69.44953925587548,14.556597991931243,1698.0,289.6436454417304,62.50866217673048,0.0,0.0,0.0,5.0,0.5,0.05000000000000001,101.0,0.5484456708981486,0.0029781450883853383
