id,probability_maraud,successful_mating,next_foraging_time,foraging_events,foraging_hrs,foraging_sqhrs,staying_events,staying_hrs,staying_sqhrs,repairing_events,repairing_hrs,repairing_sqhrs,marauding_events,marauding_hrs,marauding_sqhrs,traveling_events,traveling_hrs,traveling_sqhrs
0,0.054,11,360.0392046931889,561.0,70.04248494674783,14.291175708174366,475.0,81.62810952193158,17.966292275894276,1199.0,207.77979021526485,45.077532724645,4.0,0.4,0.04000000000000001,29.0,0.15747449956481488,0.0008551109659720299
1,0.054,61,360.18090813721204,578.0,66.85759248041317,13.189848451059046,1658.0,267.7488022241967,55.96325570553176,144.0,24.42707403149414,5.370025863564122,5.0,0.5,0.05000000000000001,110.0,0.5973170673148153,0.003243524353687002
2,0.054,0,360.5770935535303,569.0,71.45196488399863,15.174928164254496,1684.0,287.7306516960739,62.93379436172217,0.0,0.0,0.0,5.0,0.5,0.05000000000000001,82.0,0.4452727229074077,0.002417899972748493
3,0.054,0,360.2955068401547,553.0,69.14834233857503,14.045042545269608,1707.0,289.8488139703028,63.16898533023645,0.0,0.0,0.0,5.0,0.5,0.05000000000000001,103.0,0.5593059812129634,0.0030371182584523746
4,0.054,0,360.38610850477477,551.0,68.11234909319434,13.710901702873663,1718.0,290.36654947839014,62.871962479351374,0.0,0.0,0.0,10.0,0.9999999999999999,0.10000000000000003,131.0,0.7113503256203709,0.0038627426393908833
5,0.054,0,360.0422833477853,579.0,72.21205642597577,15.499530009726161,1648.0,286.8870589782181,62.903252777115476,0.0,0.0,0.0,5.0,0.5,0.05000000000000001,79.0,0.4289822574351855,0.0023294402176479386
6,0.0,0,360.27320334374014,557.0,70.63256608849346,14.748969765503794,1709.0,289.3675947019394,61.9560700645271,0.0,0.0,0.0,0.0,0.0,0.0,0.0,0.0,0.0
7,0.054,0,359.9892441613424,550.0,69.8866222333008,14.827760784466767,1701.0,289.19015857613334,62.36382132227248,0.0,0.0,0.0,5.0,0.5,0.05000000000000001,81.0,0.4398425677500003,0.002388413387714975
