id,probability_maraud,successful_mating,next_foraging_time,foraging_events,foraging_hrs,foraging_sqhrs,staying_events,staying_hrs,staying_sqhrs,repairing_events,repairing_hrs,repairing_sqhrs,marauding_events,marauding_hrs,marauding_sqhrs,traveling_events,traveling_hrs,traveling_sqhrs
0,0.054,5,359.94019512366754,555.0,67.99214048545258,14.023565232326515,1326.0,224.5779583800477,48.27408738653726,389.0,65.87292789156609,14.244766720223314,12.0,1.2,0.12000000000000005,71.0,0.3855410161759262,0.0020935475373797933
1,0.054,10,360.20847345192817,571.0,70.61762658272065,14.250753718456371,1246.0,208.9608061783876,44.437300265238356,468.0,79.3066913552776,17.229692429149203,9.0,0.8999999999999999,0.09000000000000002,67.0,0.3638203955462965,0.0019756011972457206
2,0.0,5,359.92104546817865,563.0,69.94470354803968,14.589984056900947,1238.0,211.14230190335988,45.62635209890962,468.0,78.9340572198127,17.034176842417416,0.0,0.0,0.0,0.0,0.0,0.0
3,0.054,13,359.8850541728345,574.0,71.4181586617977,15.276654403711435,1416.0,238.56928080700806,50.68183732966784,277.0,48.69455943699572,10.73113565226366,10.0,0.9999999999999999,0.10000000000000003,63.0,0.3420997749166669,0.001857654857111648
4,0.054,11,359.8365827547431,560.0,72.44472827109186,15.380349241019184,1218.0,206.64928516508564,44.617099321266664,451.0,79.57551515677378,17.812621105760066,10.0,0.9999999999999999,0.10000000000000003,66.0,0.3583902403888891,0.0019461146122122025
5,0.054,10,360.22188451347006,557.0,67.90529396702564,13.794538972724858,1572.0,265.9943633513422,57.26815326344575,154.0,24.349477503613357,5.24523656239783,14.0,1.4000000000000001,0.14000000000000007,100.0,0.5430155157407411,0.00294865850335182
6,0.054,6,360.0883991513219,564.0,71.73385247171099,15.37650695677694,1300.0,219.62866659741297,47.463926552378666,383.0,66.89252002305551,14.78348451262378,14.0,1.4000000000000001,0.14000000000000007,81.0,0.4398425677500003,0.002388413387714975
7,0.054,12,360.2378308568805,574.0,69.50997278024609,13.84497131957288,1405.0,233.71320234591997,49.39680896476969,333.0,55.05862585579039,11.671978758630425,13.0,1.3,0.13000000000000006,91.0,0.4941441193240744,0.0026832792380501566
