id,probability_maraud,successful_mating,next_foraging_time,foraging_events,foraging_hrs,foraging_sqhrs,staying_events,staying_hrs,staying_sqhrs,repairing_events,repairing_hrs,repairing_sqhrs,marauding_events,marauding_hrs,marauding_sqhrs,traveling_events,traveling_hrs,traveling_sqhrs
0,0.054,19,360.22073297040697,570.0,69.30693891974961,14.603532842875849,651.0,110.57673492545534,24.1526707772825,1056.0,179.27642927102414,38.275999369499885,7.0,0.7,0.07,37.0,0.20091574082407418,0.0010910036462401756
1,0.054,53,360.15247021671377,567.0,71.75127565684545,15.261613996537712,1440.0,244.656799697108,52.61656012643766,258.0,42.838214877783784,9.233155365246127,5.0,0.5,0.05000000000000001,90.0,0.488713964166667,0.0026537926530166385
2,0.054,0,360.0865758724287,571.0,66.27559528342447,13.532716761760382,1721.0,292.7484908251022,62.85433172736317,0.0,0.0,0.0,5.0,0.5,0.05000000000000001,97.0,0.5267250502685189,0.0028601987482512656
3,0.054,0,360.1249589478059,568.0,73.20382514063648,15.187143580959203,1671.0,285.71973929904095,60.81476519927748,0.0,0.0,0.0,6.0,0.6,0.06000000000000001,105.0,0.5701662915277782,0.003096091428519411
4,0.054,0,360.1565146964741,568.0,73.6360928867608,15.580176991206493,1692.0,285.9746577238417,61.08707931264514,0.0,0.0,0.0,2.0,0.2,0.020000000000000004,72.0,0.3909711713333336,0.0021230341224133115
5,0.0,0,360.2765192735232,572.0,70.15827008940829,14.76484642153844,1765.0,289.95587466064825,61.066132834757326,0.0,0.0,0.0,0.0,0.0,0.0,0.0,0.0,0.0
6,0.054,0,360.0402842734378,566.0,70.75619008000086,14.969792065495547,1735.0,288.1243464011034,60.31022265518156,0.0,0.0,0.0,6.0,0.6,0.06000000000000001,104.0,0.5647361363703708,0.003066604843485893
7,0.054,0,360.07017437848197,568.0,70.71603619551396,15.141124244159975,1733.0,288.3499149758626,60.514612165686174,0.0,0.0,0.0,6.0,0.6,0.06000000000000001,87.0,0.4724234986944448,0.002565332897916084
