id,probability_maraud,successful_mating,next_foraging_time,foraging_events,foraging_hrs,foraging_sqhrs,staying_events,staying_hrs,staying_sqhrs,repairing_events,repairing_hrs,repairing_sqhrs,marauding_events,marauding_hrs,marauding_sqhrs,traveling_events,traveling_hrs,traveling_sqhrs
0,0.054,12,360.4613529940671,558.0,73.5318175042733,16.20249854745632,1420.0,242.3505328577829,51.94769586415243,258.0,42.585703274563514,9.142898024683328,12.0,1.2,0.12000000000000005,71.0,0.3855410161759262,0.0020935475373797933
1,0.054,5,359.87250231215376,572.0,69.76736129719963,14.14624445700146,1276.0,221.48933064452484,47.761087177587456,400.0,66.71892582911566,14.244843506485012,16.0,1.6000000000000003,0.1600000000000001,79.0,0.4289822574351855,0.0023294402176479386
2,0.054,9,360.3538856895766,555.0,65.01843716688225,12.477486319588971,1364.0,235.18584505572156,51.87593508681377,351.0,57.77740553599572,12.152319312795958,17.0,1.7000000000000004,0.1700000000000001,77.0,0.41812194712037065,0.0022704670475809023
3,0.0,11,360.03623664249653,566.0,69.43460745317759,14.021471736661386,1350.0,226.73665217581907,48.502531632465946,382.0,63.86022189960428,13.45533874319893,0.0,0.0,0.0,0.0,0.0,0.0
4,0.054,10,360.53277702670164,572.0,70.43517215479432,14.571886720286019,1353.0,233.26838692831302,50.19289026041452,327.0,54.675569671809654,11.715961208182753,13.0,1.3,0.13000000000000006,77.0,0.41812194712037065,0.0022704670475809023
5,0.054,10,360.47700813374814,562.0,71.22121543985996,14.81042400995114,1381.0,238.2382628430641,52.026176846596435,280.0,49.2113325577724,10.57878161306638,10.0,0.9999999999999999,0.10000000000000003,75.0,0.4072616368055558,0.002211493877513866
6,0.054,10,360.2272899407624,574.0,73.15161947586331,15.992545101136292,1253.0,212.0101292252563,45.11429278017791,433.0,73.40405592304538,15.574240532826643,11.0,1.0999999999999999,0.11000000000000004,62.0,0.33666961975925946,0.0018281682720781298
7,0.054,5,359.877236717538,567.0,71.03501849325166,15.121410698840238,1163.0,202.76718462962054,44.56449211578428,515.0,85.60551540958771,17.97075659908557,3.0,0.30000000000000004,0.030000000000000006,58.0,0.3149489991296298,0.0017102219319440571
