id,probability_maraud,successful_mating,next_foraging_time,foraging_events,foraging_hrs,foraging_sqhrs,staying_events,staying_hrs,staying_sqhrs,repairing_events,repairing_hrs,repairing_sqhrs,marauding_events,marauding_hrs,marauding_sqhrs,traveling_events,traveling_hrs,traveling_sqhrs
0,0.0,16,360.4603337675827,568.0,70.77914124461051,14.1615823102925,472.0,75.97480395360616,15.761752340844362,1236.0,213.28082808770128,45.893303794527434,0.0,0.0,0.0,0.0,0.0,0.0
1,0.054,56,360.13652888891045,567.0,71.45129588272725,15.663734779073751,1712.0,287.6330160195035,61.04744216670233,0.0,0.0,0.0,6.0,0.6,0.06000000000000001,98.0,0.5321552054259263,0.002889685333284784
2,0.054,0,359.997874011754,578.0,71.5306102347817,14.816436869384535,1725.0,287.61046452147696,60.50908042269643,0.0,0.0,0.0,4.0,0.4,0.04000000000000001,95.0,0.5158647399537041,0.0028012255781842293
3,0.054,0,360.3139102380987,573.0,68.84679076644865,14.342762291490216,1716.0,290.44209474470426,61.8960137695977,0.0,0.0,0.0,5.0,0.5,0.05000000000000001,91.0,0.4941441193240744,0.0026832792380501566
4,0.054,0,360.426125057215,572.0,72.6444065748166,14.693443035189757,1689.0,286.3731712775492,61.43371799670651,0.0,0.0,0.0,7.0,0.7,0.07,83.0,0.4507028780648151,0.0024473865577820113
5,0.054,0,360.0641728500461,567.0,70.35291034178813,14.367512300481723,1727.0,288.8865479606173,61.176731602676995,0.0,0.0,0.0,4.0,0.4,0.04000000000000001,101.0,0.5484456708981486,0.0029781450883853383
6,0.054,0,360.376612390272,563.0,69.79266281069829,14.486357038155877,1718.0,289.33001157920194,61.94756697708472,0.0,0.0,0.0,3.0,0.30000000000000004,0.030000000000000006,112.0,0.6081773776296301,0.003302497523754038
7,0.054,0,359.9837863150527,569.0,71.0332383645207,15.644037085936457,1734.0,287.96730848528506,61.23664588002042,0.0,0.0,0.0,6.0,0.6,0.06000000000000001,80.0,0.4344124125925929,0.002358926802681457
