id,probability_maraud,successful_mating,next_foraging_time,foraging_events,foraging_hrs,foraging_sqhrs,staying_events,staying_hrs,staying_sqhrs,repairing_events,repairing_hrs,repairing_sqhrs,marauding_events,marauding_hrs,marauding_sqhrs,traveling_events,traveling_hrs,traveling_sqhrs
0,0.054,19,360.25893348510067,560.0,72.45291576087219,15.475889288909215,485.0,83.88211603895006,18.440963188457058,1175.0,203.0921624981647,44.29164758714229,4.0,0.4,0.04000000000000001,38.0,0.2063458959814816,0.0011204902312736938
1,0.0,53,360.18875259081665,564.0,70.23451222377864,14.871276360731457,1572.0,265.23353540300786,56.58846927250395,144.0,24.540705672563565,5.380539154146438,0.0,0.0,0.0,0.0,0.0,0.0
2,0.054,0,360.2585109538196,564.0,71.31693305693936,15.257817179539026,1673.0,287.90908514456817,62.03113932052825,0.0,0.0,0.0,4.0,0.4,0.04000000000000001,88.0,0.4778536538518522,0.002594819482949602
3,0.054,0,360.9893108536318,568.0,74.95782551604371,16.774423778993942,1666.0,284.13888391621055,61.41980844112382,0.0,0.0,0.0,7.0,0.7,0.07,109.0,0.5918869121574079,0.0032140377686534836
4,0.054,0,360.4587859515456,565.0,68.80234179289745,13.406650728418661,1724.0,290.2009124279611,62.90548167408043,0.0,0.0,0.0,7.0,0.7,0.07,96.0,0.5212948951111115,0.0028307121632177475
5,0.054,0,360.15436514685956,551.0,72.03310784526573,16.14275429594463,1690.0,286.9863273122143,61.348778998915705,0.0,0.0,0.0,5.0,0.5,0.05000000000000001,93.0,0.5050044296388893,0.002742252408117193
6,0.054,0,359.8107001187991,549.0,71.89859150135725,15.57374833136951,1708.0,287.3011708602663,61.28620631643624,0.0,0.0,0.0,3.0,0.30000000000000004,0.030000000000000006,96.0,0.5212948951111115,0.0028307121632177475
7,0.054,0,359.9987090217318,558.0,73.97523735169932,16.985887986225816,1691.0,284.67730392885477,60.64673346706017,0.0,0.0,0.0,8.0,0.7999999999999999,0.08000000000000002,104.0,0.5647361363703708,0.003066604843485893
