id,probability_maraud,successful_mating,next_foraging_time,foraging_events,foraging_hrs,foraging_sqhrs,staying_events,staying_hrs,staying_sqhrs,repairing_events,repairing_hrs,repairing_sqhrs,marauding_events,marauding_hrs,marauding_sqhrs,traveling_events,traveling_hrs,traveling_sqhrs
0,0.054,24,360.14020768613557,562.0,70.69828244038631,14.48996553164756,591.0,99.71893364023762,21.13420581669486,1111.0,189.0115483471217,40.70993378129852,4.0,0.4,0.04000000000000001,42.0,0.22806651661111124,0.0012384365714077665
1,0.054,48,360.14513738466405,556.0,73.3802405543528,16.624402597948365,1511.0,262.01793759930194,56.94369798418165,155.0,24.511330718223743,5.233119058523414,1.0,0.1,0.010000000000000002,55.0,0.2986585336574076,0.0016217621768435026
2,0.054,0,360.0329466595937,570.0,65.93212702814321,12.822159419547168,1739.0,293.20658758919944,62.718039435818845,0.0,0.0,0.0,4.0,0.4,0.04000000000000001,102.0,0.553875826055556,0.0030076316734188565
3,0.054,0,360.12225746699846,570.0,68.77780582238547,14.006284746534867,1691.0,290.09805549635774,62.30994487455247,0.0,0.0,0.0,7.0,0.7,0.07,92.0,0.49957427448148184,0.002712765823083675
4,0.054,0,360.3790688001613,559.0,73.91400558217116,16.44677461286331,1656.0,284.44162807951784,61.570093617184604,0.0,0.0,0.0,11.0,1.0999999999999999,0.11000000000000004,115.0,0.6244678431018523,0.0033909572788545926
5,0.054,0,360.0500110128069,564.0,68.9942019346988,13.736118171487565,1711.0,290.0691771716859,62.379022328511844,0.0,0.0,0.0,6.0,0.6,0.06000000000000001,83.0,0.4507028780648151,0.0024473865577820113
6,0.0,0,360.1101404879737,561.0,71.68769879854143,15.418609509247796,1696.0,288.51999838662715,61.8676743378254,0.0,0.0,0.0,0.0,0.0,0.0,0.0,0.0,0.0
7,0.054,0,360.34741474100696,563.0,73.40237173635323,15.830005597820948,1703.0,286.02950606526394,60.64796977526042,0.0,0.0,0.0,2.0,0.2,0.020000000000000004,88.0,0.4778536538518522,0.002594819482949602
