id,probability_maraud,successful_mating,next_foraging_time,foraging_events,foraging_hrs,foraging_sqhrs,staying_events,staying_hrs,staying_sqhrs,repairing_events,repairing_hrs,repairing_sqhrs,marauding_events,marauding_hrs,marauding_sqhrs,traveling_events,traveling_hrs,traveling_sqhrs
0,0.0,4,360.35094909514845,579.0,72.09675416438158,15.24157886353957,912.0,151.75273314045575,32.04667060674986,840.0,136.19626401024718,28.29890683491066,0.0,0.0,0.0,0.0,0.0,0.0
1,0.054,14,360.2504999808134,570.0,70.0719259195666,14.665626038337818,1702.0,288.4321128623444,61.03128585910358,0.0,0.0,0.0,12.0,1.2,0.12000000000000005,89.0,0.4832838090092596,0.0026243060679831203
