id,probability_maraud,successful_mating,next_foraging_time,foraging_events,foraging_hrs,foraging_sqhrs,staying_events,staying_hrs,staying_sqhrs,repairing_events,repairing_hrs,repairing_sqhrs,marauding_events,marauding_hrs,marauding_sqhrs,traveling_events,traveling_hrs,traveling_sqhrs
0,0.0,8,360.43259790340596,581.0,70.86097597911309,13.555465860306066,1066.0,179.68312352683924,38.9479448798002,625.0,109.49339935689056,24.1986099452726,0.0,0.0,0.0,0.0,0.0,0.0
1,0.054,10,360.435605709419,566.0,71.9194768379753,15.76114583751854,1723.0,286.6829042351976,61.68917717051881,0.0,0.0,0.0,10.0,0.9999999999999999,0.10000000000000003,100.0,0.5430155157407411,0.00294865850335182
