id,probability_maraud,successful_mating,next_foraging_time,foraging_events,foraging_hrs,foraging_sqhrs,staying_events,staying_hrs,staying_sqhrs,repairing_events,repairing_hrs,repairing_sqhrs,marauding_events,marauding_hrs,marauding_sqhrs,traveling_events,traveling_hrs,traveling_sqhrs
0,0.0,8,360.4962550953833,550.0,68.96382758954607,14.701294706092032,1150.0,195.9555387631565,42.58968335842609,552.0,95.16074316457403,20.871707097717653,0.0,0.0,0.0,0.0,0.0,0.0
1,0.054,10,360.1906802199323,566.0,67.57933494338786,13.248312997304229,1707.0,291.1943473258558,62.74764092655287,0.0,0.0,0.0,8.0,0.7999999999999999,0.08000000000000002,102.0,0.553875826055556,0.0030076316734188565
