id,probability_maraud,successful_mating,next_foraging_time,foraging_events,foraging_hrs,foraging_sqhrs,staying_events,staying_hrs,staying_sqhrs,repairing_events,repairing_hrs,repairing_sqhrs,marauding_events,marauding_hrs,marauding_sqhrs,traveling_events,traveling_hrs,traveling_sqhrs
0,0.0,5,360.59345442947017,566.0,71.89005604097159,14.590023375704773,999.0,168.20970987730746,36.05272300191283,721.0,120.08211673390278,25.445596059167407,0.0,0.0,0.0,0.0,0.0,0.0
1,0.054,13,360.27799375095464,559.0,70.15405991813594,15.355664199776387,1712.0,288.57568211316055,62.185919711936315,0.0,0.0,0.0,10.0,0.9999999999999999,0.10000000000000003,90.0,0.488713964166667,0.0026537926530166385
