id,probability_maraud,successful_mating,next_foraging_time,foraging_events,foraging_hrs,foraging_sqhrs,staying_events,staying_hrs,staying_sqhrs,repairing_events,repairing_hrs,repairing_sqhrs,marauding_events,marauding_hrs,marauding_sqhrs,traveling_events,traveling_hrs,traveling_sqhrs
0,0.0,7,360.21537072587125,573.0,71.52405913267391,15.219522778805496,1065.0,179.74591228849303,38.56968862296557,641.0,108.81841578055017,23.09229813266825,0.0,0.0,0.0,0.0,0.0,0.0
1,0.054,11,360.6523707071466,566.0,71.23429627058457,14.77205612013794,1688.0,287.5210319487833,61.41116040806977,0.0,0.0,0.0,9.0,0.8999999999999999,0.09000000000000002,87.0,0.4724234986944448,0.002565332897916084
