id,probability_maraud,successful_mating,next_foraging_time,foraging_events,foraging_hrs,foraging_sqhrs,staying_events,staying_hrs,staying_sqhrs,repairing_events,repairing_hrs,repairing_sqhrs,marauding_events,marauding_hrs,marauding_sqhrs,traveling_events,traveling_hrs,traveling_sqhrs
0,0.0,6,360.4227310216292,565.0,74.90048799660666,16.60139770160289,898.0,152.33220234274222,32.132001746419455,779.0,132.95935016465077,28.324117623164305,0.0,0.0,0.0,0.0,0.0,0.0
1,0.054,12,359.9280982396314,570.0,70.41499739848011,13.718350531147564,1702.0,287.9682575807334,61.69549192313372,0.0,0.0,0.0,11.0,1.0999999999999999,0.11000000000000004,106.0,0.5755964466851856,0.003125578013552929
