id,probability_maraud,successful_mating,next_foraging_time,foraging_events,foraging_hrs,foraging_sqhrs,staying_events,staying_hrs,staying_sqhrs,repairing_events,repairing_hrs,repairing_sqhrs,marauding_events,marauding_hrs,marauding_sqhrs,traveling_events,traveling_hrs,traveling_sqhrs
0,0.0,8,360.2386036093005,572.0,70.98044981555505,14.235014285405516,928.0,155.92651286067513,33.46641518498747,776.0,133.18481679765372,28.99968008398756,0.0,0.0,0.0,0.0,0.0,0.0
1,0.054,10,360.4934820619581,552.0,74.01338051414398,16.82141602775442,1678.0,284.4579597373852,61.69951817736191,0.0,0.0,0.0,11.0,1.0999999999999999,0.11000000000000004,94.0,0.5104345847962967,0.002771738993150711
