id,probability_maraud,successful_mating,next_foraging_time,foraging_events,foraging_hrs,foraging_sqhrs,staying_events,staying_hrs,staying_sqhrs,repairing_events,repairing_hrs,repairing_sqhrs,marauding_events,marauding_hrs,marauding_sqhrs,traveling_events,traveling_hrs,traveling_sqhrs
0,0.0,6,360.3473097673427,572.0,70.05829868890903,13.928259489174687,876.0,150.1621559209855,32.742309020603294,832.0,139.80287644601623,30.385056898241384,0.0,0.0,0.0,0.0,0.0,0.0
1,0.054,12,360.10820980765385,562.0,70.71112573089142,14.723524343420236,1706.0,287.5167027573886,61.31280576151717,0.0,0.0,0.0,12.0,1.2,0.12000000000000005,107.0,0.581026601842593,0.0031550645985864473
