id,probability_maraud,successful_mating,next_foraging_time,foraging_events,foraging_hrs,foraging_sqhrs,staying_events,staying_hrs,staying_sqhrs,repairing_events,repairing_hrs,repairing_sqhrs,marauding_events,marauding_hrs,marauding_sqhrs,traveling_events,traveling_hrs,traveling_sqhrs
0,0.0,9,359.87205552312776,568.0,73.43711651185953,15.519478932443162,1122.0,193.056427307764,41.93866170977649,566.0,93.59159582294797,19.80174725527664,0.0,0.0,0.0,0.0,0.0,0.0
1,0.054,9,360.2157022796105,560.0,68.64086452139348,14.201490593013656,1725.0,290.2137770633228,62.24020735324567,0.0,0.0,0.0,8.0,0.7999999999999999,0.08000000000000002,88.0,0.4778536538518522,0.002594819482949602
