id,probability_maraud,successful_mating,next_foraging_time,foraging_events,foraging_hrs,foraging_sqhrs,staying_events,staying_hrs,staying_sqhrs,repairing_events,repairing_hrs,repairing_sqhrs,marauding_events,marauding_hrs,marauding_sqhrs,traveling_events,traveling_hrs,traveling_sqhrs
0,0.0,8,360.3506249022309,566.0,66.26160302094769,12.898386209951141,1016.0,172.66227554862414,36.57481139043967,705.0,121.10720887007743,26.259104084322846,0.0,0.0,0.0,0.0,0.0,0.0
1,0.054,10,360.13481325014834,554.0,70.53584918925444,15.336394084974632,1688.0,287.91920062418774,62.14538060773915,0.0,0.0,0.0,10.0,0.9999999999999999,0.10000000000000003,111.0,0.6027472224722227,0.00327301093872052
