id,probability_maraud,successful_mating,next_foraging_time,foraging_events,foraging_hrs,foraging_sqhrs,staying_events,staying_hrs,staying_sqhrs,repairing_events,repairing_hrs,repairing_sqhrs,marauding_events,marauding_hrs,marauding_sqhrs,traveling_events,traveling_hrs,traveling_sqhrs
0,0.0,10,360.0666454582617,572.0,68.88944114449284,14.08953357024882,1065.0,182.4242841220334,40.134443167183015,637.0,108.76066867661288,23.525416938134583,0.0,0.0,0.0,0.0,0.0,0.0
1,0.054,8,360.02779203128455,565.0,70.19940898383635,15.474175541719994,1718.0,288.6945749714447,61.53099224449214,0.0,0.0,0.0,9.0,0.8999999999999999,0.09000000000000002,83.0,0.4507028780648151,0.0024473865577820113
