id,probability_maraud,successful_mating,next_foraging_time,foraging_events,foraging_hrs,foraging_sqhrs,staying_events,staying_hrs,staying_sqhrs,repairing_events,repairing_hrs,repairing_sqhrs,marauding_events,marauding_hrs,marauding_sqhrs,traveling_events,traveling_hrs,traveling_sqhrs
0,0.0,7,359.96571550648133,575.0,75.51596309218088,16.114933989285294,953.0,163.23071843387308,35.19003716066418,713.0,121.36304378601565,25.550890751036114,0.0,0.0,0.0,0.0,0.0,0.0
1,0.054,11,360.321844610141,566.0,71.78329008949528,14.926269798908347,1738.0,286.8644110718602,60.21327584115517,0.0,0.0,0.0,10.0,0.9999999999999999,0.10000000000000003,88.0,0.4778536538518522,0.002594819482949602
