id,probability_maraud,successful_mating,next_foraging_time,foraging_events,foraging_hrs,foraging_sqhrs,staying_events,staying_hrs,staying_sqhrs,repairing_events,repairing_hrs,repairing_sqhrs,marauding_events,marauding_hrs,marauding_sqhrs,traveling_events,traveling_hrs,traveling_sqhrs
0,0.0,7,360.44844359579247,583.0,72.91883281046378,15.775717863787303,986.0,168.70174095152032,36.7402627913555,704.0,118.4308039926659,25.117958932064177,0.0,0.0,0.0,0.0,0.0,0.0
1,0.054,11,360.6556954302617,558.0,71.08564258068266,16.257901385949506,1692.0,287.54112766911794,62.08281727989458,0.0,0.0,0.0,10.0,0.9999999999999999,0.10000000000000003,79.0,0.4289822574351855,0.0023294402176479386
