id,probability_maraud,successful_mating,next_foraging_time,foraging_events,foraging_hrs,foraging_sqhrs,staying_events,staying_hrs,staying_sqhrs,repairing_events,repairing_hrs,repairing_sqhrs,marauding_events,marauding_hrs,marauding_sqhrs,traveling_events,traveling_hrs,traveling_sqhrs
0,0.0,1,359.90117659588117,566.0,72.14298925939535,14.924922650537283,1132.0,193.64762128676924,41.39864337854043,566.0,94.28466212127854,20.109047091630394,0.0,0.0,0.0,0.0,0.0,0.0
1,0.054,16,359.88947447565744,566.0,73.11019018167855,15.07636628004412,1699.0,285.7474169357938,61.226417957152336,0.0,0.0,0.0,8.0,0.7999999999999999,0.08000000000000002,66.0,0.3583902403888891,0.0019461146122122025
