id,probability_maraud,successful_mating,next_foraging_time,foraging_events,foraging_hrs,foraging_sqhrs,staying_events,staying_hrs,staying_sqhrs,repairing_events,repairing_hrs,repairing_sqhrs,marauding_events,marauding_hrs,marauding_sqhrs,traveling_events,traveling_hrs,traveling_sqhrs
0,0.0,2,360.15711366091244,561.0,70.11686416001369,14.895203620434955,1065.0,180.43868404152883,38.900742780557685,646.0,109.51065467858461,23.749804852192334,0.0,0.0,0.0,0.0,0.0,0.0
1,0.054,16,359.83982077188244,576.0,72.3816373417865,15.25690136117259,1696.0,286.06799675618106,61.18966752148632,0.0,0.0,0.0,10.0,0.9999999999999999,0.10000000000000003,104.0,0.5647361363703708,0.003066604843485893
