id,probability_maraud,successful_mating,next_foraging_time,foraging_events,foraging_hrs,foraging_sqhrs,staying_events,staying_hrs,staying_sqhrs,repairing_events,repairing_hrs,repairing_sqhrs,marauding_events,marauding_hrs,marauding_sqhrs,traveling_events,traveling_hrs,traveling_sqhrs
0,0.0,8,360.4379474462515,559.0,69.70240767009363,15.110842980257102,889.0,148.176132277336,31.29119868783668,828.0,142.3490555161895,30.952402424076155,0.0,0.0,0.0,0.0,0.0,0.0
1,0.054,10,360.40677806024206,557.0,74.22181938715583,16.895237275759882,1694.0,284.23757316589877,60.85169862581031,0.0,0.0,0.0,12.0,1.2,0.12000000000000005,99.0,0.5375853605833337,0.002919171918318302
