id,probability_maraud,successful_mating,next_foraging_time,foraging_events,foraging_hrs,foraging_sqhrs,staying_events,staying_hrs,staying_sqhrs,repairing_events,repairing_hrs,repairing_sqhrs,marauding_events,marauding_hrs,marauding_sqhrs,traveling_events,traveling_hrs,traveling_sqhrs
0,0.0,4,360.2496947710902,564.0,69.99259473421667,14.54364073277652,1054.0,180.27489366797673,38.52933917620467,659.0,109.76289856185359,23.525281829100468,0.0,0.0,0.0,0.0,0.0,0.0
1,0.054,14,360.3121533513068,560.0,71.3085217336956,15.99477827807316,1668.0,287.07402034151687,61.81968639094152,0.0,0.0,0.0,10.0,0.9999999999999999,0.10000000000000003,114.0,0.6190376879444449,0.0033614706938210745
