id,probability_maraud,successful_mating,next_foraging_time,foraging_events,foraging_hrs,foraging_sqhrs,staying_events,staying_hrs,staying_sqhrs,repairing_events,repairing_hrs,repairing_sqhrs,marauding_events,marauding_hrs,marauding_sqhrs,traveling_events,traveling_hrs,traveling_sqhrs
0,0.0,2,360.45635393785983,572.0,75.0523079034573,16.186976782475792,956.0,164.3499991121053,35.730858231129055,710.0,120.72710740928832,26.289377413743466,0.0,0.0,0.0,0.0,0.0,0.0
1,0.054,16,360.0276162878827,556.0,73.99652071259453,16.13853378441622,1708.0,284.61096412471835,59.90677131481426,0.0,0.0,0.0,10.0,0.9999999999999999,0.10000000000000003,94.0,0.5104345847962967,0.002771738993150711
