id,probability_maraud,successful_mating,next_foraging_time,foraging_events,foraging_hrs,foraging_sqhrs,staying_events,staying_hrs,staying_sqhrs,repairing_events,repairing_hrs,repairing_sqhrs,marauding_events,marauding_hrs,marauding_sqhrs,traveling_events,traveling_hrs,traveling_sqhrs
0,0.0,5,360.19483002297403,567.0,68.60887952119118,14.225127303884706,923.0,154.23533812681447,32.85615734770531,801.0,137.18382666340713,29.357667221571756,0.0,0.0,0.0,0.0,0.0,0.0
1,0.054,12,360.0813770773567,571.0,72.12376998017268,15.095441088180145,1685.0,286.33438266257383,61.70691317427429,0.0,0.0,0.0,12.0,1.2,0.12000000000000005,90.0,0.488713964166667,0.0026537926530166385
