id,probability_maraud,successful_mating,next_foraging_time,foraging_events,foraging_hrs,foraging_sqhrs,staying_events,staying_hrs,staying_sqhrs,repairing_events,repairing_hrs,repairing_sqhrs,marauding_events,marauding_hrs,marauding_sqhrs,traveling_events,traveling_hrs,traveling_sqhrs
0,0.0,10,360.08639204321577,554.0,71.96659523856857,16.084740591324152,1516.0,251.45755832288174,53.60199796111784,228.0,36.592408247265475,7.6600959369843435,0.0,0.0,0.0,0.0,0.0,0.0
1,0.018,8,360.28477099618954,573.0,71.65635356916161,14.26392743647627,1677.0,287.80636346813947,62.386698105529526,0.0,0.0,0.0,6.0,0.6,0.06000000000000001,31.0,0.06736698533703706,0.00014639711978711495
