id,probability_maraud,successful_mating,next_foraging_time,foraging_events,foraging_hrs,foraging_sqhrs,staying_events,staying_hrs,staying_sqhrs,repairing_events,repairing_hrs,repairing_sqhrs,marauding_events,marauding_hrs,marauding_sqhrs,traveling_events,traveling_hrs,traveling_sqhrs
0,0.0,9,359.85947164239235,564.0,69.51810169306883,13.970827910932147,1440.0,247.91644558601047,54.22558575397739,235.0,42.57331226183547,9.365580031543757,0.0,0.0,0.0,0.0,0.0,0.0
1,0.018,9,360.1790110710686,557.0,71.32925660608414,15.828266933609028,1682.0,287.97672480941543,62.224102319446914,0.0,0.0,0.0,7.0,0.7,0.07,27.0,0.058674471100000014,0.000127507168846842
