id,probability_maraud,successful_mating,next_foraging_time,foraging_events,foraging_hrs,foraging_sqhrs,staying_events,staying_hrs,staying_sqhrs,repairing_events,repairing_hrs,repairing_sqhrs,marauding_events,marauding_hrs,marauding_sqhrs,traveling_events,traveling_hrs,traveling_sqhrs
0,0.0,9,360.17143988052646,568.0,66.42030121156084,13.10975058268349,1634.0,274.93603367781714,58.612858428232265,106.0,18.662458524037707,4.2047192360389944,0.0,0.0,0.0,0.0,0.0,0.0
1,0.018,9,360.0565199682089,570.0,68.48552967422314,14.035185247908636,1719.0,291.5360575956319,62.03740899993956,0.0,0.0,0.0,3.0,0.30000000000000004,0.030000000000000006,22.0,0.04780882830370371,0.00010389473017150088
