id,probability_maraud,successful_mating,next_foraging_time,foraging_events,foraging_hrs,foraging_sqhrs,staying_events,staying_hrs,staying_sqhrs,repairing_events,repairing_hrs,repairing_sqhrs,marauding_events,marauding_hrs,marauding_sqhrs,traveling_events,traveling_hrs,traveling_sqhrs
0,0.0,10,360.01427878309966,559.0,69.42103617077552,14.505883111869387,1424.0,241.73298705156625,51.48413644482072,286.0,49.07013195083209,10.778833605960859,0.0,0.0,0.0,0.0,0.0,0.0
1,0.018,8,360.4390051540999,565.0,69.68244803253273,13.644445454876262,1706.0,289.5579413331376,62.62328783750368,0.0,0.0,0.0,8.0,0.7999999999999999,0.08000000000000002,33.0,0.07171324245555558,0.00015584209525725142
