id,probability_maraud,successful_mating,next_foraging_time,foraging_events,foraging_hrs,foraging_sqhrs,staying_events,staying_hrs,staying_sqhrs,repairing_events,repairing_hrs,repairing_sqhrs,marauding_events,marauding_hrs,marauding_sqhrs,traveling_events,traveling_hrs,traveling_sqhrs
0,0.0,7,360.4043311962158,563.0,68.84586589671711,13.628124753614847,1674.0,279.19497453258373,58.98198622578947,72.0,12.130283995758871,2.594394445841291,0.0,0.0,0.0,0.0,0.0,0.0
1,0.018,11,360.5385911718689,575.0,70.18172210541893,14.388941708889272,1710.0,289.6501612699906,62.255260975182225,0.0,0.0,0.0,2.0,0.2,0.020000000000000004,28.0,0.060847599659259274,0.00013222965658191024
