id,probability_maraud,successful_mating,next_foraging_time,foraging_events,foraging_hrs,foraging_sqhrs,staying_events,staying_hrs,staying_sqhrs,repairing_events,repairing_hrs,repairing_sqhrs,marauding_events,marauding_hrs,marauding_sqhrs,traveling_events,traveling_hrs,traveling_sqhrs
0,0.0,6,359.7525128881796,550.0,70.93621749733585,15.828735642221277,1498.0,258.5731687850431,56.28271240130422,183.0,30.56557513766124,6.618207086354051,0.0,0.0,0.0,0.0,0.0,0.0
1,0.018,12,359.9559470830015,553.0,69.03441207172575,13.755294343024042,1702.0,290.42795657621207,62.181997642102864,0.0,0.0,0.0,5.0,0.5,0.05000000000000001,30.0,0.0651938567777778,0.0001416746320520467
