id,probability_maraud,successful_mating,next_foraging_time,foraging_events,foraging_hrs,foraging_sqhrs,staying_events,staying_hrs,staying_sqhrs,repairing_events,repairing_hrs,repairing_sqhrs,marauding_events,marauding_hrs,marauding_sqhrs,traveling_events,traveling_hrs,traveling_sqhrs
0,0.0,3,360.3168417106125,555.0,71.81108133118781,15.773302341224959,1603.0,276.0350922216265,60.112096590838256,76.0,12.207194319158326,2.4689625078969435,0.0,0.0,0.0,0.0,0.0,0.0
1,0.018,15,359.8649481600049,567.0,70.65927161717676,14.375887666176583,1704.0,289.0918070262631,60.595864981155486,0.0,0.0,0.0,2.0,0.2,0.020000000000000004,35.0,0.0760594995740741,0.00016528707072738789
