id,probability_maraud,successful_mating,next_foraging_time,foraging_events,foraging_hrs,foraging_sqhrs,staying_events,staying_hrs,staying_sqhrs,repairing_events,repairing_hrs,repairing_sqhrs,marauding_events,marauding_hrs,marauding_sqhrs,traveling_events,traveling_hrs,traveling_sqhrs
0,0.0,9,360.3322882303246,568.0,69.25309369870334,14.155913742871155,1433.0,248.40323996676585,53.68227548043641,260.0,42.467948105194125,9.036771378019973,0.0,0.0,0.0,0.0,0.0,0.0
1,0.018,9,359.90065909279645,565.0,73.51131594597975,16.839180556989913,1707.0,285.77486435744726,60.303507245459016,0.0,0.0,0.0,7.0,0.7,0.07,33.0,0.07171324245555558,0.00015584209525725142
