id,probability_maraud,successful_mating,next_foraging_time,foraging_events,foraging_hrs,foraging_sqhrs,staying_events,staying_hrs,staying_sqhrs,repairing_events,repairing_hrs,repairing_sqhrs,marauding_events,marauding_hrs,marauding_sqhrs,traveling_events,traveling_hrs,traveling_sqhrs
0,0.0,8,360.09670980763747,563.0,75.41782866510826,17.136664215066762,1531.0,260.352337694694,55.863406153681176,145.0,24.390973298077046,5.229230571478191,0.0,0.0,0.0,0.0,0.0,0.0
1,0.018,10,360.1941909127001,559.0,73.00391541586896,16.30471180821445,1713.0,286.5470927837003,60.57693809026939,0.0,0.0,0.0,4.0,0.4,0.04000000000000001,25.0,0.054328213981481493,0.00011806219337670554
