id,probability_maraud,successful_mating,next_foraging_time,foraging_events,foraging_hrs,foraging_sqhrs,staying_events,staying_hrs,staying_sqhrs,repairing_events,repairing_hrs,repairing_sqhrs,marauding_events,marauding_hrs,marauding_sqhrs,traveling_events,traveling_hrs,traveling_sqhrs
0,0.0,9,360.1526040450497,561.0,69.63115863478741,13.727884303226979,1557.0,259.9982917740167,54.756027721038116,180.0,30.42362656256759,6.64148556951032,0.0,0.0,0.0,0.0,0.0,0.0
1,0.018,9,360.3223340778977,577.0,68.71234190880041,13.839022119549371,1717.0,290.8264436881698,62.05753776364195,0.0,0.0,0.0,5.0,0.5,0.05000000000000001,29.0,0.06302072821851853,0.00013695214431697848
