id,probability_maraud,successful_mating,next_foraging_time,foraging_events,foraging_hrs,foraging_sqhrs,staying_events,staying_hrs,staying_sqhrs,repairing_events,repairing_hrs,repairing_sqhrs,marauding_events,marauding_hrs,marauding_sqhrs,traveling_events,traveling_hrs,traveling_sqhrs
0,0.0,9,359.94068877705865,562.0,73.57316151562333,16.488194914380596,1612.0,268.30248182945894,56.54855171963597,98.0,18.213038279728472,4.060576956741614,0.0,0.0,0.0,0.0,0.0,0.0
1,0.018,9,360.8331173275825,575.0,65.71532999325294,12.556313811796178,1750.0,294.054997411311,63.262090413927574,0.0,0.0,0.0,3.0,0.30000000000000004,0.030000000000000006,29.0,0.06302072821851853,0.00013695214431697848
