id,probability_maraud,successful_mating,next_foraging_time,foraging_events,foraging_hrs,foraging_sqhrs,staying_events,staying_hrs,staying_sqhrs,repairing_events,repairing_hrs,repairing_sqhrs,marauding_events,marauding_hrs,marauding_sqhrs,traveling_events,traveling_hrs,traveling_sqhrs
0,0.0,11,360.2995959617478,566.0,66.86478526805966,13.097709183977603,1621.0,274.8623513887575,59.844603361814535,111.0,18.438344162189704,3.9675494155251743,0.0,0.0,0.0,0.0,0.0,0.0
1,0.018,7,360.43844068516137,560.0,67.98227746912794,13.647062835163178,1692.0,291.8849234053109,62.71293143534657,0.0,0.0,0.0,3.0,0.30000000000000004,0.030000000000000006,29.0,0.06302072821851853,0.00013695214431697848
