id,probability_maraud,successful_mating,next_foraging_time,foraging_events,foraging_hrs,foraging_sqhrs,staying_events,staying_hrs,staying_sqhrs,repairing_events,repairing_hrs,repairing_sqhrs,marauding_events,marauding_hrs,marauding_sqhrs,traveling_events,traveling_hrs,traveling_sqhrs
0,0.0,9,360.5587193102927,574.0,71.88110621439493,14.89943424769315,1546.0,251.33271046149028,52.32758147874412,214.0,36.79660523383042,7.835022817090739,0.0,0.0,0.0,0.0,0.0,0.0
1,0.018,8,360.3908561949254,555.0,70.07650088269197,14.765003114093783,1741.0,289.25470594267307,61.456356163751416,0.0,0.0,0.0,6.0,0.6,0.06000000000000001,40.0,0.0869251423703704,0.00018889950940272906
