id,probability_maraud,successful_mating,next_foraging_time,foraging_events,foraging_hrs,foraging_sqhrs,staying_events,staying_hrs,staying_sqhrs,repairing_events,repairing_hrs,repairing_sqhrs,marauding_events,marauding_hrs,marauding_sqhrs,traveling_events,traveling_hrs,traveling_sqhrs
0,0.0,9,360.2686563993608,571.0,74.66644207283905,15.384851062181085,1549.0,260.8693421630865,55.697636001341245,134.0,24.518289604678742,5.471893444728104,0.0,0.0,0.0,0.0,0.0,0.0
1,0.018,9,360.1222959835258,568.0,66.97329384811661,13.067421616861553,1725.0,292.7234570470277,63.38444187438147,0.0,0.0,0.0,4.0,0.4,0.04000000000000001,26.0,0.056501342540740754,0.00012278468111177377
