id,probability_maraud,successful_mating,next_foraging_time,foraging_events,foraging_hrs,foraging_sqhrs,staying_events,staying_hrs,staying_sqhrs,repairing_events,repairing_hrs,repairing_sqhrs,marauding_events,marauding_hrs,marauding_sqhrs,traveling_events,traveling_hrs,traveling_sqhrs
0,0.0,10,359.78955658838424,585.0,70.95447591139528,14.420906072109599,1653.0,277.0204333628683,58.62986972828303,73.0,12.058034710718047,2.609184967982762,0.0,0.0,0.0,0.0,0.0,0.0
1,0.018,8,360.07637156518484,575.0,69.80837073083175,15.018459335847531,1729.0,290.1534975949725,61.28599524230188,0.0,0.0,0.0,2.0,0.2,0.020000000000000004,43.0,0.09344452804814818,0.00020306697260793376
