id,probability_maraud,successful_mating,next_foraging_time,foraging_events,foraging_hrs,foraging_sqhrs,staying_events,staying_hrs,staying_sqhrs,repairing_events,repairing_hrs,repairing_sqhrs,marauding_events,marauding_hrs,marauding_sqhrs,traveling_events,traveling_hrs,traveling_sqhrs
0,0.0,9,360.00162959043774,571.0,72.17228543551785,15.431788673113216,1624.0,275.5408891560162,58.43100992600341,73.0,12.421377258290798,2.62389594269288,0.0,0.0,0.0,0.0,0.0,0.0
1,0.018,9,360.0665407908799,575.0,73.90548451469166,16.50168814877558,1678.0,285.84938926742933,60.60195179841224,0.0,0.0,0.0,2.0,0.2,0.020000000000000004,26.0,0.056501342540740754,0.00012278468111177377
