id,probability_maraud,successful_mating,next_foraging_time,foraging_events,foraging_hrs,foraging_sqhrs,staying_events,staying_hrs,staying_sqhrs,repairing_events,repairing_hrs,repairing_sqhrs,marauding_events,marauding_hrs,marauding_sqhrs,traveling_events,traveling_hrs,traveling_sqhrs
0,0.0,9,360.3971884429373,559.0,68.97220301853233,15.238810311278735,1566.0,260.5671357691021,54.55531953418624,170.0,30.468901484800824,6.787618721245009,0.0,0.0,0.0,0.0,0.0,0.0
1,0.018,9,360.40121292678447,556.0,72.0010565589069,15.07222044689435,1728.0,287.602720867571,61.433573410045994,0.0,0.0,0.0,5.0,0.5,0.05000000000000001,27.0,0.058674471100000014,0.000127507168846842
