id,probability_maraud,successful_mating,next_foraging_time,foraging_events,foraging_hrs,foraging_sqhrs,staying_events,staying_hrs,staying_sqhrs,repairing_events,repairing_hrs,repairing_sqhrs,marauding_events,marauding_hrs,marauding_sqhrs,traveling_events,traveling_hrs,traveling_sqhrs
0,0.0,11,360.28542486456246,552.0,71.48762463570228,15.278433992038362,1486.0,251.91506136963326,53.42945666461622,210.0,36.68496537864158,8.268549517687301,0.0,0.0,0.0,0.0,0.0,0.0
1,0.018,7,360.16104434173144,568.0,71.98776043047432,15.140553331125624,1695.0,287.4833886086868,61.546321397419575,0.0,0.0,0.0,6.0,0.6,0.06000000000000001,27.0,0.058674471100000014,0.000127507168846842
