id,probability_maraud,successful_mating,next_foraging_time,foraging_events,foraging_hrs,foraging_sqhrs,staying_events,staying_hrs,staying_sqhrs,repairing_events,repairing_hrs,repairing_sqhrs,marauding_events,marauding_hrs,marauding_sqhrs,traveling_events,traveling_hrs,traveling_sqhrs
0,0.0,7,360.50896577798716,565.0,71.4203425495213,14.135155486370211,1476.0,252.23669929315045,54.47072843526252,211.0,36.415540796573644,7.804146348623783,0.0,0.0,0.0,0.0,0.0,0.0
1,0.018,11,360.21848188638796,563.0,69.3293701965582,14.523618027962065,1723.0,290.2533866744511,62.02142929702764,0.0,0.0,0.0,6.0,0.6,0.06000000000000001,28.0,0.060847599659259274,0.00013222965658191024
