id,probability_maraud,successful_mating,next_foraging_time,foraging_events,foraging_hrs,foraging_sqhrs,staying_events,staying_hrs,staying_sqhrs,repairing_events,repairing_hrs,repairing_sqhrs,marauding_events,marauding_hrs,marauding_sqhrs,traveling_events,traveling_hrs,traveling_sqhrs
0,0.0,6,359.9774989361625,569.0,69.27415345263371,14.341432022110492,1658.0,278.8698075907456,59.65790652082463,67.0,12.08064041979858,2.80541909231915,0.0,0.0,0.0,0.0,0.0,0.0
1,0.018,12,359.8473924479048,560.0,69.91903687120558,15.173282720679156,1726.0,289.84086377742113,61.614267822939716,0.0,0.0,0.0,2.0,0.2,0.020000000000000004,35.0,0.0760594995740741,0.00016528707072738789
