id,probability_maraud,successful_mating,next_foraging_time,foraging_events,foraging_hrs,foraging_sqhrs,staying_events,staying_hrs,staying_sqhrs,repairing_events,repairing_hrs,repairing_sqhrs,marauding_events,marauding_hrs,marauding_sqhrs,traveling_events,traveling_hrs,traveling_sqhrs
0,0.0,8,360.1180916634756,571.0,68.9765516500485,14.182637895253647,1532.0,260.67880644822634,56.38648591549142,192.0,30.50789451337857,5.989402064567826,0.0,0.0,0.0,0.0,0.0,0.0
1,0.018,10,360.1367461432736,566.0,70.56311845502776,14.136589034867812,1759.0,288.99772929748315,60.768281329334435,0.0,0.0,0.0,5.0,0.5,0.05000000000000001,37.0,0.08040575669259262,0.00017473204619752436
