id,probability_maraud,successful_mating,next_foraging_time,foraging_events,foraging_hrs,foraging_sqhrs,staying_events,staying_hrs,staying_sqhrs,repairing_events,repairing_hrs,repairing_sqhrs,marauding_events,marauding_hrs,marauding_sqhrs,traveling_events,traveling_hrs,traveling_sqhrs
0,0.0,3,360.1320065531907,563.0,70.43426111338026,14.927711707427713,1613.0,277.32935639167755,59.94790919006325,69.0,12.284551656218927,2.6643188711938115,0.0,0.0,0.0,0.0,0.0,0.0
1,0.0,13,360.1720908237244,580.0,69.36159927983229,13.912659822842647,1664.0,278.4962820031961,59.765586256986296,73.0,12.189303180844146,2.563872643475554,0.0,0.0,0.0,0.0,0.0,0.0
2,0.054,10,360.23430391897244,565.0,72.41411475213793,14.609265648937878,1660.0,285.894328402622,61.23652520248169,0.0,0.0,0.0,13.0,1.3,0.13000000000000006,84.0,0.45613303322222254,0.0024768731428155295
3,0.0,10,360.0514779449052,559.0,73.42605701312013,15.979981545913935,1668.0,280.3731681024872,59.60441116299178,45.0,6.224203960986076,1.1664788961026662,0.0,0.0,0.0,0.0,0.0,0.0
4,0.0,9,360.2671462766684,567.0,70.02296765340424,14.901637517105799,1603.0,271.7875161864297,58.49728764349493,106.0,18.302119292543605,3.905888968924046,0.0,0.0,0.0,0.0,0.0,0.0
5,0.0,9,360.02977315043654,555.0,71.37629779476848,15.510460992080917,1491.0,258.24636102354896,56.37680205036435,174.0,30.43173826564897,6.442849987808123,0.0,0.0,0.0,0.0,0.0,0.0
