id,probability_maraud,successful_mating,next_foraging_time,foraging_events,foraging_hrs,foraging_sqhrs,staying_events,staying_hrs,staying_sqhrs,repairing_events,repairing_hrs,repairing_sqhrs,marauding_events,marauding_hrs,marauding_sqhrs,traveling_events,traveling_hrs,traveling_sqhrs
0,0.0,37,360.33343715906256,569.0,69.05010950822529,14.196282404553019,1351.0,230.00655784527558,50.25893826608167,361.0,60.96805022762576,13.02502331041732,0.0,0.0,0.0,0.0,0.0,0.0
1,0.054,17,360.02671838405297,586.0,70.12975761874874,13.368162982655317,1726.0,288.5407561297734,60.99535604834006,0.0,0.0,0.0,10.0,0.9999999999999999,0.10000000000000003,100.0,0.5430155157407411,0.00294865850335182
2,0.0,0,360.55752256676993,569.0,72.27168174208158,15.361311414302696,1705.0,287.7439674303,61.10647613456693,0.0,0.0,0.0,0.0,0.0,0.0,0.0,0.0,0.0
3,0.0,0,360.0426724346288,555.0,71.44614587956507,15.17872586692784,1674.0,288.79331239076504,62.4875898306857,0.0,0.0,0.0,0.0,0.0,0.0,0.0,0.0,0.0
4,0.0,0,359.8083181528454,571.0,69.6804126128613,14.551752893388363,1718.0,290.33072515885556,61.91527836849326,0.0,0.0,0.0,0.0,0.0,0.0,0.0,0.0,0.0
5,0.0,0,360.0201575391746,569.0,65.79553331926486,12.455107809895821,1729.0,294.32068047575103,62.556019323582646,0.0,0.0,0.0,0.0,0.0,0.0,0.0,0.0,0.0
