id,probability_maraud,successful_mating,next_foraging_time,foraging_events,foraging_hrs,foraging_sqhrs,staying_events,staying_hrs,staying_sqhrs,repairing_events,repairing_hrs,repairing_sqhrs,marauding_events,marauding_hrs,marauding_sqhrs,traveling_events,traveling_hrs,traveling_sqhrs
0,0.0,34,360.0888288189171,564.0,70.92114854124588,14.936633303083592,1407.0,236.31419956804368,50.53670771828108,325.0,52.95129660148117,10.967987782217124,0.0,0.0,0.0,0.0,0.0,0.0
1,0.0,20,360.5743489467969,581.0,70.1498143801632,14.675611794193077,1749.0,289.93966891176933,60.586261336141064,0.0,0.0,0.0,0.0,0.0,0.0,0.0,0.0,0.0
2,0.0,0,360.2960795943884,555.0,74.98075848167483,16.548135557582793,1660.0,285.0754369979016,62.02767008146931,0.0,0.0,0.0,0.0,0.0,0.0,0.0,0.0,0.0
3,0.0,0,360.4932208060364,554.0,69.93877712385343,15.441111311124867,1698.0,290.11938317090295,62.89688468908374,0.0,0.0,0.0,0.0,0.0,0.0,0.0,0.0,0.0
4,0.0,0,360.5205404739178,551.0,69.26077727984404,14.038254978678847,1680.0,290.846381245297,63.48304433571154,0.0,0.0,0.0,0.0,0.0,0.0,0.0,0.0,0.0
5,0.054,0,359.9245843835998,564.0,70.00323741553704,13.558406507297189,1704.0,288.80939567328414,62.28465965038331,0.0,0.0,0.0,9.0,0.8999999999999999,0.09000000000000002,71.0,0.3855410161759262,0.0020935475373797933
