id,probability_maraud,successful_mating,next_foraging_time,foraging_events,foraging_hrs,foraging_sqhrs,staying_events,staying_hrs,staying_sqhrs,repairing_events,repairing_hrs,repairing_sqhrs,marauding_events,marauding_hrs,marauding_sqhrs,traveling_events,traveling_hrs,traveling_sqhrs
0,0.0,32,360.3958285428246,569.0,66.81222481738828,13.096131743885643,1331.0,226.7899732684962,48.68246491697844,395.0,66.50342190236161,14.11773252681889,0.0,0.0,0.0,0.0,0.0,0.0
1,0.054,22,360.1100233541868,554.0,68.01857089063775,13.55515578107383,1719.0,290.3817600825722,62.37825345954643,0.0,0.0,0.0,12.0,1.2,0.12000000000000005,91.0,0.4941441193240744,0.0026832792380501566
2,0.0,0,360.0361751412798,559.0,67.74629681822476,13.442177950982021,1703.0,292.3448770286969,63.773000704083714,0.0,0.0,0.0,0.0,0.0,0.0,0.0,0.0,0.0
3,0.0,0,360.23815372581487,579.0,69.9186644862354,14.698763399725143,1738.0,290.33370407551564,62.584023043342796,0.0,0.0,0.0,0.0,0.0,0.0,0.0,0.0,0.0
4,0.0,0,360.1582815948954,561.0,69.60612230501971,14.04710882842151,1704.0,290.43745667175614,62.432254090687564,0.0,0.0,0.0,0.0,0.0,0.0,0.0,0.0,0.0
5,0.0,0,360.14263472082143,559.0,70.88715986749894,16.530256736193305,1726.0,289.2097656942125,61.78918031243992,0.0,0.0,0.0,0.0,0.0,0.0,0.0,0.0,0.0
