id,probability_maraud,successful_mating,next_foraging_time,foraging_events,foraging_hrs,foraging_sqhrs,staying_events,staying_hrs,staying_sqhrs,repairing_events,repairing_hrs,repairing_sqhrs,marauding_events,marauding_hrs,marauding_sqhrs,traveling_events,traveling_hrs,traveling_sqhrs
0,0.0,10,360.1635237903766,565.0,70.65025331371554,14.684599618020867,1561.0,265.34052388770755,56.3634377981654,143.0,24.22348247634702,5.246791144227146,0.0,0.0,0.0,0.0,0.0,0.0
1,0.0,7,360.4040869782193,565.0,71.82213992576835,15.13274430659109,1487.0,251.57685533637994,53.338691823255566,211.0,36.72223182631585,8.02373786877074,0.0,0.0,0.0,0.0,0.0,0.0
2,0.0,14,360.12580920749093,555.0,71.66440396204592,15.995410194222654,1660.0,282.4848555317517,61.390626263734056,37.0,6.1780919840916,1.3156083718119318,0.0,0.0,0.0,0.0,0.0,0.0
3,0.054,4,360.3302229051142,572.0,69.70949723043194,14.14317222899102,1681.0,288.2865364672193,62.212279774693634,0.0,0.0,0.0,16.0,1.6000000000000003,0.1600000000000001,87.0,0.4724234986944448,0.002565332897916084
4,0.0,13,360.12045572187446,567.0,70.83893396512424,14.451712571384618,1612.0,271.00144828979757,58.484941790873414,104.0,18.305497099036664,3.876684435868909,0.0,0.0,0.0,0.0,0.0,0.0
5,0.0,6,359.97941894966795,576.0,73.58557161718441,15.797605361618446,1618.0,274.28562269671886,59.036615719308685,72.0,12.181251548479084,2.593197521164496,0.0,0.0,0.0,0.0,0.0,0.0
