id,probability_maraud,successful_mating,next_foraging_time,foraging_events,foraging_hrs,foraging_sqhrs,staying_events,staying_hrs,staying_sqhrs,repairing_events,repairing_hrs,repairing_sqhrs,marauding_events,marauding_hrs,marauding_sqhrs,traveling_events,traveling_hrs,traveling_sqhrs
0,0.054,43,359.8338540363494,573.0,73.34691936739964,15.333347720601575,1691.0,284.6767253274279,60.33815489026018,0.0,0.0,0.0,15.0,1.5000000000000002,0.15000000000000008,90.0,0.488713964166667,0.0026537926530166385
1,0.0,11,359.95568232345767,563.0,72.63128844092864,14.989510157917525,1145.0,195.27080887370565,42.69920796903293,534.0,92.10391163749286,20.01133503578211,0.0,0.0,0.0,0.0,0.0,0.0
2,0.0,0,360.06122610865873,579.0,70.40477319319776,13.92323322104568,1704.0,289.8448654604217,62.56862572618963,0.0,0.0,0.0,0.0,0.0,0.0,0.0,0.0,0.0
3,0.0,0,360.13175125751815,567.0,68.47781421979936,14.116952069917417,1728.0,291.635711140728,62.61022588477039,0.0,0.0,0.0,0.0,0.0,0.0,0.0,0.0,0.0
4,0.0,0,359.9241723081756,561.0,67.90406262183609,13.506525846941814,1752.0,292.1164452251188,62.26289695335934,0.0,0.0,0.0,0.0,0.0,0.0,0.0,0.0,0.0
5,0.0,0,360.071445136566,555.0,70.60779341800605,14.797674124214696,1718.0,289.45503078753086,63.148734120236654,0.0,0.0,0.0,0.0,0.0,0.0,0.0,0.0,0.0
