id,probability_maraud,successful_mating,next_foraging_time,foraging_events,foraging_hrs,foraging_sqhrs,staying_events,staying_hrs,staying_sqhrs,repairing_events,repairing_hrs,repairing_sqhrs,marauding_events,marauding_hrs,marauding_sqhrs,traveling_events,traveling_hrs,traveling_sqhrs
0,0.054,8,360.1319228833838,567.0,68.95854143605678,13.769292172851312,1702.0,288.93898391332334,62.03174078612595,0.0,0.0,0.0,17.0,1.7000000000000004,0.1700000000000001,87.0,0.4724234986944448,0.002565332897916084
1,0.0,6,360.1557337115319,566.0,75.10624841667295,16.951460999028495,1563.0,266.7617388445052,57.383339578978955,101.0,18.151570337689,4.019445820060003,0.0,0.0,0.0,0.0,0.0,0.0
2,0.0,14,360.52378687574173,566.0,71.51103864132605,15.314326947791937,1692.0,282.4153686042366,59.92251282346568,38.0,6.0838363359698135,1.2441690807209325,0.0,0.0,0.0,0.0,0.0,0.0
3,0.0,10,360.06474121213125,574.0,73.3179896946787,16.109890444234935,1639.0,280.71764662096996,60.01670754274103,36.0,6.065739642750563,1.3617711298276338,0.0,0.0,0.0,0.0,0.0,0.0
4,0.0,8,360.53538421511143,570.0,68.52972998746951,14.45259475015356,1510.0,254.7571995058311,54.22474229532208,221.0,36.79918281358605,7.806393172502311,0.0,0.0,0.0,0.0,0.0,0.0
5,0.0,8,360.1723850383718,570.0,71.26614829299633,15.450606414900962,1493.0,251.9446504056863,54.13489968978038,228.0,36.93688321348185,7.75238445802327,0.0,0.0,0.0,0.0,0.0,0.0
