id,probability_maraud,successful_mating,next_foraging_time,foraging_events,foraging_hrs,foraging_sqhrs,staying_events,staying_hrs,staying_sqhrs,repairing_events,repairing_hrs,repairing_sqhrs,marauding_events,marauding_hrs,marauding_sqhrs,traveling_events,traveling_hrs,traveling_sqhrs
0,0.0,27,360.1345907690645,558.0,69.89130530162446,14.922502275028153,1150.0,192.36309430631792,40.87563553156474,583.0,97.77379582824713,20.766643134144505,0.0,0.0,0.0,0.0,0.0,0.0
1,0.054,27,359.908177877692,571.0,66.43575544263267,12.453207276060356,1727.0,291.53600845013636,61.7467565772073,0.0,0.0,0.0,16.0,1.6000000000000003,0.1600000000000001,105.0,0.5701662915277782,0.003096091428519411
2,0.0,0,360.33800277373376,553.0,68.54890800299428,14.01649940214278,1723.0,291.5042669686559,62.161544242866846,0.0,0.0,0.0,0.0,0.0,0.0,0.0,0.0,0.0
3,0.0,0,360.31050649736244,561.0,71.17533435221964,15.050631906212951,1690.0,288.83959347981244,61.535547219854756,0.0,0.0,0.0,0.0,0.0,0.0,0.0,0.0,0.0
4,0.0,0,359.9212145065301,575.0,72.38703247822802,14.744970589740875,1700.0,287.6879581354622,61.27151051712561,0.0,0.0,0.0,0.0,0.0,0.0,0.0,0.0,0.0
5,0.0,0,360.4677513276251,566.0,69.49118367678965,14.754896583860031,1707.0,290.55776834698656,62.170660134234105,0.0,0.0,0.0,0.0,0.0,0.0,0.0,0.0,0.0
