id,probability_maraud,successful_mating,next_foraging_time,foraging_events,foraging_hrs,foraging_sqhrs,staying_events,staying_hrs,staying_sqhrs,repairing_events,repairing_hrs,repairing_sqhrs,marauding_events,marauding_hrs,marauding_sqhrs,traveling_events,traveling_hrs,traveling_sqhrs
0,0.0,28,360.3821600782972,553.0,72.19588558980607,16.00487544718828,1308.0,221.03064125866098,47.619067633583505,393.0,66.95942446931184,14.21126956180619,0.0,0.0,0.0,0.0,0.0,0.0
1,0.0,26,360.4828878489349,548.0,71.83506976348,15.599795186155646,1684.0,288.3310269797708,62.367495981851576,0.0,0.0,0.0,0.0,0.0,0.0,0.0,0.0,0.0
2,0.0,0,360.3982305443932,566.0,72.18988156973326,15.44688539136959,1672.0,287.97066384691254,61.89942868298911,0.0,0.0,0.0,0.0,0.0,0.0,0.0,0.0,0.0
3,0.054,0,360.05416118927894,589.0,70.78685190757368,14.103104872597578,1654.0,287.6393387342597,62.88401085639704,0.0,0.0,0.0,11.0,1.0999999999999999,0.11000000000000004,101.0,0.5484456708981486,0.0029781450883853383
4,0.0,0,360.0224486320211,568.0,71.55834326061121,15.022894621528323,1704.0,288.68783460695425,61.803925811029366,0.0,0.0,0.0,0.0,0.0,0.0,0.0,0.0,0.0
5,0.0,0,360.5605877773324,575.0,70.6882319363821,13.989444867611002,1734.0,289.48343810391697,60.88939291992173,0.0,0.0,0.0,0.0,0.0,0.0,0.0,0.0,0.0
