id,probability_maraud,successful_mating,next_foraging_time,foraging_events,foraging_hrs,foraging_sqhrs,staying_events,staying_hrs,staying_sqhrs,repairing_events,repairing_hrs,repairing_sqhrs,marauding_events,marauding_hrs,marauding_sqhrs,traveling_events,traveling_hrs,traveling_sqhrs
0,0.0,35,359.9121534612605,566.0,69.2932230209238,14.357936537738027,1242.0,211.661648470634,45.92151824578437,488.0,79.07531516670304,16.447977422017562,0.0,0.0,0.0,0.0,0.0,0.0
1,0.0,19,359.8414291955512,576.0,74.99582032091955,17.121952808549043,1647.0,285.0834286669132,61.60619937445825,0.0,0.0,0.0,0.0,0.0,0.0,0.0,0.0,0.0
2,0.054,0,360.423156644823,575.0,68.94229120046803,14.030724176086547,1701.0,289.23982644547516,62.47499980230407,0.0,0.0,0.0,13.0,1.3,0.13000000000000006,109.0,0.5918869121574079,0.0032140377686534836
3,0.0,0,360.2779577423499,578.0,65.54152419089179,12.437296767186426,1687.0,294.46891303517185,64.38192171585081,0.0,0.0,0.0,0.0,0.0,0.0,0.0,0.0,0.0
4,0.0,0,360.43438330854,562.0,68.30291176237668,13.89986036371198,1717.0,291.70297964939033,62.687488113205504,0.0,0.0,0.0,0.0,0.0,0.0,0.0,0.0,0.0
5,0.0,0,359.957739746037,578.0,69.19550693010507,13.738230253060017,1735.0,290.83091314436115,62.037548132802165,0.0,0.0,0.0,0.0,0.0,0.0,0.0,0.0,0.0
