id,probability_maraud,successful_mating,next_foraging_time,foraging_events,foraging_hrs,foraging_sqhrs,staying_events,staying_hrs,staying_sqhrs,repairing_events,repairing_hrs,repairing_sqhrs,marauding_events,marauding_hrs,marauding_sqhrs,traveling_events,traveling_hrs,traveling_sqhrs
0,0.0,31,360.1826144323102,566.0,75.09212131299086,17.44502092781961,1153.0,193.3379361795859,41.27715283930561,544.0,91.74711408020242,19.75661223091958,0.0,0.0,0.0,0.0,0.0,0.0
1,0.0,23,360.2697448303461,566.0,67.38699882297274,13.243986138111229,1704.0,292.84405343566647,63.53224071044927,0.0,0.0,0.0,0.0,0.0,0.0,0.0,0.0,0.0
2,0.0,0,360.2227805191701,578.0,68.17362512219331,14.213960844464857,1752.0,291.8491742272359,61.654570505056746,0.0,0.0,0.0,0.0,0.0,0.0,0.0,0.0,0.0
3,0.0,0,360.2796889950123,569.0,67.90770021199637,13.888052195262716,1698.0,292.1472874747009,63.399581176464245,0.0,0.0,0.0,0.0,0.0,0.0,0.0,0.0,0.0
4,0.054,0,360.2393569213177,556.0,72.95729824507818,16.01363064523527,1674.0,285.136790471975,62.48949636895383,0.0,0.0,0.0,15.0,1.5000000000000002,0.15000000000000008,89.0,0.4832838090092596,0.0026243060679831203
5,0.0,0,359.9737193314075,566.0,70.39009766902178,13.733401963227015,1729.0,289.69467380683653,62.07620169944926,0.0,0.0,0.0,0.0,0.0,0.0,0.0,0.0,0.0
