id,probability_maraud,successful_mating,next_foraging_time,foraging_events,foraging_hrs,foraging_sqhrs,staying_events,staying_hrs,staying_sqhrs,repairing_events,repairing_hrs,repairing_sqhrs,marauding_events,marauding_hrs,marauding_sqhrs,traveling_events,traveling_hrs,traveling_sqhrs
0,0.0,12,359.8401033789456,564.0,69.49470178562918,14.237646660987394,1626.0,272.3439266017086,57.684279438893924,100.0,18.203479753019167,4.2528080620538535,0.0,0.0,0.0,0.0,0.0,0.0
1,0.0,7,360.0593136542338,566.0,69.11513360355296,13.940486430679433,1680.0,284.88098541580314,60.66771376187248,34.0,6.0550222412824635,1.5006701551585537,0.0,0.0,0.0,0.0,0.0,0.0
2,0.0,8,359.8792462600549,575.0,70.57032670945598,14.516028961062045,1594.0,264.9291922762443,56.04989592240911,145.0,24.535603866962653,5.305420227416122,0.0,0.0,0.0,0.0,0.0,0.0
3,0.0,8,360.0570641356749,550.0,69.36368979503999,14.615852333049464,1530.0,266.22492037364026,58.308414114327896,146.0,24.455978737806095,5.123637231001105,0.0,0.0,0.0,0.0,0.0,0.0
4,0.0,12,360.45309472865756,569.0,71.83561898828601,14.968488866002977,1442.0,245.57076344690608,52.94598314442595,245.0,42.60977665445812,9.20077279081155,0.0,0.0,0.0,0.0,0.0,0.0
5,0.054,7,360.3182811406557,561.0,68.61779344694904,13.949614674025515,1689.0,289.10756719668785,62.33414647579466,0.0,0.0,0.0,19.0,1.9000000000000006,0.1900000000000001,99.0,0.5375853605833337,0.002919171918318302
