id,probability_maraud,successful_mating,next_foraging_time,foraging_events,foraging_hrs,foraging_sqhrs,staying_events,staying_hrs,staying_sqhrs,repairing_events,repairing_hrs,repairing_sqhrs,marauding_events,marauding_hrs,marauding_sqhrs,traveling_events,traveling_hrs,traveling_sqhrs
0,0.0,10,360.0821343305081,567.0,70.15790163137879,14.430066444537166,1643.0,277.6471011832803,59.52867075395158,76.0,12.23732775337922,2.7229861901909733,0.0,0.0,0.0,0.0,0.0,0.0
1,0.0,13,359.9797991667647,569.0,71.12044676110415,15.288481838627286,1598.0,270.7196014244849,58.56912170557133,104.0,18.16945025592913,3.900107332869625,0.0,0.0,0.0,0.0,0.0,0.0
2,0.0,8,360.127915803976,558.0,70.07773355881318,14.254225869535322,1586.0,271.8659812323762,59.164668915220545,108.0,18.102780727599804,3.9007977373819136,0.0,0.0,0.0,0.0,0.0,0.0
3,0.0,8,360.0602830263813,567.0,68.31234238284738,13.406215686767476,1616.0,273.0636969607915,58.54141264806853,102.0,18.633951387873037,4.246265469219164,0.0,0.0,0.0,0.0,0.0,0.0
4,0.0,6,360.5596271163048,572.0,71.58588710437009,14.55880399502247,1580.0,270.24280816571985,58.939878027755995,115.0,18.354719307869612,3.826833962677478,0.0,0.0,0.0,0.0,0.0,0.0
5,0.054,9,360.16242398488134,573.0,70.77593377318021,14.810975582237932,1717.0,287.43990768638383,60.81001003553075,0.0,0.0,0.0,14.0,1.4000000000000001,0.14000000000000007,101.0,0.5484456708981486,0.0029781450883853383
