id,probability_maraud,successful_mating,next_foraging_time,foraging_events,foraging_hrs,foraging_sqhrs,staying_events,staying_hrs,staying_sqhrs,repairing_events,repairing_hrs,repairing_sqhrs,marauding_events,marauding_hrs,marauding_sqhrs,traveling_events,traveling_hrs,traveling_sqhrs
0,0.0,32,360.54965721187904,554.0,74.29159004548285,16.722365669656895,1203.0,206.35895161826218,44.04584610970942,469.0,79.4103935627859,17.16879153800915,0.0,0.0,0.0,0.0,0.0,0.0
1,0.0,22,360.5387686987669,565.0,67.39333091552966,13.031981205844017,1699.0,292.79216075560953,64.14201419481722,0.0,0.0,0.0,0.0,0.0,0.0,0.0,0.0,0.0
2,0.054,0,360.9566146322821,571.0,68.59068020170878,13.904953155378012,1733.0,289.77888635842845,61.67338791408155,0.0,0.0,0.0,13.0,1.3,0.13000000000000006,79.0,0.4289822574351855,0.0023294402176479386
3,0.0,0,360.0320417980734,565.0,70.43454782992264,14.29098722232616,1721.0,289.855505159844,62.446534837534166,0.0,0.0,0.0,0.0,0.0,0.0,0.0,0.0,0.0
4,0.0,0,360.5393335490116,563.0,72.03706483082253,15.629822926274569,1721.0,288.0841253491869,60.98233729110407,0.0,0.0,0.0,0.0,0.0,0.0,0.0,0.0,0.0
5,0.0,0,359.9606678801833,576.0,65.70453173041514,12.533119896552543,1732.0,294.35700967840836,63.859769967549035,0.0,0.0,0.0,0.0,0.0,0.0,0.0,0.0,0.0
