id,probability_maraud,successful_mating,next_foraging_time,foraging_events,foraging_hrs,foraging_sqhrs,staying_events,staying_hrs,staying_sqhrs,repairing_events,repairing_hrs,repairing_sqhrs,marauding_events,marauding_hrs,marauding_sqhrs,traveling_events,traveling_hrs,traveling_sqhrs
0,0.0,38,360.48704993112307,576.0,68.09887697894953,13.34292087451877,1305.0,218.59077798317077,46.668258240779686,445.0,73.37028392805544,15.47373203145158,0.0,0.0,0.0,0.0,0.0,0.0
1,0.0,16,360.1599356721622,587.0,69.3029795265182,13.6885678942134,1716.0,290.84294349958105,62.61979604779906,0.0,0.0,0.0,0.0,0.0,0.0,0.0,0.0,0.0
2,0.0,0,359.9364238344599,565.0,70.3074181656201,14.469282566405534,1715.0,289.6975987868042,61.70079751983603,0.0,0.0,0.0,0.0,0.0,0.0,0.0,0.0,0.0
3,0.054,0,360.4104048069803,555.0,72.19171342816988,15.861781807077692,1697.0,286.10506717355526,61.77553538377544,0.0,0.0,0.0,12.0,1.2,0.12000000000000005,114.0,0.6190376879444449,0.0033614706938210745
4,0.0,0,360.06153603288226,570.0,69.1579503015095,14.754232562914815,1728.0,291.01913676801263,62.15196369141804,0.0,0.0,0.0,0.0,0.0,0.0,0.0,0.0,0.0
5,0.0,0,359.7140712475605,560.0,69.64117458843,14.850645766298234,1691.0,290.4790460114577,62.65020194695878,0.0,0.0,0.0,0.0,0.0,0.0,0.0,0.0,0.0
