id,probability_maraud,successful_mating,next_foraging_time,foraging_events,foraging_hrs,foraging_sqhrs,staying_events,staying_hrs,staying_sqhrs,repairing_events,repairing_hrs,repairing_sqhrs,marauding_events,marauding_hrs,marauding_sqhrs,traveling_events,traveling_hrs,traveling_sqhrs
0,0.054,44,360.5148936727062,575.0,66.17490242184162,12.77793749198361,1750.0,292.7889167266894,62.38235768580935,0.0,0.0,0.0,7.0,0.7,0.07,86.0,0.46699334353703736,0.002535846312882566
1,0.0,10,360.5130074341941,571.0,75.9315834522873,17.64304223573718,1415.0,241.15535719449213,51.64926761928549,266.0,42.94800106895427,8.697788482192674,0.0,0.0,0.0,0.0,0.0,0.0
2,0.0,0,360.8509235042616,561.0,72.00870485982314,15.822615671989547,1709.0,288.12337306176346,61.27911775602377,0.0,0.0,0.0,0.0,0.0,0.0,0.0,0.0,0.0
3,0.0,0,360.28754401960384,562.0,70.40788350624672,14.17014072870299,1737.0,289.7405209865404,60.73363067288689,0.0,0.0,0.0,0.0,0.0,0.0,0.0,0.0,0.0
4,0.0,0,360.6354252751784,563.0,71.47198101734146,14.93435983767243,1702.0,288.53226775615684,62.16522608612467,0.0,0.0,0.0,0.0,0.0,0.0,0.0,0.0,0.0
5,0.0,0,360.08458085936934,571.0,71.29841920182079,14.689693441995315,1710.0,288.82761457560076,61.95838783426132,0.0,0.0,0.0,0.0,0.0,0.0,0.0,0.0,0.0
