id,probability_maraud,successful_mating,next_foraging_time,foraging_events,foraging_hrs,foraging_sqhrs,staying_events,staying_hrs,staying_sqhrs,repairing_events,repairing_hrs,repairing_sqhrs,marauding_events,marauding_hrs,marauding_sqhrs,traveling_events,traveling_hrs,traveling_sqhrs
0,0.0,6,360.26575738202365,556.0,70.76068018144271,15.322800774943254,1489.0,252.6703389763863,53.999952797090906,213.0,36.67148312394247,7.859100770488557,0.0,0.0,0.0,0.0,0.0,0.0
1,0.0,7,360.3151284600556,566.0,72.03893218984526,15.11527940664936,1530.0,251.50603384284753,52.823851977770346,219.0,36.490162547031986,7.761877859817204,0.0,0.0,0.0,0.0,0.0,0.0
2,0.0,13,359.85072531151013,565.0,68.7803934972796,13.984211100358472,1520.0,266.9273960075461,58.811852050439406,140.0,24.299917275044347,5.397514470502725,0.0,0.0,0.0,0.0,0.0,0.0
3,0.0,10,359.6926634056524,561.0,67.49291488551772,13.437459036593841,1652.0,280.50531925217444,59.89254671719722,78.0,12.065399396379092,2.3657021757936194,0.0,0.0,0.0,0.0,0.0,0.0
4,0.054,7,359.97223060019445,566.0,71.70426201624245,15.891550133156873,1675.0,285.5101086717337,61.6225198724544,0.0,0.0,0.0,22.0,2.2000000000000006,0.22000000000000014,109.0,0.5918869121574079,0.0032140377686534836
5,0.0,11,360.63117780948534,566.0,70.88084434084557,14.843337432240492,1564.0,264.82290197001146,57.09385332977606,145.0,24.478069121199404,5.344687031953445,0.0,0.0,0.0,0.0,0.0,0.0
