id,probability_maraud,successful_mating,next_foraging_time,foraging_events,foraging_hrs,foraging_sqhrs,staying_events,staying_hrs,staying_sqhrs,repairing_events,repairing_hrs,repairing_sqhrs,marauding_events,marauding_hrs,marauding_sqhrs,traveling_events,traveling_hrs,traveling_sqhrs
0,0.0,28,360.00434122467595,570.0,70.27883085141652,14.517375376823782,1133.0,193.69931472263144,41.54462770004492,578.0,96.24202608636817,20.35856839470093,0.0,0.0,0.0,0.0,0.0,0.0
1,0.0,26,359.9424161507355,571.0,72.28402477472427,14.403912438688444,1692.0,287.79153233299405,61.91184753670555,0.0,0.0,0.0,0.0,0.0,0.0,0.0,0.0,0.0
2,0.0,0,360.22652212426954,560.0,67.90109423338481,13.29039589569475,1735.0,292.33381396010066,62.488617097038166,0.0,0.0,0.0,0.0,0.0,0.0,0.0,0.0,0.0
3,0.0,0,359.9303745515613,573.0,70.28540890746527,14.636410082638976,1711.0,289.75529699577817,61.90628342376499,0.0,0.0,0.0,0.0,0.0,0.0,0.0,0.0,0.0
4,0.0,0,359.9861329053918,570.0,72.7277487425159,15.56519353782971,1695.0,287.3205864212069,61.84164635766177,0.0,0.0,0.0,0.0,0.0,0.0,0.0,0.0,0.0
5,0.054,0,360.6561769039959,565.0,70.06192255385002,14.59015710426121,1693.0,287.90887564938055,61.779315986002224,0.0,0.0,0.0,16.0,1.6000000000000003,0.1600000000000001,107.0,0.581026601842593,0.0031550645985864473
