id,probability_maraud,successful_mating,next_foraging_time,foraging_events,foraging_hrs,foraging_sqhrs,staying_events,staying_hrs,staying_sqhrs,repairing_events,repairing_hrs,repairing_sqhrs,marauding_events,marauding_hrs,marauding_sqhrs,traveling_events,traveling_hrs,traveling_sqhrs
0,0.0,28,360.87256318664936,559.0,67.55505920335143,13.381015445737527,1290.0,213.0551289545236,44.38524903379522,484.0,79.70065361802003,16.454588853844207,0.0,0.0,0.0,0.0,0.0,0.0
1,0.054,26,360.2133459139354,574.0,69.28009805499573,13.439636447012694,1698.0,289.000173158568,61.967466945121785,0.0,0.0,0.0,13.0,1.3,0.13000000000000006,102.0,0.553875826055556,0.0030076316734188565
2,0.0,0,360.2528122859801,555.0,73.71073134863657,17.69894489344767,1663.0,286.31725730978,62.557090747831325,0.0,0.0,0.0,0.0,0.0,0.0,0.0,0.0,0.0
3,0.0,0,360.3441312206253,558.0,69.10944692908055,13.856593125012585,1681.0,291.0128595978726,63.117913194698765,0.0,0.0,0.0,0.0,0.0,0.0,0.0,0.0,0.0
4,0.0,0,360.2751150123764,572.0,70.70705303732494,14.312977561920153,1713.0,289.38345690353816,62.18936927619665,0.0,0.0,0.0,0.0,0.0,0.0,0.0,0.0,0.0
5,0.0,0,360.32707582114426,546.0,72.2633128446519,15.083821538338286,1673.0,287.8041953494902,62.18249751001154,0.0,0.0,0.0,0.0,0.0,0.0,0.0,0.0,0.0
