id,probability_maraud,successful_mating,next_foraging_time,foraging_events,foraging_hrs,foraging_sqhrs,staying_events,staying_hrs,staying_sqhrs,repairing_events,repairing_hrs,repairing_sqhrs,marauding_events,marauding_hrs,marauding_sqhrs,traveling_events,traveling_hrs,traveling_sqhrs
0,0.054,45,360.17627348529635,553.0,70.48325804677718,14.652043304618903,1704.0,287.95850449906436,62.100611096889395,0.0,0.0,0.0,11.0,1.0999999999999999,0.11000000000000004,97.0,0.5267250502685189,0.0028601987482512656
1,0.0,9,360.13004243424325,567.0,69.55229084116796,14.123515024794667,1335.0,222.93279329140188,47.677366274648875,407.0,67.52696619616653,14.69202479753015,0.0,0.0,0.0,0.0,0.0,0.0
2,0.0,0,359.9859597905379,566.0,71.09256917687532,14.293164956489498,1728.0,288.953191340076,61.05235992311914,0.0,0.0,0.0,0.0,0.0,0.0,0.0,0.0,0.0
3,0.0,0,360.34331543943256,568.0,70.27529433975127,13.991863136395112,1698.0,289.8502000122509,62.88595432651076,0.0,0.0,0.0,0.0,0.0,0.0,0.0,0.0,0.0
4,0.0,0,360.161717729159,564.0,71.72889861566634,15.417905324057086,1710.0,288.28964621935455,62.41779864570741,0.0,0.0,0.0,0.0,0.0,0.0,0.0,0.0,0.0
5,0.0,0,360.4066625084464,574.0,73.84854595811474,15.700107523543245,1686.0,286.1623531695321,60.88802013542013,0.0,0.0,0.0,0.0,0.0,0.0,0.0,0.0,0.0
