id,probability_maraud,successful_mating,next_foraging_time,foraging_events,foraging_hrs,foraging_sqhrs,staying_events,staying_hrs,staying_sqhrs,repairing_events,repairing_hrs,repairing_sqhrs,marauding_events,marauding_hrs,marauding_sqhrs,traveling_events,traveling_hrs,traveling_sqhrs
0,0.054,46,360.18403800111525,573.0,71.85108889797327,15.12152920501403,1675.0,285.99694500847426,62.1543239078982,0.0,0.0,0.0,16.0,1.6000000000000003,0.1600000000000001,109.0,0.5918869121574079,0.0032140377686534836
1,0.0,8,360.3422897276951,573.0,71.92196478522766,14.614684740034967,1136.0,191.01486717373137,40.416525474558895,558.0,97.19926035554641,21.316985023005074,0.0,0.0,0.0,0.0,0.0,0.0
2,0.0,0,360.1490288407932,565.0,65.86044374532302,12.985762548814858,1727.0,294.38158553578273,63.72364900152743,0.0,0.0,0.0,0.0,0.0,0.0,0.0,0.0,0.0
3,0.0,0,359.9974878957655,562.0,71.69583359676042,15.805350586530196,1672.0,288.4960859157675,62.01200901683489,0.0,0.0,0.0,0.0,0.0,0.0,0.0,0.0,0.0
4,0.0,0,360.0611335948326,570.0,69.24046516810095,14.579154037771533,1725.0,291.0365614746063,61.69205411574771,0.0,0.0,0.0,0.0,0.0,0.0,0.0,0.0,0.0
5,0.0,0,360.3093073819788,571.0,71.46561851405056,15.054549886838261,1689.0,288.5651799312531,61.6605065979498,0.0,0.0,0.0,0.0,0.0,0.0,0.0,0.0,0.0
