id,probability_maraud,successful_mating,next_foraging_time,foraging_events,foraging_hrs,foraging_sqhrs,staying_events,staying_hrs,staying_sqhrs,repairing_events,repairing_hrs,repairing_sqhrs,marauding_events,marauding_hrs,marauding_sqhrs,traveling_events,traveling_hrs,traveling_sqhrs
0,0.0,25,359.98898794268314,554.0,71.32731327076962,15.419190622511078,1122.0,190.76709153648042,41.00445876989707,571.0,98.11288774121067,21.151460287545333,0.0,0.0,0.0,0.0,0.0,0.0
1,0.0,29,360.31570993662393,569.0,70.63159116085431,14.021002182229074,1688.0,289.62041462011445,62.50940869534368,0.0,0.0,0.0,0.0,0.0,0.0,0.0,0.0,0.0
2,0.0,0,359.9347734230802,572.0,75.03350597945611,15.514781158357401,1727.0,285.08892451251467,60.19490079583737,0.0,0.0,0.0,0.0,0.0,0.0,0.0,0.0,0.0
3,0.0,0,360.6872130460014,561.0,71.66249368371778,14.368650855374003,1684.0,288.42287756267905,62.67118390933253,0.0,0.0,0.0,0.0,0.0,0.0,0.0,0.0,0.0
4,0.054,0,360.15999984758656,551.0,71.96728492687438,14.864917646132982,1677.0,285.9833582730897,62.28141459367775,0.0,0.0,0.0,16.0,1.6000000000000003,0.1600000000000001,99.0,0.5375853605833337,0.002919171918318302
5,0.0,0,360.55281382970594,563.0,71.74642306431461,14.896881858648236,1684.0,288.4751201527937,62.00017011539245,0.0,0.0,0.0,0.0,0.0,0.0,0.0,0.0,0.0
