id,probability_maraud,successful_mating,next_foraging_time,foraging_events,foraging_hrs,foraging_sqhrs,staying_events,staying_hrs,staying_sqhrs,repairing_events,repairing_hrs,repairing_sqhrs,marauding_events,marauding_hrs,marauding_sqhrs,traveling_events,traveling_hrs,traveling_sqhrs
0,0.054,45,360.2387433216545,547.0,71.27236874236665,15.712491655170822,1671.0,286.56267617115907,62.29159555842158,0.0,0.0,0.0,16.0,1.6000000000000003,0.1600000000000001,109.0,0.5918869121574079,0.0032140377686534836
1,0.0,9,360.1751670831556,569.0,72.48420760984753,14.956643088494815,1120.0,190.17636949641823,40.90549368636615,590.0,97.4566270186618,20.38959371783138,0.0,0.0,0.0,0.0,0.0,0.0
2,0.0,0,360.4859302044527,569.0,68.98842832694733,14.212041868489383,1714.0,291.0677673005439,63.35283618193748,0.0,0.0,0.0,0.0,0.0,0.0,0.0,0.0,0.0
3,0.0,0,360.152491065209,577.0,68.62080173050633,13.76593310832568,1713.0,291.61498461973247,63.433281485061826,0.0,0.0,0.0,0.0,0.0,0.0,0.0,0.0,0.0
4,0.0,0,360.2909843897006,564.0,73.87983560041951,16.65159611872206,1725.0,286.26343632524976,60.77661217382098,0.0,0.0,0.0,0.0,0.0,0.0,0.0,0.0,0.0
5,0.0,0,359.97902100603943,565.0,71.97303718783918,14.945981106720495,1695.0,288.13227676225955,62.19973469768961,0.0,0.0,0.0,0.0,0.0,0.0,0.0,0.0,0.0
