id,probability_maraud,successful_mating,next_foraging_time,foraging_events,foraging_hrs,foraging_sqhrs,staying_events,staying_hrs,staying_sqhrs,repairing_events,repairing_hrs,repairing_sqhrs,marauding_events,marauding_hrs,marauding_sqhrs,traveling_events,traveling_hrs,traveling_sqhrs
0,0.0,29,360.05327330815044,543.0,71.37676870423174,15.874150333479971,1330.0,228.1702797501183,49.39086566650837,356.0,60.64495267727204,12.829833166375385,0.0,0.0,0.0,0.0,0.0,0.0
1,0.0,25,360.1973937146907,552.0,70.65561406738342,15.416882215490535,1735.0,289.39891432870866,60.91448159483137,0.0,0.0,0.0,0.0,0.0,0.0,0.0,0.0,0.0
2,0.0,0,360.0144559913338,560.0,70.7216309919205,14.437534700603514,1660.0,289.3094852972629,62.45732542538451,0.0,0.0,0.0,0.0,0.0,0.0,0.0,0.0,0.0
3,0.0,0,360.10428499405555,565.0,69.12308603263521,14.057958456913154,1758.0,290.9133835797871,61.21005260444365,0.0,0.0,0.0,0.0,0.0,0.0,0.0,0.0,0.0
4,0.0,0,360.17482585470236,572.0,66.79622452319394,12.80578107414634,1738.0,293.2152812522195,63.322744258886694,0.0,0.0,0.0,0.0,0.0,0.0,0.0,0.0,0.0
5,0.054,0,360.03748659877795,569.0,72.14302803730682,15.397767492443156,1690.0,286.37703999717303,60.74603696876432,0.0,0.0,0.0,10.0,0.9999999999999999,0.10000000000000003,90.0,0.488713964166667,0.0026537926530166385
