id,probability_maraud,successful_mating,next_foraging_time,foraging_events,foraging_hrs,foraging_sqhrs,staying_events,staying_hrs,staying_sqhrs,repairing_events,repairing_hrs,repairing_sqhrs,marauding_events,marauding_hrs,marauding_sqhrs,traveling_events,traveling_hrs,traveling_sqhrs
0,0.054,43,360.58321039877393,559.0,70.83581034118991,14.598322660972494,1715.0,287.7573655248053,60.86066609979527,0.0,0.0,0.0,13.0,1.3,0.13000000000000006,94.0,0.5104345847962967,0.002771738993150711
1,0.0,11,360.1099589303764,562.0,71.50741877497993,15.58185046860709,1260.0,209.2287250492539,44.326047514046884,479.0,79.36148982670711,16.735209903950928,0.0,0.0,0.0,0.0,0.0,0.0
2,0.0,0,360.2454756868052,575.0,73.33262477934699,14.933437402552128,1692.0,286.70344586736894,60.81598053416841,0.0,0.0,0.0,0.0,0.0,0.0,0.0,0.0,0.0
3,0.0,0,359.89766757621413,567.0,71.15577817005008,15.01673337893921,1728.0,288.8730377036993,60.9280070819629,0.0,0.0,0.0,0.0,0.0,0.0,0.0,0.0,0.0
4,0.0,0,360.39260559406824,580.0,73.05076353696205,14.839587920134651,1719.0,286.9983517805588,60.45655921195387,0.0,0.0,0.0,0.0,0.0,0.0,0.0,0.0,0.0
5,0.0,0,360.00072591691674,567.0,72.9085226768822,15.210853565692794,1733.0,287.1102481702312,60.12973956636117,0.0,0.0,0.0,0.0,0.0,0.0,0.0,0.0,0.0
