id,probability_maraud,successful_mating,next_foraging_time,foraging_events,foraging_hrs,foraging_sqhrs,staying_events,staying_hrs,staying_sqhrs,repairing_events,repairing_hrs,repairing_sqhrs,marauding_events,marauding_hrs,marauding_sqhrs,traveling_events,traveling_hrs,traveling_sqhrs
0,0.0,30,360.0568162823234,575.0,68.04526902998533,13.221978418680383,1224.0,207.28661847322218,44.439558543008125,514.0,84.76647499681542,17.946379370273377,0.0,0.0,0.0,0.0,0.0,0.0
1,0.0,24,360.3927061276616,567.0,73.57464957582519,15.744202562498092,1680.0,286.44603150238737,61.54410375641538,0.0,0.0,0.0,0.0,0.0,0.0,0.0,0.0,0.0
2,0.0,0,359.8882739027557,572.0,71.72287973692669,14.673099102842562,1692.0,288.512703541917,62.698645816371645,0.0,0.0,0.0,0.0,0.0,0.0,0.0,0.0,0.0
3,0.0,0,360.50090778056676,566.0,70.9935378057792,15.832712806750022,1673.0,289.04685225595665,63.309986316908706,0.0,0.0,0.0,0.0,0.0,0.0,0.0,0.0,0.0
4,0.0,0,359.92374966194285,570.0,67.64776213878488,13.955326594767385,1722.0,292.39773498099265,62.74183535483394,0.0,0.0,0.0,0.0,0.0,0.0,0.0,0.0,0.0
5,0.054,0,360.49874468497774,557.0,68.86182424143063,14.287450293481704,1647.0,289.18018900929974,63.54173858245969,0.0,0.0,0.0,14.0,1.4000000000000001,0.14000000000000007,105.0,0.5701662915277782,0.003096091428519411
