id,probability_maraud,successful_mating,next_foraging_time,foraging_events,foraging_hrs,foraging_sqhrs,staying_events,staying_hrs,staying_sqhrs,repairing_events,repairing_hrs,repairing_sqhrs,marauding_events,marauding_hrs,marauding_sqhrs,traveling_events,traveling_hrs,traveling_sqhrs
0,0.0,12,360.1950252512049,557.0,69.75366771245814,13.957418171547252,1613.0,272.1730162650869,57.596987091707305,104.0,18.26909637208059,3.88655225472643,0.0,0.0,0.0,0.0,0.0,0.0
1,0.0,6,359.96556557726205,563.0,72.20742169036632,15.538642548137355,1562.0,269.8466944883746,58.74598875463957,111.0,18.188740335443878,3.6992782360149787,0.0,0.0,0.0,0.0,0.0,0.0
2,0.0,9,360.34506500927745,576.0,69.13018999691617,13.81190769322544,1668.0,278.88365197499996,59.35218790058303,69.0,12.178980654943052,2.8844355910630246,0.0,0.0,0.0,0.0,0.0,0.0
3,0.0,9,360.02733971250814,571.0,71.86484323746886,14.929589857990583,1572.0,263.8183508094803,56.15283490480082,145.0,24.432004873246495,5.181409800818514,0.0,0.0,0.0,0.0,0.0,0.0
4,0.054,10,360.3545418997739,555.0,71.59321621579927,14.875266662760046,1702.0,286.414997426767,60.40857629456364,0.0,0.0,0.0,16.0,1.6000000000000003,0.1600000000000001,91.0,0.4941441193240744,0.0026832792380501566
5,0.0,8,360.7888224746747,565.0,70.82364315134258,14.5253172108904,1563.0,264.55125092792275,56.45649619734306,148.0,24.64884124201634,5.25793065026398,0.0,0.0,0.0,0.0,0.0,0.0
