id,probability_maraud,successful_mating,next_foraging_time,foraging_events,foraging_hrs,foraging_sqhrs,staying_events,staying_hrs,staying_sqhrs,repairing_events,repairing_hrs,repairing_sqhrs,marauding_events,marauding_hrs,marauding_sqhrs,traveling_events,traveling_hrs,traveling_sqhrs
0,0.0,30,360.27708047689396,574.0,72.01379129009543,14.74073714396296,1273.0,215.5232793542456,45.69757393033463,441.0,72.47996563088196,15.121114973217981,0.0,0.0,0.0,0.0,0.0,0.0
1,0.054,24,359.9605668968174,549.0,70.50534031197321,15.130409054999616,1703.0,287.8864962197791,62.01121126417819,0.0,0.0,0.0,12.0,1.2,0.12000000000000005,92.0,0.49957427448148184,0.002712765823083675
2,0.0,0,359.8046346357313,568.0,70.18326044902797,14.877336101672787,1748.0,289.8619606390813,60.77978774782397,0.0,0.0,0.0,0.0,0.0,0.0,0.0,0.0,0.0
3,0.0,0,360.2115717025464,561.0,68.18102839066937,13.297185139826603,1726.0,291.9146695255215,62.59591368187259,0.0,0.0,0.0,0.0,0.0,0.0,0.0,0.0,0.0
4,0.0,0,359.9105621866278,554.0,76.91624081937692,17.34246948756192,1672.0,283.2197022730929,60.90373318251254,0.0,0.0,0.0,0.0,0.0,0.0,0.0,0.0,0.0
5,0.0,0,360.1361984569781,575.0,67.09882470308392,12.892411260669329,1715.0,293.1139694330661,63.01478105095666,0.0,0.0,0.0,0.0,0.0,0.0,0.0,0.0,0.0
