id,probability_maraud,successful_mating,next_foraging_time,foraging_events,foraging_hrs,foraging_sqhrs,staying_events,staying_hrs,staying_sqhrs,repairing_events,repairing_hrs,repairing_sqhrs,marauding_events,marauding_hrs,marauding_sqhrs,traveling_events,traveling_hrs,traveling_sqhrs
0,0.054,12,360.0976892651016,575.0,76.99772166501889,18.447527972138637,1665.0,280.96525474277905,60.223981993671565,0.0,0.0,0.0,16.0,1.6000000000000003,0.1600000000000001,87.0,0.4724234986944448,0.002565332897916084
1,0.0,7,360.0678854040886,564.0,68.2896000508242,13.540523262067653,1557.0,267.5328448118857,58.28076105320353,153.0,24.209465161955123,5.033700808760531,0.0,0.0,0.0,0.0,0.0,0.0
2,0.0,13,360.15407423729783,562.0,70.50473314394222,14.936740433833457,1645.0,277.6157091864846,59.610591231688474,69.0,12.104912387824713,2.583300652792785,0.0,0.0,0.0,0.0,0.0,0.0
3,0.0,5,359.9692856006926,572.0,68.97285340775298,13.530907065946872,1674.0,279.0498937165151,59.78166653029953,70.0,12.02405555334147,2.6263531109213,0.0,0.0,0.0,0.0,0.0,0.0
4,0.0,9,359.96992779758705,568.0,70.52396329539334,14.245972184441916,1556.0,258.9102816046541,54.42261297019029,162.0,30.637007026833167,7.23682977059105,0.0,0.0,0.0,0.0,0.0,0.0
5,0.0,8,360.04902412303693,577.0,72.03074097102699,14.38960740461647,1592.0,269.8218245561451,57.745069006154345,100.0,18.216944608891062,4.0752656381701415,0.0,0.0,0.0,0.0,0.0,0.0
