id,probability_maraud,successful_mating,next_foraging_time,foraging_events,foraging_hrs,foraging_sqhrs,staying_events,staying_hrs,staying_sqhrs,repairing_events,repairing_hrs,repairing_sqhrs,marauding_events,marauding_hrs,marauding_sqhrs,traveling_events,traveling_hrs,traveling_sqhrs
0,0.0,17,360.55408340848095,563.0,76.24465792038424,17.049844013431677,1025.0,180.6639232992233,39.80480215632267,600.0,103.29749085908126,22.50315189128818,0.0,0.0,0.0,0.0,0.0,0.0
1,0.0,37,360.3062113303791,566.0,70.62271148523755,14.521364405254353,1711.0,289.44198520629845,61.99983781253129,0.0,0.0,0.0,0.0,0.0,0.0,0.0,0.0,0.0
2,0.0,0,360.35152109813157,565.0,68.5936126575192,13.71583768591068,1747.0,291.6539224374268,62.211785102572534,0.0,0.0,0.0,0.0,0.0,0.0,0.0,0.0,0.0
3,0.0,0,359.82576920285874,552.0,68.78172093662545,13.99781614364332,1725.0,291.2223044392969,62.19065902303234,0.0,0.0,0.0,0.0,0.0,0.0,0.0,0.0,0.0
4,0.0,0,360.0031507847491,569.0,71.57483965888173,14.590703650782864,1686.0,288.6463105968231,61.721139123928154,0.0,0.0,0.0,0.0,0.0,0.0,0.0,0.0,0.0
5,0.054,0,360.18840243766897,568.0,70.91882380946946,14.407773511723438,1747.0,286.7747067296197,60.50729784381149,0.0,0.0,0.0,17.0,1.7000000000000004,0.1700000000000001,112.0,0.6081773776296301,0.003302497523754038
