id,probability_maraud,successful_mating,next_foraging_time,foraging_events,foraging_hrs,foraging_sqhrs,staying_events,staying_hrs,staying_sqhrs,repairing_events,repairing_hrs,repairing_sqhrs,marauding_events,marauding_hrs,marauding_sqhrs,traveling_events,traveling_hrs,traveling_sqhrs
0,0.0,7,359.9138670154781,573.0,69.77441726124484,14.645950292660562,1458.0,253.42935905240842,55.71996551284464,222.0,36.855155333500655,7.561697482646736,0.0,0.0,0.0,0.0,0.0,0.0
1,0.0,10,360.2239588088103,559.0,68.52004902053747,14.038869045690475,1555.0,260.80139553208153,54.58845750471715,168.0,30.69524526630484,6.89141047731347,0.0,0.0,0.0,0.0,0.0,0.0
2,0.0,10,360.18179986831984,561.0,66.53998158845157,13.211049215866437,1648.0,281.3926834952135,60.76962784596916,69.0,12.133317845396302,2.5036590001675254,0.0,0.0,0.0,0.0,0.0,0.0
3,0.0,6,359.91848853024834,559.0,71.26896740119298,15.590244269709752,1603.0,270.6290015231588,58.00569108410239,110.0,18.234519052146442,3.822597228153521,0.0,0.0,0.0,0.0,0.0,0.0
4,0.054,5,360.2281766145154,568.0,71.13975129366519,14.178868341056882,1668.0,286.6631913242277,61.890510595478126,0.0,0.0,0.0,19.0,1.9000000000000006,0.1900000000000001,110.0,0.5973170673148153,0.003243524353687002
5,0.0,16,360.22233106656154,579.0,69.12276501846613,13.198769753144127,1599.0,272.3970970411777,58.525215345979845,115.0,18.527090601070785,3.8990548718427642,0.0,0.0,0.0,0.0,0.0,0.0
