id,probability_maraud,successful_mating,next_foraging_time,foraging_events,foraging_hrs,foraging_sqhrs,staying_events,staying_hrs,staying_sqhrs,repairing_events,repairing_hrs,repairing_sqhrs,marauding_events,marauding_hrs,marauding_sqhrs,traveling_events,traveling_hrs,traveling_sqhrs
0,0.0,7,360.849211643017,571.0,74.54073743646332,16.78552888866897,1678.0,279.6904235665015,59.38649507094183,36.0,6.123946714751333,1.3236781925937149,0.0,0.0,0.0,0.0,0.0,0.0
1,0.054,12,360.1692082223855,562.0,69.1234223019418,14.53373949331933,1706.0,288.95309672539776,61.5589253998558,0.0,0.0,0.0,15.0,1.5000000000000002,0.15000000000000008,110.0,0.5973170673148153,0.003243524353687002
2,0.0,9,359.99081743370346,568.0,70.89729941706825,14.914091923804367,1597.0,271.2184745647109,58.65722486334431,112.0,18.083056531652232,3.844869521085997,0.0,0.0,0.0,0.0,0.0,0.0
3,0.0,12,360.0249926356553,555.0,68.90497218816428,14.339113742095629,1605.0,272.98716551909337,58.74709940437934,111.0,18.277298786613954,3.980371676978821,0.0,0.0,0.0,0.0,0.0,0.0
4,0.0,8,360.6291425972781,566.0,69.84789398420914,13.889929353273947,1614.0,271.76816097557895,58.05640811804075,114.0,18.39504883689584,3.714396553518131,0.0,0.0,0.0,0.0,0.0,0.0
5,0.0,6,360.5023702645834,565.0,70.0282158403776,14.677249781207529,1548.0,259.47262013465576,54.74713725180323,183.0,30.58978707515205,6.529069538001979,0.0,0.0,0.0,0.0,0.0,0.0
