id,probability_maraud,successful_mating,next_foraging_time,foraging_events,foraging_hrs,foraging_sqhrs,staying_events,staying_hrs,staying_sqhrs,repairing_events,repairing_hrs,repairing_sqhrs,marauding_events,marauding_hrs,marauding_sqhrs,traveling_events,traveling_hrs,traveling_sqhrs
0,0.0,6,360.26904695642554,560.0,72.67483227230754,14.900243602176959,1621.0,275.37201087227754,59.13235782781857,72.0,12.167790978657797,2.6253522737619694,0.0,0.0,0.0,0.0,0.0,0.0
1,0.054,14,360.12565335781915,572.0,73.43300468645027,15.903464775826972,1737.0,284.4258105603983,60.38102645867001,0.0,0.0,0.0,17.0,1.7000000000000004,0.1700000000000001,90.0,0.488713964166667,0.0026537926530166385
2,0.0,10,360.09868585633944,570.0,69.19440031126155,13.594425826019538,1616.0,278.71010862926113,60.729734515574876,68.0,12.221076504542056,2.860363119056562,0.0,0.0,0.0,0.0,0.0,0.0
3,0.0,4,360.3469204265437,574.0,70.13264908938086,14.811282690787676,1526.0,255.7212464298526,54.87856834176828,211.0,34.18275666917883,6.950853626142479,0.0,0.0,0.0,0.0,0.0,0.0
4,0.0,7,360.41834895224605,566.0,70.56434373502402,14.397390596983342,1544.0,258.9571302458472,54.75343278548217,181.0,30.489331990823306,6.424434572606622,0.0,0.0,0.0,0.0,0.0,0.0
5,0.0,13,360.280605987315,565.0,67.92651024680589,13.776336883331618,1708.0,286.0779653047882,60.62141039146146,32.0,6.173502722514868,1.4375644220458732,0.0,0.0,0.0,0.0,0.0,0.0
