id,probability_maraud,successful_mating,next_foraging_time,foraging_events,foraging_hrs,foraging_sqhrs,staying_events,staying_hrs,staying_sqhrs,repairing_events,repairing_hrs,repairing_sqhrs,marauding_events,marauding_hrs,marauding_sqhrs,traveling_events,traveling_hrs,traveling_sqhrs
0,0.0,34,360.01687290894426,560.0,71.4039916477866,15.238206726510885,1331.0,227.28408748896663,49.79241471815264,366.0,61.44245404671842,13.013309717637284,0.0,0.0,0.0,0.0,0.0,0.0
1,0.0,20,360.0377183471949,576.0,71.93967512663755,16.120887246121164,1720.0,288.21353329988926,61.3038942721848,0.0,0.0,0.0,0.0,0.0,0.0,0.0,0.0,0.0
2,0.0,0,359.91130334482216,563.0,74.00129968583431,16.73653890280251,1674.0,286.0250383401233,61.85916053854631,0.0,0.0,0.0,0.0,0.0,0.0,0.0,0.0,0.0
3,0.0,0,360.1596426985673,563.0,73.80208026557747,15.728790633352116,1689.0,286.32863219476445,61.54621770994297,0.0,0.0,0.0,0.0,0.0,0.0,0.0,0.0,0.0
4,0.054,0,360.5621560709533,566.0,72.41786190346089,15.675581351607251,1687.0,286.2212428505893,61.603042255039654,0.0,0.0,0.0,10.0,0.9999999999999999,0.10000000000000003,85.0,0.46156318837962995,0.0025063597278490476
5,0.0,0,359.9993832068874,564.0,71.00791700180217,14.668759606377316,1744.0,289.09336892300286,61.448874540956766,0.0,0.0,0.0,0.0,0.0,0.0,0.0,0.0,0.0
