id,probability_maraud,successful_mating,next_foraging_time,foraging_events,foraging_hrs,foraging_sqhrs,staying_events,staying_hrs,staying_sqhrs,repairing_events,repairing_hrs,repairing_sqhrs,marauding_events,marauding_hrs,marauding_sqhrs,traveling_events,traveling_hrs,traveling_sqhrs
0,0.0,9,360.79220134064883,565.0,70.35219217714358,14.221661909575298,1672.0,283.77359220962046,60.34997174686855,32.0,6.019288274573112,1.4021427604960335,0.0,0.0,0.0,0.0,0.0,0.0
1,0.0,8,360.3267175433511,569.0,67.98291505923835,13.564243518714276,1595.0,267.5839002978198,56.870773562752035,133.0,24.50182902515683,5.579019937116352,0.0,0.0,0.0,0.0,0.0,0.0
2,0.0,9,360.15955797574827,579.0,68.3764377442194,13.736735685301174,1557.0,267.4375380176918,57.35466443664835,141.0,24.240480667162853,5.3130382815327515,0.0,0.0,0.0,0.0,0.0,0.0
3,0.0,7,360.521629305701,563.0,67.79277143683704,14.20830630707471,1541.0,261.5791940410147,55.88406759604573,181.0,30.633471230768563,6.509917014943717,0.0,0.0,0.0,0.0,0.0,0.0
4,0.0,11,360.35889331083695,568.0,73.14645125203592,15.375453968394925,1606.0,262.56698043559857,55.09368432614112,150.0,24.33872050937045,5.089898540673659,0.0,0.0,0.0,0.0,0.0,0.0
5,0.054,10,360.0004535213859,574.0,74.30021355603556,17.030490290893812,1633.0,283.63077263318297,61.462139308603554,0.0,0.0,0.0,18.0,1.8000000000000005,0.1800000000000001,101.0,0.5484456708981486,0.0029781450883853383
