id,probability_maraud,successful_mating,next_foraging_time,foraging_events,foraging_hrs,foraging_sqhrs,staying_events,staying_hrs,staying_sqhrs,repairing_events,repairing_hrs,repairing_sqhrs,marauding_events,marauding_hrs,marauding_sqhrs,traveling_events,traveling_hrs,traveling_sqhrs
0,0.0,23,360.43760549814874,557.0,71.19338402209621,14.29577952077533,946.0,160.36935109958532,34.87656181375572,750.0,128.46646123954488,27.630323004519916,0.0,0.0,0.0,0.0,0.0,0.0
1,0.054,31,359.959543749882,563.0,74.13210145101628,16.871727585264196,1692.0,283.24677870419964,60.03428823164131,0.0,0.0,0.0,21.0,2.1000000000000005,0.21000000000000013,106.0,0.5755964466851856,0.003125578013552929
2,0.0,0,360.13286376303677,574.0,68.74533976054555,13.683081588164919,1728.0,291.2732266391469,63.17674922075278,0.0,0.0,0.0,0.0,0.0,0.0,0.0,0.0,0.0
3,0.0,0,359.98902258890524,573.0,73.6666073689625,16.11708646178068,1696.0,286.57151933365276,61.17797238198196,0.0,0.0,0.0,0.0,0.0,0.0,0.0,0.0,0.0
4,0.0,0,360.1424936882673,564.0,69.33925978511645,14.390054645834352,1753.0,290.79392071803795,61.61311551378011,0.0,0.0,0.0,0.0,0.0,0.0,0.0,0.0,0.0
5,0.0,0,360.3502467202985,557.0,71.90754530738083,15.38373345889222,1686.0,288.10697895965063,62.35383731957635,0.0,0.0,0.0,0.0,0.0,0.0,0.0,0.0,0.0
