id,probability_maraud,successful_mating,next_foraging_time,foraging_events,foraging_hrs,foraging_sqhrs,staying_events,staying_hrs,staying_sqhrs,repairing_events,repairing_hrs,repairing_sqhrs,marauding_events,marauding_hrs,marauding_sqhrs,traveling_events,traveling_hrs,traveling_sqhrs
0,0.0,32,360.41973525494086,573.0,63.28098646261457,11.516215408164376,1200.0,204.0264437532048,43.66143607901731,547.0,92.73598465405695,19.672616156815074,0.0,0.0,0.0,0.0,0.0,0.0
1,0.0,22,360.2936347185913,563.0,65.01087954871757,12.421373913373495,1749.0,295.06186925489646,63.12385984433577,0.0,0.0,0.0,0.0,0.0,0.0,0.0,0.0,0.0
2,0.0,0,360.1588881711812,562.0,70.45555611823974,14.220643307811846,1749.0,289.5465600942251,61.624022548491276,0.0,0.0,0.0,0.0,0.0,0.0,0.0,0.0,0.0
3,0.0,0,360.1877120122457,565.0,70.41693667130043,14.793813554829024,1684.0,289.7594681813951,63.151591794558016,0.0,0.0,0.0,0.0,0.0,0.0,0.0,0.0,0.0
4,0.054,0,360.0955897946988,586.0,70.41442836105178,13.828603644902667,1687.0,287.4505352519227,61.75857410938628,0.0,0.0,0.0,16.0,1.6000000000000003,0.1600000000000001,102.0,0.553875826055556,0.0030076316734188565
5,0.0,0,359.95639617443146,558.0,68.49210849512332,14.886513473112913,1705.0,291.56303074877405,62.62881190017512,0.0,0.0,0.0,0.0,0.0,0.0,0.0,0.0,0.0
