id,probability_maraud,successful_mating,next_foraging_time,foraging_events,foraging_hrs,foraging_sqhrs,staying_events,staying_hrs,staying_sqhrs,repairing_events,repairing_hrs,repairing_sqhrs,marauding_events,marauding_hrs,marauding_sqhrs,traveling_events,traveling_hrs,traveling_sqhrs
0,0.0,9,359.9492602484068,580.0,71.40553888473025,14.380963423220418,1569.0,264.29733628411003,56.59666054374434,141.0,24.426750486305878,5.159924925855475,0.0,0.0,0.0,0.0,0.0,0.0
1,0.0,9,360.1300540298995,566.0,71.5237914009196,15.500598896398657,1641.0,282.4338105337873,61.295761544633216,35.0,6.0841995597483916,1.290575641370882,0.0,0.0,0.0,0.0,0.0,0.0
2,0.0,7,360.03110594068625,562.0,74.00368142383999,15.998985824414833,1546.0,261.6189268040732,55.42697481879798,138.0,24.428105294539925,5.696732500129019,0.0,0.0,0.0,0.0,0.0,0.0
3,0.0,9,360.27546968625353,582.0,72.93168950884063,15.032758260969542,1545.0,256.27817824051806,54.70984304194856,179.0,30.885423802794183,6.687809227677027,0.0,0.0,0.0,0.0,0.0,0.0
4,0.0,9,359.88941790823054,569.0,70.87441683545448,14.790146239113332,1588.0,270.81017216947055,58.262544509830576,116.0,18.5307607768542,3.8860911363612356,0.0,0.0,0.0,0.0,0.0,0.0
5,0.054,11,360.47835368296944,559.0,70.62796719094142,14.95010296758768,1738.0,287.30947070644123,60.68990939413561,0.0,0.0,0.0,17.0,1.7000000000000004,0.1700000000000001,88.0,0.4778536538518522,0.002594819482949602
