id,probability_maraud,successful_mating,next_foraging_time,foraging_events,foraging_hrs,foraging_sqhrs,staying_events,staying_hrs,staying_sqhrs,repairing_events,repairing_hrs,repairing_sqhrs,marauding_events,marauding_hrs,marauding_sqhrs,traveling_events,traveling_hrs,traveling_sqhrs
0,0.0,24,360.1467554862155,561.0,71.08159798142923,15.384193616364188,1190.0,201.51183484171884,42.720382926064744,519.0,87.54434385327961,18.62364117876652,0.0,0.0,0.0,0.0,0.0,0.0
1,0.0,30,360.34200309113663,580.0,74.64828209495862,16.29383543064494,1667.0,285.55728268290613,61.48241141832248,0.0,0.0,0.0,0.0,0.0,0.0,0.0,0.0,0.0
2,0.0,0,359.9863637110998,577.0,69.67268889473928,13.453460725655564,1721.0,290.3710114480151,62.760856406386154,0.0,0.0,0.0,0.0,0.0,0.0,0.0,0.0,0.0
3,0.0,0,360.3189774518521,572.0,70.3572902315586,14.247361032172687,1754.0,289.8745291242638,61.4333980545743,0.0,0.0,0.0,0.0,0.0,0.0,0.0,0.0,0.0
4,0.054,0,360.4679760362812,562.0,74.39622760498015,17.246205744935953,1684.0,283.56536555169663,60.313738270775474,0.0,0.0,0.0,15.0,1.5000000000000002,0.15000000000000008,102.0,0.553875826055556,0.0030076316734188565
5,0.0,0,360.31657283830117,555.0,74.23925462443941,17.247639405716548,1707.0,285.9457735574751,60.51548723695016,0.0,0.0,0.0,0.0,0.0,0.0,0.0,0.0,0.0
