id,probability_maraud,successful_mating,next_foraging_time,foraging_events,foraging_hrs,foraging_sqhrs,staying_events,staying_hrs,staying_sqhrs,repairing_events,repairing_hrs,repairing_sqhrs,marauding_events,marauding_hrs,marauding_sqhrs,traveling_events,traveling_hrs,traveling_sqhrs
0,0.0,24,360.30397258841265,575.0,71.21197158016408,15.313361028468297,980.0,166.78068735815725,36.17735140845369,714.0,122.0456022080948,26.4251515180877,0.0,0.0,0.0,0.0,0.0,0.0
1,0.0,30,360.097759997927,581.0,71.13183225291885,14.914484148082076,1721.0,288.93537637213507,61.449772968330336,0.0,0.0,0.0,0.0,0.0,0.0,0.0,0.0,0.0
2,0.0,0,360.08186497575156,562.0,68.3554351499464,14.086076786060252,1708.0,291.67734924999127,62.78497772866565,0.0,0.0,0.0,0.0,0.0,0.0,0.0,0.0,0.0
3,0.0,0,360.2890822098693,562.0,71.59048289767038,15.193515827866406,1724.0,288.5169187761067,61.18999059449584,0.0,0.0,0.0,0.0,0.0,0.0,0.0,0.0,0.0
4,0.054,0,360.29712079797895,567.0,70.40832563346231,16.02822720279856,1730.0,287.0441284814715,60.614530085019034,0.0,0.0,0.0,20.0,2.0000000000000004,0.20000000000000012,108.0,0.5864567570000004,0.0031845511836199655
5,0.0,0,360.1459181014299,577.0,67.16293395395051,13.217797231114629,1707.0,293.0498918800468,63.493739092178764,0.0,0.0,0.0,0.0,0.0,0.0,0.0,0.0,0.0
