id,probability_maraud,successful_mating,next_foraging_time,foraging_events,foraging_hrs,foraging_sqhrs,staying_events,staying_hrs,staying_sqhrs,repairing_events,repairing_hrs,repairing_sqhrs,marauding_events,marauding_hrs,marauding_sqhrs,traveling_events,traveling_hrs,traveling_sqhrs
0,0.0,9,360.08888724411463,565.0,73.2174357614402,16.23745668101571,1627.0,274.66693927566143,58.61074948863661,70.0,12.187160434188684,2.682645255123576,0.0,0.0,0.0,0.0,0.0,0.0
1,0.054,9,360.550778788382,556.0,68.78278123803133,14.352383459452495,1693.0,288.8929850172674,62.75060479254548,0.0,0.0,0.0,17.0,1.7000000000000004,0.1700000000000001,116.0,0.6298979982592597,0.003420443863888111
2,0.0,8,360.0155813912797,568.0,71.6051502845819,14.972776399958653,1472.0,251.90733607713003,54.05398936127584,216.0,36.56921532089603,7.696506116537253,0.0,0.0,0.0,0.0,0.0,0.0
3,0.0,6,360.2966015379536,571.0,72.0851647176443,15.523550991823006,1639.0,269.53701679683513,56.47511763690473,108.0,18.430702287367073,3.874269650933279,0.0,0.0,0.0,0.0,0.0,0.0
4,0.0,10,360.218937957487,569.0,71.51559964842404,15.003049061715624,1596.0,270.17017056417404,57.73266389188899,104.0,18.315688154255696,4.1097000744704015,0.0,0.0,0.0,0.0,0.0,0.0
5,0.0,12,360.1193567957179,571.0,70.65364487173684,14.571077862974203,1608.0,271.2604519738885,58.033065141218245,109.0,18.20196201351343,3.8949251071740147,0.0,0.0,0.0,0.0,0.0,0.0
