id,probability_maraud,successful_mating,next_foraging_time,foraging_events,foraging_hrs,foraging_sqhrs,staying_events,staying_hrs,staying_sqhrs,repairing_events,repairing_hrs,repairing_sqhrs,marauding_events,marauding_hrs,marauding_sqhrs,traveling_events,traveling_hrs,traveling_sqhrs
0,0.0,27,360.42680343744274,568.0,71.86514717345908,15.70467791743833,1196.0,196.6186033706544,40.921432743853394,525.0,91.53492036144551,20.014985943761726,0.0,0.0,0.0,0.0,0.0,0.0
1,0.054,27,360.132106339263,569.0,70.88637766264674,14.42321222816783,1696.0,287.07330218799154,61.88747242199061,0.0,0.0,0.0,15.0,1.5000000000000002,0.15000000000000008,117.0,0.6353281534166672,0.003449930448921629
2,0.0,0,360.2875341142576,563.0,69.8224462978189,14.752754372190834,1699.0,290.43045738838737,62.76732311686578,0.0,0.0,0.0,0.0,0.0,0.0,0.0,0.0,0.0
3,0.0,0,360.5342214588534,578.0,69.66240400971223,13.727618405594228,1705.0,290.3827107897588,62.631391440801124,0.0,0.0,0.0,0.0,0.0,0.0,0.0,0.0,0.0
4,0.0,0,360.34004806003406,566.0,72.28824081899269,16.054067640809603,1698.0,287.9141427677314,62.10078808997285,0.0,0.0,0.0,0.0,0.0,0.0,0.0,0.0,0.0
5,0.0,0,360.59334258038405,562.0,70.12986167083811,13.986605362100242,1712.0,289.89483845875776,62.102632671703034,0.0,0.0,0.0,0.0,0.0,0.0,0.0,0.0,0.0
