id,probability_maraud,successful_mating,next_foraging_time,foraging_events,foraging_hrs,foraging_sqhrs,staying_events,staying_hrs,staying_sqhrs,repairing_events,repairing_hrs,repairing_sqhrs,marauding_events,marauding_hrs,marauding_sqhrs,traveling_events,traveling_hrs,traveling_sqhrs
0,0.0,34,360.10314959955923,560.0,71.93734881096302,16.038525646224432,1307.0,216.5481666105061,46.26762527796136,401.0,71.61263014559017,15.932431887589562,0.0,0.0,0.0,0.0,0.0,0.0
1,0.0,20,360.10799870649396,566.0,75.16377538614904,16.30798272670603,1666.0,284.96644310020355,61.593898463433405,0.0,0.0,0.0,0.0,0.0,0.0,0.0,0.0,0.0
2,0.0,0,360.1031115571524,569.0,70.82869226750802,14.880883626785668,1692.0,289.3527778712642,62.14930677337408,0.0,0.0,0.0,0.0,0.0,0.0,0.0,0.0,0.0
3,0.0,0,360.2258384093331,570.0,70.51985602134909,16.089591971338898,1712.0,289.68652533258876,62.044740268140174,0.0,0.0,0.0,0.0,0.0,0.0,0.0,0.0,0.0
4,0.054,0,360.3827326428909,553.0,73.60312009361515,16.016863322327886,1671.0,284.7863458520955,61.18473098273999,0.0,0.0,0.0,12.0,1.2,0.12000000000000005,90.0,0.488713964166667,0.0026537926530166385
5,0.0,0,360.8899306948457,565.0,70.67403956927224,14.890602437807765,1714.0,289.5893648799618,61.54710678080602,0.0,0.0,0.0,0.0,0.0,0.0,0.0,0.0,0.0
