id,probability_maraud,successful_mating,next_foraging_time,foraging_events,foraging_hrs,foraging_sqhrs,staying_events,staying_hrs,staying_sqhrs,repairing_events,repairing_hrs,repairing_sqhrs,marauding_events,marauding_hrs,marauding_sqhrs,traveling_events,traveling_hrs,traveling_sqhrs
0,0.0,8,360.6453649814247,567.0,66.9123707649664,13.56615977354361,1542.0,262.52389607594057,57.99947602620702,179.0,30.710929818659903,6.47180909298037,0.0,0.0,0.0,0.0,0.0,0.0
1,0.0,8,360.28777974485223,558.0,70.10524218385403,14.211153338008296,1534.0,259.6829800861485,56.17522827159488,174.0,30.292300992863275,6.68207819076052,0.0,0.0,0.0,0.0,0.0,0.0
2,0.0,11,360.4505940425765,563.0,70.23541228931869,14.89420734781793,1568.0,265.4331514387515,56.592349544504245,151.0,24.36750849738975,5.027185074795154,0.0,0.0,0.0,0.0,0.0,0.0
3,0.054,11,359.80796110340407,558.0,73.43917314053897,15.757576762136175,1682.0,284.5035157511627,61.0194792890097,0.0,0.0,0.0,17.0,1.7000000000000004,0.1700000000000001,100.0,0.5430155157407411,0.00294865850335182
4,0.0,7,360.0619302105955,575.0,71.25235660718934,15.21138346659771,1721.0,288.7628998960882,62.04093409225597,0.0,0.0,0.0,0.0,0.0,0.0,0.0,0.0,0.0
5,0.0,9,360.0667449037656,566.0,72.93215925972426,16.63013212234412,1595.0,268.8635560219107,57.47021629700337,104.0,18.294681133067478,4.018180511468178,0.0,0.0,0.0,0.0,0.0,0.0
