id,probability_maraud,successful_mating,next_foraging_time,foraging_events,foraging_hrs,foraging_sqhrs,staying_events,staying_hrs,staying_sqhrs,repairing_events,repairing_hrs,repairing_sqhrs,marauding_events,marauding_hrs,marauding_sqhrs,traveling_events,traveling_hrs,traveling_sqhrs
0,0.0,25,360.46765499601014,562.0,71.52681335722355,15.100288167990014,1092.0,184.87070857838754,40.34390123547785,615.0,103.71030049146697,21.66829098299472,0.0,0.0,0.0,0.0,0.0,0.0
1,0.0,29,360.644356479791,572.0,69.13466687846251,14.052851265826273,1707.0,291.16345629347444,62.73800263301177,0.0,0.0,0.0,0.0,0.0,0.0,0.0,0.0,0.0
2,0.0,0,360.4537354745101,561.0,69.86664194135939,13.379632159771273,1721.0,290.30465829863056,61.70679544255777,0.0,0.0,0.0,0.0,0.0,0.0,0.0,0.0,0.0
3,0.0,0,360.54123906748197,563.0,73.00860724961557,15.613780997722241,1681.0,287.1095448024389,62.240859733839045,0.0,0.0,0.0,0.0,0.0,0.0,0.0,0.0,0.0
4,0.0,0,360.4816674504357,557.0,72.57474321652236,16.19314081631714,1696.0,287.45749486169024,61.78873872409508,0.0,0.0,0.0,0.0,0.0,0.0,0.0,0.0,0.0
5,0.054,0,360.2853114477415,565.0,72.72135742605069,15.02756833971247,1702.0,285.0651405293821,60.323312788208895,0.0,0.0,0.0,17.0,1.7000000000000004,0.1700000000000001,102.0,0.553875826055556,0.0030076316734188565
