id,probability_maraud,successful_mating,next_foraging_time,foraging_events,foraging_hrs,foraging_sqhrs,staying_events,staying_hrs,staying_sqhrs,repairing_events,repairing_hrs,repairing_sqhrs,marauding_events,marauding_hrs,marauding_sqhrs,traveling_events,traveling_hrs,traveling_sqhrs
0,0.0,31,360.0585266279143,565.0,68.89713167214596,13.251112262576184,1144.0,194.8397321447531,41.58459506219147,569.0,96.43880774642678,20.73955380329467,0.0,0.0,0.0,0.0,0.0,0.0
1,0.054,23,360.57511196772043,574.0,73.1142367245011,15.513005028687791,1710.0,284.92064828075513,60.07035833308892,0.0,0.0,0.0,16.0,1.6000000000000003,0.1600000000000001,109.0,0.5918869121574079,0.0032140377686534836
2,0.0,0,360.3029318775609,563.0,69.41223440582624,13.93941177079402,1726.0,290.67396759320894,62.62744553686909,0.0,0.0,0.0,0.0,0.0,0.0,0.0,0.0,0.0
3,0.0,0,360.69143664228847,587.0,69.54169560845435,14.06634766521889,1683.0,290.6584400988447,62.60587366046468,0.0,0.0,0.0,0.0,0.0,0.0,0.0,0.0,0.0
4,0.0,0,360.4179143743882,573.0,71.41752197683286,14.658466066198656,1720.0,288.85396690317106,60.9132960030265,0.0,0.0,0.0,0.0,0.0,0.0,0.0,0.0,0.0
5,0.0,0,360.15659090847333,564.0,74.37413094812437,15.822769965373483,1694.0,285.95481588335093,59.94261444309743,0.0,0.0,0.0,0.0,0.0,0.0,0.0,0.0,0.0
