id,probability_maraud,successful_mating,next_foraging_time,foraging_events,foraging_hrs,foraging_sqhrs,staying_events,staying_hrs,staying_sqhrs,repairing_events,repairing_hrs,repairing_sqhrs,marauding_events,marauding_hrs,marauding_sqhrs,traveling_events,traveling_hrs,traveling_sqhrs
0,0.054,43,360.6494917294507,566.0,69.80118430989651,14.070115288026937,1679.0,288.10537428609734,61.555825792685795,0.0,0.0,0.0,17.0,1.7000000000000004,0.1700000000000001,103.0,0.5593059812129634,0.0030371182584523746
1,0.0,11,360.4711452896679,558.0,69.36199940934559,13.879400140390524,1101.0,187.26445123875416,40.478426892703304,602.0,103.41054225962395,22.22395217839002,0.0,0.0,0.0,0.0,0.0,0.0
2,0.0,0,360.3571502607123,563.0,72.12036220647016,15.485913185742305,1722.0,288.08449962818094,62.26272513593491,0.0,0.0,0.0,0.0,0.0,0.0,0.0,0.0,0.0
3,0.0,0,359.9308905879145,566.0,66.25777620161391,12.908482992072093,1766.0,293.8266367997241,62.514542551559096,0.0,0.0,0.0,0.0,0.0,0.0,0.0,0.0,0.0
4,0.0,0,360.2156325871692,559.0,72.31372390505236,15.635040756100636,1717.0,287.70883323677697,61.2682221042325,0.0,0.0,0.0,0.0,0.0,0.0,0.0,0.0,0.0
5,0.0,0,360.1852178812325,552.0,69.83400902118295,14.283611902206033,1709.0,290.2133984516166,62.522241517618546,0.0,0.0,0.0,0.0,0.0,0.0,0.0,0.0,0.0
