id,probability_maraud,successful_mating,next_foraging_time,foraging_events,foraging_hrs,foraging_sqhrs,staying_events,staying_hrs,staying_sqhrs,repairing_events,repairing_hrs,repairing_sqhrs,marauding_events,marauding_hrs,marauding_sqhrs,traveling_events,traveling_hrs,traveling_sqhrs
0,0.0,6,360.46593296852456,555.0,72.64555284349234,15.218402918717574,1258.0,214.40619716434904,46.09484474844144,426.0,73.04116354671496,15.507612913873771,0.0,0.0,0.0,0.0,0.0,0.0
1,0.054,12,360.1832663376866,577.0,69.69888047626952,14.22605201034868,1325.0,223.77905887736654,47.9314886151202,378.0,65.14827232085192,14.242342793828023,10.0,0.9999999999999999,0.10000000000000003,84.0,0.45613303322222254,0.0024768731428155295
2,0.054,6,360.69436445705526,568.0,70.066463979487,14.013057120116802,1287.0,217.20490242411967,46.26965613786491,428.0,71.0607013328574,14.98492211967217,13.0,1.3,0.13000000000000006,72.0,0.3909711713333336,0.0021230341224133115
3,0.054,12,360.0974394800548,572.0,68.1832988500513,13.006308779232192,1382.0,235.91137460829793,50.84074986027064,321.0,54.23302939703689,11.543828809897553,14.0,1.4000000000000001,0.14000000000000007,83.0,0.4507028780648151,0.0024473865577820113
4,0.054,11,360.3961983554829,563.0,68.9858192968431,14.40284069993183,1301.0,221.9421221368827,48.119923995760914,412.0,67.07760591865963,13.882238068732756,17.0,1.7000000000000004,0.1700000000000001,85.0,0.46156318837962995,0.0025063597278490476
5,0.054,7,359.93201720579225,553.0,72.64073479284801,16.01377557183888,1307.0,218.75319667185698,46.26028490305717,395.0,67.03595200987841,14.570081421285698,12.0,1.2,0.12000000000000005,69.0,0.37468070586111135,0.002034574367312757
