id,probability_maraud,successful_mating,next_foraging_time,foraging_events,foraging_hrs,foraging_sqhrs,staying_events,staying_hrs,staying_sqhrs,repairing_events,repairing_hrs,repairing_sqhrs,marauding_events,marauding_hrs,marauding_sqhrs,traveling_events,traveling_hrs,traveling_sqhrs
0,0.054,24,360.70792691874874,562.0,70.96447357818482,15.496019863258395,767.0,130.19952231579597,28.053551583066707,945.0,158.25554088204004,33.764795898157686,5.0,0.5,0.05000000000000001,48.0,0.2606474475555557,0.0014153560816088755
1,0.054,30,360.3937096778634,566.0,72.66177570871501,15.856452790952057,1468.0,255.19784308821386,55.607850636305045,177.0,30.863046678605762,6.720630816227429,8.0,0.7999999999999999,0.08000000000000002,98.0,0.5321552054259263,0.002889685333284784
2,0.054,0,359.9061510743251,560.0,67.90994665393099,13.53915602794428,1712.0,291.2305621404538,62.5571645978789,0.0,0.0,0.0,5.0,0.5,0.05000000000000001,88.0,0.4778536538518522,0.002594819482949602
3,0.054,0,360.29604464545025,567.0,74.14124121442342,16.030559918842464,1714.0,284.81265236291244,59.936278019920046,0.0,0.0,0.0,7.0,0.7,0.07,94.0,0.5104345847962967,0.002771738993150711
4,0.0,0,360.41599923027985,559.0,67.927666805778,14.054537195454738,1686.0,292.14925090127707,63.8903340682168,0.0,0.0,0.0,0.0,0.0,0.0,0.0,0.0,0.0
5,0.054,0,360.16580122099174,578.0,69.58502736037647,13.854090150448199,1707.0,289.4025053152809,62.230741448529685,0.0,0.0,0.0,6.0,0.6,0.06000000000000001,84.0,0.45613303322222254,0.0024768731428155295
