id,probability_maraud,successful_mating,next_foraging_time,foraging_events,foraging_hrs,foraging_sqhrs,staying_events,staying_hrs,staying_sqhrs,repairing_events,repairing_hrs,repairing_sqhrs,marauding_events,marauding_hrs,marauding_sqhrs,traveling_events,traveling_hrs,traveling_sqhrs
0,0.054,24,360.1665039373357,581.0,67.8320798993544,13.276930869020935,697.0,120.48280939406004,26.632323555033967,1025.0,171.01705334428772,35.951525491141716,6.0,0.6,0.06000000000000001,37.0,0.20091574082407418,0.0010910036462401756
1,0.054,30,360.2785461907446,563.0,69.17261455883262,13.43136612822478,1523.0,253.0455861478557,54.02890882239151,212.0,36.76550145340883,7.940238089579389,6.0,0.6,0.06000000000000001,81.0,0.4398425677500003,0.002388413387714975
2,0.0,0,359.9244971492299,572.0,70.09872387343773,14.084036557037429,1688.0,289.98596087092216,62.341976873316995,0.0,0.0,0.0,0.0,0.0,0.0,0.0,0.0,0.0
3,0.054,0,360.2809080120801,559.0,72.85866685183696,15.945647101791323,1718.0,286.1305400808757,61.111928227635396,0.0,0.0,0.0,6.0,0.6,0.06000000000000001,84.0,0.45613303322222254,0.0024768731428155295
4,0.054,0,359.94009541654475,568.0,73.08036286271353,16.10204875010766,1685.0,285.5730367254957,61.74296684106852,0.0,0.0,0.0,9.0,0.8999999999999999,0.09000000000000002,105.0,0.5701662915277782,0.003096091428519411
5,0.054,0,360.2725614567268,576.0,67.07776302712121,13.664341759720589,1729.0,291.87694006229253,62.496664678493666,0.0,0.0,0.0,7.0,0.7,0.07,119.0,0.646188463731482,0.0035089036189886653
