id,probability_maraud,successful_mating,next_foraging_time,foraging_events,foraging_hrs,foraging_sqhrs,staying_events,staying_hrs,staying_sqhrs,repairing_events,repairing_hrs,repairing_sqhrs,marauding_events,marauding_hrs,marauding_sqhrs,traveling_events,traveling_hrs,traveling_sqhrs
0,0.0,10,360.12967587613525,582.0,70.93975926082453,14.153399095580086,505.0,86.63855154523269,19.296725297679036,1229.0,202.569050694171,42.20657730801431,0.0,0.0,0.0,0.0,0.0,0.0
1,0.054,44,360.2091223854198,547.0,68.12915277771415,13.739828130527885,1692.0,290.62250792778104,63.36268261896054,0.0,0.0,0.0,9.0,0.8999999999999999,0.09000000000000002,103.0,0.5593059812129634,0.0030371182584523746
2,0.054,0,360.2807719602892,559.0,69.1346870564291,14.933823851574568,1730.0,289.5601847299293,61.68824967658545,0.0,0.0,0.0,9.0,0.8999999999999999,0.09000000000000002,94.0,0.5104345847962967,0.002771738993150711
3,0.054,0,360.5402516414409,578.0,69.45858608030522,14.005094373166953,1707.0,289.71334539307065,62.24900325854961,0.0,0.0,0.0,4.0,0.4,0.04000000000000001,94.0,0.5104345847962967,0.002771738993150711
4,0.054,0,360.58268408695346,571.0,70.28350025959791,13.90868056455308,1728.0,289.1598463421287,61.959326197059774,0.0,0.0,0.0,4.0,0.4,0.04000000000000001,91.0,0.4941441193240744,0.0026832792380501566
5,0.054,0,360.2651144259599,565.0,69.91573432038241,13.971585707112189,1726.0,288.7911011653021,61.81198090855436,0.0,0.0,0.0,8.0,0.7999999999999999,0.08000000000000002,97.0,0.5267250502685189,0.0028601987482512656
