id,probability_maraud,successful_mating,next_foraging_time,foraging_events,foraging_hrs,foraging_sqhrs,staying_events,staying_hrs,staying_sqhrs,repairing_events,repairing_hrs,repairing_sqhrs,marauding_events,marauding_hrs,marauding_sqhrs,traveling_events,traveling_hrs,traveling_sqhrs
0,0.0,15,360.72166937322584,567.0,71.23623544359316,14.853591983335662,543.0,94.2786998002232,20.439298915750644,1168.0,194.6682599293306,41.51229022912298,0.0,0.0,0.0,0.0,0.0,0.0
1,0.054,39,359.95152002245754,576.0,70.64608819147281,13.996283396760823,1721.0,288.38328812126997,61.24924283901651,0.0,0.0,0.0,5.0,0.5,0.05000000000000001,114.0,0.6190376879444449,0.0033614706938210745
2,0.054,0,360.5100078547953,578.0,70.8030082410002,14.847701410704286,1712.0,288.11158575224687,62.08276438010237,0.0,0.0,0.0,7.0,0.7,0.07,83.0,0.4507028780648151,0.0024473865577820113
3,0.054,0,360.6879251896133,571.0,70.40858782625881,14.18116424882347,1701.0,288.8562303555477,61.84812012677623,0.0,0.0,0.0,4.0,0.4,0.04000000000000001,95.0,0.5158647399537041,0.0028012255781842293
4,0.054,0,360.1168170605301,569.0,67.81062413298508,13.866788095058535,1696.0,290.8101148726017,62.39013348468835,0.0,0.0,0.0,9.0,0.8999999999999999,0.09000000000000002,105.0,0.5701662915277782,0.003096091428519411
5,0.054,0,360.0911169155299,568.0,65.78207830601282,13.34024811656706,1717.0,293.06956654481576,63.205582044632244,0.0,0.0,0.0,7.0,0.7,0.07,94.0,0.5104345847962967,0.002771738993150711
