id,probability_maraud,successful_mating,next_foraging_time,foraging_events,foraging_hrs,foraging_sqhrs,staying_events,staying_hrs,staying_sqhrs,repairing_events,repairing_hrs,repairing_sqhrs,marauding_events,marauding_hrs,marauding_sqhrs,traveling_events,traveling_hrs,traveling_sqhrs
0,0.054,5,360.05363928737296,548.0,68.1615154766197,13.90457943672972,1238.0,214.53300109511494,46.46384567468971,443.0,75.96482357019966,15.985339523362375,10.0,0.9999999999999999,0.10000000000000003,67.0,0.3638203955462965,0.0019756011972457206
1,0.054,9,360.7168854136888,560.0,74.38934484303049,16.975402995009233,1358.0,229.00916571593785,49.0719012229128,320.0,55.04021680269527,11.761151100283978,15.0,1.5000000000000002,0.15000000000000008,72.0,0.3909711713333336,0.0021230341224133115
2,0.054,13,360.38048313341716,567.0,73.14866639558122,15.373258692264141,1366.0,235.73045919586676,51.105747786450095,300.0,48.974771094307826,9.88800897189473,17.0,1.7000000000000004,0.1700000000000001,86.0,0.46699334353703736,0.002535846312882566
3,0.054,12,360.05675060101225,552.0,69.349363177235,14.088913866391222,1295.0,222.3724738107947,48.1950921341262,404.0,66.73253061967823,14.039021178797004,12.0,1.2,0.12000000000000005,67.0,0.3638203955462965,0.0019756011972457206
4,0.0,10,360.7145700484748,570.0,69.19266848203843,13.874341466633938,1316.0,224.1483690773942,48.08779174288857,407.0,66.82709659233862,13.78393755902552,0.0,0.0,0.0,0.0,0.0,0.0
5,0.054,5,360.1747283520526,569.0,69.43044490347222,14.294506857973172,1360.0,228.41016568429225,49.257346644679934,357.0,61.27587089863665,13.282734507426667,8.0,0.7999999999999999,0.08000000000000002,55.0,0.2986585336574076,0.0016217621768435026
