id,probability_maraud,successful_mating,next_foraging_time,foraging_events,foraging_hrs,foraging_sqhrs,staying_events,staying_hrs,staying_sqhrs,repairing_events,repairing_hrs,repairing_sqhrs,marauding_events,marauding_hrs,marauding_sqhrs,traveling_events,traveling_hrs,traveling_sqhrs
0,0.054,7,360.5270708616618,574.0,69.48903937357738,13.877797226232595,1406.0,240.2393023878077,51.39237250616509,295.0,48.697860019928406,10.196159703006499,12.0,1.2,0.12000000000000005,88.0,0.4778536538518522,0.002594819482949602
1,0.054,9,360.7151482945507,572.0,72.38358980640825,15.60484028046929,1218.0,207.51572593165156,44.28673556103682,479.0,79.06675205854839,16.631282274094392,10.0,0.9999999999999999,0.10000000000000003,73.0,0.396401326490741,0.0021525207074468296
2,0.0,8,360.297466180378,576.0,70.47022139091526,14.17293361831834,1339.0,221.66768748786822,46.98556053477619,398.0,67.92004444147344,14.7077209573163,0.0,0.0,0.0,0.0,0.0,0.0
3,0.054,9,360.2479070330499,566.0,68.85482107557621,13.543996556755909,1250.0,211.04828339126226,45.45754763040617,472.0,79.10909901335135,16.69716944359311,8.0,0.7999999999999999,0.08000000000000002,63.0,0.3420997749166669,0.001857654857111648
4,0.054,13,360.24508647574726,566.0,74.10814280010256,15.85435977001688,1465.0,247.71467409198618,52.90246509203036,224.0,36.52354439759366,7.9457251207668635,13.0,1.3,0.13000000000000006,87.0,0.4724234986944448,0.002565332897916084
5,0.054,8,359.92569595568267,564.0,69.61522422762788,13.925903560815069,1444.0,246.18363318257957,53.284466937629986,241.0,42.247257005549095,9.12542921408112,15.0,1.5000000000000002,0.15000000000000008,92.0,0.49957427448148184,0.002712765823083675
