id,probability_maraud,successful_mating,next_foraging_time,foraging_events,foraging_hrs,foraging_sqhrs,staying_events,staying_hrs,staying_sqhrs,repairing_events,repairing_hrs,repairing_sqhrs,marauding_events,marauding_hrs,marauding_sqhrs,traveling_events,traveling_hrs,traveling_sqhrs
0,0.054,24,360.4316224604258,568.0,70.24605389222572,13.148041637221118,804.0,138.3548894253163,30.24414383226626,920.0,150.36597707606307,31.412562638001916,8.0,0.7999999999999999,0.08000000000000002,55.0,0.2986585336574076,0.0016217621768435026
1,0.054,30,359.92655905780884,566.0,69.96068021319685,14.712899001262663,1421.0,239.97522729168315,50.88511853744222,274.0,48.96669934477632,10.971624574318957,7.0,0.7,0.07,81.0,0.4398425677500003,0.002388413387714975
2,0.054,0,360.2768858940563,558.0,69.06082979015217,14.527551956347411,1684.0,289.9521083053936,63.0519548568208,0.0,0.0,0.0,5.0,0.5,0.05000000000000001,94.0,0.5104345847962967,0.002771738993150711
3,0.0,0,360.3777326693053,552.0,70.13933781546939,14.880822834545874,1699.0,289.95368897350573,62.417512191754135,0.0,0.0,0.0,0.0,0.0,0.0,0.0,0.0,0.0
4,0.054,0,359.8083232327126,548.0,71.49792671702194,15.747478593915249,1693.0,287.1319797148951,61.86464404618386,0.0,0.0,0.0,8.0,0.7999999999999999,0.08000000000000002,107.0,0.581026601842593,0.0031550645985864473
5,0.054,0,359.973495293153,569.0,73.41226478977593,15.168410127014171,1671.0,285.6994041081993,61.09117970123361,0.0,0.0,0.0,5.0,0.5,0.05000000000000001,79.0,0.4289822574351855,0.0023294402176479386
