id,probability_maraud,successful_mating,next_foraging_time,foraging_events,foraging_hrs,foraging_sqhrs,staying_events,staying_hrs,staying_sqhrs,repairing_events,repairing_hrs,repairing_sqhrs,marauding_events,marauding_hrs,marauding_sqhrs,traveling_events,traveling_hrs,traveling_sqhrs
0,0.0,7,360.30033623429176,559.0,70.76801778452284,14.468072911039135,1346.0,227.26177968040656,48.6934102318307,361.0,61.974051962818145,13.540866433597271,0.0,0.0,0.0,0.0,0.0,0.0
1,0.054,12,360.65705477263356,558.0,72.02333191402249,15.480362272704486,1500.0,249.67132947635739,52.93075427224962,212.0,36.49592333568313,7.729840839845055,15.0,1.5000000000000002,0.15000000000000008,81.0,0.4398425677500003,0.002388413387714975
2,0.054,9,360.31455487621776,558.0,73.71112763227212,16.215587403207625,1160.0,200.1327805216596,43.08545808520683,504.0,85.26094161930503,18.20451999562926,6.0,0.6,0.06000000000000001,61.0,0.33123946460185205,0.0017986816870446116
3,0.054,6,359.9745553211409,566.0,72.64969390124587,15.826597740670671,1398.0,236.62645806979143,50.83953512820373,299.0,48.78186875112866,10.15888323547564,16.0,1.6000000000000003,0.1600000000000001,79.0,0.4289822574351855,0.0023294402176479386
4,0.054,13,360.0116433228984,564.0,71.4340753282157,16.023155643790606,1259.0,214.18873834995816,46.004059786201914,430.0,73.31179444675413,15.61905256662215,8.0,0.7999999999999999,0.08000000000000002,52.0,0.28236806818518534,0.0015333024217429481
5,0.054,7,359.8796944206118,563.0,68.7818390402089,14.018127360237907,1449.0,240.73151250088964,51.118014042792,286.0,48.72980762680794,10.317053679610591,13.0,1.3,0.13000000000000006,94.0,0.5104345847962967,0.002771738993150711
