id,probability_maraud,successful_mating,next_foraging_time,foraging_events,foraging_hrs,foraging_sqhrs,staying_events,staying_hrs,staying_sqhrs,repairing_events,repairing_hrs,repairing_sqhrs,marauding_events,marauding_hrs,marauding_sqhrs,traveling_events,traveling_hrs,traveling_sqhrs
0,0.0,7,360.08231607169375,562.0,72.08934803116685,15.606619053678841,1046.0,181.97562923564416,39.93069168964707,620.0,106.10795123248046,22.92443517926006,0.0,0.0,0.0,0.0,0.0,0.0
1,0.054,10,360.0330705780096,565.0,68.53903968839663,12.861791140640067,1370.0,234.9774686554221,51.11281095823431,326.0,54.49853605566928,11.503746031405711,17.0,1.7000000000000004,0.1700000000000001,85.0,0.46156318837962995,0.0025063597278490476
2,0.054,15,360.3166543176726,572.0,73.98325971671903,15.663604505354789,1356.0,229.0273258766771,48.73647676116116,331.0,55.06784960487422,11.725789133856505,17.0,1.7000000000000004,0.1700000000000001,89.0,0.4832838090092596,0.0026243060679831203
3,0.054,6,360.1238745267524,565.0,70.63244654365458,14.890334756861908,1279.0,214.72141855933938,46.251338086011934,454.0,73.52350557923414,15.081629487330298,8.0,0.7999999999999999,0.08000000000000002,66.0,0.3583902403888891,0.0019461146122122025
4,0.054,7,360.0090464770285,557.0,68.4868896557023,14.077441142119186,1427.0,236.42125711361666,48.92754340431888,321.0,53.653403970403666,11.242819342886083,11.0,1.0999999999999999,0.11000000000000004,79.0,0.4289822574351855,0.0023294402176479386
5,0.054,9,360.57503703957883,566.0,69.2593567445838,13.838291063537891,1368.0,234.2292658949549,50.30902267940947,310.0,54.78395963857849,12.012892972068625,13.0,1.3,0.13000000000000006,83.0,0.4507028780648151,0.0024473865577820113
