id,probability_maraud,successful_mating,next_foraging_time,foraging_events,foraging_hrs,foraging_sqhrs,staying_events,staying_hrs,staying_sqhrs,repairing_events,repairing_hrs,repairing_sqhrs,marauding_events,marauding_hrs,marauding_sqhrs,traveling_events,traveling_hrs,traveling_sqhrs
0,0.054,26,359.8751002668139,577.0,64.92310433632142,12.012700419867077,837.0,141.56646778883373,30.126707932225738,900.0,152.62510245888606,32.2724540621255,8.0,0.7999999999999999,0.08000000000000002,42.0,0.22806651661111124,0.0012384365714077665
1,0.054,28,360.3641658551489,564.0,67.57496747864134,13.422392177277763,1411.0,243.36705089360035,53.04201288238542,274.0,48.627398646336374,10.617681154794905,2.0,0.2,0.020000000000000004,91.0,0.4941441193240744,0.0026832792380501566
2,0.0,0,360.49253444045246,563.0,72.01237532077866,15.518983704961226,1708.0,287.9969924504362,61.68514287082743,0.0,0.0,0.0,0.0,0.0,0.0,0.0,0.0,0.0
3,0.054,0,360.0844662589524,576.0,71.13494084547203,15.258362726080385,1682.0,288.0554235665952,62.213934874832674,0.0,0.0,0.0,6.0,0.6,0.06000000000000001,94.0,0.5104345847962967,0.002771738993150711
4,0.054,0,359.9523889560296,553.0,70.05415614956613,14.079736874101734,1697.0,288.9257965377219,62.26730490283727,0.0,0.0,0.0,6.0,0.6,0.06000000000000001,102.0,0.553875826055556,0.0030076316734188565
5,0.054,0,360.00081139391887,579.0,72.0413442402858,14.470668553664547,1680.0,286.3987304242306,61.98113648239692,0.0,0.0,0.0,11.0,1.0999999999999999,0.11000000000000004,95.0,0.5158647399537041,0.0028012255781842293
