id,probability_maraud,successful_mating,next_foraging_time,foraging_events,foraging_hrs,foraging_sqhrs,staying_events,staying_hrs,staying_sqhrs,repairing_events,repairing_hrs,repairing_sqhrs,marauding_events,marauding_hrs,marauding_sqhrs,traveling_events,traveling_hrs,traveling_sqhrs
0,0.054,21,360.0228950471764,570.0,73.0272999134765,15.739600538538657,704.0,117.574769420216,24.70655714671962,1032.0,168.0536592523857,35.28456346549032,11.0,1.0999999999999999,0.11000000000000004,49.0,0.2660776027129631,0.0014448426666423936
1,0.054,33,360.0672129652756,567.0,70.72622146517195,15.20654442445327,1339.0,221.53182778050135,46.467071464097934,391.0,67.3341042078197,14.47360270599756,2.0,0.2,0.020000000000000004,77.0,0.41812194712037065,0.0022704670475809023
2,0.054,0,360.29973288472354,578.0,72.9212459254963,15.316890995823913,1684.0,285.4345065540287,60.82597811535271,0.0,0.0,0.0,11.0,1.0999999999999999,0.11000000000000004,106.0,0.5755964466851856,0.003125578013552929
3,0.0,0,360.11657740329935,566.0,71.53106003092286,15.475798102577702,1722.0,288.5668320054881,61.18517040669362,0.0,0.0,0.0,0.0,0.0,0.0,0.0,0.0,0.0
4,0.054,0,360.22509263861747,565.0,71.75532227916177,15.130090135641073,1696.0,286.68701568485335,61.4015959329644,0.0,0.0,0.0,9.0,0.8999999999999999,0.09000000000000002,122.0,0.6624789292037042,0.00359736337408922
5,0.054,0,360.47158800697105,560.0,70.95109863172918,14.797182637295474,1700.0,287.9302850411978,62.42357073937811,0.0,0.0,0.0,6.0,0.6,0.06000000000000001,97.0,0.5267250502685189,0.0028601987482512656
