id,probability_maraud,successful_mating,next_foraging_time,foraging_events,foraging_hrs,foraging_sqhrs,staying_events,staying_hrs,staying_sqhrs,repairing_events,repairing_hrs,repairing_sqhrs,marauding_events,marauding_hrs,marauding_sqhrs,traveling_events,traveling_hrs,traveling_sqhrs
0,0.054,8,359.8247241546371,564.0,72.8695980134112,16.185948231516857,1274.0,212.36390694386134,44.741050561681575,442.0,73.35361013279673,15.633365062045437,12.0,1.2,0.12000000000000005,63.0,0.3420997749166669,0.001857654857111648
1,0.0,10,360.0138888592264,564.0,68.81517775920346,14.610758361176496,1538.0,260.4698700209571,55.28654413558055,166.0,30.749673539486448,7.167785093140117,0.0,0.0,0.0,0.0,0.0,0.0
2,0.054,6,359.9982013065097,567.0,70.89678992069689,14.385305027635102,1241.0,214.38955667683794,47.09286637024419,421.0,73.23699136699413,15.800643119043084,11.0,1.0999999999999999,0.11000000000000004,80.0,0.4344124125925929,0.002358926802681457
3,0.054,6,360.25717235710243,554.0,70.71349765872489,15.100131767855899,1350.0,227.1669332399972,49.24523833889976,368.0,61.198120998056936,12.789827641810474,6.0,0.6,0.06000000000000001,62.0,0.33666961975925946,0.0018281682720781298
4,0.054,10,359.8637627292369,557.0,71.87882852475558,15.586260751160962,1416.0,249.5981215891936,55.48510178062596,219.0,36.80783633568998,7.967402284523371,14.0,1.4000000000000001,0.14000000000000007,77.0,0.41812194712037065,0.0022704670475809023
5,0.054,14,360.6751604889351,551.0,71.55134862079262,16.333617226364574,1288.0,220.00663220318134,47.377237761227775,395.0,66.90657196705868,14.535665774464388,13.0,1.3,0.13000000000000006,67.0,0.3638203955462965,0.0019756011972457206
