id,probability_maraud,successful_mating,next_foraging_time,foraging_events,foraging_hrs,foraging_sqhrs,staying_events,staying_hrs,staying_sqhrs,repairing_events,repairing_hrs,repairing_sqhrs,marauding_events,marauding_hrs,marauding_sqhrs,traveling_events,traveling_hrs,traveling_sqhrs
0,0.0,7,360.58998596589834,565.0,71.30989815520493,14.66687007666405,1325.0,221.12804981523516,46.93771992889136,403.0,67.64414145650369,14.244146378732912,0.0,0.0,0.0,0.0,0.0,0.0
1,0.054,12,359.9796476191163,579.0,69.31024875402835,14.093079304974255,1263.0,215.61055367498582,47.175977996254325,411.0,73.6421078198907,16.784578588764788,11.0,1.0999999999999999,0.11000000000000004,86.0,0.46699334353703736,0.002535846312882566
2,0.054,9,360.1041544571165,566.0,71.33490150586364,15.261168576969975,1380.0,237.88206032390494,50.82977180032726,273.0,48.90173136442049,10.903019066365815,17.0,1.7000000000000004,0.1700000000000001,68.0,0.36925055070370394,0.002005087782279239
3,0.054,8,360.4194635929575,566.0,70.81747761067847,14.964797324859457,1276.0,221.67236912636744,48.59402623660915,396.0,66.13774642568977,14.008751195456792,11.0,1.0999999999999999,0.11000000000000004,79.0,0.4289822574351855,0.0023294402176479386
4,0.054,10,359.92111806466255,568.0,71.3059645452269,15.366568203041897,1342.0,231.91626261412597,50.0292268316349,336.0,55.274881721569336,11.310948612982395,11.0,1.0999999999999999,0.11000000000000004,87.0,0.4724234986944448,0.002565332897916084
5,0.054,8,360.3295961105899,568.0,70.95526468084243,14.932813721606696,1262.0,214.7709886539169,46.32597860885791,436.0,72.6184984734112,15.733393206083917,13.0,1.3,0.13000000000000006,69.0,0.37468070586111135,0.002034574367312757
