id,probability_maraud,successful_mating,next_foraging_time,foraging_events,foraging_hrs,foraging_sqhrs,staying_events,staying_hrs,staying_sqhrs,repairing_events,repairing_hrs,repairing_sqhrs,marauding_events,marauding_hrs,marauding_sqhrs,traveling_events,traveling_hrs,traveling_sqhrs
0,0.054,6,359.98955386415355,555.0,67.69407696950827,14.62410050596029,1411.0,241.6507319588384,52.52965485343448,294.0,48.787487689491975,10.082211312301904,15.0,1.5000000000000002,0.15000000000000008,88.0,0.4778536538518522,0.002594819482949602
1,0.054,5,360.49841546651743,570.0,71.58601445510116,14.883630794930335,1201.0,201.12303497104975,43.00247490849808,513.0,85.85208226202631,17.977394491754076,12.0,1.2,0.12000000000000005,68.0,0.36925055070370394,0.002005087782279239
2,0.0,6,360.27727066912456,564.0,72.22162569650325,15.859271467440479,1328.0,226.74167484710046,48.63808570850902,374.0,61.07627024755121,12.674354141256483,0.0,0.0,0.0,0.0,0.0,0.0
3,0.054,9,360.14262936746894,566.0,70.23307092966643,13.998597706620478,1258.0,208.8435259898918,44.394575548203825,458.0,79.50237447216918,17.37447133974233,10.0,0.9999999999999999,0.10000000000000003,80.0,0.4344124125925929,0.002358926802681457
4,0.054,14,360.27340185687257,567.0,73.03273940385289,15.990996842011869,1151.0,194.23648372943435,41.36314671505169,555.0,91.20662058208133,18.9706074728716,13.0,1.3,0.13000000000000006,78.0,0.42355210227777806,0.0022999536326144205
5,0.054,14,360.70060635282425,572.0,69.8042242907488,14.950040662145582,1628.0,275.0280962054422,58.66721697662397,85.0,13.458651535597474,2.725611168848754,13.0,1.3,0.13000000000000006,86.0,0.46699334353703736,0.002535846312882566
