id,probability_maraud,successful_mating,next_foraging_time,foraging_events,foraging_hrs,foraging_sqhrs,staying_events,staying_hrs,staying_sqhrs,repairing_events,repairing_hrs,repairing_sqhrs,marauding_events,marauding_hrs,marauding_sqhrs,traveling_events,traveling_hrs,traveling_sqhrs
0,0.0,5,359.84920809232784,568.0,71.63897626508144,14.622606890121297,1306.0,220.746595334686,47.568763314637835,404.0,67.72038059874897,14.3865732339057,0.0,0.0,0.0,0.0,0.0,0.0
1,0.054,9,360.2624745796649,558.0,74.7354093195566,16.429656330310365,1292.0,222.15701372602186,47.746387027911005,338.0,61.00178897566845,13.611853099468586,17.0,1.7000000000000004,0.1700000000000001,93.0,0.5050044296388893,0.002742252408117193
2,0.054,7,360.2235126591405,569.0,70.20270062117643,14.603910549345185,1252.0,208.58616669903734,43.4648030960863,447.0,79.3002399498446,17.6030855044988,15.0,1.5000000000000002,0.15000000000000008,80.0,0.4344124125925929,0.002358926802681457
3,0.054,11,359.9821227744354,564.0,67.90354389612058,13.346661114600723,1348.0,235.95928069603804,52.2822852744651,332.0,54.93814724451933,11.323578878550418,11.0,1.0999999999999999,0.11000000000000004,76.0,0.41269179196296324,0.002240980462547384
4,0.054,10,360.0832142489836,569.0,71.37052582680847,14.586838175822043,1246.0,213.61859327158058,46.58213600369408,431.0,73.37886258766264,15.807580224355034,13.0,1.3,0.13000000000000006,64.0,0.3475299300740743,0.0018871414421451661
5,0.054,12,360.0088267639225,568.0,69.85491645910655,14.964205500554252,1273.0,215.3447356342213,45.58949196673383,436.0,73.32631357660345,15.560898596990697,11.0,1.0999999999999999,0.11000000000000004,71.0,0.3855410161759262,0.0020935475373797933
