id,probability_maraud,successful_mating,next_foraging_time,foraging_events,foraging_hrs,foraging_sqhrs,staying_events,staying_hrs,staying_sqhrs,repairing_events,repairing_hrs,repairing_sqhrs,marauding_events,marauding_hrs,marauding_sqhrs,traveling_events,traveling_hrs,traveling_sqhrs
0,0.054,11,360.27919431548383,572.0,72.74854441350473,15.797624161493244,1425.0,236.76805209586294,49.732013958817205,290.0,48.91045155783114,10.657282033124636,12.0,1.2,0.12000000000000005,81.0,0.4398425677500003,0.002388413387714975
1,0.054,11,360.05260705175175,578.0,68.80676086206968,13.954560187139139,1453.0,242.87020788033394,51.213256894054666,271.0,46.775663576866314,9.981045907400066,13.0,1.3,0.13000000000000006,77.0,0.41812194712037065,0.0022704670475809023
2,0.054,8,360.179097641953,560.0,70.23722381419729,15.204395695591707,1299.0,223.74211568963176,48.55224859534361,382.0,64.60594706444415,13.864983945211147,11.0,1.0999999999999999,0.11000000000000004,64.0,0.3475299300740743,0.0018871414421451661
3,0.0,11,360.5862227799935,570.0,68.233228305428,13.106758893353197,1337.0,228.13861205592355,48.70120762502305,368.0,63.62933602791891,13.600752014247703,0.0,0.0,0.0,0.0,0.0,0.0
4,0.054,5,360.0217728736956,551.0,70.63021983515864,15.143699963755248,1273.0,217.3816063674567,46.774049012648206,424.0,70.24188468225448,14.515676765326727,14.0,1.4000000000000001,0.14000000000000007,72.0,0.3909711713333336,0.0021230341224133115
5,0.054,8,360.5276963418251,556.0,67.11890537232951,13.09731972635824,1296.0,218.59427230856807,46.75073784393879,431.0,72.89438923163291,15.80535044848946,12.0,1.2,0.12000000000000005,70.0,0.38011086101851876,0.002064060952346275
