id,probability_maraud,successful_mating,next_foraging_time,foraging_events,foraging_hrs,foraging_sqhrs,staying_events,staying_hrs,staying_sqhrs,repairing_events,repairing_hrs,repairing_sqhrs,marauding_events,marauding_hrs,marauding_sqhrs,traveling_events,traveling_hrs,traveling_sqhrs
0,0.054,16,360.22666049004437,570.0,70.60044689526133,14.549578219785051,592.0,99.23099365373346,20.802900580544293,1115.0,189.41748430995173,41.51599113450552,7.0,0.7,0.07,37.0,0.20091574082407418,0.0010910036462401756
1,0.054,38,360.2168524521114,561.0,72.67228902029534,15.716130509908115,1468.0,243.38964071112298,51.59293418304546,261.0,42.59899820071171,8.848465928250237,9.0,0.8999999999999999,0.09000000000000002,97.0,0.5267250502685189,0.0028601987482512656
2,0.054,0,360.6289918148304,565.0,69.83238777802917,14.96995567449185,1667.0,289.2712030908399,63.00428827097242,0.0,0.0,0.0,7.0,0.7,0.07,88.0,0.4778536538518522,0.002594819482949602
3,0.054,0,359.8819633163072,558.0,70.34571038742207,15.29161704346768,1668.0,288.21248292457636,62.698080439546565,0.0,0.0,0.0,10.0,0.9999999999999999,0.10000000000000003,100.0,0.5430155157407411,0.00294865850335182
4,0.054,0,359.9909290913336,567.0,72.07900543801085,15.236224828432935,1698.0,287.01977622217277,61.38897894267642,0.0,0.0,0.0,5.0,0.5,0.05000000000000001,90.0,0.488713964166667,0.0026537926530166385
5,0.0,0,360.5439092159461,561.0,68.38867145843994,14.476514233344737,1756.0,291.6247743309407,61.368518008185326,0.0,0.0,0.0,0.0,0.0,0.0,0.0,0.0,0.0
