id,probability_maraud,successful_mating,next_foraging_time,foraging_events,foraging_hrs,foraging_sqhrs,staying_events,staying_hrs,staying_sqhrs,repairing_events,repairing_hrs,repairing_sqhrs,marauding_events,marauding_hrs,marauding_sqhrs,traveling_events,traveling_hrs,traveling_sqhrs
0,0.054,15,359.94641760142287,578.0,68.15821849667992,13.969426192061508,713.0,123.74434031770289,26.774747572855205,993.0,167.39392042557265,35.80356945159766,6.0,0.6,0.06000000000000001,38.0,0.2063458959814816,0.0011204902312736938
1,0.054,39,360.34113694010307,562.0,67.74249092191575,13.375808229809078,1514.0,256.2769893624363,54.66560074390568,206.0,34.877020105051564,7.493018187914879,7.0,0.7,0.07,95.0,0.5158647399537041,0.0028012255781842293
2,0.0,0,360.32212443275216,556.0,71.17696328632235,16.040935530069437,1719.0,289.0210489719143,61.53505117999818,0.0,0.0,0.0,0.0,0.0,0.0,0.0,0.0,0.0
3,0.054,0,360.3291563986417,561.0,74.61534964019862,15.357249665672748,1695.0,283.96985788395983,60.59050504041753,0.0,0.0,0.0,8.0,0.7999999999999999,0.08000000000000002,117.0,0.6353281534166672,0.003449930448921629
4,0.054,0,360.403420964479,576.0,73.10730641135262,14.844257540448412,1693.0,285.6580826991211,61.40488778669996,0.0,0.0,0.0,8.0,0.7999999999999999,0.08000000000000002,84.0,0.45613303322222254,0.0024768731428155295
5,0.054,0,360.1213165399055,570.0,69.37633480927045,13.936957179003048,1763.0,289.6939216027272,60.04386053127943,0.0,0.0,0.0,5.0,0.5,0.05000000000000001,84.0,0.45613303322222254,0.0024768731428155295
