id,probability_maraud,successful_mating,next_foraging_time,foraging_events,foraging_hrs,foraging_sqhrs,staying_events,staying_hrs,staying_sqhrs,repairing_events,repairing_hrs,repairing_sqhrs,marauding_events,marauding_hrs,marauding_sqhrs,traveling_events,traveling_hrs,traveling_sqhrs
0,0.054,14,360.6363010332589,572.0,70.88624038981658,14.77284928865832,606.0,102.5782353448171,21.715850353030294,1083.0,185.92058430540249,40.1878285930299,5.0,0.5,0.05000000000000001,40.0,0.21720620629629642,0.0011794634013407301
1,0.054,40,360.3084630630248,580.0,73.04239107150215,15.282912889169653,1486.0,255.13496359412505,55.64235049037705,179.0,30.885357731326817,6.56885650987174,5.0,0.5,0.05000000000000001,87.0,0.4724234986944448,0.002565332897916084
2,0.0,0,360.2049584774329,548.0,75.01019807432037,17.076699075635364,1704.0,285.0039628243854,60.49458215457427,0.0,0.0,0.0,0.0,0.0,0.0,0.0,0.0,0.0
3,0.054,0,360.5231755777102,566.0,73.69069767308812,16.73355093333683,1731.0,284.6977201702394,60.2782888731996,0.0,0.0,0.0,13.0,1.3,0.13000000000000006,109.0,0.5918869121574079,0.0032140377686534836
4,0.054,0,360.4307689513751,564.0,72.33639128011478,15.220595808325042,1699.0,286.37516557770147,61.29527800094003,0.0,0.0,0.0,8.0,0.7999999999999999,0.08000000000000002,103.0,0.5593059812129634,0.0030371182584523746
5,0.054,0,360.2765958052463,569.0,72.16598911231897,14.688075468859285,1661.0,286.95517797592424,62.751555386074614,0.0,0.0,0.0,5.0,0.5,0.05000000000000001,103.0,0.5593059812129634,0.0030371182584523746
