id,probability_maraud,successful_mating,next_foraging_time,foraging_events,foraging_hrs,foraging_sqhrs,staying_events,staying_hrs,staying_sqhrs,repairing_events,repairing_hrs,repairing_sqhrs,marauding_events,marauding_hrs,marauding_sqhrs,traveling_events,traveling_hrs,traveling_sqhrs
0,0.054,9,360.46833865911424,566.0,74.23950388033981,15.609128528851798,1362.0,235.55703772573426,50.87936980627571,296.0,48.63871976596545,10.022287990718777,14.0,1.4000000000000001,0.14000000000000007,87.0,0.4724234986944448,0.002565332897916084
1,0.054,5,360.23851684880157,582.0,67.39141199937666,12.376209138642686,1271.0,217.82908280995102,47.07077429370075,439.0,73.70420323428496,15.739639823547767,8.0,0.7999999999999999,0.08000000000000002,72.0,0.3909711713333336,0.0021230341224133115
2,0.054,10,360.1155799635454,556.0,73.11885798741136,15.660130871868637,1449.0,249.01495131943497,53.739846198150936,214.0,36.39185657134733,7.833296079647725,14.0,1.4000000000000001,0.14000000000000007,73.0,0.396401326490741,0.0021525207074468296
3,0.054,7,360.45985730323673,564.0,71.16857991755013,14.561662821790911,1307.0,220.44164990209111,47.101894221095264,402.0,67.02927820285134,14.219575901845715,10.0,0.9999999999999999,0.10000000000000003,68.0,0.36925055070370394,0.002005087782279239
4,0.0,16,360.4261401575577,563.0,72.1753380095851,15.020079274785168,1318.0,226.96120145962874,48.96836678299682,351.0,60.93765128762109,13.068663577382305,0.0,0.0,0.0,0.0,0.0,0.0
5,0.054,7,359.98790576743687,557.0,71.0569500346678,15.532441012050716,1301.0,220.4476013763839,47.3975706863982,411.0,66.98832534130916,13.612378213625547,12.0,1.2,0.12000000000000005,69.0,0.37468070586111135,0.002034574367312757
