id,probability_maraud,successful_mating,next_foraging_time,foraging_events,foraging_hrs,foraging_sqhrs,staying_events,staying_hrs,staying_sqhrs,repairing_events,repairing_hrs,repairing_sqhrs,marauding_events,marauding_hrs,marauding_sqhrs,traveling_events,traveling_hrs,traveling_sqhrs
0,0.054,6,360.03213022263276,578.0,73.91832907720489,16.010330348560355,1256.0,211.41504647373068,44.900606961679884,431.0,73.11467675906336,15.756388006410303,12.0,1.2,0.12000000000000005,75.0,0.4072616368055558,0.002211493877513866
1,0.054,9,360.49503634005157,561.0,71.35582992273501,16.544490885007406,1308.0,226.41212329975605,48.89578698052447,362.0,60.898404776875495,12.993178993935869,12.0,1.2,0.12000000000000005,73.0,0.396401326490741,0.0021525207074468296
2,0.054,11,360.1064243281889,562.0,73.57923033254374,15.610635156501083,1419.0,236.1907597200017,50.165286194862524,288.0,48.60171014631053,10.87991914670066,13.0,1.3,0.13000000000000006,85.0,0.46156318837962995,0.0025063597278490476
3,0.054,5,360.4990197904726,563.0,72.008533751793,15.364999299174897,1268.0,220.03250167993562,47.92243098003151,404.0,66.9279752390253,13.89544314606849,9.0,0.8999999999999999,0.09000000000000002,66.0,0.3583902403888891,0.0019461146122122025
4,0.0,12,360.45071338823345,567.0,69.19562864952148,13.621043631874407,1313.0,224.0728875353519,48.301536951906336,382.0,66.95821809376723,14.658099338868542,0.0,0.0,0.0,0.0,0.0,0.0
5,0.054,11,360.18313791566646,557.0,68.26998712301786,14.270349431513692,1398.0,240.80405350526846,51.86052116052352,274.0,49.157122170026156,11.224365535786296,14.0,1.4000000000000001,0.14000000000000007,77.0,0.41812194712037065,0.0022704670475809023
