id,probability_maraud,successful_mating,next_foraging_time,foraging_events,foraging_hrs,foraging_sqhrs,staying_events,staying_hrs,staying_sqhrs,repairing_events,repairing_hrs,repairing_sqhrs,marauding_events,marauding_hrs,marauding_sqhrs,traveling_events,traveling_hrs,traveling_sqhrs
0,0.054,15,360.03439063884167,566.0,70.52503782453087,14.958615077220097,572.0,95.13395204738292,20.00386834470467,1140.0,193.9039883753248,41.794251826384276,4.0,0.4,0.04000000000000001,24.0,0.13032372377777782,0.0007076780408044385
1,0.054,39,360.54791047305514,575.0,70.60445837927372,15.034862572750646,1563.0,263.2662469903884,56.03535769696613,147.0,24.949677251072814,5.528003528860735,8.0,0.7999999999999999,0.08000000000000002,90.0,0.488713964166667,0.0026537926530166385
2,0.054,0,360.7471350701389,567.0,73.64529078959177,15.584788690055431,1724.0,284.629358510015,59.98306279053889,0.0,0.0,0.0,12.0,1.2,0.12000000000000005,100.0,0.5430155157407411,0.00294865850335182
3,0.054,0,360.4063486128482,556.0,71.11399169794481,15.34009259063431,1698.0,287.8033126403258,61.040222683489816,0.0,0.0,0.0,5.0,0.5,0.05000000000000001,111.0,0.6027472224722227,0.00327301093872052
4,0.0,0,360.3843695532534,557.0,70.05562389546166,14.695197085646114,1713.0,290.16960190236966,62.38885587876292,0.0,0.0,0.0,0.0,0.0,0.0,0.0,0.0,0.0
5,0.054,0,360.48094482142074,562.0,68.89580134648072,14.172698935851276,1723.0,289.92901789927527,62.004651604908545,0.0,0.0,0.0,7.0,0.7,0.07,102.0,0.553875826055556,0.0030076316734188565
