id,probability_maraud,successful_mating,next_foraging_time,foraging_events,foraging_hrs,foraging_sqhrs,staying_events,staying_hrs,staying_sqhrs,repairing_events,repairing_hrs,repairing_sqhrs,marauding_events,marauding_hrs,marauding_sqhrs,traveling_events,traveling_hrs,traveling_sqhrs
0,0.054,25,360.6762806999334,579.0,69.16321793486297,13.999545402787449,710.0,124.9173146213777,27.79676357262784,966.0,164.8736582285672,35.47546391374489,10.0,0.9999999999999999,0.10000000000000003,43.0,0.23349667176851865,0.0012679231564412846
1,0.054,29,360.10882905703727,563.0,71.55650595723259,15.214441171946987,1331.0,226.29078869413343,48.5193457985941,363.0,61.38516881945042,13.208131059049315,4.0,0.4,0.04000000000000001,68.0,0.36925055070370394,0.002005087782279239
2,0.054,0,359.95368812411203,568.0,71.2929527309812,14.369441027615277,1708.0,287.6398918026768,61.74216258037729,0.0,0.0,0.0,6.0,0.6,0.06000000000000001,110.0,0.5973170673148153,0.003243524353687002
3,0.0,0,359.85423589470435,569.0,71.8765992580137,15.162191438591679,1722.0,288.2447775055007,61.575190708666675,0.0,0.0,0.0,0.0,0.0,0.0,0.0,0.0,0.0
4,0.054,0,360.12632195581665,561.0,73.80324690861414,17.467010619117396,1689.0,284.97946407734815,61.208193772789855,0.0,0.0,0.0,7.0,0.7,0.07,104.0,0.5647361363703708,0.003066604843485893
5,0.054,0,360.22900056311227,572.0,72.72709817940815,16.287518089191042,1699.0,285.9903666055498,62.14121707969544,0.0,0.0,0.0,10.0,0.9999999999999999,0.10000000000000003,90.0,0.488713964166667,0.0026537926530166385
