id,probability_maraud,successful_mating,next_foraging_time,foraging_events,foraging_hrs,foraging_sqhrs,staying_events,staying_hrs,staying_sqhrs,repairing_events,repairing_hrs,repairing_sqhrs,marauding_events,marauding_hrs,marauding_sqhrs,traveling_events,traveling_hrs,traveling_sqhrs
0,0.054,8,360.0377368938371,581.0,68.71019459300136,13.394270981844759,1359.0,231.47534732440366,50.05946013741757,362.0,58.446166334865595,11.36328942353149,11.0,1.0999999999999999,0.11000000000000004,76.0,0.41269179196296324,0.002240980462547384
1,0.054,11,360.49137142015775,560.0,71.94353398129327,14.914426474359919,1438.0,243.23037371909123,51.71876548139234,268.0,43.34973159077577,8.778983922903052,12.0,1.2,0.12000000000000005,81.0,0.4398425677500003,0.002388413387714975
2,0.054,12,360.4664519544172,560.0,69.28608581017849,15.226024615522313,1411.0,239.00657429596544,51.53182380623499,294.0,50.19421229274322,10.650515092553576,12.0,1.2,0.12000000000000005,70.0,0.38011086101851876,0.002064060952346275
3,0.054,7,360.58864931995527,572.0,69.97895953444794,13.975180668930504,1482.0,246.41858949346488,51.8818207952281,253.0,42.69533320725616,8.91650411771466,6.0,0.6,0.06000000000000001,76.0,0.41269179196296324,0.002240980462547384
4,0.054,6,360.46190578747525,563.0,70.16960044096777,14.182478905829097,1276.0,220.54894768767363,48.23865881815557,385.0,67.392741484938,14.574146114798394,15.0,1.5000000000000002,0.15000000000000008,84.0,0.45613303322222254,0.0024768731428155295
5,0.0,10,360.2302046275191,567.0,69.98761986207585,14.403235355263247,1303.0,222.82894775916296,48.35799277007767,393.0,67.32484422950364,14.509222163682454,0.0,0.0,0.0,0.0,0.0,0.0
