id,probability_maraud,successful_mating,next_foraging_time,foraging_events,foraging_hrs,foraging_sqhrs,staying_events,staying_hrs,staying_sqhrs,repairing_events,repairing_hrs,repairing_sqhrs,marauding_events,marauding_hrs,marauding_sqhrs,traveling_events,traveling_hrs,traveling_sqhrs
0,0.0,9,360.60571868549135,563.0,71.1270423218106,14.432980889664499,1304.0,221.955574389731,47.92707183258539,411.0,67.01231728458157,13.854743861058692,0.0,0.0,0.0,0.0,0.0,0.0
1,0.054,7,360.80434192785947,555.0,68.90083324611824,14.442822448490675,1297.0,216.493775341692,45.66288746842408,428.0,72.91934760158037,15.441816935621333,15.0,1.5000000000000002,0.15000000000000008,76.0,0.41269179196296324,0.002240980462547384
2,0.054,9,360.0051219709968,563.0,70.77336613712684,14.697207894535392,1340.0,226.6769809962875,48.5722851183733,357.0,60.95290799280886,12.860093103641331,12.0,1.2,0.12000000000000005,80.0,0.4344124125925929,0.002358926802681457
3,0.054,8,359.83952273239515,563.0,72.48931800749288,15.21263377612399,1424.0,243.3020055936584,51.949996943446365,267.0,42.80469838227743,8.382303138928748,11.0,1.0999999999999999,0.11000000000000004,70.0,0.38011086101851876,0.002064060952346275
4,0.054,9,360.23219846565286,561.0,72.41385795621935,15.627033437972251,1224.0,203.33409900985612,42.53671501020045,487.0,83.03224159737196,17.704250305271056,9.0,0.8999999999999999,0.09000000000000002,62.0,0.33666961975925946,0.0018281682720781298
5,0.054,12,360.1855201036857,560.0,70.11454789836665,14.240883064786228,1355.0,228.5849028184199,49.00604425803184,359.0,59.180559157501825,12.608560907433175,17.0,1.7000000000000004,0.1700000000000001,91.0,0.4941441193240744,0.0026832792380501566
