id,probability_maraud,successful_mating,next_foraging_time,foraging_events,foraging_hrs,foraging_sqhrs,staying_events,staying_hrs,staying_sqhrs,repairing_events,repairing_hrs,repairing_sqhrs,marauding_events,marauding_hrs,marauding_sqhrs,traveling_events,traveling_hrs,traveling_sqhrs
0,0.054,20,360.29471888115245,567.0,66.21738017372148,12.498301986100387,808.0,139.61640267470483,30.21573605597457,887.0,152.93713434702155,32.880740746369085,9.0,0.8999999999999999,0.09000000000000002,61.0,0.33123946460185205,0.0017986816870446116
1,0.054,34,360.2297908865935,557.0,68.5702822593693,14.043164259373842,1360.0,234.9687449596093,51.267709878376046,327.0,55.51152057110018,12.153634317702172,8.0,0.7999999999999999,0.08000000000000002,72.0,0.3909711713333336,0.0021230341224133115
2,0.054,0,360.43605620627903,570.0,69.90136757807069,15.070907946094893,1698.0,289.00930627313545,62.40646750583774,0.0,0.0,0.0,6.0,0.6,0.06000000000000001,98.0,0.5321552054259263,0.002889685333284784
3,0.0,0,359.9976367431727,551.0,67.22166627778469,13.241102041254939,1713.0,292.8153714406236,62.87836852960216,0.0,0.0,0.0,0.0,0.0,0.0,0.0,0.0,0.0
4,0.054,0,360.0537342116676,561.0,70.01235380977435,14.71430963542334,1698.0,288.74405134197804,62.21809430656545,0.0,0.0,0.0,7.0,0.7,0.07,109.0,0.5918869121574079,0.0032140377686534836
5,0.054,0,360.5408255857314,567.0,74.92638841269205,16.42810226542995,1668.0,284.23850608490943,61.20744061370587,0.0,0.0,0.0,4.0,0.4,0.04000000000000001,87.0,0.4724234986944448,0.002565332897916084
