id,probability_maraud,successful_mating,next_foraging_time,foraging_events,foraging_hrs,foraging_sqhrs,staying_events,staying_hrs,staying_sqhrs,repairing_events,repairing_hrs,repairing_sqhrs,marauding_events,marauding_hrs,marauding_sqhrs,traveling_events,traveling_hrs,traveling_sqhrs
0,0.054,21,360.5588842308899,577.0,68.3270746814079,12.956852792165135,715.0,118.75911031098602,25.44735181352978,1033.0,172.22076983098466,37.07000043747104,7.0,0.7,0.07,43.0,0.23349667176851865,0.0012679231564412846
1,0.054,33,359.9181861003236,584.0,70.51599761349404,14.078805169347183,1475.0,245.66087851433866,51.538746300351434,259.0,42.80984420755144,9.038429847890756,6.0,0.6,0.06000000000000001,82.0,0.4452727229074077,0.002417899972748493
2,0.054,0,360.3041008880213,567.0,73.74587062630724,16.5401047525291,1661.0,285.10234723598154,61.29459502086655,0.0,0.0,0.0,6.0,0.6,0.06000000000000001,102.0,0.553875826055556,0.0030076316734188565
3,0.0,0,360.0414867388667,560.0,70.76027745180895,15.24516746435327,1700.0,289.45734372748814,61.949373346974106,0.0,0.0,0.0,0.0,0.0,0.0,0.0,0.0,0.0
4,0.054,0,360.16003887050294,568.0,70.96430500745808,15.405036625510725,1685.0,288.0256584985091,61.87893145495619,0.0,0.0,0.0,7.0,0.7,0.07,99.0,0.5375853605833337,0.002919171918318302
5,0.054,0,360.41192781367386,556.0,69.76548606939367,13.920534625591378,1682.0,288.81591891311956,62.687432655874424,0.0,0.0,0.0,10.0,0.9999999999999999,0.10000000000000003,94.0,0.5104345847962967,0.002771738993150711
