id,probability_maraud,successful_mating,next_foraging_time,foraging_events,foraging_hrs,foraging_sqhrs,staying_events,staying_hrs,staying_sqhrs,repairing_events,repairing_hrs,repairing_sqhrs,marauding_events,marauding_hrs,marauding_sqhrs,traveling_events,traveling_hrs,traveling_sqhrs
0,0.054,21,360.87825635097846,562.0,70.91596965526116,15.10196113217118,581.0,101.96941981624146,22.072578825487835,1108.0,186.71626515472826,39.751161925069106,7.0,0.7,0.07,33.0,0.17919512019444453,0.000973057306106103
1,0.054,33,360.20687626628717,555.0,71.20837209974354,14.934222036326027,1434.0,244.650141401264,52.76977804806631,259.0,42.860285480848724,8.949518201543322,10.0,0.9999999999999999,0.10000000000000003,81.0,0.4398425677500003,0.002388413387714975
2,0.0,0,360.5063380949067,569.0,68.65926202972811,13.578394354410218,1725.0,291.3731718002094,61.608448114991745,0.0,0.0,0.0,0.0,0.0,0.0,0.0,0.0,0.0
3,0.054,0,360.29337387324466,568.0,67.86155947145492,14.087366240718172,1670.0,291.1513902239399,62.87642971818215,0.0,0.0,0.0,7.0,0.7,0.07,89.0,0.4832838090092596,0.0026243060679831203
4,0.054,0,360.22980250986205,566.0,70.7594779066748,14.236481363790709,1709.0,288.31349977665553,61.92156485282845,0.0,0.0,0.0,6.0,0.6,0.06000000000000001,91.0,0.4941441193240744,0.0026832792380501566
5,0.054,0,360.47286612925876,573.0,74.22415503249846,15.510911726683618,1696.0,284.52734796001994,61.0927228641534,0.0,0.0,0.0,8.0,0.7999999999999999,0.08000000000000002,93.0,0.5050044296388893,0.002742252408117193
