id,probability_maraud,successful_mating,next_foraging_time,foraging_events,foraging_hrs,foraging_sqhrs,staying_events,staying_hrs,staying_sqhrs,repairing_events,repairing_hrs,repairing_sqhrs,marauding_events,marauding_hrs,marauding_sqhrs,traveling_events,traveling_hrs,traveling_sqhrs
0,0.054,7,360.14404382595296,582.0,70.09799192715712,14.068923121793567,1442.0,238.78570805615607,50.66696406808052,308.0,50.014573627248566,10.388758100357014,8.0,0.7999999999999999,0.08000000000000002,77.0,0.41812194712037065,0.0022704670475809023
1,0.054,13,360.10295399174925,568.0,73.09210357010156,15.52879130352319,1372.0,236.55720035781536,50.86930347529441,279.0,48.680079401123756,10.518957356124695,13.0,1.3,0.13000000000000006,74.0,0.4018314816481484,0.002182007292480348
2,0.054,14,360.41927123663066,559.0,69.73548843986573,13.990746529634874,1342.0,228.10733788890212,49.09562168385491,359.0,61.00486285067696,13.362080459402303,8.0,0.7999999999999999,0.08000000000000002,75.0,0.4072616368055558,0.002211493877513866
3,0.054,5,360.0819370711973,555.0,70.29500739217688,15.908001803510048,1422.0,238.99269341102152,50.54873128588738,287.0,49.01441551691755,10.31214545115974,14.0,1.4000000000000001,0.14000000000000007,80.0,0.4344124125925929,0.002358926802681457
4,0.0,8,359.993202727117,571.0,70.43908252553327,14.598675110252826,1394.0,240.5919409270868,52.64361557274582,293.0,49.04485425612746,10.527435909970526,0.0,0.0,0.0,0.0,0.0,0.0
5,0.054,7,360.05612182125134,577.0,69.95680864414749,14.23923821887872,1216.0,208.4965058941697,44.992609097430766,457.0,79.83833387053299,18.101605649363073,13.0,1.3,0.13000000000000006,78.0,0.42355210227777806,0.0022999536326144205
