id,probability_maraud,successful_mating,next_foraging_time,foraging_events,foraging_hrs,foraging_sqhrs,staying_events,staying_hrs,staying_sqhrs,repairing_events,repairing_hrs,repairing_sqhrs,marauding_events,marauding_hrs,marauding_sqhrs,traveling_events,traveling_hrs,traveling_sqhrs
0,0.054,20,360.41339423833375,559.0,67.6526342463095,14.019293650965718,716.0,124.21394805797989,27.61104188341888,1002.0,167.18950134441556,35.5804138509573,8.0,0.7999999999999999,0.08000000000000002,44.0,0.23892682692592607,0.0012974097414748028
1,0.0,34,360.138944630061,558.0,71.27464509828299,14.930660048745324,1428.0,239.61666911494444,51.15185911549333,302.0,49.24915964732499,10.189007774747195,0.0,0.0,0.0,0.0,0.0,0.0
2,0.054,0,360.5478282072247,561.0,71.5575353424293,15.24668996385191,1702.0,287.51834719308454,60.97890232142499,0.0,0.0,0.0,7.0,0.7,0.07,102.0,0.553875826055556,0.0030076316734188565
3,0.054,0,360.2865097716713,572.0,68.36190566197111,13.711785812475036,1667.0,290.6493735807209,63.595086203749325,0.0,0.0,0.0,6.0,0.6,0.06000000000000001,78.0,0.42355210227777806,0.0022999536326144205
4,0.054,0,360.0095665722466,568.0,72.66689161745997,15.866625344909329,1704.0,285.7206900852447,60.45467527582489,0.0,0.0,0.0,11.0,1.0999999999999999,0.11000000000000004,97.0,0.5267250502685189,0.0028601987482512656
5,0.054,0,360.8870311364447,570.0,71.0785646163713,14.533774932667006,1697.0,288.438076364869,62.533419757612116,0.0,0.0,0.0,4.0,0.4,0.04000000000000001,75.0,0.4072616368055558,0.002211493877513866
