id,probability_maraud,successful_mating,next_foraging_time,foraging_events,foraging_hrs,foraging_sqhrs,staying_events,staying_hrs,staying_sqhrs,repairing_events,repairing_hrs,repairing_sqhrs,marauding_events,marauding_hrs,marauding_sqhrs,traveling_events,traveling_hrs,traveling_sqhrs
0,0.054,15,360.0348027636653,560.0,67.14361225736255,13.203666846751867,746.0,125.14611080599903,26.844808867894727,983.0,167.01672315827133,35.95484308272169,6.0,0.6,0.06000000000000001,34.0,0.18462527535185194,0.0010025438911396211
1,0.054,39,360.3286567592737,564.0,65.76874598733542,12.93149817666993,1532.0,256.2731918199392,54.8529394067737,219.0,37.170665066906345,7.910067541606179,5.0,0.5,0.05000000000000001,92.0,0.49957427448148184,0.002712765823083675
2,0.054,0,359.89339767968687,570.0,69.27222101064045,13.666547345270358,1738.0,289.33163271766676,61.304884996090586,0.0,0.0,0.0,9.0,0.8999999999999999,0.09000000000000002,117.0,0.6353281534166672,0.003449930448921629
3,0.0,0,360.231402081346,562.0,70.25860759891732,14.832517215202193,1683.0,289.7936902061603,62.86242933930509,0.0,0.0,0.0,0.0,0.0,0.0,0.0,0.0,0.0
4,0.054,0,360.34922692521917,560.0,71.95720694580616,15.955402827540613,1734.0,287.32872632571673,60.20393478536375,0.0,0.0,0.0,3.0,0.30000000000000004,0.030000000000000006,101.0,0.5484456708981486,0.0029781450883853383
5,0.054,0,360.36077932450047,563.0,66.90895180213299,13.304287395563936,1696.0,291.5536231343799,63.20977045343709,0.0,0.0,0.0,11.0,1.0999999999999999,0.11000000000000004,104.0,0.5647361363703708,0.003066604843485893
