id,probability_maraud,successful_mating,next_foraging_time,foraging_events,foraging_hrs,foraging_sqhrs,staying_events,staying_hrs,staying_sqhrs,repairing_events,repairing_hrs,repairing_sqhrs,marauding_events,marauding_hrs,marauding_sqhrs,traveling_events,traveling_hrs,traveling_sqhrs
0,0.054,9,360.69824453948246,572.0,70.44625692075367,13.737230696349046,1187.0,202.576683026464,43.47971327442884,496.0,85.84567724291442,18.61798674291854,9.0,0.8999999999999999,0.09000000000000002,71.0,0.3855410161759262,0.0020935475373797933
1,0.054,9,360.04341613498747,570.0,67.84047224005802,14.388033925865463,1563.0,265.54250834669267,56.87122628447584,145.0,24.477336541149306,5.178500596684408,17.0,1.7000000000000004,0.1700000000000001,91.0,0.4941441193240744,0.0026832792380501566
2,0.054,12,360.5960163347827,576.0,71.91358356750814,15.296076054953307,1429.0,237.951409919072,51.14532937460726,291.0,48.4931338999637,10.412861904833917,12.0,1.2,0.12000000000000005,83.0,0.4507028780648151,0.0024473865577820113
3,0.0,8,360.5177850954924,555.0,73.13562259399461,15.79711137555294,1280.0,213.3857824828009,44.82037841326892,427.0,73.64480351764021,16.048622016019703,0.0,0.0,0.0,0.0,0.0,0.0
4,0.054,9,360.49311085963933,565.0,68.95975486133848,14.348883620262043,1395.0,240.95023908471742,52.941556111882356,294.0,48.63345453768684,10.230508008784007,12.0,1.2,0.12000000000000005,75.0,0.4072616368055558,0.002211493877513866
5,0.054,7,359.9502654149479,563.0,71.5376950584832,15.114857368008082,1075.0,189.23764308718165,41.986778284264126,556.0,97.66402923667547,21.210341765382342,12.0,1.2,0.12000000000000005,67.0,0.3638203955462965,0.0019756011972457206
