id,probability_maraud,successful_mating,next_foraging_time,foraging_events,foraging_hrs,foraging_sqhrs,staying_events,staying_hrs,staying_sqhrs,repairing_events,repairing_hrs,repairing_sqhrs,marauding_events,marauding_hrs,marauding_sqhrs,traveling_events,traveling_hrs,traveling_sqhrs
0,0.054,19,360.4536446755084,572.0,70.81206417302995,14.666838436133057,760.0,127.52692552960225,26.856997140829876,943.0,161.2853435851099,35.14712036163216,4.0,0.4,0.04000000000000001,40.0,0.21720620629629642,0.0011794634013407301
1,0.054,35,359.93872561100835,564.0,72.57691028394082,15.431110105147507,1533.0,261.78859311753155,56.48280026067133,146.0,24.527737280398785,5.219544140063727,7.0,0.7,0.07,93.0,0.5050044296388893,0.002742252408117193
2,0.054,0,360.72745033499933,577.0,71.83131055270758,14.682077513994491,1690.0,287.1245659752958,61.9293089098021,0.0,0.0,0.0,6.0,0.6,0.06000000000000001,103.0,0.5593059812129634,0.0030371182584523746
3,0.0,0,360.23034294547,564.0,70.90764306507232,14.247396844867179,1661.0,289.15524466844295,62.81994359088944,0.0,0.0,0.0,0.0,0.0,0.0,0.0,0.0,0.0
4,0.054,0,360.16516866526473,567.0,71.83205995930729,15.291040472488797,1706.0,287.19545656899334,60.80572484887085,0.0,0.0,0.0,5.0,0.5,0.05000000000000001,88.0,0.4778536538518522,0.002594819482949602
5,0.054,0,359.9924611983941,567.0,71.13603082817681,15.019539049304958,1678.0,287.41520725339115,61.917005519883354,0.0,0.0,0.0,9.0,0.8999999999999999,0.09000000000000002,105.0,0.5701662915277782,0.003096091428519411
