id,probability_maraud,successful_mating,next_foraging_time,foraging_events,foraging_hrs,foraging_sqhrs,staying_events,staying_hrs,staying_sqhrs,repairing_events,repairing_hrs,repairing_sqhrs,marauding_events,marauding_hrs,marauding_sqhrs,traveling_events,traveling_hrs,traveling_sqhrs
0,0.054,9,360.1474763456597,571.0,69.74387002940576,13.607053992539718,1368.0,227.73734500316007,48.10241851775172,369.0,60.44016859724474,12.709876450147103,16.0,1.6000000000000003,0.1600000000000001,89.0,0.4832838090092596,0.0026243060679831203
1,0.054,12,360.2226418660653,571.0,74.59309285511559,16.676490170896518,1297.0,217.0849955659541,45.65598772845357,410.0,67.15910171483166,14.057753665479165,8.0,0.7999999999999999,0.08000000000000002,78.0,0.42355210227777806,0.0022999536326144205
2,0.054,16,360.07149249082704,567.0,71.92023207852588,15.020434854264185,1369.0,230.04346198073588,48.7073274703527,338.0,56.733723636366896,11.903605117833134,10.0,0.9999999999999999,0.10000000000000003,70.0,0.38011086101851876,0.002064060952346275
3,0.0,8,360.2453541071667,578.0,71.58734926062212,14.633015755260285,1660.0,276.26052771311953,58.37881417466722,74.0,12.244756933627132,2.805431120125009,0.0,0.0,0.0,0.0,0.0,0.0
4,0.054,5,360.41603589922465,577.0,70.17505966810339,14.5458559813092,1430.0,239.95622355155038,51.078290035965075,279.0,48.842824956194065,10.700417782535759,9.0,0.8999999999999999,0.09000000000000002,61.0,0.33123946460185205,0.0017986816870446116
5,0.054,4,360.7472761546931,569.0,70.9543848816682,14.60576888489492,1328.0,226.69137512812023,48.78876739089662,362.0,61.373087327525056,13.142642962886667,8.0,0.7999999999999999,0.08000000000000002,59.0,0.3203791542870372,0.0017397085169775753
