id,probability_maraud,successful_mating,next_foraging_time,foraging_events,foraging_hrs,foraging_sqhrs,staying_events,staying_hrs,staying_sqhrs,repairing_events,repairing_hrs,repairing_sqhrs,marauding_events,marauding_hrs,marauding_sqhrs,traveling_events,traveling_hrs,traveling_sqhrs
0,0.054,20,359.9827310899087,563.0,70.2497017338158,14.731365752447898,781.0,130.0084662938402,27.283072117842767,962.0,159.02920310370857,33.282756008036614,5.0,0.5,0.05000000000000001,42.0,0.22806651661111124,0.0012384365714077665
1,0.054,34,360.4198115239487,559.0,68.08311759602131,12.73853255334031,1557.0,260.6154048656299,56.08534342026547,180.0,30.288473249187227,6.627314616243634,6.0,0.6,0.06000000000000001,79.0,0.4289822574351855,0.0023294402176479386
2,0.054,0,360.7082877470458,558.0,70.94161677135418,15.214411686480355,1727.0,288.15466009527967,60.87588142006648,0.0,0.0,0.0,4.0,0.4,0.04000000000000001,102.0,0.553875826055556,0.0030076316734188565
3,0.054,0,360.1305489344259,559.0,71.91797402092456,15.899720995204584,1671.0,286.8984870972883,62.275414234345114,0.0,0.0,0.0,7.0,0.7,0.07,104.0,0.5647361363703708,0.003066604843485893
4,0.0,0,360.30090412824643,562.0,71.78421085755328,14.795581401921702,1713.0,288.23733292243634,61.896446562127714,0.0,0.0,0.0,0.0,0.0,0.0,0.0,0.0,0.0
5,0.054,0,360.2347446821572,565.0,71.68776337436913,15.312820508318245,1722.0,286.87817068477153,60.227376243142224,0.0,0.0,0.0,9.0,0.8999999999999999,0.09000000000000002,106.0,0.5755964466851856,0.003125578013552929
