id,probability_maraud,successful_mating,next_foraging_time,foraging_events,foraging_hrs,foraging_sqhrs,staying_events,staying_hrs,staying_sqhrs,repairing_events,repairing_hrs,repairing_sqhrs,marauding_events,marauding_hrs,marauding_sqhrs,traveling_events,traveling_hrs,traveling_sqhrs
0,0.054,20,359.9756086552979,560.0,72.985697053354,15.571883545984875,640.0,109.93580834597859,23.682438486725843,1020.0,176.7737959351304,38.46690803950027,3.0,0.30000000000000004,0.030000000000000006,43.0,0.23349667176851865,0.0012679231564412846
1,0.054,34,360.78034753663707,562.0,74.39123264171654,15.462756160496852,1622.0,265.9576618698283,55.5553241055378,111.0,18.301362032619238,3.649988880895898,9.0,0.8999999999999999,0.09000000000000002,89.0,0.4832838090092596,0.0026243060679831203
2,0.054,0,360.33810992237056,562.0,69.66333395573758,13.99824782845349,1715.0,288.87856165311405,61.996088738345,0.0,0.0,0.0,10.0,0.9999999999999999,0.10000000000000003,104.0,0.5647361363703708,0.003066604843485893
3,0.054,0,361.05923137681293,561.0,68.58624496190767,14.788549637588018,1712.0,290.80284272375746,62.62534699544522,0.0,0.0,0.0,4.0,0.4,0.04000000000000001,89.0,0.4832838090092596,0.0026243060679831203
4,0.0,0,360.3474729742451,558.0,66.97326913160654,12.988896923463507,1751.0,293.0715910094368,62.83188594921199,0.0,0.0,0.0,0.0,0.0,0.0,0.0,0.0,0.0
5,0.054,0,360.4437522180561,573.0,69.63656529129501,14.060350611537558,1710.0,289.4801812142431,62.2261773415728,0.0,0.0,0.0,6.0,0.6,0.06000000000000001,100.0,0.5430155157407411,0.00294865850335182
