id,probability_maraud,successful_mating,next_foraging_time,foraging_events,foraging_hrs,foraging_sqhrs,staying_events,staying_hrs,staying_sqhrs,repairing_events,repairing_hrs,repairing_sqhrs,marauding_events,marauding_hrs,marauding_sqhrs,traveling_events,traveling_hrs,traveling_sqhrs
0,0.054,5,360.3358827153596,561.0,72.67039537879043,16.115933463594622,1268.0,219.00639012210547,47.859168539680645,396.0,67.33099774398174,14.631820300030105,8.0,0.7999999999999999,0.08000000000000002,58.0,0.3149489991296298,0.0017102219319440571
1,0.0,12,359.98989064722315,565.0,73.90562446863177,16.693593510112308,1146.0,194.77624148170815,41.80150253622497,564.0,91.4176002545994,19.17064992735914,0.0,0.0,0.0,0.0,0.0,0.0
2,0.054,12,360.519009138326,569.0,67.33604890076053,13.622451547516583,1272.0,217.83067114926845,47.34285391713025,442.0,73.35988764886233,15.83795893007852,12.0,1.2,0.12000000000000005,80.0,0.4344124125925929,0.002358926802681457
3,0.054,11,360.5134227471374,577.0,69.99136379362909,14.035212637647092,1368.0,233.46506187894877,50.146787223825875,332.0,55.14170580016536,11.637849978930756,11.0,1.0999999999999999,0.11000000000000004,69.0,0.37468070586111135,0.002034574367312757
4,0.054,8,360.1726412089696,554.0,70.24386378731667,15.279503294651773,1358.0,235.05874807998887,50.776279174048994,305.0,52.765368277739455,11.491129653309418,15.0,1.5000000000000002,0.15000000000000008,80.0,0.4344124125925929,0.002358926802681457
5,0.054,6,360.44971489029945,554.0,70.36945773666632,14.482433121753346,1460.0,244.69868537450347,51.887116687681306,245.0,42.71377446343015,9.091464241606674,17.0,1.7000000000000004,0.1700000000000001,102.0,0.553875826055556,0.0030076316734188565
