id,probability_maraud,successful_mating,next_foraging_time,foraging_events,foraging_hrs,foraging_sqhrs,staying_events,staying_hrs,staying_sqhrs,repairing_events,repairing_hrs,repairing_sqhrs,marauding_events,marauding_hrs,marauding_sqhrs,traveling_events,traveling_hrs,traveling_sqhrs
0,0.0,13,359.96335033248636,568.0,69.3295081859443,14.209233963387872,665.0,111.86325234371893,24.124116972215273,1073.0,178.84062449095737,37.91986613132908,0.0,0.0,0.0,0.0,0.0,0.0
1,0.054,41,360.1565885117649,566.0,67.18285151702143,13.561140873454796,1716.0,291.71881020208195,62.16835318889632,0.0,0.0,0.0,6.0,0.6,0.06000000000000001,101.0,0.5484456708981486,0.0029781450883853383
2,0.054,0,360.23978961695616,551.0,70.37030846577221,14.67344840056708,1695.0,288.57583466687953,61.991910589633946,0.0,0.0,0.0,7.0,0.7,0.07,83.0,0.4507028780648151,0.0024473865577820113
3,0.054,0,360.1261769890498,551.0,71.84148557048843,15.006761088524664,1686.0,287.3343187433083,62.51008512445073,0.0,0.0,0.0,4.0,0.4,0.04000000000000001,83.0,0.4507028780648151,0.0024473865577820113
4,0.054,0,360.1791637124661,561.0,72.76752491255498,15.245644901501969,1641.0,285.9228878769376,62.235775272712125,0.0,0.0,0.0,8.0,0.7999999999999999,0.08000000000000002,95.0,0.5158647399537041,0.0028012255781842293
5,0.054,0,360.45165586853267,570.0,72.59553516844106,15.261522816256468,1673.0,286.7018416903725,61.856450829390795,0.0,0.0,0.0,5.0,0.5,0.05000000000000001,73.0,0.396401326490741,0.0021525207074468296
