id,probability_maraud,successful_mating,next_foraging_time,foraging_events,foraging_hrs,foraging_sqhrs,staying_events,staying_hrs,staying_sqhrs,repairing_events,repairing_hrs,repairing_sqhrs,marauding_events,marauding_hrs,marauding_sqhrs,traveling_events,traveling_hrs,traveling_sqhrs
0,0.054,21,359.9138306779111,560.0,71.73971466000559,14.988127182519891,714.0,121.6812233763586,25.81695609570827,989.0,165.77494257921057,35.04500891001993,6.0,0.6,0.06000000000000001,45.0,0.24435698208333348,0.001326896326508321
1,0.054,33,360.3750173321606,569.0,70.03371358930801,14.154312075650987,1479.0,252.91295847099772,54.56092583237962,224.0,36.714337882183905,7.7181936842756365,3.0,0.30000000000000004,0.030000000000000006,82.0,0.4452727229074077,0.002417899972748493
2,0.054,0,360.17305991291494,557.0,72.7197144990033,15.855266154344301,1700.0,285.9022294102766,60.459186293080826,0.0,0.0,0.0,9.0,0.8999999999999999,0.09000000000000002,101.0,0.5484456708981486,0.0029781450883853383
3,0.054,0,360.5469024326212,555.0,72.02853603089392,15.164020183351616,1676.0,286.3695866826434,62.39961633520446,0.0,0.0,0.0,12.0,1.2,0.12000000000000005,94.0,0.5104345847962967,0.002771738993150711
4,0.0,0,360.0901359369528,572.0,67.25026904956579,13.49454077076568,1698.0,292.8136897546941,63.97961244509063,0.0,0.0,0.0,0.0,0.0,0.0,0.0,0.0,0.0
5,0.054,0,360.53278901319425,580.0,70.64510364772568,15.14256924880617,1689.0,288.42053998796985,62.70495478298322,0.0,0.0,0.0,4.0,0.4,0.04000000000000001,103.0,0.5593059812129634,0.0030371182584523746
