id,probability_maraud,successful_mating,next_foraging_time,foraging_events,foraging_hrs,foraging_sqhrs,staying_events,staying_hrs,staying_sqhrs,repairing_events,repairing_hrs,repairing_sqhrs,marauding_events,marauding_hrs,marauding_sqhrs,traveling_events,traveling_hrs,traveling_sqhrs
0,0.054,10,360.2612043236496,573.0,68.43046297538616,13.022617503914944,1306.0,218.2593020982383,46.40580369916438,439.0,72.44974548701558,15.236776376446862,7.0,0.7,0.07,67.0,0.3638203955462965,0.0019756011972457206
1,0.054,7,360.2603410482727,561.0,72.03738802894672,16.89888423758658,1348.0,226.15453307314044,48.42496257163869,348.0,60.85603323997126,13.31921953363596,8.0,0.7999999999999999,0.08000000000000002,52.0,0.28236806818518534,0.0015333024217429481
2,0.0,9,360.5329817860515,555.0,69.80535700048578,15.29589830097562,1226.0,207.5308460217314,44.937461945275935,489.0,82.68384672706537,17.984933854411054,0.0,0.0,0.0,0.0,0.0,0.0
3,0.054,13,360.30899266430384,572.0,67.0592522895629,13.354725714218546,1427.0,242.15621570930605,52.04574673879892,292.0,48.44661630262367,10.456831888681688,20.0,2.0000000000000004,0.20000000000000012,98.0,0.5321552054259263,0.002889685333284784
4,0.054,7,360.30714411839034,554.0,72.19192634394835,15.791962818677467,1337.0,228.92530175884195,49.39887786281416,340.0,57.407936210638226,12.36292736266307,11.0,1.0999999999999999,0.11000000000000004,71.0,0.3855410161759262,0.0020935475373797933
5,0.054,8,360.11073434369695,567.0,68.97263986774539,14.460004148540875,1535.0,258.61561994644575,55.334165624089266,171.0,30.629007944238424,6.903172093841141,13.0,1.3,0.13000000000000006,98.0,0.5321552054259263,0.002889685333284784
