id,probability_maraud,successful_mating,next_foraging_time,foraging_events,foraging_hrs,foraging_sqhrs,staying_events,staying_hrs,staying_sqhrs,repairing_events,repairing_hrs,repairing_sqhrs,marauding_events,marauding_hrs,marauding_sqhrs,traveling_events,traveling_hrs,traveling_sqhrs
0,0.054,20,360.1990368501828,573.0,67.97669385243572,14.21894617795312,696.0,120.49219233900698,26.259208550379622,994.0,170.58991984673017,36.62258014574465,9.0,0.8999999999999999,0.09000000000000002,45.0,0.24435698208333348,0.001326896326508321
1,0.054,34,360.4765020563369,573.0,71.4006251476044,15.346250145378242,1358.0,232.42091260103211,50.262883209937655,329.0,55.07191260835008,11.774485417811817,7.0,0.7,0.07,76.0,0.41269179196296324,0.002240980462547384
2,0.0,0,360.17073112291496,573.0,70.50318908086436,13.717418909408767,1684.0,289.5508549813377,63.013204169799984,0.0,0.0,0.0,0.0,0.0,0.0,0.0,0.0,0.0
3,0.054,0,360.1355875421384,560.0,69.00534694071595,14.967676903603596,1712.0,289.5271820066846,62.02095251322512,0.0,0.0,0.0,11.0,1.0999999999999999,0.11000000000000004,110.0,0.5973170673148153,0.003243524353687002
4,0.054,0,360.1414063571255,552.0,71.16571529748325,15.090803264245807,1701.0,288.25509208572277,61.68738019030775,0.0,0.0,0.0,3.0,0.30000000000000004,0.030000000000000006,85.0,0.46156318837962995,0.0025063597278490476
5,0.054,0,360.53527151411015,562.0,69.31383034084605,14.775763806720072,1705.0,289.5971833831344,61.980092200392505,0.0,0.0,0.0,7.0,0.7,0.07,100.0,0.5430155157407411,0.00294865850335182
