id,probability_maraud,successful_mating,next_foraging_time,foraging_events,foraging_hrs,foraging_sqhrs,staying_events,staying_hrs,staying_sqhrs,repairing_events,repairing_hrs,repairing_sqhrs,marauding_events,marauding_hrs,marauding_sqhrs,traveling_events,traveling_hrs,traveling_sqhrs
0,0.054,22,360.36409301278303,575.0,69.27351526934144,14.002429710235246,684.0,117.66673411996396,25.47908238472686,1007.0,172.29734149418562,37.37932908752639,7.0,0.7,0.07,46.0,0.2497871372407409,0.0013563829115418391
1,0.054,32,359.91678954358883,555.0,70.22020362128643,14.490906590113697,1457.0,246.33349570740182,52.546159488196665,259.0,42.43641716884185,8.907837103770335,6.0,0.6,0.06000000000000001,86.0,0.46699334353703736,0.002535846312882566
2,0.054,0,360.00091419483033,567.0,67.49466834107018,13.236503256422097,1699.0,291.58786068923104,62.88927315989416,0.0,0.0,0.0,5.0,0.5,0.05000000000000001,94.0,0.5104345847962967,0.002771738993150711
3,0.054,0,360.28450058788326,574.0,68.98139841508805,14.442157139518876,1698.0,289.86578262893454,62.09482052811735,0.0,0.0,0.0,8.0,0.7999999999999999,0.08000000000000002,103.0,0.5593059812129634,0.0030371182584523746
4,0.0,0,360.16239790351443,573.0,69.62994152974305,13.036877382282439,1718.0,290.38410961297166,62.452098385943906,0.0,0.0,0.0,0.0,0.0,0.0,0.0,0.0,0.0
5,0.054,0,360.1292095998772,563.0,69.67493350566684,14.555195501580062,1680.0,288.8696739799007,62.55874776086959,0.0,0.0,0.0,10.0,0.9999999999999999,0.10000000000000003,98.0,0.5321552054259263,0.002889685333284784
