id,probability_maraud,successful_mating,next_foraging_time,foraging_events,foraging_hrs,foraging_sqhrs,staying_events,staying_hrs,staying_sqhrs,repairing_events,repairing_hrs,repairing_sqhrs,marauding_events,marauding_hrs,marauding_sqhrs,traveling_events,traveling_hrs,traveling_sqhrs
0,0.054,7,360.06371485737685,558.0,71.80487375202922,14.96328698776261,1448.0,243.8290070338033,51.781002144123185,258.0,42.781564968416575,8.900802716880088,12.0,1.2,0.12000000000000005,83.0,0.4507028780648151,0.0024473865577820113
1,0.054,10,360.78511712808665,571.0,70.07064345677294,14.590311544516393,1427.0,239.01201895285973,51.0655239959946,291.0,48.94668151702614,10.470632408834474,15.0,1.5000000000000002,0.15000000000000008,87.0,0.4724234986944448,0.002565332897916084
2,0.054,6,360.3066394589595,561.0,72.47619963736315,15.816573943819746,1235.0,206.96422560645286,44.13718288755316,484.0,79.46287533727525,16.59150667304234,8.0,0.7999999999999999,0.08000000000000002,77.0,0.41812194712037065,0.0022704670475809023
3,0.054,9,359.7392797966104,564.0,70.63394128675274,14.737932585857028,1358.0,227.10843829486473,47.618675447369775,348.0,60.86737359624915,13.277930350351424,10.0,0.9999999999999999,0.10000000000000003,74.0,0.4018314816481484,0.002182007292480348
4,0.054,13,359.9573054549699,571.0,72.52531075146453,14.583380672631165,1386.0,231.29792143200007,49.590588344978926,311.0,54.82314184891092,12.39533750263607,10.0,0.9999999999999999,0.10000000000000003,102.0,0.553875826055556,0.0030076316734188565
5,0.0,9,360.4607223804997,570.0,73.32605399691526,15.596031166422959,1431.0,237.82739286043653,50.31679347737947,302.0,48.87193676098938,10.007339245240848,0.0,0.0,0.0,0.0,0.0,0.0
