id,probability_maraud,successful_mating,next_foraging_time,foraging_events,foraging_hrs,foraging_sqhrs,staying_events,staying_hrs,staying_sqhrs,repairing_events,repairing_hrs,repairing_sqhrs,marauding_events,marauding_hrs,marauding_sqhrs,traveling_events,traveling_hrs,traveling_sqhrs
0,0.054,22,359.9175432137018,557.0,69.65693645374353,14.402813773180695,720.0,119.62172889301392,25.306071665084403,1012.0,170.06622481324558,35.98718147639047,5.0,0.5,0.05000000000000001,34.0,0.18462527535185194,0.0010025438911396211
1,0.054,32,359.99040674433445,562.0,70.69411417222933,14.832846023007917,1528.0,257.4702865700446,54.97586179130815,186.0,30.563753499840864,6.227594717506276,9.0,0.8999999999999999,0.09000000000000002,85.0,0.46156318837962995,0.0025063597278490476
2,0.0,0,359.9968874931402,570.0,73.5222557325074,15.839192154920768,1682.0,286.5737371805898,61.88066962282297,0.0,0.0,0.0,0.0,0.0,0.0,0.0,0.0,0.0
3,0.054,0,360.3029910423605,560.0,69.45673163518481,15.015182412665824,1721.0,289.0060608489312,62.11749611205083,0.0,0.0,0.0,10.0,0.9999999999999999,0.10000000000000003,114.0,0.6190376879444449,0.0033614706938210745
4,0.054,0,360.36818806208896,565.0,71.96496919018361,15.956171501745073,1715.0,287.15064388851795,61.34056023701791,0.0,0.0,0.0,5.0,0.5,0.05000000000000001,106.0,0.5755964466851856,0.003125578013552929
5,0.054,0,360.1276162555354,559.0,72.55803939517142,15.261362620026032,1684.0,286.6418234107984,61.219388226821785,0.0,0.0,0.0,4.0,0.4,0.04000000000000001,98.0,0.5321552054259263,0.002889685333284784
