id,probability_maraud,successful_mating,next_foraging_time,foraging_events,foraging_hrs,foraging_sqhrs,staying_events,staying_hrs,staying_sqhrs,repairing_events,repairing_hrs,repairing_sqhrs,marauding_events,marauding_hrs,marauding_sqhrs,traveling_events,traveling_hrs,traveling_sqhrs
0,0.054,28,360.33491163621255,565.0,71.53590012878662,14.883159733788498,722.0,122.31285648688664,26.390918374480464,970.0,165.11576541211,35.757521574927225,8.0,0.7999999999999999,0.08000000000000002,53.0,0.28779822334259275,0.0015627890067764663
1,0.054,26,360.37141056528606,563.0,69.15278881712712,14.759266843411257,1425.0,241.3180387795549,51.67469536020242,286.0,48.938057856569756,10.53872024509321,4.0,0.4,0.04000000000000001,84.0,0.45613303322222254,0.0024768731428155295
2,0.054,0,360.19502467456334,556.0,69.9158737677862,13.828734382271517,1713.0,289.1100117558647,62.44380899138395,0.0,0.0,0.0,5.0,0.5,0.05000000000000001,93.0,0.5050044296388893,0.002742252408117193
3,0.054,0,360.3272803887766,577.0,69.53382536620578,13.591210502013675,1699.0,289.04326814916266,61.68079745844547,0.0,0.0,0.0,9.0,0.8999999999999999,0.09000000000000002,104.0,0.5647361363703708,0.003066604843485893
4,0.0,0,360.42613281571244,578.0,72.02974472329214,14.698908841282753,1681.0,288.05122005084803,61.84434131453919,0.0,0.0,0.0,0.0,0.0,0.0,0.0,0.0,0.0
5,0.054,0,359.8722342588648,576.0,67.15488563928268,12.753525880185459,1710.0,291.4043436595342,62.19881422613955,0.0,0.0,0.0,10.0,0.9999999999999999,0.10000000000000003,103.0,0.5593059812129634,0.0030371182584523746
