id,probability_maraud,successful_mating,next_foraging_time,foraging_events,foraging_hrs,foraging_sqhrs,staying_events,staying_hrs,staying_sqhrs,repairing_events,repairing_hrs,repairing_sqhrs,marauding_events,marauding_hrs,marauding_sqhrs,traveling_events,traveling_hrs,traveling_sqhrs
0,0.054,15,360.6013706810724,566.0,68.2664914181313,14.232369896269097,1294.0,223.55660764817375,47.95519423573179,419.0,67.2090573826694,13.690381984714096,7.0,0.7,0.07,59.0,0.3203791542870372,0.0017397085169775753
1,0.054,7,360.2565068280937,566.0,69.5423600797427,14.234521276708556,1477.0,246.2178903793425,52.01147748514027,250.0,42.74611787531219,9.275545783643185,12.0,1.2,0.12000000000000005,76.0,0.41269179196296324,0.002240980462547384
2,0.054,9,360.5930003722878,566.0,71.72872501707542,15.411878402434509,1383.0,234.61010689945007,50.502144794636955,311.0,52.60287658916807,10.969771457213428,8.0,0.7999999999999999,0.08000000000000002,66.0,0.3583902403888891,0.0019461146122122025
3,0.0,7,359.91784183924557,568.0,69.43894659888886,13.549025009279156,1356.0,229.73843956545545,48.78425575574974,376.0,60.87694023962837,12.806100250515232,0.0,0.0,0.0,0.0,0.0,0.0
4,0.054,6,360.46466789342537,574.0,72.94504549431034,15.838863938369224,1518.0,254.81611217063465,54.22669749287377,182.0,30.443300313267383,6.713502527183191,15.0,1.5000000000000002,0.15000000000000008,71.0,0.3855410161759262,0.0020935475373797933
5,0.054,10,360.34214006617526,575.0,68.899464879419,13.560427956739018,1332.0,228.27512840851603,49.44051279909718,353.0,61.47256124660095,13.571341275960991,10.0,0.9999999999999999,0.10000000000000003,89.0,0.4832838090092596,0.0026243060679831203
