id,probability_maraud,successful_mating,next_foraging_time,foraging_events,foraging_hrs,foraging_sqhrs,staying_events,staying_hrs,staying_sqhrs,repairing_events,repairing_hrs,repairing_sqhrs,marauding_events,marauding_hrs,marauding_sqhrs,traveling_events,traveling_hrs,traveling_sqhrs
0,0.0,8,360.2515035754079,567.0,67.67375018916265,13.863694687211582,1243.0,207.1365339539258,43.56134601802222,504.0,85.37139569552373,18.32500534517426,0.0,0.0,0.0,0.0,0.0,0.0
1,0.054,11,360.1012489794342,575.0,72.34072274110089,14.737218179955184,1463.0,237.30257387757862,49.998215926336314,297.0,49.1844799612512,10.356566646607433,9.0,0.8999999999999999,0.09000000000000002,75.0,0.4072616368055558,0.002211493877513866
2,0.054,7,360.01046001159517,563.0,68.57151248819326,13.605567843995763,1387.0,235.08552222772695,50.28373865429848,313.0,54.76460103285151,11.842404560862498,14.0,1.4000000000000001,0.14000000000000007,84.0,0.45613303322222254,0.0024768731428155295
3,0.054,14,360.4902484261517,572.0,68.12549137138515,12.996094534503186,1374.0,235.51015202329117,50.46930220680347,334.0,55.155648914128605,11.697765273070381,8.0,0.7999999999999999,0.08000000000000002,82.0,0.4452727229074077,0.002417899972748493
4,0.054,8,360.2487721502798,570.0,74.21625096842062,15.60658510329204,1351.0,229.28335095227192,49.298262742135876,327.0,54.97076573124659,11.988529314241527,13.0,1.3,0.13000000000000006,82.0,0.4452727229074077,0.002417899972748493
5,0.054,6,360.28408910397815,553.0,71.16461727356443,14.993458115314791,1437.0,244.15219627895527,52.50166244802003,254.0,43.31032649492927,9.494969443896052,12.0,1.2,0.12000000000000005,84.0,0.45613303322222254,0.0024768731428155295
