id,probability_maraud,successful_mating,next_foraging_time,foraging_events,foraging_hrs,foraging_sqhrs,staying_events,staying_hrs,staying_sqhrs,repairing_events,repairing_hrs,repairing_sqhrs,marauding_events,marauding_hrs,marauding_sqhrs,traveling_events,traveling_hrs,traveling_sqhrs
0,0.0,10,360.2672639423567,555.0,70.58486435927023,14.707607404265467,1052.0,182.87091055831672,40.24499520637731,627.0,106.83561723120089,23.085568468371175,0.0,0.0,0.0,0.0,0.0,0.0
1,0.054,7,360.3794098550793,554.0,71.18022608426529,14.587256091761516,1342.0,226.00937918619738,48.04446382294597,359.0,61.17887815344988,13.243926273804158,14.0,1.4000000000000001,0.14000000000000007,63.0,0.3420997749166669,0.001857654857111648
2,0.054,6,359.7217652918026,569.0,73.67138985622535,15.740056897941912,1353.0,227.6282230609681,47.48429530587371,357.0,56.88044587056701,11.608447951822749,15.0,1.5000000000000002,0.15000000000000008,65.0,0.3529600852314817,0.0019166280271786843
3,0.054,14,360.08743700215393,564.0,68.14320073635237,14.272527192010596,1442.0,240.58481255369173,51.270749748255106,287.0,49.307316421116596,11.113808586456987,16.0,1.6000000000000003,0.1600000000000001,91.0,0.4941441193240744,0.0026832792380501566
4,0.054,11,360.08860398997035,554.0,68.83381941719065,14.202607203256553,1300.0,217.11362863992457,46.266934210454075,452.0,72.77448897855042,15.116835974728522,10.0,0.9999999999999999,0.10000000000000003,61.0,0.33123946460185205,0.0017986816870446116
5,0.054,6,359.98522199315147,568.0,66.98867630259461,12.603383372567762,1331.0,221.51028924607152,46.397954360716916,409.0,69.69570148814262,14.951272651778067,15.0,1.5000000000000002,0.15000000000000008,72.0,0.3909711713333336,0.0021230341224133115
