id,probability_maraud,successful_mating,next_foraging_time,foraging_events,foraging_hrs,foraging_sqhrs,staying_events,staying_hrs,staying_sqhrs,repairing_events,repairing_hrs,repairing_sqhrs,marauding_events,marauding_hrs,marauding_sqhrs,traveling_events,traveling_hrs,traveling_sqhrs
0,0.054,9,360.3856308319819,564.0,73.6839034525301,16.16120146674334,1428.0,242.12216959857935,52.03852109213737,248.0,42.91441793109757,9.390775995080123,9.0,0.8999999999999999,0.09000000000000002,81.0,0.4398425677500003,0.002388413387714975
1,0.054,8,360.0935294483848,563.0,72.12270841253331,15.44955930153433,1390.0,224.74133893973791,46.34700204191506,365.0,61.225861370171934,13.150809655139556,14.0,1.4000000000000001,0.14000000000000007,94.0,0.5104345847962967,0.002771738993150711
2,0.0,9,360.05413568710793,577.0,67.48432478036383,12.861269655113453,1225.0,207.06264062962404,44.70413709911828,520.0,85.4862649238439,18.26576176945156,0.0,0.0,0.0,0.0,0.0,0.0
3,0.054,10,360.4075803269609,558.0,70.65826091481907,15.12714492650837,1578.0,263.0761528425802,56.94714404619213,136.0,24.83660590158451,5.527335036578962,12.0,1.2,0.12000000000000005,85.0,0.46156318837962995,0.0025063597278490476
