id,probability_maraud,successful_mating,next_foraging_time,foraging_events,foraging_hrs,foraging_sqhrs,staying_events,staying_hrs,staying_sqhrs,repairing_events,repairing_hrs,repairing_sqhrs,marauding_events,marauding_hrs,marauding_sqhrs,traveling_events,traveling_hrs,traveling_sqhrs
0,0.054,12,359.88102894614525,573.0,71.26314838501031,14.735699223178374,964.0,158.85684558417017,33.45894483858834,745.0,128.8057425199598,27.942917244345576,8.0,0.7999999999999999,0.08000000000000002,53.0,0.28779822334259275,0.0015627890067764663
1,0.054,23,360.41988569802334,569.0,70.88450949384402,14.730627810455669,1401.0,238.94573476251335,51.31658248915496,287.0,48.88138958999185,10.559370514822877,9.0,0.8999999999999999,0.09000000000000002,93.0,0.5050044296388893,0.002742252408117193
2,0.0,0,360.1694503492947,562.0,71.31441185161401,14.274495862989422,1697.0,288.7450659883852,62.25395150641255,0.0,0.0,0.0,0.0,0.0,0.0,0.0,0.0,0.0
3,0.054,0,360.1922693067867,559.0,72.28255628499795,15.756321663874967,1683.0,286.1370974472127,61.79822063941914,0.0,0.0,0.0,13.0,1.3,0.13000000000000006,100.0,0.5430155157407411,0.00294865850335182
