id,probability_maraud,successful_mating,next_foraging_time,foraging_events,foraging_hrs,foraging_sqhrs,staying_events,staying_hrs,staying_sqhrs,repairing_events,repairing_hrs,repairing_sqhrs,marauding_events,marauding_hrs,marauding_sqhrs,traveling_events,traveling_hrs,traveling_sqhrs
0,0.054,12,360.21015473241033,550.0,71.74101789584624,15.066247318408704,1406.0,237.9044406651339,51.01833912394881,283.0,48.555967105033545,10.402736729623014,13.0,1.3,0.13000000000000006,101.0,0.5484456708981486,0.0029781450883853383
1,0.054,11,359.9413758023836,560.0,69.62518229254322,14.323080953476767,1490.0,251.78859320875398,53.61372819413612,203.0,36.463427884657946,8.21277153593063,17.0,1.7000000000000004,0.1700000000000001,81.0,0.4398425677500003,0.002388413387714975
2,0.054,9,360.6108048264124,570.0,69.25659604342846,13.914209786997908,1348.0,229.0442997230321,48.794815396105776,340.0,60.44120291201398,13.352063045290507,12.0,1.2,0.12000000000000005,82.0,0.4452727229074077,0.002417899972748493
3,0.0,4,360.48015022683035,570.0,68.46297324563525,14.036350521561324,1098.0,182.76050841056966,38.55430706420802,656.0,108.8191424732523,23.39105540525529,0.0,0.0,0.0,0.0,0.0,0.0
