id,probability_maraud,successful_mating,next_foraging_time,foraging_events,foraging_hrs,foraging_sqhrs,staying_events,staying_hrs,staying_sqhrs,repairing_events,repairing_hrs,repairing_sqhrs,marauding_events,marauding_hrs,marauding_sqhrs,traveling_events,traveling_hrs,traveling_sqhrs
0,0.0,9,360.02175354285566,564.0,66.00999379250688,13.144700384386029,1533.0,257.0709299698865,55.55496954840414,221.0,37.173843025990756,7.987111364431001,0.0,0.0,0.0,0.0,0.0,0.0
1,0.054,10,360.46002227569846,558.0,73.47247384802311,15.762584257871831,1360.0,229.33828685743637,48.82413132403966,303.0,55.15520225460606,12.426754752894565,16.0,1.6000000000000003,0.1600000000000001,87.0,0.4724234986944448,0.002565332897916084
2,0.054,6,360.0517024786784,564.0,70.90170498920173,14.395198210462086,1338.0,226.8792293698007,48.95614546048278,352.0,61.3740792349603,13.481857857308482,5.0,0.5,0.05000000000000001,70.0,0.38011086101851876,0.002064060952346275
3,0.054,11,360.2062403517879,561.0,72.93538847075206,16.030499222926657,1465.0,248.91700908925012,53.914239076521675,214.0,36.71446170256259,7.831237065581654,11.0,1.0999999999999999,0.11000000000000004,78.0,0.42355210227777806,0.0022999536326144205
