id,probability_maraud,successful_mating,next_foraging_time,foraging_events,foraging_hrs,foraging_sqhrs,staying_events,staying_hrs,staying_sqhrs,repairing_events,repairing_hrs,repairing_sqhrs,marauding_events,marauding_hrs,marauding_sqhrs,traveling_events,traveling_hrs,traveling_sqhrs
0,0.054,14,360.28605944313193,564.0,69.15273300873604,14.384619359219768,1036.0,174.1898662286104,37.10169098629986,690.0,115.70760197050915,24.35280848373782,7.0,0.7,0.07,54.0,0.29322837850000016,0.0015922755918099845
1,0.054,22,360.73686147002144,553.0,71.77702573178397,16.026095703348542,1454.0,244.85216736753188,52.132847744561474,262.0,42.49964384340983,8.959727038097869,6.0,0.6,0.06000000000000001,85.0,0.46156318837962995,0.0025063597278490476
2,0.0,0,360.5132609872796,575.0,69.4777304930852,13.699961292084796,1728.0,290.5899940300333,60.86940080088252,0.0,0.0,0.0,0.0,0.0,0.0,0.0,0.0,0.0
3,0.054,0,360.4552665651952,568.0,74.3647321000595,16.726235136564224,1692.0,283.82650695676534,60.60185560906903,0.0,0.0,0.0,13.0,1.3,0.13000000000000006,101.0,0.5484456708981486,0.0029781450883853383
