id,probability_maraud,successful_mating,next_foraging_time,foraging_events,foraging_hrs,foraging_sqhrs,staying_events,staying_hrs,staying_sqhrs,repairing_events,repairing_hrs,repairing_sqhrs,marauding_events,marauding_hrs,marauding_sqhrs,traveling_events,traveling_hrs,traveling_sqhrs
0,0.054,6,360.2530777040236,566.0,72.09216906131665,15.991886326175276,1428.0,238.08637466061714,50.06236711092415,297.0,48.39738526836074,10.30714562824958,11.0,1.0999999999999999,0.11000000000000004,80.0,0.4344124125925929,0.002358926802681457
1,0.054,16,360.4487921713019,571.0,67.97631114925102,13.70953677915243,1609.0,271.23713945094164,58.65930269006237,114.0,18.474261808856948,3.771100790675763,19.0,1.9000000000000006,0.1900000000000001,94.0,0.5104345847962967,0.002771738993150711
2,0.0,8,359.85564138151943,561.0,74.35746255252407,15.498549016083038,1074.0,181.61853703341146,38.07588978703919,607.0,104.03572203072117,22.556303875826327,0.0,0.0,0.0,0.0,0.0,0.0
3,0.054,6,360.23292864568384,566.0,68.34021603244754,14.140224851619745,1263.0,210.8118484255307,44.70094955519505,465.0,79.32975711775221,17.226887793809922,12.0,1.2,0.12000000000000005,71.0,0.3855410161759262,0.0020935475373797933
