id,probability_maraud,successful_mating,next_foraging_time,foraging_events,foraging_hrs,foraging_sqhrs,staying_events,staying_hrs,staying_sqhrs,repairing_events,repairing_hrs,repairing_sqhrs,marauding_events,marauding_hrs,marauding_sqhrs,traveling_events,traveling_hrs,traveling_sqhrs
0,0.054,19,360.46024725209674,564.0,67.15558108248715,13.269166094590219,994.0,169.7218390770319,36.8359391669812,723.0,122.2733088247849,26.146324996685376,7.0,0.7,0.07,64.0,0.3475299300740743,0.0018871414421451661
1,0.0,17,360.3434806872264,583.0,72.44204006208005,14.51060095439421,1446.0,245.13453741274228,52.58513497871138,252.0,42.52948012772506,8.945180318012351,0.0,0.0,0.0,0.0,0.0,0.0
2,0.054,0,360.0109425024009,572.0,73.70888660364946,16.215261174540892,1643.0,284.8440009309903,61.67636067966249,0.0,0.0,0.0,11.0,1.0999999999999999,0.11000000000000004,72.0,0.3909711713333336,0.0021230341224133115
3,0.054,0,360.5175972703973,570.0,68.35914634060242,12.88752670575417,1735.0,290.2015796605772,61.573018934587026,0.0,0.0,0.0,9.0,0.8999999999999999,0.09000000000000002,107.0,0.581026601842593,0.0031550645985864473
