id,probability_maraud,successful_mating,next_foraging_time,foraging_events,foraging_hrs,foraging_sqhrs,staying_events,staying_hrs,staying_sqhrs,repairing_events,repairing_hrs,repairing_sqhrs,marauding_events,marauding_hrs,marauding_sqhrs,traveling_events,traveling_hrs,traveling_sqhrs
0,0.054,6,360.00122453419226,560.0,68.2707078533914,13.78413279196004,1568.0,265.83648956465356,56.72309421839167,152.0,24.501212391398774,5.297635041956497,10.0,0.9999999999999999,0.10000000000000003,88.0,0.4778536538518522,0.002594819482949602
1,0.0,12,360.5582984004697,573.0,69.38482041983114,13.977069477108376,1284.0,217.57210722046642,46.02252803044857,443.0,73.11122407844644,15.304084814233379,0.0,0.0,0.0,0.0,0.0,0.0
2,0.054,14,359.88448900301955,565.0,72.24626437660565,15.77683730459185,1483.0,249.63477786909903,52.827098995492854,213.0,36.8237028200507,8.035029442528797,9.0,0.8999999999999999,0.09000000000000002,77.0,0.41812194712037065,0.0022704670475809023
3,0.054,4,360.1589848093524,560.0,70.54397361603243,14.258812098337145,1456.0,245.1834717109069,52.72124707689733,255.0,42.913998761491705,9.19054121645461,10.0,0.9999999999999999,0.10000000000000003,75.0,0.4072616368055558,0.002211493877513866
