id,probability_maraud,successful_mating,next_foraging_time,foraging_events,foraging_hrs,foraging_sqhrs,staying_events,staying_hrs,staying_sqhrs,repairing_events,repairing_hrs,repairing_sqhrs,marauding_events,marauding_hrs,marauding_sqhrs,traveling_events,traveling_hrs,traveling_sqhrs
0,0.0,5,360.0111745911301,566.0,69.94076114145427,14.467833704553472,1303.0,223.04895180250568,48.776603070771436,398.0,67.20872084591706,14.192690391678248,0.0,0.0,0.0,0.0,0.0,0.0
1,0.054,9,360.59775289373135,571.0,68.25741870338481,14.051616159978863,1505.0,253.66384253163824,53.96231114063841,216.0,36.47314180871792,7.8247654001477684,14.0,1.4000000000000001,0.14000000000000007,69.0,0.37468070586111135,0.002034574367312757
2,0.054,14,360.16559874255285,572.0,70.80975346341442,14.814546246771894,1229.0,201.6991621940974,42.373270344074825,490.0,85.90775858806249,18.878010466502143,13.0,1.3,0.13000000000000006,66.0,0.3583902403888891,0.0019461146122122025
3,0.054,8,360.5643671221916,567.0,69.10797553857347,13.969499811612913,1490.0,246.84746429999046,51.23102836948504,253.0,42.57469438601702,9.392202563374438,11.0,1.0999999999999999,0.11000000000000004,73.0,0.396401326490741,0.0021525207074468296
