id,probability_maraud,successful_mating,next_foraging_time,foraging_events,foraging_hrs,foraging_sqhrs,staying_events,staying_hrs,staying_sqhrs,repairing_events,repairing_hrs,repairing_sqhrs,marauding_events,marauding_hrs,marauding_sqhrs,traveling_events,traveling_hrs,traveling_sqhrs
0,0.054,12,360.8191000626006,565.0,72.31411253919033,15.935608753717352,1563.0,261.77188399699526,56.13554373809072,155.0,24.519904507501003,5.208167215936032,12.0,1.2,0.12000000000000005,105.0,0.5701662915277782,0.003096091428519411
1,0.054,9,360.0508078454831,565.0,73.11587862833511,15.48219091111129,1394.0,237.76851853978957,51.00178458288933,271.0,47.5100704732619,10.367563745807521,13.0,1.3,0.13000000000000006,74.0,0.4018314816481484,0.002182007292480348
2,0.054,5,360.10579339317064,568.0,69.47756887070885,14.487580167969517,1197.0,203.38984719153325,44.140831166454994,513.0,85.77718099466213,17.892320652402898,12.0,1.2,0.12000000000000005,76.0,0.41269179196296324,0.002240980462547384
3,0.0,10,360.47577717597994,561.0,69.82162543192199,14.534472457430805,1333.0,224.77515579230987,47.932583702020466,397.0,65.42601891684856,14.07348747375988,0.0,0.0,0.0,0.0,0.0,0.0
