id,probability_maraud,successful_mating,next_foraging_time,foraging_events,foraging_hrs,foraging_sqhrs,staying_events,staying_hrs,staying_sqhrs,repairing_events,repairing_hrs,repairing_sqhrs,marauding_events,marauding_hrs,marauding_sqhrs,traveling_events,traveling_hrs,traveling_sqhrs
0,0.054,3,360.14509200346254,547.0,67.51366839199316,13.978845152168471,1301.0,221.9005961097846,48.022191733900996,388.0,69.44731892798184,15.906096469948306,10.0,0.9999999999999999,0.10000000000000003,72.0,0.3909711713333336,0.0021230341224133115
1,0.054,11,360.12071049621335,559.0,70.69131108687458,15.164427651526234,1460.0,244.7010808630615,51.753095231283616,246.0,43.21879735506836,9.58014275131032,11.0,1.0999999999999999,0.11000000000000004,71.0,0.3855410161759262,0.0020935475373797933
2,0.054,7,360.19925258259906,553.0,71.04631380671563,15.277517050518481,1466.0,250.14641984462864,53.54777063035064,229.0,36.79409148243519,7.827336086737439,16.0,1.6000000000000003,0.1600000000000001,78.0,0.42355210227777806,0.0022999536326144205
3,0.0,15,360.0686980809053,575.0,69.21287628497322,13.282235187856301,1284.0,218.34652824762307,47.14149806456603,434.0,72.58175372788311,15.510923988718558,0.0,0.0,0.0,0.0,0.0,0.0
