id,probability_maraud,successful_mating,next_foraging_time,foraging_events,foraging_hrs,foraging_sqhrs,staying_events,staying_hrs,staying_sqhrs,repairing_events,repairing_hrs,repairing_sqhrs,marauding_events,marauding_hrs,marauding_sqhrs,traveling_events,traveling_hrs,traveling_sqhrs
0,0.0,11,360.1865370076243,563.0,72.90248506808146,16.23816360135096,1307.0,216.80892374839536,45.56574424296326,417.0,70.32415518531579,14.844096078766018,0.0,0.0,0.0,0.0,0.0,0.0
1,0.054,10,360.50657438496444,582.0,71.16805767251128,14.429041721823385,1266.0,214.0920417906658,45.62964126918525,432.0,73.52576440803485,15.826249501392855,11.0,1.0999999999999999,0.11000000000000004,62.0,0.33666961975925946,0.0018281682720781298
2,0.054,8,360.4003666291055,552.0,69.04341225265337,14.700820602923823,1445.0,240.22221031595691,50.46096479262039,291.0,49.01083159892973,10.748023403851287,13.0,1.3,0.13000000000000006,81.0,0.4398425677500003,0.002388413387714975
3,0.054,7,360.5810917677815,574.0,73.35934877636717,14.962489420986042,1302.0,223.77221758546764,48.49728842626992,352.0,60.709197154855005,13.193125802120983,18.0,1.8000000000000005,0.1800000000000001,82.0,0.4452727229074077,0.002417899972748493
