id,probability_maraud,successful_mating,next_foraging_time,foraging_events,foraging_hrs,foraging_sqhrs,staying_events,staying_hrs,staying_sqhrs,repairing_events,repairing_hrs,repairing_sqhrs,marauding_events,marauding_hrs,marauding_sqhrs,traveling_events,traveling_hrs,traveling_sqhrs
0,0.0,13,360.28435320508345,560.0,70.3528078894848,14.725063357665112,826.0,141.27819830301507,30.505302695544426,882.0,148.52680173423752,31.94342722761441,0.0,0.0,0.0,0.0,0.0,0.0
1,0.054,23,359.86241087815654,570.0,73.47717523195945,15.279636459038212,1690.0,285.4279066282151,61.042618191327726,0.0,0.0,0.0,6.0,0.6,0.06000000000000001,98.0,0.5321552054259263,0.002889685333284784
2,0.054,0,360.69636710532757,575.0,72.02540705176546,15.377066505332904,1721.0,286.475811867668,60.90749110254807,0.0,0.0,0.0,11.0,1.0999999999999999,0.11000000000000004,101.0,0.5484456708981486,0.0029781450883853383
3,0.054,0,360.15465091371004,584.0,70.90159773479597,14.267994955122635,1707.0,287.8626475096668,61.48572673080413,0.0,0.0,0.0,8.0,0.7999999999999999,0.08000000000000002,81.0,0.4398425677500003,0.002388413387714975
