id,probability_maraud,successful_mating,next_foraging_time,foraging_events,foraging_hrs,foraging_sqhrs,staying_events,staying_hrs,staying_sqhrs,repairing_events,repairing_hrs,repairing_sqhrs,marauding_events,marauding_hrs,marauding_sqhrs,traveling_events,traveling_hrs,traveling_sqhrs
0,0.0,7,360.4142749468495,554.0,71.89369199181573,15.387725581476538,1246.0,215.06836160489127,46.50865684520997,420.0,73.20068295958268,16.09094718268258,0.0,0.0,0.0,0.0,0.0,0.0
1,0.054,8,360.4439818346106,577.0,73.33540528580797,15.344507453047658,1408.0,241.4253213782857,51.03554516124027,244.0,43.102842272176346,9.691000019544871,18.0,1.8000000000000005,0.1800000000000001,73.0,0.396401326490741,0.0021525207074468296
2,0.054,5,360.52965748688496,568.0,73.41883752877162,15.661190142638267,1339.0,224.5228899164216,47.93598830555641,378.0,61.088067451902525,12.783307716420738,8.0,0.7999999999999999,0.08000000000000002,88.0,0.4778536538518522,0.002594819482949602
3,0.054,16,360.44082173542427,562.0,70.80431875577253,14.825445551670242,1477.0,250.82953353948847,53.16504911826331,226.0,37.028878272842,7.620635587438828,9.0,0.8999999999999999,0.09000000000000002,93.0,0.5050044296388893,0.002742252408117193
