id,probability_maraud,successful_mating,next_foraging_time,foraging_events,foraging_hrs,foraging_sqhrs,staying_events,staying_hrs,staying_sqhrs,repairing_events,repairing_hrs,repairing_sqhrs,marauding_events,marauding_hrs,marauding_sqhrs,traveling_events,traveling_hrs,traveling_sqhrs
0,0.0,8,359.9429656297006,565.0,74.82002964339917,16.387757495144832,819.0,133.0567284532369,27.878776320147573,893.0,152.1989541366989,33.020909184584596,0.0,0.0,0.0,0.0,0.0,0.0
1,0.054,28,360.2644063680061,573.0,71.6280526691341,14.660648663404777,1716.0,286.7630223233542,61.1625042708629,0.0,0.0,0.0,11.0,1.0999999999999999,0.11000000000000004,99.0,0.5375853605833337,0.002919171918318302
2,0.054,0,360.36245042396564,571.0,71.70690338773764,15.353493888082372,1717.0,287.3423884478751,61.02482325105121,0.0,0.0,0.0,4.0,0.4,0.04000000000000001,116.0,0.6298979982592597,0.003420443863888111
3,0.054,0,360.32837746122,575.0,67.57408848164495,12.775366809483705,1726.0,290.797616522788,62.80637038860301,0.0,0.0,0.0,10.0,0.9999999999999999,0.10000000000000003,119.0,0.646188463731482,0.0035089036189886653
