id,probability_maraud,successful_mating,next_foraging_time,foraging_events,foraging_hrs,foraging_sqhrs,staying_events,staying_hrs,staying_sqhrs,repairing_events,repairing_hrs,repairing_sqhrs,marauding_events,marauding_hrs,marauding_sqhrs,traveling_events,traveling_hrs,traveling_sqhrs
0,0.054,18,360.1482153013699,556.0,70.37733010852047,15.374401416723197,975.0,165.40286149813946,35.56118047863579,722.0,123.2048794589847,26.52456741817149,7.0,0.7,0.07,58.0,0.3149489991296298,0.0017102219319440571
1,0.054,18,359.8215450713554,559.0,70.1950001493459,14.11456745968184,1477.0,245.33822585150313,51.97482218983453,243.0,42.97185107583491,9.47363924082018,11.0,1.0999999999999999,0.11000000000000004,88.0,0.4778536538518522,0.002594819482949602
2,0.0,0,360.19111932497754,574.0,69.01881422123522,13.912923891192355,1723.0,291.01209629929815,62.047623771026146,0.0,0.0,0.0,0.0,0.0,0.0,0.0,0.0,0.0
3,0.054,0,359.98723618258725,555.0,69.96033693607242,15.19123770758323,1668.0,288.7670933132979,62.882656084668476,0.0,0.0,0.0,10.0,0.9999999999999999,0.10000000000000003,82.0,0.4452727229074077,0.002417899972748493
