id,probability_maraud,successful_mating,next_foraging_time,foraging_events,foraging_hrs,foraging_sqhrs,staying_events,staying_hrs,staying_sqhrs,repairing_events,repairing_hrs,repairing_sqhrs,marauding_events,marauding_hrs,marauding_sqhrs,traveling_events,traveling_hrs,traveling_sqhrs
0,0.054,7,360.30422614962674,566.0,70.47982423915177,14.997637843709294,1422.0,241.70322218820377,52.24039404218309,279.0,46.476160287856914,9.866960440786865,10.0,0.9999999999999999,0.10000000000000003,96.0,0.5212948951111115,0.0028307121632177475
1,0.054,8,360.1394796648242,560.0,70.8946948761156,15.204318738289315,1417.0,234.72225968442208,49.1539852639848,322.0,52.798939192904456,11.267240810795006,13.0,1.3,0.13000000000000006,93.0,0.5050044296388893,0.002742252408117193
2,0.0,11,360.0081782888266,562.0,70.29889098981724,14.806022195323052,1331.0,228.4031577204456,49.22454306320469,349.0,61.591290112980985,13.77308381329888,0.0,0.0,0.0,0.0,0.0,0.0
3,0.054,10,360.08592847312525,577.0,73.75809044661762,15.145585246801922,1404.0,235.78726882064623,50.255221367872444,286.0,48.79495036282541,10.911612011785039,12.0,1.2,0.12000000000000005,86.0,0.46699334353703736,0.002535846312882566
