id,probability_maraud,successful_mating,next_foraging_time,foraging_events,foraging_hrs,foraging_sqhrs,staying_events,staying_hrs,staying_sqhrs,repairing_events,repairing_hrs,repairing_sqhrs,marauding_events,marauding_hrs,marauding_sqhrs,traveling_events,traveling_hrs,traveling_sqhrs
0,0.054,15,360.15506683532135,554.0,71.4633486386476,15.096394287773222,1342.0,225.71450342277757,48.069283041848166,384.0,60.92971072993016,12.425654093533627,15.0,1.5000000000000002,0.15000000000000008,83.0,0.4507028780648151,0.0024473865577820113
1,0.054,6,360.6409290730575,561.0,71.2052305112131,14.584073140628321,1342.0,226.3701821041788,48.727830729897086,362.0,61.20167626018845,13.026466067132185,8.0,0.7999999999999999,0.08000000000000002,79.0,0.4289822574351855,0.0023294402176479386
2,0.054,9,360.5585022781928,559.0,70.5567084975733,14.987877121750232,1455.0,251.03049205572742,55.08684271901916,214.0,36.572862377853205,7.877512200755311,14.0,1.4000000000000001,0.14000000000000007,89.0,0.4832838090092596,0.0026243060679831203
3,0.0,6,360.28044183473605,562.0,70.3869272345087,14.544970456404537,1358.0,224.92209759485615,47.47420732036404,367.0,64.74971991566073,14.305536943799718,0.0,0.0,0.0,0.0,0.0,0.0
