id,probability_maraud,successful_mating,next_foraging_time,foraging_events,foraging_hrs,foraging_sqhrs,staying_events,staying_hrs,staying_sqhrs,repairing_events,repairing_hrs,repairing_sqhrs,marauding_events,marauding_hrs,marauding_sqhrs,traveling_events,traveling_hrs,traveling_sqhrs
0,0.054,5,360.7516299088114,563.0,73.21699382428315,16.02748826402285,1420.0,242.24028313180477,52.40591536752511,263.0,42.808763720456774,8.895742087920214,14.0,1.4000000000000001,0.14000000000000007,84.0,0.45613303322222254,0.0024768731428155295
1,0.054,10,359.8440970750853,566.0,70.88914251868644,15.117870166981314,1436.0,244.16171562854313,52.57050529889134,243.0,43.06637417754652,9.583800544070103,15.0,1.5000000000000002,0.15000000000000008,71.0,0.3855410161759262,0.0020935475373797933
2,0.0,8,360.7909445784583,562.0,68.62849637874261,13.79050726809319,1203.0,205.98111650812726,44.83347804481596,514.0,85.5586748268029,17.949857459852133,0.0,0.0,0.0,0.0,0.0,0.0
3,0.054,13,360.2685420015774,568.0,69.6619934055023,14.022360245984812,1343.0,228.30122369871134,49.42352340382441,360.0,60.866313015814576,13.112026993467122,9.0,0.8999999999999999,0.09000000000000002,76.0,0.41269179196296324,0.002240980462547384
