id,probability_maraud,successful_mating,next_foraging_time,foraging_events,foraging_hrs,foraging_sqhrs,staying_events,staying_hrs,staying_sqhrs,repairing_events,repairing_hrs,repairing_sqhrs,marauding_events,marauding_hrs,marauding_sqhrs,traveling_events,traveling_hrs,traveling_sqhrs
0,0.054,17,360.18060677440775,555.0,71.66699568992213,15.471366721983586,886.0,152.4789651652163,33.130909530253305,781.0,134.82198146416007,28.938092426297516,8.0,0.7999999999999999,0.08000000000000002,56.0,0.304088688814815,0.0016512487618770208
1,0.0,19,360.0099460341254,562.0,69.26746485819625,14.193812323559472,1429.0,241.66881449380085,52.33280138607632,284.0,49.06977574438822,10.666052102154524,0.0,0.0,0.0,0.0,0.0,0.0
2,0.054,0,360.3408660375874,560.0,69.9905550605663,14.484054069715448,1724.0,288.73689896024655,62.138388921081635,0.0,0.0,0.0,8.0,0.7999999999999999,0.08000000000000002,94.0,0.5104345847962967,0.002771738993150711
3,0.054,0,359.9186168166785,573.0,70.26549683925927,14.213929460545055,1662.0,287.7793984589962,62.48351103187467,0.0,0.0,0.0,14.0,1.4000000000000001,0.14000000000000007,107.0,0.581026601842593,0.0031550645985864473
