id,probability_maraud,successful_mating,next_foraging_time,foraging_events,foraging_hrs,foraging_sqhrs,staying_events,staying_hrs,staying_sqhrs,repairing_events,repairing_hrs,repairing_sqhrs,marauding_events,marauding_hrs,marauding_sqhrs,traveling_events,traveling_hrs,traveling_sqhrs
0,0.054,22,360.25162937727526,562.0,71.40805480169455,15.614938211057616,996.0,169.85063639951989,36.21184203820673,677.0,117.46535817777479,25.422229569616643,10.0,0.9999999999999999,0.10000000000000003,57.0,0.3095188439722224,0.001680735346910539
1,0.054,14,359.9656288936085,570.0,69.66872977147497,14.130597018636688,1332.0,228.220906683293,48.95599698192912,349.0,61.16944600823842,13.714078878968865,6.0,0.6,0.06000000000000001,79.0,0.4289822574351855,0.0023294402176479386
2,0.0,0,360.45804083748857,565.0,68.78048136652373,13.327457352403757,1765.0,291.33169945853916,60.85549739414941,0.0,0.0,0.0,0.0,0.0,0.0,0.0,0.0,0.0
3,0.054,0,359.98602592403154,560.0,71.91158738360285,15.837802208674537,1671.0,286.28861556536594,61.924044707477414,0.0,0.0,0.0,14.0,1.4000000000000001,0.14000000000000007,81.0,0.4398425677500003,0.002388413387714975
