id,probability_maraud,successful_mating,next_foraging_time,foraging_events,foraging_hrs,foraging_sqhrs,staying_events,staying_hrs,staying_sqhrs,repairing_events,repairing_hrs,repairing_sqhrs,marauding_events,marauding_hrs,marauding_sqhrs,traveling_events,traveling_hrs,traveling_sqhrs
0,0.054,9,360.38478638264394,560.0,73.7200091090356,16.948504810025035,1367.0,231.45604135333008,49.21310876299917,307.0,53.287972032431654,11.556495192154859,12.0,1.2,0.12000000000000005,83.0,0.4507028780648151,0.0024473865577820113
1,0.054,7,359.8176632738174,567.0,70.96479601460126,14.255179393295512,1357.0,227.82310048391756,48.1332549651079,360.0,59.65438827943705,12.61871858341203,12.0,1.2,0.12000000000000005,66.0,0.3583902403888891,0.0019461146122122025
2,0.0,9,360.020637503131,564.0,67.32657893756674,13.624980989580695,1469.0,243.63386758300555,51.69401755767649,281.0,49.09386545894944,11.105872094186696,0.0,0.0,0.0,0.0,0.0,0.0
3,0.054,11,360.19903246564655,563.0,70.3599110114153,14.856203405078848,1322.0,226.8144007215151,49.60961370510338,370.0,61.19701767564745,12.956244768417848,13.0,1.3,0.13000000000000006,78.0,0.42355210227777806,0.0022999536326144205
