id,probability_maraud,successful_mating,next_foraging_time,foraging_events,foraging_hrs,foraging_sqhrs,staying_events,staying_hrs,staying_sqhrs,repairing_events,repairing_hrs,repairing_sqhrs,marauding_events,marauding_hrs,marauding_sqhrs,traveling_events,traveling_hrs,traveling_sqhrs
0,0.054,16,359.92570971326904,563.0,74.30807715762728,16.769513335175187,825.0,144.22042956042372,31.248965188946496,820.0,140.41149664094797,30.33342067282478,8.0,0.7999999999999999,0.08000000000000002,50.0,0.2715077578703705,0.0014743292516759118
1,0.054,20,360.0583054639013,575.0,68.22512820623629,13.700904738356192,1452.0,241.97355190886105,50.94997848042797,296.0,48.88766188534826,10.389505262043588,7.0,0.7,0.07,82.0,0.4452727229074077,0.002417899972748493
2,0.054,0,360.56098951799254,552.0,72.08420876501715,15.18613113142759,1681.0,285.7444132201182,61.82381366224193,0.0,0.0,0.0,16.0,1.6000000000000003,0.1600000000000001,121.0,0.6570487740462968,0.0035678767890557016
3,0.0,0,360.0969330588422,571.0,69.36388136510054,13.869838674876588,1735.0,290.75927858923643,61.88199556915871,0.0,0.0,0.0,0.0,0.0,0.0,0.0,0.0,0.0
