id,probability_maraud,successful_mating,next_foraging_time,foraging_events,foraging_hrs,foraging_sqhrs,staying_events,staying_hrs,staying_sqhrs,repairing_events,repairing_hrs,repairing_sqhrs,marauding_events,marauding_hrs,marauding_sqhrs,traveling_events,traveling_hrs,traveling_sqhrs
0,0.054,16,360.2811340809607,563.0,69.64691236584773,13.93709925077001,1506.0,252.59370531411446,53.61353425808684,207.0,36.324679840211445,8.146692203618295,11.0,1.0999999999999999,0.11000000000000004,98.0,0.5321552054259263,0.002889685333284784
1,0.054,4,360.002923187687,564.0,73.90430873938388,15.86907470661998,1388.0,241.74292827206756,52.98111583289181,259.0,42.875053426731036,8.844557503449323,12.0,1.2,0.12000000000000005,87.0,0.4724234986944448,0.002565332897916084
2,0.0,9,360.0889952230041,577.0,69.82968885720705,13.72214340768819,1416.0,241.36421619544635,52.15464815763494,283.0,48.829089482359784,10.62900616617459,0.0,0.0,0.0,0.0,0.0,0.0
3,0.054,7,360.14660919941605,564.0,67.19306641147138,13.238685875108573,1368.0,230.83856620818986,49.78594995575455,354.0,60.92404917022753,13.331328052340183,8.0,0.7999999999999999,0.08000000000000002,71.0,0.3855410161759262,0.0020935475373797933
