id,probability_maraud,successful_mating,next_foraging_time,foraging_events,foraging_hrs,foraging_sqhrs,staying_events,staying_hrs,staying_sqhrs,repairing_events,repairing_hrs,repairing_sqhrs,marauding_events,marauding_hrs,marauding_sqhrs,traveling_events,traveling_hrs,traveling_sqhrs
0,0.054,12,359.90163963843617,560.0,68.05197959004326,14.426597098918657,1511.0,253.5019192485463,53.95288752198036,207.0,36.544397744127956,8.15044590866763,16.0,1.6000000000000003,0.1600000000000001,87.0,0.4724234986944448,0.002565332897916084
1,0.054,10,360.19929762951466,570.0,69.98821928695662,13.605975201191237,1470.0,251.67235953567243,54.98463800146429,220.0,36.682260830040235,7.861231361438132,14.0,1.4000000000000001,0.14000000000000007,88.0,0.4778536538518522,0.002594819482949602
2,0.054,8,360.43945843307154,579.0,66.38100356914421,12.519902996890792,1296.0,218.91799515571196,47.08460401207088,431.0,73.45612175824843,15.584130202763694,9.0,0.8999999999999999,0.09000000000000002,67.0,0.3638203955462965,0.0019756011972457206
3,0.0,6,359.9637212362419,571.0,68.730369308682,14.067014170147186,1185.0,199.99451673906935,42.74317990540409,529.0,91.35598341907725,20.006587572314935,0.0,0.0,0.0,0.0,0.0,0.0
