id,probability_maraud,successful_mating,next_foraging_time,foraging_events,foraging_hrs,foraging_sqhrs,staying_events,staying_hrs,staying_sqhrs,repairing_events,repairing_hrs,repairing_sqhrs,marauding_events,marauding_hrs,marauding_sqhrs,traveling_events,traveling_hrs,traveling_sqhrs
0,0.054,9,360.26155994448686,562.0,69.93472744429198,13.950235235802186,1434.0,245.20496372871705,52.593093106696045,249.0,42.80253040761263,9.18942822503724,17.0,1.7000000000000004,0.1700000000000001,80.0,0.4344124125925929,0.002358926802681457
1,0.054,8,360.4337390003593,553.0,74.5297931725129,17.919784432807255,1347.0,224.02386404265468,47.0505208944707,365.0,60.520435151311474,12.651606535722,8.0,0.7999999999999999,0.08000000000000002,70.0,0.38011086101851876,0.002064060952346275
2,0.0,5,360.0258747499481,570.0,72.16279110829039,15.200770685525326,1115.0,190.9071088741461,41.67763265363099,551.0,97.03937437972263,20.909687518383077,0.0,0.0,0.0,0.0,0.0,0.0
3,0.054,14,360.0167045159807,581.0,66.05179296595507,12.21495581905899,1500.0,255.87432151362216,54.60664043487005,215.0,36.361167768943666,7.995754055526101,14.0,1.4000000000000001,0.14000000000000007,79.0,0.4289822574351855,0.0023294402176479386
