id,probability_maraud,successful_mating,next_foraging_time,foraging_events,foraging_hrs,foraging_sqhrs,staying_events,staying_hrs,staying_sqhrs,repairing_events,repairing_hrs,repairing_sqhrs,marauding_events,marauding_hrs,marauding_sqhrs,traveling_events,traveling_hrs,traveling_sqhrs
0,0.054,16,360.3854633426516,562.0,69.53575034872522,14.222158205523959,984.0,167.72661080869648,36.07927925432209,706.0,121.87347546106331,26.208096674245798,7.0,0.7,0.07,52.0,0.28236806818518534,0.0015333024217429481
1,0.0,20,360.1674863069459,563.0,73.00017413446085,15.714608907919848,1448.0,244.31595193520155,51.51046036912682,258.0,42.716190377409944,9.002669122527344,0.0,0.0,0.0,0.0,0.0,0.0
2,0.054,0,360.3877990240162,576.0,67.04197282489896,12.025395307361496,1712.0,291.3328733250428,62.764814507024404,0.0,0.0,0.0,12.0,1.2,0.12000000000000005,93.0,0.5050044296388893,0.002742252408117193
3,0.054,0,359.9797151437505,561.0,71.14424549447243,14.740901353639117,1726.0,287.5661385906624,61.59293251631843,0.0,0.0,0.0,8.0,0.7999999999999999,0.08000000000000002,97.0,0.5267250502685189,0.0028601987482512656
