id,probability_maraud,successful_mating,next_foraging_time,foraging_events,foraging_hrs,foraging_sqhrs,staying_events,staying_hrs,staying_sqhrs,repairing_events,repairing_hrs,repairing_sqhrs,marauding_events,marauding_hrs,marauding_sqhrs,traveling_events,traveling_hrs,traveling_sqhrs
0,0.054,16,360.10889235167366,549.0,73.79585629790965,16.45090141900412,898.0,156.43917469353258,34.2030761488696,766.0,128.86437157448447,27.330004291857602,7.0,0.7,0.07,58.0,0.3149489991296298,0.0017102219319440571
1,0.054,20,360.4919757593199,566.0,76.3634898511565,16.849055028964187,1381.0,239.64187138052955,52.594544851360965,254.0,42.73080323950895,9.14608106807228,9.0,0.8999999999999999,0.09000000000000002,77.0,0.41812194712037065,0.0022704670475809023
2,0.054,0,360.28930962773785,581.0,71.93047724041365,15.096912104938278,1692.0,286.2711125768109,61.476683580080675,0.0,0.0,0.0,13.0,1.3,0.13000000000000006,97.0,0.5267250502685189,0.0028601987482512656
3,0.0,0,360.2114948147988,568.0,74.38067666836021,16.38495470669751,1709.0,285.67581209749426,61.15561918075716,0.0,0.0,0.0,0.0,0.0,0.0,0.0,0.0,0.0
