id,probability_maraud,successful_mating,next_foraging_time,foraging_events,foraging_hrs,foraging_sqhrs,staying_events,staying_hrs,staying_sqhrs,repairing_events,repairing_hrs,repairing_sqhrs,marauding_events,marauding_hrs,marauding_sqhrs,traveling_events,traveling_hrs,traveling_sqhrs
0,0.0,7,360.3308967605707,567.0,70.9802388625813,14.756413504044714,1330.0,219.17707965390204,46.18970157289197,416.0,69.91329107496469,14.828194247665722,0.0,0.0,0.0,0.0,0.0,0.0
1,0.054,8,360.4323920377825,566.0,72.7960709336142,14.88167937464018,1134.0,195.02559750108642,42.183400432557974,529.0,91.22182121869189,19.8128277609776,7.0,0.7,0.07,62.0,0.33666961975925946,0.0018281682720781298
2,0.054,11,360.16134643523867,576.0,68.77225131496294,13.783954540005887,1347.0,228.01204770734913,48.85339104089067,357.0,60.71071310268664,12.980899067422605,22.0,2.2000000000000006,0.22000000000000014,82.0,0.4452727229074077,0.002417899972748493
3,0.054,10,360.1900364548112,559.0,69.40208966734153,14.151780787504162,1419.0,239.44278245009656,51.398843716839636,272.0,49.15926133700172,11.115293047833903,16.0,1.6000000000000003,0.1600000000000001,78.0,0.42355210227777806,0.0022999536326144205
