id,probability_maraud,successful_mating,next_foraging_time,foraging_events,foraging_hrs,foraging_sqhrs,staying_events,staying_hrs,staying_sqhrs,repairing_events,repairing_hrs,repairing_sqhrs,marauding_events,marauding_hrs,marauding_sqhrs,traveling_events,traveling_hrs,traveling_sqhrs
0,0.054,11,360.114954576228,556.0,67.51431455581148,13.512294823930578,1291.0,223.52786373499507,48.56284990658488,410.0,67.40432273850769,14.033101387731085,13.0,1.3,0.13000000000000006,77.0,0.41812194712037065,0.0022704670475809023
1,0.0,4,360.33120144111143,565.0,73.60179590164184,15.944998585189474,1131.0,189.41263333303976,39.99938447011199,578.0,97.03828314122474,20.809835602469136,0.0,0.0,0.0,0.0,0.0,0.0
2,0.054,11,360.0519341980386,569.0,72.26997606316311,14.513198410229162,1434.0,244.98279826593347,52.39091428224586,258.0,41.21241160446252,8.732939030418827,12.0,1.2,0.12000000000000005,74.0,0.4018314816481484,0.002182007292480348
3,0.054,10,360.2957156192465,563.0,70.29325206660594,15.076627043546091,1569.0,263.59047978750226,56.66967216951486,136.0,24.420082362076933,5.339487869579469,13.0,1.3,0.13000000000000006,92.0,0.49957427448148184,0.002712765823083675
