id,probability_maraud,successful_mating,next_foraging_time,foraging_events,foraging_hrs,foraging_sqhrs,staying_events,staying_hrs,staying_sqhrs,repairing_events,repairing_hrs,repairing_sqhrs,marauding_events,marauding_hrs,marauding_sqhrs,traveling_events,traveling_hrs,traveling_sqhrs
0,0.054,11,360.0649663933322,568.0,71.84364464592691,15.21551421784667,1366.0,231.04657503942866,49.89319050662625,315.0,54.66610319378618,12.203670192691304,20.0,2.0000000000000004,0.20000000000000012,98.0,0.5321552054259263,0.002889685333284784
1,0.054,7,360.60623256925214,571.0,69.23247269809801,13.768102647214997,1323.0,223.13169106380985,48.05819987444765,391.0,66.28512310493065,14.025765171829132,11.0,1.0999999999999999,0.11000000000000004,69.0,0.37468070586111135,0.002034574367312757
2,0.0,8,360.68041718954,560.0,67.3755244005476,13.397945301077451,1341.0,219.71096248544012,46.600448111344235,445.0,72.9864561708061,15.144591877691552,0.0,0.0,0.0,0.0,0.0,0.0
3,0.054,10,360.07630119863234,563.0,65.97221479496562,12.338057532439707,1202.0,207.07092212930272,44.8418427267447,503.0,85.07657427347517,18.319476072650872,15.0,1.5000000000000002,0.15000000000000008,75.0,0.4072616368055558,0.002211493877513866
