id,probability_maraud,successful_mating,next_foraging_time,foraging_events,foraging_hrs,foraging_sqhrs,staying_events,staying_hrs,staying_sqhrs,repairing_events,repairing_hrs,repairing_sqhrs,marauding_events,marauding_hrs,marauding_sqhrs,traveling_events,traveling_hrs,traveling_sqhrs
0,0.054,8,360.2209224945126,577.0,69.43559220032225,13.481946479231464,1529.0,253.4450183763255,53.7536977468713,223.0,34.916872289625175,7.031527539214607,17.0,1.7000000000000004,0.1700000000000001,98.0,0.5321552054259263,0.002889685333284784
1,0.054,10,360.32334318264736,574.0,72.76400915094138,15.608710894038051,1337.0,222.82195518575483,47.132446974679155,379.0,63.21044609336172,13.23231745760149,9.0,0.8999999999999999,0.09000000000000002,65.0,0.3529600852314817,0.0019166280271786843
2,0.0,7,360.36828183556605,576.0,70.73399647466732,13.754147954538759,1445.0,240.91860383009566,51.187762699050126,300.0,48.560700353464846,9.947866422340484,0.0,0.0,0.0,0.0,0.0,0.0
3,0.054,11,360.0793675838707,556.0,73.43107548639834,16.59623031333902,1277.0,218.34660976163795,47.300696329236445,409.0,66.97929371376186,14.088318952518811,10.0,0.9999999999999999,0.10000000000000003,92.0,0.49957427448148184,0.002712765823083675
