id,probability_maraud,successful_mating,next_foraging_time,foraging_events,foraging_hrs,foraging_sqhrs,staying_events,staying_hrs,staying_sqhrs,repairing_events,repairing_hrs,repairing_sqhrs,marauding_events,marauding_hrs,marauding_sqhrs,traveling_events,traveling_hrs,traveling_sqhrs
0,0.0,10,359.89880440121925,566.0,69.30271486574053,13.871630561402636,1231.0,205.75706542959455,43.07639273302838,514.0,85.0296253782796,18.035638039408237,0.0,0.0,0.0,0.0,0.0,0.0
1,0.054,7,360.32703194966217,560.0,73.10871888881336,15.616700813100465,1255.0,206.74072291995614,43.928402903778384,464.0,79.03473921317229,16.911400057852944,9.0,0.8999999999999999,0.09000000000000002,65.0,0.3529600852314817,0.0019166280271786843
2,0.054,12,360.189770227843,572.0,69.26324127267324,14.316334598252409,1427.0,240.3728688367042,51.36651219314109,286.0,48.736413185836454,10.276836462201107,13.0,1.3,0.13000000000000006,77.0,0.41812194712037065,0.0022704670475809023
3,0.054,7,360.0053671985966,566.0,71.6372944123816,14.637425772696636,1451.0,248.90470095346603,53.52131600858425,219.0,37.23045570819326,7.992627896733006,19.0,1.9000000000000006,0.1900000000000001,83.0,0.4507028780648151,0.0024473865577820113
