id,probability_maraud,successful_mating,next_foraging_time,foraging_events,foraging_hrs,foraging_sqhrs,staying_events,staying_hrs,staying_sqhrs,repairing_events,repairing_hrs,repairing_sqhrs,marauding_events,marauding_hrs,marauding_sqhrs,traveling_events,traveling_hrs,traveling_sqhrs
0,0.0,10,360.00027629587777,569.0,72.09233352830267,15.43328079270659,1206.0,212.0111371768242,46.975356264254444,438.0,75.9529975357656,16.619585402080677,0.0,0.0,0.0,0.0,0.0,0.0
1,0.054,12,360.47811182600657,558.0,66.01427710396688,12.78204001232028,1486.0,249.30637024818665,52.98396885069771,259.0,43.44360070495446,9.121232270768303,8.0,0.7999999999999999,0.08000000000000002,84.0,0.45613303322222254,0.0024768731428155295
2,0.054,5,360.1549340069643,570.0,72.12002348096911,14.878865944551292,1422.0,236.7934007828482,49.938787689201064,280.0,49.03895447819307,11.072605815299623,18.0,1.8000000000000005,0.1800000000000001,77.0,0.41812194712037065,0.0022704670475809023
3,0.054,9,360.1492217265806,578.0,68.7484987568888,13.77777734656021,1466.0,253.414174923261,54.81104513815575,222.0,36.55310894326393,7.497139958437846,9.0,0.8999999999999999,0.09000000000000002,79.0,0.4289822574351855,0.0023294402176479386
