id,probability_maraud,successful_mating,next_foraging_time,foraging_events,foraging_hrs,foraging_sqhrs,staying_events,staying_hrs,staying_sqhrs,repairing_events,repairing_hrs,repairing_sqhrs,marauding_events,marauding_hrs,marauding_sqhrs,traveling_events,traveling_hrs,traveling_sqhrs
0,0.0,15,360.0196662613572,565.0,71.1236376877051,15.122394498023423,780.0,130.3295087824474,27.79589733408485,904.0,158.55816983275113,34.61797166919719,0.0,0.0,0.0,0.0,0.0,0.0
1,0.054,21,360.45782128029833,572.0,75.23485760356891,16.39478459991265,1663.0,283.3763522997137,60.8104311882656,0.0,0.0,0.0,9.0,0.8999999999999999,0.09000000000000002,100.0,0.5430155157407411,0.00294865850335182
2,0.054,0,360.0063284713434,566.0,71.2302893155152,15.121418243226424,1731.0,287.5817258146735,60.71775422910876,0.0,0.0,0.0,7.0,0.7,0.07,100.0,0.5430155157407411,0.00294865850335182
3,0.054,0,360.51246713838606,564.0,70.34028504433816,14.856547035514247,1751.0,288.1479334549926,60.05050007184092,0.0,0.0,0.0,10.0,0.9999999999999999,0.10000000000000003,102.0,0.553875826055556,0.0030076316734188565
