id,probability_maraud,successful_mating,next_foraging_time,foraging_events,foraging_hrs,foraging_sqhrs,staying_events,staying_hrs,staying_sqhrs,repairing_events,repairing_hrs,repairing_sqhrs,marauding_events,marauding_hrs,marauding_sqhrs,traveling_events,traveling_hrs,traveling_sqhrs
0,0.0,14,360.0864913755822,558.0,69.87449600212757,14.125612180570322,859.0,145.45064995288223,31.304513755069653,856.0,144.93929589051493,30.784093815472872,0.0,0.0,0.0,0.0,0.0,0.0
1,0.054,22,360.42999302502,561.0,73.16413184190712,16.415278480971175,1703.0,285.33508001967266,60.32615313556623,0.0,0.0,0.0,11.0,1.0999999999999999,0.11000000000000004,91.0,0.4941441193240744,0.0026832792380501566
2,0.054,0,359.9544168849108,565.0,73.5187587474953,15.628833898830907,1680.0,285.5288898091932,61.809333938169026,0.0,0.0,0.0,5.0,0.5,0.05000000000000001,91.0,0.4941441193240744,0.0026832792380501566
3,0.054,0,360.3415108815459,562.0,70.88400912408494,14.336789657072554,1701.0,287.8185722955432,61.76749486036392,0.0,0.0,0.0,8.0,0.7999999999999999,0.08000000000000002,118.0,0.6407583085740746,0.003479417033955147
