id,probability_maraud,successful_mating,next_foraging_time,foraging_events,foraging_hrs,foraging_sqhrs,staying_events,staying_hrs,staying_sqhrs,repairing_events,repairing_hrs,repairing_sqhrs,marauding_events,marauding_hrs,marauding_sqhrs,traveling_events,traveling_hrs,traveling_sqhrs
0,0.0,12,360.6210371407122,562.0,67.39062896193396,14.22583753522748,931.0,156.50056792293978,33.64532621476203,812.0,136.13723710952274,29.282213073116,0.0,0.0,0.0,0.0,0.0,0.0
1,0.054,24,360.42530285248796,561.0,66.8969464056717,13.258605884065506,1775.0,291.7709964401954,61.37743091780055,0.0,0.0,0.0,8.0,0.7999999999999999,0.08000000000000002,105.0,0.5701662915277782,0.003096091428519411
2,0.054,0,359.9593388901025,559.0,71.27078012179331,15.171369271388711,1711.0,287.5748225615369,61.71610375923185,0.0,0.0,0.0,8.0,0.7999999999999999,0.08000000000000002,105.0,0.5701662915277782,0.003096091428519411
3,0.054,0,360.3254129154334,571.0,69.06370592229179,13.577446526975406,1691.0,289.844274631697,62.845167994483845,0.0,0.0,0.0,7.0,0.7,0.07,96.0,0.5212948951111115,0.0028307121632177475
