id,probability_maraud,successful_mating,next_foraging_time,foraging_events,foraging_hrs,foraging_sqhrs,staying_events,staying_hrs,staying_sqhrs,repairing_events,repairing_hrs,repairing_sqhrs,marauding_events,marauding_hrs,marauding_sqhrs,traveling_events,traveling_hrs,traveling_sqhrs
0,0.0,12,360.13068877021095,566.0,66.37029557631847,12.769762917925744,833.0,140.93945337310748,30.31809132700529,923.0,152.89647896113283,32.30842942349521,0.0,0.0,0.0,0.0,0.0,0.0
1,0.054,24,359.93917484961213,566.0,70.67061711667863,14.489354083012907,1716.0,288.2924436865352,61.94455971230403,0.0,0.0,0.0,7.0,0.7,0.07,75.0,0.4072616368055558,0.002211493877513866
2,0.054,0,359.8207742459233,568.0,73.21890377080595,15.895230175295552,1679.0,285.3452831034749,61.71296659284796,0.0,0.0,0.0,9.0,0.8999999999999999,0.09000000000000002,101.0,0.5484456708981486,0.0029781450883853383
3,0.054,0,359.9874670980814,564.0,70.09166637143377,14.023020836167682,1716.0,288.576230224808,61.47213375623746,0.0,0.0,0.0,10.0,0.9999999999999999,0.10000000000000003,89.0,0.4832838090092596,0.0026243060679831203
