id,probability_maraud,successful_mating,next_foraging_time,foraging_events,foraging_hrs,foraging_sqhrs,staying_events,staying_hrs,staying_sqhrs,repairing_events,repairing_hrs,repairing_sqhrs,marauding_events,marauding_hrs,marauding_sqhrs,traveling_events,traveling_hrs,traveling_sqhrs
0,0.054,8,359.8086377602078,566.0,71.78603902850377,15.142792845520749,1292.0,213.00697683061387,45.12360018919914,413.0,73.71627335333935,16.33236296750514,11.0,1.0999999999999999,0.11000000000000004,74.0,0.4018314816481484,0.002182007292480348
1,0.054,8,360.10052670999005,559.0,71.36909435697767,15.320442256443002,1397.0,239.55850635038124,51.88576658221856,289.0,47.1314196956405,9.892396213202172,15.0,1.5000000000000002,0.15000000000000008,87.0,0.4724234986944448,0.002565332897916084
2,0.054,14,360.3058526666498,558.0,72.47605738660485,15.183751441933635,1464.0,242.87151239382413,51.07173363101526,255.0,42.79076892873895,9.016300796170711,15.0,1.5000000000000002,0.15000000000000008,94.0,0.5104345847962967,0.002771738993150711
3,0.0,6,360.2521449741894,566.0,66.9966546957991,13.213095411497735,1242.0,207.84445200333187,44.044572585709815,488.0,85.16271058406939,18.372483742978222,0.0,0.0,0.0,0.0,0.0,0.0
