id,probability_maraud,successful_mating,next_foraging_time,foraging_events,foraging_hrs,foraging_sqhrs,staying_events,staying_hrs,staying_sqhrs,repairing_events,repairing_hrs,repairing_sqhrs,marauding_events,marauding_hrs,marauding_sqhrs,traveling_events,traveling_hrs,traveling_sqhrs
0,0.054,10,360.4958822083071,569.0,72.06491363358276,15.13126522516017,1399.0,236.24496545949654,50.6203518978657,289.0,49.455677062202206,10.63596854196833,18.0,1.8000000000000005,0.1800000000000001,97.0,0.5267250502685189,0.0028601987482512656
1,0.0,7,360.12553838091304,560.0,70.45541189409441,14.21959097549038,1209.0,204.14591238836803,43.73911994260842,526.0,85.52711631822352,17.81069724882827,0.0,0.0,0.0,0.0,0.0,0.0
2,0.054,9,360.23039851215896,552.0,71.36447412058243,14.26642045346325,1340.0,228.11728050886825,48.91535976683483,348.0,58.98624641759056,12.07695033924973,12.0,1.2,0.12000000000000005,74.0,0.4018314816481484,0.002182007292480348
3,0.054,10,359.9828514925124,547.0,75.39861820038834,16.513393939901945,1393.0,234.10010312019983,50.1157022329737,295.0,49.15606893667855,10.41324862623457,10.0,0.9999999999999999,0.10000000000000003,79.0,0.4289822574351855,0.0023294402176479386
