id,probability_maraud,successful_mating,next_foraging_time,foraging_events,foraging_hrs,foraging_sqhrs,staying_events,staying_hrs,staying_sqhrs,repairing_events,repairing_hrs,repairing_sqhrs,marauding_events,marauding_hrs,marauding_sqhrs,traveling_events,traveling_hrs,traveling_sqhrs
0,0.054,9,360.2527438000234,568.0,71.07236413813601,15.389013306649506,1352.0,232.3192489822871,50.729152977826345,337.0,54.91387589149313,11.351639491765221,13.0,1.3,0.13000000000000006,80.0,0.4344124125925929,0.002358926802681457
1,0.0,14,360.66314062291866,564.0,74.2998183108764,17.213335325875228,1194.0,200.2864547064323,42.78851296037299,496.0,85.60790869725545,18.72418003484658,0.0,0.0,0.0,0.0,0.0,0.0
2,0.054,8,360.0916892407341,566.0,72.40078187362282,14.910628856879956,1225.0,207.43646678592785,44.431100182625926,490.0,78.56650438751244,16.350984274347017,12.0,1.2,0.12000000000000005,75.0,0.4072616368055558,0.002211493877513866
3,0.054,5,360.12958292955875,550.0,73.92888603399932,15.751635785337694,1400.0,241.07258155884296,52.091805365283626,244.0,42.900792098709644,9.245711245397624,18.0,1.8000000000000005,0.1800000000000001,66.0,0.3583902403888891,0.0019461146122122025
