id,probability_maraud,successful_mating,next_foraging_time,foraging_events,foraging_hrs,foraging_sqhrs,staying_events,staying_hrs,staying_sqhrs,repairing_events,repairing_hrs,repairing_sqhrs,marauding_events,marauding_hrs,marauding_sqhrs,traveling_events,traveling_hrs,traveling_sqhrs
0,0.054,6,360.3289643557011,554.0,70.68884809290975,15.516322848019367,1268.0,214.703234218349,45.70785685250868,416.0,73.13305790409967,15.977883723518083,11.0,1.0999999999999999,0.11000000000000004,73.0,0.396401326490741,0.0021525207074468296
1,0.054,11,360.3082677566345,580.0,72.7907086426984,15.39853628675674,1285.0,216.67411632167148,46.48083158240284,405.0,68.26679373701258,14.37747272051976,18.0,1.8000000000000005,0.1800000000000001,94.0,0.5104345847962967,0.002771738993150711
2,0.0,3,360.2986942781647,577.0,72.84258629235188,15.64336312871554,1189.0,201.2803852039525,43.66460753207444,512.0,85.88145742232318,18.09887417667785,0.0,0.0,0.0,0.0,0.0,0.0
3,0.054,16,360.14414310078024,566.0,70.83921807083216,14.041508195944402,1513.0,256.83365814966635,55.19893208887602,179.0,30.768920054948044,6.553334490381264,14.0,1.4000000000000001,0.14000000000000007,94.0,0.5104345847962967,0.002771738993150711
