id,probability_maraud,successful_mating,next_foraging_time,foraging_events,foraging_hrs,foraging_sqhrs,staying_events,staying_hrs,staying_sqhrs,repairing_events,repairing_hrs,repairing_sqhrs,marauding_events,marauding_hrs,marauding_sqhrs,traveling_events,traveling_hrs,traveling_sqhrs
0,0.054,12,360.6800897922719,563.0,72.63242729091365,15.625165640807877,826.0,140.06250210616747,29.926531108818644,890.0,146.2076940063213,30.873209669268302,9.0,0.8999999999999999,0.09000000000000002,46.0,0.2497871372407409,0.0013563829115418391
1,0.0,24,360.45883359169363,553.0,72.73044770376585,15.630592481832416,1353.0,232.39178224839617,50.2224270795466,334.0,54.937889504447696,11.208331970425245,0.0,0.0,0.0,0.0,0.0,0.0
2,0.054,0,360.24614125711344,572.0,73.5648175987505,15.056276327783575,1681.0,284.7512682887175,60.708995488086146,0.0,0.0,0.0,13.0,1.3,0.13000000000000006,86.0,0.46699334353703736,0.002535846312882566
3,0.054,0,360.9910431615869,568.0,72.87029482293164,16.140557669935575,1675.0,285.9425347345566,61.94893605129114,0.0,0.0,0.0,12.0,1.2,0.12000000000000005,105.0,0.5701662915277782,0.003096091428519411
