id,probability_maraud,successful_mating,next_foraging_time,foraging_events,foraging_hrs,foraging_sqhrs,staying_events,staying_hrs,staying_sqhrs,repairing_events,repairing_hrs,repairing_sqhrs,marauding_events,marauding_hrs,marauding_sqhrs,traveling_events,traveling_hrs,traveling_sqhrs
0,0.054,11,360.4716894501998,562.0,69.51603978295067,15.400021716973288,1415.0,234.3678824784652,49.386539158957696,322.0,55.08134104753384,12.095304373655058,7.0,0.7,0.07,69.0,0.37468070586111135,0.002034574367312757
1,0.0,6,359.9760123186559,558.0,70.71216887128496,15.563340847442273,1130.0,191.57475196075794,41.2365558618909,563.0,97.92528456678357,21.27890562579944,0.0,0.0,0.0,0.0,0.0,0.0
2,0.054,9,360.22138822905026,563.0,72.47322299875728,15.043672493069113,1440.0,241.54953550123497,51.491166633809215,265.0,43.999464648497664,9.384887826567748,15.0,1.5000000000000002,0.15000000000000008,91.0,0.4941441193240744,0.0026832792380501566
3,0.054,10,360.1049538252323,564.0,72.99433158114245,15.194723290984856,1352.0,229.74808776137988,48.97436869684534,321.0,54.95111115100061,11.915815357264625,20.0,2.0000000000000004,0.20000000000000012,76.0,0.41269179196296324,0.002240980462547384
