id,probability_maraud,successful_mating,next_foraging_time,foraging_events,foraging_hrs,foraging_sqhrs,staying_events,staying_hrs,staying_sqhrs,repairing_events,repairing_hrs,repairing_sqhrs,marauding_events,marauding_hrs,marauding_sqhrs,traveling_events,traveling_hrs,traveling_sqhrs
0,0.0,5,360.10379582008636,580.0,70.3211836718627,14.330014100179369,1344.0,228.7041463638306,49.48706074389103,367.0,61.22689146348062,13.01182073968461,0.0,0.0,0.0,0.0,0.0,0.0
1,0.054,8,360.0777621051804,552.0,72.53545473750563,14.792070056917513,1191.0,207.1552921465516,45.34739212162201,489.0,79.05651665063463,15.88202876419666,10.0,0.9999999999999999,0.10000000000000003,71.0,0.3855410161759262,0.0020935475373797933
2,0.054,16,360.4627524679648,564.0,67.64777128065263,14.495556974481316,1410.0,237.3302947693948,50.93696225403963,301.0,53.475156670421626,12.171587709625722,12.0,1.2,0.12000000000000005,69.0,0.37468070586111135,0.002034574367312757
3,0.054,7,360.11090444781263,576.0,72.20586847586776,15.816554808136303,1564.0,261.6786758583689,54.83405203071211,153.0,24.342762871092297,5.008321547355596,14.0,1.4000000000000001,0.14000000000000007,97.0,0.5267250502685189,0.0028601987482512656
