id,probability_maraud,successful_mating,next_foraging_time,foraging_events,foraging_hrs,foraging_sqhrs,staying_events,staying_hrs,staying_sqhrs,repairing_events,repairing_hrs,repairing_sqhrs,marauding_events,marauding_hrs,marauding_sqhrs,traveling_events,traveling_hrs,traveling_sqhrs
0,0.054,18,360.8994190084009,569.0,68.89042125265492,14.017700311168138,849.0,143.42191860940363,30.69611539477011,869.0,146.59133672083212,31.35556273306394,10.0,0.9999999999999999,0.10000000000000003,51.0,0.2769379130277779,0.00150381583670943
1,0.054,18,359.9849110831396,581.0,73.08948444761606,17.11826661587725,1328.0,224.54577320152814,48.631345114033,363.0,60.917887538266115,12.913954635079573,11.0,1.0999999999999999,0.11000000000000004,73.0,0.396401326490741,0.0021525207074468296
2,0.054,0,360.0547744726909,564.0,69.30080272352298,14.934305093469808,1740.0,288.82185836456136,61.320234671305094,0.0,0.0,0.0,13.0,1.3,0.13000000000000006,128.0,0.6950598601481487,0.003774282884290329
3,0.0,0,360.1311629438716,568.0,71.18048628751528,14.996962411124825,1742.0,288.8904669296029,61.166361876813525,0.0,0.0,0.0,0.0,0.0,0.0,0.0,0.0,0.0
