id,probability_maraud,successful_mating,next_foraging_time,foraging_events,foraging_hrs,foraging_sqhrs,staying_events,staying_hrs,staying_sqhrs,repairing_events,repairing_hrs,repairing_sqhrs,marauding_events,marauding_hrs,marauding_sqhrs,traveling_events,traveling_hrs,traveling_sqhrs
0,0.054,19,359.9906825713903,561.0,70.96785720831978,14.91999005987891,1131.0,185.41765917438804,38.85691734610921,617.0,102.47107858895163,21.743214500342322,8.0,0.7999999999999999,0.08000000000000002,72.0,0.3909711713333336,0.0021230341224133115
1,0.054,17,360.17439618429654,568.0,67.90911311830743,14.219534236586297,1439.0,242.41438116280173,51.98428792907234,279.0,48.679770486837825,10.774777956689684,7.0,0.7,0.07,78.0,0.42355210227777806,0.0022999536326144205
2,0.0,0,360.70749177857033,559.0,72.20238492437453,15.401594229234911,1719.0,287.84048023554533,61.07719935341567,0.0,0.0,0.0,0.0,0.0,0.0,0.0,0.0,0.0
3,0.054,0,360.2148519053465,564.0,71.10453752440355,14.567468807496354,1690.0,287.38203790709423,61.92692975656765,0.0,0.0,0.0,10.0,0.9999999999999999,0.10000000000000003,99.0,0.5375853605833337,0.002919171918318302
