id,probability_maraud,successful_mating,next_foraging_time,foraging_events,foraging_hrs,foraging_sqhrs,staying_events,staying_hrs,staying_sqhrs,repairing_events,repairing_hrs,repairing_sqhrs,marauding_events,marauding_hrs,marauding_sqhrs,traveling_events,traveling_hrs,traveling_sqhrs
0,0.054,10,360.4417736641682,557.0,72.04368019567478,14.997461588424969,1393.0,231.7530534522689,49.1476235096007,333.0,54.91841111642372,11.490477307787549,10.0,0.9999999999999999,0.10000000000000003,74.0,0.4018314816481484,0.002182007292480348
1,0.054,7,360.354563039261,565.0,71.9883447941613,15.337926224712819,1440.0,249.77523970881134,54.60407935632386,221.0,36.500001676903615,7.485720741783625,13.0,1.3,0.13000000000000006,93.0,0.5050044296388893,0.002742252408117193
2,0.0,7,360.039582672061,561.0,70.76441761776387,15.905590445444671,1332.0,228.86462752665986,50.10062392642038,371.0,60.7380795358636,12.686722613629762,0.0,0.0,0.0,0.0,0.0,0.0
3,0.054,12,359.954874143659,558.0,70.7077296470772,15.010480342504017,1305.0,220.27097812186835,47.31523716701411,405.0,67.36973861339544,14.45520159206844,13.0,1.3,0.13000000000000006,85.0,0.46156318837962995,0.0025063597278490476
