id,probability_maraud,successful_mating,next_foraging_time,foraging_events,foraging_hrs,foraging_sqhrs,staying_events,staying_hrs,staying_sqhrs,repairing_events,repairing_hrs,repairing_sqhrs,marauding_events,marauding_hrs,marauding_sqhrs,traveling_events,traveling_hrs,traveling_sqhrs
0,0.054,14,359.8498012490721,570.0,71.85688619746774,14.759847248684329,940.0,160.0659121965073,34.393501857733,765.0,127.0845940241742,27.135498247662674,7.0,0.7,0.07,59.0,0.3203791542870372,0.0017397085169775753
1,0.0,21,359.9971112936991,561.0,76.34928253785974,17.026953068818514,1420.0,242.19496632058434,51.752547199445495,244.0,41.6014852638387,8.869726167055628,0.0,0.0,0.0,0.0,0.0,0.0
2,0.054,0,360.261939052092,566.0,70.23299373371843,14.406107721632152,1730.0,287.8710031120614,61.64934103364011,0.0,0.0,0.0,14.0,1.4000000000000001,0.14000000000000007,93.0,0.5050044296388893,0.002742252408117193
3,0.054,0,360.30005191259914,573.0,68.47611527434616,13.637981244648863,1721.0,290.47553415500596,61.829808481555865,0.0,0.0,0.0,7.0,0.7,0.07,75.0,0.4072616368055558,0.002211493877513866
