id,probability_maraud,successful_mating,next_foraging_time,foraging_events,foraging_hrs,foraging_sqhrs,staying_events,staying_hrs,staying_sqhrs,repairing_events,repairing_hrs,repairing_sqhrs,marauding_events,marauding_hrs,marauding_sqhrs,traveling_events,traveling_hrs,traveling_sqhrs
0,0.0,8,359.87542236319325,561.0,73.8139348183313,15.793296887288752,1395.0,236.5644315745745,50.99602746530022,290.0,49.78741744759228,10.604356702860715,0.0,0.0,0.0,0.0,0.0,0.0
1,0.054,12,360.1094907105992,579.0,69.32784864553827,13.560282736196147,1548.0,258.5772314136758,54.87725285936613,180.0,30.529679134937087,6.427914597732562,13.0,1.3,0.13000000000000006,82.0,0.4452727229074077,0.002417899972748493
2,0.054,11,360.5670975495561,555.0,68.82290134683332,14.377868105976233,1487.0,253.1126901323594,54.04511308765791,207.0,36.87822434092223,8.270512072972249,9.0,0.8999999999999999,0.09000000000000002,91.0,0.4941441193240744,0.0026832792380501566
3,0.054,5,359.82204055479065,558.0,73.78728700161459,16.50416712532115,1314.0,224.14475592370673,48.32663035719328,345.0,60.970254594849,13.636906163015427,8.0,0.7999999999999999,0.08000000000000002,70.0,0.38011086101851876,0.002064060952346275
