id,probability_maraud,successful_mating,next_foraging_time,foraging_events,foraging_hrs,foraging_sqhrs,staying_events,staying_hrs,staying_sqhrs,repairing_events,repairing_hrs,repairing_sqhrs,marauding_events,marauding_hrs,marauding_sqhrs,traveling_events,traveling_hrs,traveling_sqhrs
0,0.054,11,360.1026706757517,573.0,71.7361795172745,15.144082567144576,962.0,159.37551919002846,33.27838728860922,733.0,127.87447215070868,28.10437161288034,8.0,0.7999999999999999,0.08000000000000002,49.0,0.2660776027129631,0.0014448426666423936
1,0.054,25,360.12688801704275,572.0,71.64786221651573,15.154438300006225,1430.0,237.9463977479815,49.613759766632384,292.0,48.99843377615741,10.262076905120617,10.0,0.9999999999999999,0.10000000000000003,103.0,0.5593059812129634,0.0030371182584523746
2,0.054,0,360.2000239119178,564.0,71.25410792628779,15.247778651581207,1717.0,287.356600925013,60.59567198753594,0.0,0.0,0.0,11.0,1.0999999999999999,0.11000000000000004,78.0,0.42355210227777806,0.0022999536326144205
3,0.0,0,360.2061331381586,566.0,65.65818124463573,12.812105660946779,1717.0,294.37398555124565,63.64763102977177,0.0,0.0,0.0,0.0,0.0,0.0,0.0,0.0,0.0
