id,probability_maraud,successful_mating,next_foraging_time,foraging_events,foraging_hrs,foraging_sqhrs,staying_events,staying_hrs,staying_sqhrs,repairing_events,repairing_hrs,repairing_sqhrs,marauding_events,marauding_hrs,marauding_sqhrs,traveling_events,traveling_hrs,traveling_sqhrs
0,0.054,12,359.89274947089416,574.0,72.65618855520518,15.82485875668587,1504.0,249.09047345150478,52.40441695309997,225.0,36.474794095150244,7.698052889990277,13.0,1.3,0.13000000000000006,90.0,0.488713964166667,0.0026537926530166385
1,0.0,8,360.4396252046997,581.0,69.94289737986587,13.58378495858377,1396.0,229.3727815337364,47.70255172098413,379.0,60.77828061528269,12.662193095999468,0.0,0.0,0.0,0.0,0.0,0.0
2,0.054,9,360.22653847976557,563.0,72.66861088183374,14.57628786005388,1280.0,219.3087131500173,47.28036321862935,412.0,66.61114756679412,13.65498909474934,10.0,0.9999999999999999,0.10000000000000003,76.0,0.41269179196296324,0.002240980462547384
3,0.054,7,360.09317513921326,572.0,73.25964163582752,15.895985796194083,1295.0,217.6002744423371,46.18387456609702,391.0,67.20721380556941,14.65917984714688,15.0,1.5000000000000002,0.15000000000000008,83.0,0.4507028780648151,0.0024473865577820113
