id,probability_maraud,successful_mating,next_foraging_time,foraging_events,foraging_hrs,foraging_sqhrs,staying_events,staying_hrs,staying_sqhrs,repairing_events,repairing_hrs,repairing_sqhrs,marauding_events,marauding_hrs,marauding_sqhrs,traveling_events,traveling_hrs,traveling_sqhrs
0,0.054,9,360.29656702415065,576.0,67.22012067060007,13.192789744137928,1530.0,260.01924752797,55.446604382028255,185.0,30.454760552225228,6.252757916386869,19.0,1.9000000000000006,0.1900000000000001,84.0,0.45613303322222254,0.0024768731428155295
1,0.054,8,360.05377624821216,559.0,73.33536096751162,16.40166373852591,1353.0,222.9251973006361,46.82441306936358,360.0,62.25919606715388,13.29371843512041,13.0,1.3,0.13000000000000006,71.0,0.3855410161759262,0.0020935475373797933
2,0.054,10,360.3279208689912,571.0,69.39341851676079,14.381790445049726,1253.0,216.7771805569467,47.04630146820567,459.0,72.99772732722306,14.94294553087939,5.0,0.5,0.05000000000000001,65.0,0.3529600852314817,0.0019166280271786843
3,0.0,9,360.03334388568084,565.0,70.80741253646215,14.604547015057378,1383.0,234.34992948732338,50.08905958129968,328.0,54.98166132810812,11.816984762560898,0.0,0.0,0.0,0.0,0.0,0.0
