id,probability_maraud,successful_mating,next_foraging_time,foraging_events,foraging_hrs,foraging_sqhrs,staying_events,staying_hrs,staying_sqhrs,repairing_events,repairing_hrs,repairing_sqhrs,marauding_events,marauding_hrs,marauding_sqhrs,traveling_events,traveling_hrs,traveling_sqhrs
0,0.054,11,360.1836045758353,562.0,73.23838610940524,16.06488563954639,1416.0,239.5840677390844,51.408014123534166,270.0,45.85839485601498,9.977076434225575,11.0,1.0999999999999999,0.11000000000000004,70.0,0.38011086101851876,0.002064060952346275
1,0.0,10,360.4263307116655,559.0,72.5866258648413,15.184939842295254,1271.0,213.99339290406016,45.394889010662986,452.0,73.48178806534075,15.3622598025268,0.0,0.0,0.0,0.0,0.0,0.0
2,0.054,6,360.07398563694784,561.0,69.26044685663518,13.668580528994863,1488.0,253.22600768868577,55.004714183532265,214.0,36.48629376161951,7.91550339143417,8.0,0.7999999999999999,0.08000000000000002,78.0,0.42355210227777806,0.0022999536326144205
3,0.054,9,360.0500159725851,560.0,70.86660861730975,14.525020278174242,1422.0,238.62696874679958,50.415677410902425,281.0,48.72025756955438,10.5853032847373,15.0,1.5000000000000002,0.15000000000000008,84.0,0.45613303322222254,0.0024768731428155295
