id,probability_maraud,successful_mating,next_foraging_time,foraging_events,foraging_hrs,foraging_sqhrs,staying_events,staying_hrs,staying_sqhrs,repairing_events,repairing_hrs,repairing_sqhrs,marauding_events,marauding_hrs,marauding_sqhrs,traveling_events,traveling_hrs,traveling_sqhrs
0,0.054,9,360.4078612504347,563.0,72.63118166507857,15.574529956737969,1236.0,206.4702337210854,43.47788709678045,477.0,79.60822392673792,16.855886932581125,10.0,0.9999999999999999,0.10000000000000003,61.0,0.33123946460185205,0.0017986816870446116
1,0.054,11,360.80957009529163,564.0,70.62394605093898,14.838213725266822,1412.0,232.23894507233015,48.646425589519176,331.0,55.321718782821925,11.734794926903165,13.0,1.3,0.13000000000000006,95.0,0.5158647399537041,0.0028012255781842293
2,0.0,5,360.11339782275235,566.0,74.2997507587024,15.633945148883681,1134.0,187.80777643450764,39.69221309941367,567.0,97.97519998744336,21.520166690360362,0.0,0.0,0.0,0.0,0.0,0.0
3,0.054,11,360.5386952020376,566.0,69.84128125181735,13.755541562779895,1480.0,244.47791822244002,52.16240004779998,257.0,42.91273816547637,9.042475553196345,22.0,2.2000000000000006,0.22000000000000014,109.0,0.5918869121574079,0.0032140377686534836
