id,probability_maraud,successful_mating,next_foraging_time,foraging_events,foraging_hrs,foraging_sqhrs,staying_events,staying_hrs,staying_sqhrs,repairing_events,repairing_hrs,repairing_sqhrs,marauding_events,marauding_hrs,marauding_sqhrs,traveling_events,traveling_hrs,traveling_sqhrs
0,0.054,9,360.3968454777573,573.0,67.62127228292259,13.344328271138359,1252.0,211.90679002628883,45.176288040431366,498.0,79.21670270617854,16.11280249307069,10.0,0.9999999999999999,0.10000000000000003,69.0,0.37468070586111135,0.002034574367312757
1,0.0,4,360.275651148791,569.0,70.29444800167961,14.522816573782045,1105.0,185.77092826469914,40.36071633266787,601.0,103.99235450383954,23.242300524245287,0.0,0.0,0.0,0.0,0.0,0.0
2,0.054,13,360.1604798399133,565.0,68.76185856411495,14.260060344654624,1517.0,258.1586919112612,56.12886189803381,189.0,30.576229595559063,6.286427979766467,22.0,2.2000000000000006,0.22000000000000014,92.0,0.49957427448148184,0.002712765823083675
3,0.054,10,360.1587692339324,568.0,66.35851007708744,12.754464069338374,1524.0,255.3176364755843,54.34596480868044,228.0,37.030645995910156,7.606976979665708,9.0,0.8999999999999999,0.09000000000000002,94.0,0.5104345847962967,0.002771738993150711
