id,probability_maraud,successful_mating,next_foraging_time,foraging_events,foraging_hrs,foraging_sqhrs,staying_events,staying_hrs,staying_sqhrs,repairing_events,repairing_hrs,repairing_sqhrs,marauding_events,marauding_hrs,marauding_sqhrs,traveling_events,traveling_hrs,traveling_sqhrs
0,0.0,9,360.594194132915,574.0,69.33122665121003,13.483708750309791,1412.0,242.0016257979374,52.52284352394706,282.0,48.67635254705671,10.56595622724292,0.0,0.0,0.0,0.0,0.0,0.0
1,0.054,7,360.0764806366021,567.0,73.5548309766099,16.60717782272394,1449.0,242.5308779164029,51.66518495626964,245.0,42.875109716526154,9.404072648585103,8.0,0.7999999999999999,0.08000000000000002,74.0,0.4018314816481484,0.002182007292480348
2,0.054,9,360.34189608271976,551.0,69.54697722869761,14.460190979390182,1413.0,240.94368427848315,51.58068716325365,282.0,48.75243242820925,10.554282445306868,4.0,0.4,0.04000000000000001,69.0,0.37468070586111135,0.002034574367312757
3,0.054,11,360.2052990564751,569.0,73.68743136140168,15.736110948499837,1510.0,253.6058048241616,54.05479259799427,185.0,30.743905571279114,6.490229177477031,16.0,1.6000000000000003,0.1600000000000001,91.0,0.4941441193240744,0.0026832792380501566
