id,probability_maraud,successful_mating,next_foraging_time,foraging_events,foraging_hrs,foraging_sqhrs,staying_events,staying_hrs,staying_sqhrs,repairing_events,repairing_hrs,repairing_sqhrs,marauding_events,marauding_hrs,marauding_sqhrs,traveling_events,traveling_hrs,traveling_sqhrs
0,0.0,14,360.4561031363883,579.0,70.42097626980592,14.241043849636673,764.0,125.24417022409581,26.139361876824516,986.0,164.34100615220956,35.009470808954006,0.0,0.0,0.0,0.0,0.0,0.0
1,0.054,22,360.11824002758266,558.0,65.87707521780423,12.654813026318893,1744.0,292.7047051172003,62.85110035477562,0.0,0.0,0.0,9.0,0.8999999999999999,0.09000000000000002,109.0,0.5918869121574079,0.0032140377686534836
2,0.054,0,360.4235278899803,572.0,70.98040230481068,15.081953196672911,1682.0,287.8325988967504,61.75806540638687,0.0,0.0,0.0,7.0,0.7,0.07,91.0,0.4941441193240744,0.0026832792380501566
3,0.054,0,360.1158955729727,553.0,69.39810908426892,14.223489461057149,1706.0,289.00039113303444,61.74677009904985,0.0,0.0,0.0,11.0,1.0999999999999999,0.11000000000000004,110.0,0.5973170673148153,0.003243524353687002
