id,probability_maraud,successful_mating,next_foraging_time,foraging_events,foraging_hrs,foraging_sqhrs,staying_events,staying_hrs,staying_sqhrs,repairing_events,repairing_hrs,repairing_sqhrs,marauding_events,marauding_hrs,marauding_sqhrs,traveling_events,traveling_hrs,traveling_sqhrs
0,0.054,21,360.35136792167225,572.0,69.55678671015703,13.848885314462647,994.0,173.30615094489212,37.85147155490571,690.0,115.93997969547517,25.32989173095873,9.0,0.8999999999999999,0.09000000000000002,66.0,0.3583902403888891,0.0019461146122122025
1,0.0,15,359.8767503227361,571.0,71.04343118861756,14.950715489833678,1382.0,234.3383671353347,49.52458672385718,338.0,54.77336532158522,11.46510883158466,0.0,0.0,0.0,0.0,0.0,0.0
2,0.054,0,360.2736179122718,572.0,69.13804993653672,14.009746863031584,1687.0,289.33308429018103,62.57129589782184,0.0,0.0,0.0,11.0,1.0999999999999999,0.11000000000000004,85.0,0.46156318837962995,0.0025063597278490476
3,0.054,0,360.16278342880685,560.0,69.94681435519637,14.189279535183593,1742.0,288.7546184540081,61.267524769937395,0.0,0.0,0.0,8.0,0.7999999999999999,0.08000000000000002,94.0,0.5104345847962967,0.002771738993150711
