id,probability_maraud,successful_mating,next_foraging_time,foraging_events,foraging_hrs,foraging_sqhrs,staying_events,staying_hrs,staying_sqhrs,repairing_events,repairing_hrs,repairing_sqhrs,marauding_events,marauding_hrs,marauding_sqhrs,traveling_events,traveling_hrs,traveling_sqhrs
0,0.0,16,360.35656326863983,575.0,70.1061748723409,13.872407106563434,987.0,164.63976313820976,35.411833146868624,730.0,125.31911294298695,27.168427685021488,0.0,0.0,0.0,0.0,0.0,0.0
1,0.054,20,360.5917634185741,566.0,74.38374873495593,16.249737527171487,1694.0,284.4336336278205,59.71633272570502,0.0,0.0,0.0,6.0,0.6,0.06000000000000001,109.0,0.5918869121574079,0.0032140377686534836
2,0.054,0,360.4003838617689,578.0,71.9506786536977,14.854083323857838,1648.0,286.58743515004863,62.433958864668554,0.0,0.0,0.0,10.0,0.9999999999999999,0.10000000000000003,87.0,0.4724234986944448,0.002565332897916084
3,0.054,0,360.4538937425324,573.0,70.231237481393,14.091556137335983,1715.0,288.71652516340606,61.762203127829146,0.0,0.0,0.0,5.0,0.5,0.05000000000000001,102.0,0.553875826055556,0.0030076316734188565
