id,probability_maraud,successful_mating,next_foraging_time,foraging_events,foraging_hrs,foraging_sqhrs,staying_events,staying_hrs,staying_sqhrs,repairing_events,repairing_hrs,repairing_sqhrs,marauding_events,marauding_hrs,marauding_sqhrs,traveling_events,traveling_hrs,traveling_sqhrs
0,0.054,18,360.40729007768664,573.0,68.0401206116785,13.541426476454358,984.0,162.84483332184033,34.465160749923115,740.0,128.0863661454199,27.724990503161106,8.0,0.7999999999999999,0.08000000000000002,62.0,0.33666961975925946,0.0018281682720781298
1,0.0,18,360.49609766254054,566.0,68.66211000799773,14.185440422768425,1423.0,242.76212641564868,52.82318330564571,289.0,48.615791689434424,10.23088247210214,0.0,0.0,0.0,0.0,0.0,0.0
2,0.054,0,360.76954475383127,566.0,73.92426026845219,16.26696395059829,1715.0,284.4698834650354,60.496892176869146,0.0,0.0,0.0,11.0,1.0999999999999999,0.11000000000000004,102.0,0.553875826055556,0.0030076316734188565
3,0.054,0,360.25798734451854,580.0,73.42314066413314,16.180680511506157,1718.0,285.2462860601918,60.266962467542044,0.0,0.0,0.0,10.0,0.9999999999999999,0.10000000000000003,88.0,0.4778536538518522,0.002594819482949602
