id,probability_maraud,successful_mating,next_foraging_time,foraging_events,foraging_hrs,foraging_sqhrs,staying_events,staying_hrs,staying_sqhrs,repairing_events,repairing_hrs,repairing_sqhrs,marauding_events,marauding_hrs,marauding_sqhrs,traveling_events,traveling_hrs,traveling_sqhrs
0,0.0,11,360.1526235398578,566.0,71.41904594283741,15.445284535052066,873.0,146.6936693741282,31.365919807581445,816.0,142.14113210275457,31.7179579418754,0.0,0.0,0.0,0.0,0.0,0.0
1,0.054,25,360.04389671211715,561.0,72.79951507879173,15.746607653075477,1692.0,286.29770787316403,61.46568696137874,0.0,0.0,0.0,8.0,0.7999999999999999,0.08000000000000002,71.0,0.3855410161759262,0.0020935475373797933
2,0.054,0,360.3344455282697,571.0,71.94724940378632,15.154084964926648,1675.0,286.2899637575445,61.81164738727234,0.0,0.0,0.0,13.0,1.3,0.13000000000000006,89.0,0.4832838090092596,0.0026243060679831203
3,0.054,0,360.5212317032773,553.0,69.87561538343583,13.962465187611508,1695.0,289.4186587460095,62.44185292586868,0.0,0.0,0.0,3.0,0.30000000000000004,0.030000000000000006,84.0,0.45613303322222254,0.0024768731428155295
