id,probability_maraud,successful_mating,next_foraging_time,foraging_events,foraging_hrs,foraging_sqhrs,staying_events,staying_hrs,staying_sqhrs,repairing_events,repairing_hrs,repairing_sqhrs,marauding_events,marauding_hrs,marauding_sqhrs,traveling_events,traveling_hrs,traveling_sqhrs
0,0.0,10,360.1999083802742,574.0,71.40871867036508,15.686943722140768,1460.0,242.33649451304785,50.99145877999163,264.0,46.45830134290914,10.184635826043264,0.0,0.0,0.0,0.0,0.0,0.0
1,0.054,12,360.47440584745567,574.0,66.84086191099713,12.830159319928805,1440.0,242.96671682041918,52.27546866896635,291.0,48.93693034675888,10.627428625412694,10.0,0.9999999999999999,0.10000000000000003,65.0,0.3529600852314817,0.0019166280271786843
2,0.054,8,360.55844037962225,581.0,68.2413898427459,13.204774338105517,1374.0,229.24678610029036,48.81400036679511,350.0,61.380717177803675,13.490354995345033,8.0,0.7999999999999999,0.08000000000000002,83.0,0.4507028780648151,0.0024473865577820113
3,0.054,6,360.0674492054129,572.0,70.94617307314809,15.09329589428428,1493.0,250.35301573162118,52.675046022621764,214.0,36.943131010852795,7.960674231680405,14.0,1.4000000000000001,0.14000000000000007,73.0,0.396401326490741,0.0021525207074468296
