id,probability_maraud,successful_mating,next_foraging_time,foraging_events,foraging_hrs,foraging_sqhrs,staying_events,staying_hrs,staying_sqhrs,repairing_events,repairing_hrs,repairing_sqhrs,marauding_events,marauding_hrs,marauding_sqhrs,traveling_events,traveling_hrs,traveling_sqhrs
0,0.054,5,360.0785407341242,560.0,73.29194619783111,17.191284746877034,1362.0,230.53158400938614,49.31339443898436,324.0,55.129113663551486,11.947412812862831,8.0,0.7999999999999999,0.08000000000000002,76.0,0.41269179196296324,0.002240980462547384
1,0.054,10,360.3275210818446,566.0,71.67242031489918,14.309777887514047,1363.0,225.71543186377406,47.474513858726674,357.0,61.49333373107827,13.424798704092394,9.0,0.8999999999999999,0.09000000000000002,68.0,0.36925055070370394,0.002005087782279239
2,0.0,4,359.9712938469908,578.0,68.665590506382,12.809376822571117,1224.0,210.50304333060294,45.47054393697494,500.0,80.90756962073557,17.091585843608026,0.0,0.0,0.0,0.0,0.0,0.0
3,0.054,17,360.26714545295846,575.0,67.01847657314781,13.209099347851334,1589.0,272.0825765102141,58.53458835006666,116.0,18.519954992261702,3.80029061299834,19.0,1.9000000000000006,0.1900000000000001,90.0,0.488713964166667,0.0026537926530166385
