id,probability_maraud,successful_mating,next_foraging_time,foraging_events,foraging_hrs,foraging_sqhrs,staying_events,staying_hrs,staying_sqhrs,repairing_events,repairing_hrs,repairing_sqhrs,marauding_events,marauding_hrs,marauding_sqhrs,traveling_events,traveling_hrs,traveling_sqhrs
0,0.0,14,360.1429958943288,558.0,71.4901310511766,15.365671162422563,879.0,148.34858243180034,32.013308070622394,838.0,140.17224486346453,30.047300566719617,0.0,0.0,0.0,0.0,0.0,0.0
1,0.054,22,360.4410391724537,569.0,71.3918596243891,14.908503472967388,1740.0,287.26056649475726,60.7086726730094,0.0,0.0,0.0,9.0,0.8999999999999999,0.09000000000000002,109.0,0.5918869121574079,0.0032140377686534836
2,0.054,0,359.96200362778177,570.0,69.31743701475408,14.219620231190406,1679.0,289.5355945130125,62.74166495766671,0.0,0.0,0.0,7.0,0.7,0.07,90.0,0.488713964166667,0.0026537926530166385
3,0.054,0,360.7497970598923,562.0,70.38480841458949,15.072677585962962,1670.0,288.8372666534686,62.99535378624727,0.0,0.0,0.0,7.0,0.7,0.07,75.0,0.4072616368055558,0.002211493877513866
