id,probability_maraud,successful_mating,next_foraging_time,foraging_events,foraging_hrs,foraging_sqhrs,staying_events,staying_hrs,staying_sqhrs,repairing_events,repairing_hrs,repairing_sqhrs,marauding_events,marauding_hrs,marauding_sqhrs,traveling_events,traveling_hrs,traveling_sqhrs
0,0.0,11,360.46041964920585,555.0,73.81669824109565,16.06655846608211,1122.0,188.4433419659551,40.37373876755263,599.0,97.79217357404585,20.52391641416406,0.0,0.0,0.0,0.0,0.0,0.0
1,0.054,9,360.073632225888,551.0,70.2166899130101,15.18919781963078,1350.0,234.10460072170807,51.3440756876804,308.0,53.52324939887352,11.697219324786678,19.0,1.9000000000000006,0.1900000000000001,81.0,0.4398425677500003,0.002388413387714975
2,0.054,8,360.1419420292657,568.0,72.66870658246934,15.646267590222783,1437.0,243.1153647566807,52.36296637011944,251.0,42.52707351651282,9.10864618713814,15.0,1.5000000000000002,0.15000000000000008,76.0,0.41269179196296324,0.002240980462547384
3,0.054,7,360.36238571354903,567.0,67.88897513752707,13.218450963189873,1283.0,215.90984842641853,46.01967235810786,433.0,74.84630234480747,16.28065619126201,11.0,1.0999999999999999,0.11000000000000004,69.0,0.37468070586111135,0.002034574367312757
