id,probability_maraud,successful_mating,next_foraging_time,foraging_events,foraging_hrs,foraging_sqhrs,staying_events,staying_hrs,staying_sqhrs,repairing_events,repairing_hrs,repairing_sqhrs,marauding_events,marauding_hrs,marauding_sqhrs,traveling_events,traveling_hrs,traveling_sqhrs
0,0.0,9,360.4016439332211,566.0,67.76081572430121,13.116538290514523,1400.0,237.8341868100781,51.3033621216325,324.0,54.46580735682009,11.55087469212792,0.0,0.0,0.0,0.0,0.0,0.0
1,0.054,13,360.4138136073905,562.0,68.93357070285202,14.259753840352937,1360.0,234.27219728091265,50.61692751794268,315.0,55.33379475071467,12.181219874609194,11.0,1.0999999999999999,0.11000000000000004,82.0,0.4452727229074077,0.002417899972748493
2,0.054,8,359.99197704105256,559.0,70.79639845955245,14.64041205630598,1321.0,226.81914631876433,48.90380149933932,361.0,60.80530353110304,12.967047276617215,12.0,1.2,0.12000000000000005,74.0,0.4018314816481484,0.002182007292480348
3,0.054,6,360.4459750457938,570.0,67.9676540575651,14.47081475205132,1383.0,235.15221004944,50.279064358711146,319.0,55.08469051389603,11.94661431590541,14.0,1.4000000000000001,0.14000000000000007,92.0,0.49957427448148184,0.002712765823083675
