id,probability_maraud,successful_mating,next_foraging_time,foraging_events,foraging_hrs,foraging_sqhrs,staying_events,staying_hrs,staying_sqhrs,repairing_events,repairing_hrs,repairing_sqhrs,marauding_events,marauding_hrs,marauding_sqhrs,traveling_events,traveling_hrs,traveling_sqhrs
0,0.0,14,360.403848531269,584.0,70.10141486896603,13.828593677084,847.0,143.53168445932462,31.043378419393566,873.0,146.36888912446014,31.304690356674264,0.0,0.0,0.0,0.0,0.0,0.0
1,0.054,22,360.7625994424538,560.0,69.12930367006341,14.285457716286661,1671.0,289.78648215445236,63.25420734894179,0.0,0.0,0.0,8.0,0.7999999999999999,0.08000000000000002,83.0,0.4507028780648151,0.0024473865577820113
2,0.054,0,360.1053496205287,563.0,74.9368256316305,17.84191399938727,1688.0,284.06186191925633,60.54255937150999,0.0,0.0,0.0,7.0,0.7,0.07,102.0,0.553875826055556,0.0030076316734188565
3,0.054,0,359.9846093486775,576.0,72.25872921796645,14.746033314909255,1688.0,286.40784729772247,61.18608230731522,0.0,0.0,0.0,9.0,0.8999999999999999,0.09000000000000002,91.0,0.4941441193240744,0.0026832792380501566
