id,probability_maraud,successful_mating,next_foraging_time,foraging_events,foraging_hrs,foraging_sqhrs,staying_events,staying_hrs,staying_sqhrs,repairing_events,repairing_hrs,repairing_sqhrs,marauding_events,marauding_hrs,marauding_sqhrs,traveling_events,traveling_hrs,traveling_sqhrs
0,0.0,29,359.9207520684797,565.0,71.04608024397675,14.428663221860676,702.0,118.63565961690368,25.640992219929107,1004.0,170.32426467898878,36.20810663399817,0.0,0.0,0.0,0.0,0.0,0.0
1,0.054,43,359.9854937365727,574.0,72.04573036534194,14.144534842300471,1677.0,286.90734490924183,61.757747156829595,0.0,0.0,0.0,5.0,0.5,0.05000000000000001,115.0,0.6244678431018523,0.0033909572788545926
2,0.054,0,359.70066205460523,578.0,73.20199339106273,15.739414276181213,1683.0,285.51821240219545,61.082308472241444,0.0,0.0,0.0,8.0,0.7999999999999999,0.08000000000000002,102.0,0.553875826055556,0.0030076316734188565
3,0.054,0,360.4269531426015,576.0,70.10435520977083,14.264613757205595,1723.0,288.8372425441825,61.23732033443881,0.0,0.0,0.0,5.0,0.5,0.05000000000000001,106.0,0.5755964466851856,0.003125578013552929
4,0.054,0,360.5617268845206,558.0,70.47951337922892,15.579363039410822,1720.0,288.2830158723539,61.48005393313742,0.0,0.0,0.0,10.0,0.9999999999999999,0.10000000000000003,98.0,0.5321552054259263,0.002889685333284784
5,0.0,0,360.5407208707571,553.0,70.50064494116059,14.201415043441166,1714.0,289.57361123420304,62.0722634987123,0.0,0.0,0.0,0.0,0.0,0.0,0.0,0.0,0.0
6,0.0,0,360.02218815164304,569.0,68.79235842174243,13.802615577368746,1694.0,291.26492397054994,63.13482293304825,0.0,0.0,0.0,0.0,0.0,0.0,0.0,0.0,0.0
7,0.0,0,360.75217843925986,565.0,70.06511359284613,15.334335067576214,1685.0,289.9934286744526,63.03861127018736,0.0,0.0,0.0,0.0,0.0,0.0,0.0,0.0,0.0
