id,probability_maraud,successful_mating,next_foraging_time,foraging_events,foraging_hrs,foraging_sqhrs,staying_events,staying_hrs,staying_sqhrs,repairing_events,repairing_hrs,repairing_sqhrs,marauding_events,marauding_hrs,marauding_sqhrs,traveling_events,traveling_hrs,traveling_sqhrs
0,0.0,5,359.80557661603854,575.0,70.25583404610815,14.248434535609428,1397.0,234.84204849538494,50.25555995323157,336.0,54.96602052184245,11.51888537291283,0.0,0.0,0.0,0.0,0.0,0.0
1,0.0,7,360.05822538481783,571.0,74.33606808732495,16.230743033922813,1321.0,225.0493884768809,48.628873915491276,347.0,60.758323851043194,13.509532703928125,0.0,0.0,0.0,0.0,0.0,0.0
2,0.054,10,360.43599982202306,571.0,71.74917724545307,14.99987292250009,1508.0,255.9007728816693,54.87389130179126,174.0,30.61682403395325,6.773667033790618,13.0,1.3,0.13000000000000006,87.0,0.4724234986944448,0.002565332897916084
3,0.054,7,360.1343996655399,564.0,70.32114709722579,14.515478746873507,1599.0,268.4787062816166,57.622147705942496,111.0,18.559165976404334,3.9558029979815643,22.0,2.2000000000000006,0.22000000000000014,92.0,0.49957427448148184,0.002712765823083675
4,0.054,11,359.8837345834629,559.0,70.47273161948897,14.866243038942667,1371.0,233.6950663142291,50.38997042655321,310.0,54.62167667767267,12.235315095463807,9.0,0.8999999999999999,0.09000000000000002,80.0,0.4344124125925929,0.002358926802681457
5,0.054,11,359.8336124884998,575.0,70.30489163180158,14.673903445878608,1437.0,245.51320343757402,53.14786629164172,252.0,42.80303439216234,9.14512941604042,10.0,0.9999999999999999,0.10000000000000003,90.0,0.488713964166667,0.0026537926530166385
6,0.0,10,360.17530022196996,569.0,68.32950429590775,13.204597693013667,1440.0,248.97573998446416,54.162477013776865,260.0,42.777508011145756,8.780791559092483,0.0,0.0,0.0,0.0,0.0,0.0
7,0.0,11,360.50786417607844,564.0,73.15226289169408,15.724928549851624,1553.0,262.7110379983076,56.304247235697176,152.0,24.202940768714182,5.05918132086055,0.0,0.0,0.0,0.0,0.0,0.0
