id,probability_maraud,successful_mating,next_foraging_time,foraging_events,foraging_hrs,foraging_sqhrs,staying_events,staying_hrs,staying_sqhrs,repairing_events,repairing_hrs,repairing_sqhrs,marauding_events,marauding_hrs,marauding_sqhrs,traveling_events,traveling_hrs,traveling_sqhrs
0,0.0,11,360.44699850798565,569.0,69.75151518629366,13.847289260039615,1457.0,247.45835888742255,53.230365855980715,246.0,42.821989575093816,9.585009793053775,0.0,0.0,0.0,0.0,0.0,0.0
1,0.0,8,360.4109668339111,549.0,73.37028646086178,16.100000229041058,1373.0,231.7912306100261,49.647711562935626,329.0,54.867755361536425,11.638820198480449,0.0,0.0,0.0,0.0,0.0,0.0
2,0.054,13,360.46900388776976,577.0,69.21016677113913,13.753347688106041,1545.0,258.43842902372324,54.75518972667144,178.0,30.282891374945084,6.383019279991398,16.0,1.6000000000000003,0.1600000000000001,99.0,0.5375853605833337,0.002919171918318302
3,0.054,12,360.0444690803546,573.0,70.24992907757277,14.134184458496794,1558.0,263.7681755962732,55.79187640250105,140.0,24.496066758394033,5.727884520876314,11.0,1.0999999999999999,0.11000000000000004,91.0,0.4941441193240744,0.0026832792380501566
4,0.0,8,360.58036202269176,569.0,72.01501705839884,15.644644032228307,1389.0,233.06518387528897,49.55454757125066,326.0,54.949158207378,11.637356368801743,0.0,0.0,0.0,0.0,0.0,0.0
5,0.0,4,360.1420721030214,558.0,70.6529502159197,15.029121232312404,1436.0,246.7687571504982,53.64947870499036,261.0,42.61202984186868,8.904853959837475,0.0,0.0,0.0,0.0,0.0,0.0
6,0.054,6,360.23472175758843,565.0,73.54677237535776,16.054441567224796,1381.0,229.73683337870239,48.451533671335646,319.0,54.881639605271076,11.712907300304582,15.0,1.5000000000000002,0.15000000000000008,71.0,0.3855410161759262,0.0020935475373797933
7,0.054,10,360.2883133923224,565.0,69.6055407456951,14.707410371048521,1618.0,276.80334764212,59.76323852933652,76.0,12.22945431379483,2.477349321597619,10.0,0.9999999999999999,0.10000000000000003,84.0,0.45613303322222254,0.0024768731428155295
