id,probability_maraud,successful_mating,next_foraging_time,foraging_events,foraging_hrs,foraging_sqhrs,staying_events,staying_hrs,staying_sqhrs,repairing_events,repairing_hrs,repairing_sqhrs,marauding_events,marauding_hrs,marauding_sqhrs,traveling_events,traveling_hrs,traveling_sqhrs
0,0.054,12,360.08410194942707,552.0,72.418257711373,15.347166373032874,1538.0,255.67567161931217,54.17915687621275,175.0,30.40045919772177,6.618489913239543,12.0,1.2,0.12000000000000005,78.0,0.42355210227777806,0.0022999536326144205
1,0.0,10,359.9735903953445,558.0,72.89259806719139,15.78616714473789,1372.0,232.10053787504307,49.94288748217063,317.0,55.136485922512726,11.970529141534266,0.0,0.0,0.0,0.0,0.0,0.0
2,0.0,5,360.19581016394045,566.0,68.61268077917278,13.334509620876595,1442.0,242.8299729790905,52.1211802119162,295.0,48.78869656180295,10.331107202475462,0.0,0.0,0.0,0.0,0.0,0.0
3,0.054,13,360.2169009147931,578.0,69.97343397602948,14.665210066085788,1620.0,276.4923470722196,59.38461087669216,70.0,12.110339217431763,2.614002020585953,11.0,1.0999999999999999,0.11000000000000004,84.0,0.45613303322222254,0.0024768731428155295
4,0.054,13,360.0299025250773,577.0,71.83471933167318,14.78229273211167,1523.0,258.16664659569204,54.82185814363264,162.0,27.701493475404597,5.8125827006588535,19.0,1.9000000000000006,0.1900000000000001,95.0,0.5158647399537041,0.0028012255781842293
5,0.0,6,360.0376859026831,572.0,72.65565878714025,14.39595056156123,1547.0,256.937598274919,54.19223653139478,183.0,30.4509822340057,6.490890957193441,0.0,0.0,0.0,0.0,0.0,0.0
6,0.054,3,360.25241815279287,554.0,71.64044609752075,15.201240115968417,1332.0,225.5359505234325,48.28038456085647,348.0,61.33645835154777,13.584778490541623,12.0,1.2,0.12000000000000005,72.0,0.3909711713333336,0.0021230341224133115
7,0.0,10,360.2151022911636,558.0,68.56529075062099,14.079248940690524,1356.0,230.2937310690153,49.092691543601404,354.0,61.171199697806024,13.625098215772464,0.0,0.0,0.0,0.0,0.0,0.0
