id,probability_maraud,successful_mating,next_foraging_time,foraging_events,foraging_hrs,foraging_sqhrs,staying_events,staying_hrs,staying_sqhrs,repairing_events,repairing_hrs,repairing_sqhrs,marauding_events,marauding_hrs,marauding_sqhrs,traveling_events,traveling_hrs,traveling_sqhrs
0,0.0,14,359.9644764201192,558.0,68.90181784875948,14.939155323585098,632.0,108.49675379781009,23.369943519136473,1096.0,182.68186366039689,38.70755453487249,0.0,0.0,0.0,0.0,0.0,0.0
1,0.0,58,360.4090854785116,591.0,71.77045776405608,14.091470959320448,1713.0,288.3505240969103,61.244464342093465,0.0,0.0,0.0,0.0,0.0,0.0,0.0,0.0,0.0
2,0.054,0,360.40046120356993,568.0,72.49610715759049,15.195649194287773,1733.0,286.39241152147764,60.34244332212906,0.0,0.0,0.0,8.0,0.7999999999999999,0.08000000000000002,86.0,0.46699334353703736,0.002535846312882566
3,0.054,0,360.4805849718515,570.0,70.50032386465755,14.451039771793674,1739.0,288.689484329956,61.361247974313955,0.0,0.0,0.0,4.0,0.4,0.04000000000000001,105.0,0.5701662915277782,0.003096091428519411
4,0.0,0,360.0636822188253,561.0,73.03631512064318,15.20707239199952,1697.0,287.01723054966226,61.3821133925953,0.0,0.0,0.0,0.0,0.0,0.0,0.0,0.0,0.0
5,0.0,0,360.1357719040775,578.0,71.94481924085233,14.361665461627002,1674.0,288.2256755848139,62.38127397892901,0.0,0.0,0.0,0.0,0.0,0.0,0.0,0.0,0.0
6,0.054,0,360.09088588302717,569.0,72.72435050517042,15.576776778074624,1716.0,286.1867790144182,60.78531533636878,0.0,0.0,0.0,7.0,0.7,0.07,105.0,0.5701662915277782,0.003096091428519411
7,0.054,0,360.0193779896806,576.0,71.47245562177463,14.499789758045926,1703.0,286.9559095084226,62.10204584833885,0.0,0.0,0.0,11.0,1.0999999999999999,0.11000000000000004,105.0,0.5701662915277782,0.003096091428519411
