id,probability_maraud,successful_mating,next_foraging_time,foraging_events,foraging_hrs,foraging_sqhrs,staying_events,staying_hrs,staying_sqhrs,repairing_events,repairing_hrs,repairing_sqhrs,marauding_events,marauding_hrs,marauding_sqhrs,traveling_events,traveling_hrs,traveling_sqhrs
0,0.0,18,360.21216667328775,568.0,70.75226165143928,14.786087204962788,728.0,126.81017643348527,27.693963346860542,956.0,162.50298170175066,34.84373386330715,0.0,0.0,0.0,0.0,0.0,0.0
1,0.054,54,360.33754245448677,580.0,71.74975105483749,14.587361620511347,1713.0,287.16383204314025,60.9105906952801,0.0,0.0,0.0,6.0,0.6,0.06000000000000001,98.0,0.5321552054259263,0.002889685333284784
2,0.054,0,359.89000329865166,554.0,69.44929531775198,14.441060196898636,1698.0,288.90195397598626,61.65067885266503,0.0,0.0,0.0,11.0,1.0999999999999999,0.11000000000000004,110.0,0.5973170673148153,0.003243524353687002
3,0.054,0,360.45718576891113,556.0,72.80219303780906,15.475566869122037,1692.0,286.4716753917123,61.33931120535385,0.0,0.0,0.0,3.0,0.30000000000000004,0.030000000000000006,103.0,0.5593059812129634,0.0030371182584523746
4,0.0,0,360.4621962153842,572.0,68.35617037476977,14.500183467682373,1763.0,291.7555362115896,61.70760762373938,0.0,0.0,0.0,0.0,0.0,0.0,0.0,0.0,0.0
5,0.0,0,360.1792926959609,564.0,71.19189722158191,14.764849687276332,1715.0,288.9304786512462,62.32447028298673,0.0,0.0,0.0,0.0,0.0,0.0,0.0,0.0,0.0
6,0.054,0,360.0295268193819,551.0,72.29377679411306,15.65630831807062,1690.0,286.64056984244985,62.158715175848144,0.0,0.0,0.0,7.0,0.7,0.07,95.0,0.5158647399537041,0.0028012255781842293
7,0.0,0,360.0234176245185,567.0,68.14571439358949,13.53311792956985,1719.0,291.91511990276126,62.08281589310179,0.0,0.0,0.0,0.0,0.0,0.0,0.0,0.0,0.0
