id,probability_maraud,successful_mating,next_foraging_time,foraging_events,foraging_hrs,foraging_sqhrs,staying_events,staying_hrs,staying_sqhrs,repairing_events,repairing_hrs,repairing_sqhrs,marauding_events,marauding_hrs,marauding_sqhrs,traveling_events,traveling_hrs,traveling_sqhrs
0,0.0,6,359.9992321234335,556.0,71.82852474758847,15.171659600350285,1379.0,233.38997209326948,50.2047282464447,323.0,54.902643138630765,11.531602051185544,0.0,0.0,0.0,0.0,0.0,0.0
1,0.0,10,360.1389794493748,568.0,67.95336344894133,13.316234956421725,1505.0,252.77298002035798,54.31594283478636,248.0,39.283005574490765,7.829312473864855,0.0,0.0,0.0,0.0,0.0,0.0
2,0.0,6,360.0628724038039,573.0,70.63207668562087,14.027839873229343,1487.0,252.9860954239909,54.91642686013248,215.0,36.62581743417748,7.700831067305513,0.0,0.0,0.0,0.0,0.0,0.0
3,0.054,12,360.0340594770838,562.0,69.53196596724511,14.556082764951856,1478.0,245.84620678640246,52.57100079073746,259.0,42.91468219911086,9.032568591682406,13.0,1.3,0.13000000000000006,90.0,0.488713964166667,0.0026537926530166385
4,0.054,10,360.3581743361339,559.0,71.08159929559827,15.136414395714825,1456.0,250.58122844706244,54.59817343981472,215.0,36.85442711000342,7.813653942453117,11.0,1.0999999999999999,0.11000000000000004,92.0,0.49957427448148184,0.002712765823083675
5,0.0,12,360.01868756306965,566.0,72.58736336337608,15.558392585282942,1369.0,232.26730454876366,49.82060153485582,333.0,55.208342434213705,11.553331908013643,0.0,0.0,0.0,0.0,0.0,0.0
6,0.054,8,360.0907277204144,551.0,68.70389790956928,13.614948717785493,1546.0,259.0964929136659,54.96544472257251,172.0,30.70687297337496,6.939341437427184,11.0,1.0999999999999999,0.11000000000000004,96.0,0.5212948951111115,0.0028307121632177475
7,0.054,8,359.91878413421205,567.0,67.96105796671138,13.45611177916508,1539.0,264.9060845723657,58.26564358484764,154.0,24.88772218522692,5.186377135955359,18.0,1.8000000000000005,0.1800000000000001,84.0,0.45613303322222254,0.0024768731428155295
