id,probability_maraud,successful_mating,next_foraging_time,foraging_events,foraging_hrs,foraging_sqhrs,staying_events,staying_hrs,staying_sqhrs,repairing_events,repairing_hrs,repairing_sqhrs,marauding_events,marauding_hrs,marauding_sqhrs,traveling_events,traveling_hrs,traveling_sqhrs
0,0.054,25,360.58165262601335,566.0,72.47977002389896,15.678513757193016,809.0,139.9529598725192,30.299874517306066,874.0,146.71608434180072,30.933682528836,8.0,0.7999999999999999,0.08000000000000002,60.0,0.32580930944444464,0.0017691951020110935
1,0.054,47,360.5026314177958,554.0,71.44817473519687,15.066078898508934,1426.0,238.7721904656619,50.73403304321245,300.0,48.841125911320866,10.025031643569191,6.0,0.6,0.06000000000000001,82.0,0.4452727229074077,0.002417899972748493
2,0.0,0,360.3954355138626,555.0,75.00850182459345,16.600326632878353,1655.0,285.18508363230944,61.59902707723005,0.0,0.0,0.0,0.0,0.0,0.0,0.0,0.0,0.0
3,0.0,0,360.03650734332155,567.0,67.00180616963168,14.30012785424483,1750.0,293.0377811165032,62.0234007435787,0.0,0.0,0.0,0.0,0.0,0.0,0.0,0.0,0.0
4,0.054,0,360.32587017648456,572.0,72.89173346660608,15.899412156849229,1654.0,285.73163372082115,62.130400405258335,0.0,0.0,0.0,10.0,0.9999999999999999,0.10000000000000003,92.0,0.49957427448148184,0.002712765823083675
5,0.0,0,360.57083063284836,572.0,68.8643292833516,13.689186503676943,1737.0,291.21644433780574,62.33122320245735,0.0,0.0,0.0,0.0,0.0,0.0,0.0,0.0,0.0
6,0.0,0,360.3631174128255,558.0,73.6286133751591,16.37701318152387,1688.0,286.46550673567634,61.39798468118587,0.0,0.0,0.0,0.0,0.0,0.0,0.0,0.0,0.0
7,0.054,0,360.2558860799852,560.0,65.770558466838,12.507257665792475,1741.0,292.89640385281143,63.07601029549719,0.0,0.0,0.0,8.0,0.7999999999999999,0.08000000000000002,100.0,0.5430155157407411,0.00294865850335182
