id,probability_maraud,successful_mating,next_foraging_time,foraging_events,foraging_hrs,foraging_sqhrs,staying_events,staying_hrs,staying_sqhrs,repairing_events,repairing_hrs,repairing_sqhrs,marauding_events,marauding_hrs,marauding_sqhrs,traveling_events,traveling_hrs,traveling_sqhrs
0,0.0,6,360.2656162737659,560.0,70.0298964367162,14.598900155401077,1458.0,253.42011144846992,55.477054311057536,213.0,36.57763201502047,7.689607507693477,0.0,0.0,0.0,0.0,0.0,0.0
1,0.0,14,360.1960212244695,556.0,68.24949149311256,13.648726611838343,1477.0,254.8856625104082,55.51010754524331,201.0,36.879695239658254,8.384505937239545,0.0,0.0,0.0,0.0,0.0,0.0
2,0.054,8,359.84703205545947,565.0,71.24418192100845,14.462488785131963,1452.0,250.1110305829984,54.4070807803111,221.0,36.828458569497656,7.438216194879134,14.0,1.4000000000000001,0.14000000000000007,82.0,0.4452727229074077,0.002417899972748493
3,0.054,8,359.9925194773431,553.0,72.8493036905581,15.986362832892157,1555.0,255.25548670939952,53.7665636221297,191.0,30.33782240160939,6.14158149721156,10.0,0.9999999999999999,0.10000000000000003,108.0,0.5864567570000004,0.0031845511836199655
4,0.0,4,360.30121477045054,564.0,73.89826905161934,16.528770378849302,1373.0,237.01290685335928,52.009090567217946,314.0,49.19098088040876,9.959154946308079,0.0,0.0,0.0,0.0,0.0,0.0
5,0.054,12,360.0006824783741,560.0,70.59927314805084,14.579328564662728,1555.0,256.7507005788189,53.502590106353445,183.0,30.504261911696208,6.359492180047504,18.0,1.8000000000000005,0.1800000000000001,84.0,0.45613303322222254,0.0024768731428155295
6,0.0,12,360.23207898959436,570.0,71.28528705558688,14.963229976053729,1435.0,246.08063641206653,52.93431793055065,255.0,42.645804929352565,9.203376080436358,0.0,0.0,0.0,0.0,0.0,0.0
7,0.054,8,360.2414129753573,564.0,70.53267110622457,14.633934467190095,1458.0,245.5547291902115,53.132082581619635,251.0,42.86964049208936,9.207127616127169,8.0,0.7999999999999999,0.08000000000000002,68.0,0.36925055070370394,0.002005087782279239
