id,probability_maraud,successful_mating,next_foraging_time,foraging_events,foraging_hrs,foraging_sqhrs,staying_events,staying_hrs,staying_sqhrs,repairing_events,repairing_hrs,repairing_sqhrs,marauding_events,marauding_hrs,marauding_sqhrs,traveling_events,traveling_hrs,traveling_sqhrs
0,0.0,26,359.99051407249414,570.0,68.7749876171783,13.354101513162565,734.0,126.51925179159088,27.662911854973885,973.0,164.84292401311743,35.197671607896844,0.0,0.0,0.0,0.0,0.0,0.0
1,0.054,46,360.37669775467924,570.0,70.69925600993925,15.304408791463416,1683.0,287.8042007052595,62.31485895614951,0.0,0.0,0.0,11.0,1.0999999999999999,0.11000000000000004,89.0,0.4832838090092596,0.0026243060679831203
2,0.0,0,360.5980242766398,570.0,69.82162753785974,13.979478060993056,1726.0,290.3158898296355,61.84597991477069,0.0,0.0,0.0,0.0,0.0,0.0,0.0,0.0,0.0
3,0.0,0,360.5678950625768,578.0,71.94590487401028,15.42623536380055,1690.0,288.2545105419266,61.89292855100102,0.0,0.0,0.0,0.0,0.0,0.0,0.0,0.0,0.0
4,0.054,0,359.79104837620616,562.0,71.45428337920193,14.969282210321712,1698.0,287.59623308645246,61.5311719593701,0.0,0.0,0.0,5.0,0.5,0.05000000000000001,106.0,0.5755964466851856,0.003125578013552929
5,0.054,0,360.0210030658346,565.0,70.82429383888135,14.830735186978245,1703.0,288.4919592665921,61.736024635408626,0.0,0.0,0.0,4.0,0.4,0.04000000000000001,85.0,0.46156318837962995,0.0025063597278490476
6,0.054,0,360.2642745515418,560.0,69.20549816545228,14.596547779693596,1676.0,289.67518431731827,62.80495738381555,0.0,0.0,0.0,7.0,0.7,0.07,103.0,0.5593059812129634,0.0030371182584523746
7,0.0,0,360.35510461205536,578.0,70.4074555347456,13.907155813406993,1744.0,289.63205548201245,60.869609391176986,0.0,0.0,0.0,0.0,0.0,0.0,0.0,0.0,0.0
