id,probability_maraud,successful_mating,next_foraging_time,foraging_events,foraging_hrs,foraging_sqhrs,staying_events,staying_hrs,staying_sqhrs,repairing_events,repairing_hrs,repairing_sqhrs,marauding_events,marauding_hrs,marauding_sqhrs,traveling_events,traveling_hrs,traveling_sqhrs
0,0.054,6,360.30029087716537,573.0,70.25813507485867,13.94000549327456,1358.0,233.31703554196076,50.778009266689466,318.0,55.114106866541796,12.250856352736225,11.0,1.0999999999999999,0.11000000000000004,55.0,0.2986585336574076,0.0016217621768435026
1,0.0,7,360.33234057606865,573.0,72.17305815803076,15.514055964169001,1461.0,251.53271335933843,54.75616562021139,214.0,36.394500997627866,7.80660389409102,0.0,0.0,0.0,0.0,0.0,0.0
2,0.054,12,360.19484461181054,559.0,69.1496261707684,13.665787006185209,1583.0,264.5299636937604,56.028416802412416,138.0,24.33654466128613,5.256948893784291,14.0,1.4000000000000001,0.14000000000000007,108.0,0.5864567570000004,0.0031845511836199655
3,0.0,13,360.3459048136,568.0,73.42223138699434,16.24713745409665,1400.0,237.54895573749363,51.405223550987614,302.0,49.10983936489128,10.056855011903696,0.0,0.0,0.0,0.0,0.0,0.0
4,0.054,8,360.29746860669496,569.0,68.83397757085102,13.854875533606554,1564.0,265.60242434605505,57.37392145825784,148.0,24.20960786359648,4.901450672637946,10.0,0.9999999999999999,0.10000000000000003,84.0,0.45613303322222254,0.0024768731428155295
5,0.0,7,359.9963917023147,562.0,69.67764777234451,14.683386323500816,1502.0,247.6936267070234,52.117746793721274,256.0,42.70637910329858,8.938931582206159,0.0,0.0,0.0,0.0,0.0,0.0
6,0.054,12,360.5616840206147,564.0,71.3741654682475,15.319861949420421,1497.0,256.46023088208864,54.78709147159578,179.0,30.389242850389294,6.40713767533807,14.0,1.4000000000000001,0.14000000000000007,74.0,0.4018314816481484,0.002182007292480348
7,0.0,7,360.5048456298097,571.0,69.46887081613802,13.596816835322969,1535.0,254.08372098035989,53.83987104017095,206.0,36.511110268486355,7.838298168619371,0.0,0.0,0.0,0.0,0.0,0.0
