id,probability_maraud,successful_mating,next_foraging_time,foraging_events,foraging_hrs,foraging_sqhrs,staying_events,staying_hrs,staying_sqhrs,repairing_events,repairing_hrs,repairing_sqhrs,marauding_events,marauding_hrs,marauding_sqhrs,traveling_events,traveling_hrs,traveling_sqhrs
0,0.054,28,360.3564825923726,562.0,67.93011498854001,13.534349228110962,948.0,157.42450630560424,33.48124025698401,794.0,133.62432912995712,28.568930314908805,8.0,0.7999999999999999,0.08000000000000002,59.0,0.3203791542870372,0.0017397085169775753
1,0.0,44,360.2783444497972,568.0,69.80405420737186,14.250098231577612,1395.0,241.18757494068535,52.778488657521564,299.0,49.0370909781768,10.069032528676585,0.0,0.0,0.0,0.0,0.0,0.0
2,0.054,0,360.2387103869064,565.0,69.32068618693454,13.486843101819275,1666.0,289.2097642674762,63.348514355753515,0.0,0.0,0.0,10.0,0.9999999999999999,0.10000000000000003,106.0,0.5755964466851856,0.003125578013552929
3,0.0,0,360.8147435459438,568.0,68.65531114276914,14.082148906191833,1730.0,291.54857193387585,62.67986202594062,0.0,0.0,0.0,0.0,0.0,0.0,0.0,0.0,0.0
4,0.0,0,360.02580028108076,575.0,70.8048826662136,15.441276607709131,1702.0,289.22975757530554,61.609100719741,0.0,0.0,0.0,0.0,0.0,0.0,0.0,0.0,0.0
5,0.0,0,360.2930045474337,556.0,68.75908461869616,13.88362780542483,1730.0,291.3393372414249,62.75191115565544,0.0,0.0,0.0,0.0,0.0,0.0,0.0,0.0,0.0
6,0.054,0,360.2549401897772,563.0,70.16337052121843,14.198285388763296,1727.0,288.86496766230795,61.18467022606512,0.0,0.0,0.0,6.0,0.6,0.06000000000000001,87.0,0.4724234986944448,0.002565332897916084
7,0.054,0,359.94970139575105,567.0,66.90326256794236,13.62878402448205,1701.0,292.2300169404172,63.35103292578053,0.0,0.0,0.0,6.0,0.6,0.06000000000000001,96.0,0.5212948951111115,0.0028307121632177475
