id,probability_maraud,successful_mating,next_foraging_time,foraging_events,foraging_hrs,foraging_sqhrs,staying_events,staying_hrs,staying_sqhrs,repairing_events,repairing_hrs,repairing_sqhrs,marauding_events,marauding_hrs,marauding_sqhrs,traveling_events,traveling_hrs,traveling_sqhrs
0,0.054,7,359.881950244026,576.0,69.7813661302269,14.337527128525842,1514.0,251.4587438502173,53.34763950490777,215.0,36.72308034777217,7.772405823719954,16.0,1.6000000000000003,0.1600000000000001,81.0,0.4398425677500003,0.002388413387714975
1,0.0,7,359.930267845836,562.0,73.18794241388008,16.59419129482716,1339.0,222.521672289817,47.507857387122534,382.0,64.56821981120218,13.830223308620427,0.0,0.0,0.0,0.0,0.0,0.0
2,0.0,14,360.4474198350126,578.0,70.40581135483745,15.156835016597991,1430.0,240.87823474155888,51.455422332573235,314.0,48.78053396650613,10.09790746512691,0.0,0.0,0.0,0.0,0.0,0.0
3,0.054,8,360.0135904136157,564.0,70.2233103253936,14.766807507854624,1517.0,257.4398006251966,55.50356487744617,174.0,30.584866705060268,6.643852002438319,14.0,1.4000000000000001,0.14000000000000007,77.0,0.41812194712037065,0.0022704670475809023
4,0.054,17,360.28735370405013,570.0,70.16487125589565,14.046331878150337,1533.0,263.28492060947684,56.80772222410893,138.0,24.355033166303176,5.429552701811624,18.0,1.8000000000000005,0.1800000000000001,77.0,0.41812194712037065,0.0022704670475809023
5,0.0,4,360.7113549867989,579.0,69.61419758463778,14.632365271625147,1300.0,217.711879218038,46.12827576808557,421.0,72.89182529310675,16.072776411846615,0.0,0.0,0.0,0.0,0.0,0.0
6,0.0,9,360.36220668892827,565.0,70.3341846362239,13.761627905763762,1437.0,248.34405507360316,53.351280039183095,248.0,41.381385344465286,8.743525020077143,0.0,0.0,0.0,0.0,0.0,0.0
7,0.054,6,360.13290939793194,574.0,72.90153873786518,15.469298217458864,1408.0,240.1650824311671,51.839773322086884,267.0,45.22090745574201,9.365036554103249,13.0,1.3,0.13000000000000006,76.0,0.41269179196296324,0.002240980462547384
