id,probability_maraud,successful_mating,next_foraging_time,foraging_events,foraging_hrs,foraging_sqhrs,staying_events,staying_hrs,staying_sqhrs,repairing_events,repairing_hrs,repairing_sqhrs,marauding_events,marauding_hrs,marauding_sqhrs,traveling_events,traveling_hrs,traveling_sqhrs
0,0.054,10,360.2722633661986,575.0,72.34499656196232,14.897279742725495,1553.0,255.47718674281612,53.454080761244676,169.0,30.41686574254173,6.7342114839493465,14.0,1.4000000000000001,0.14000000000000007,88.0,0.4778536538518522,0.002594819482949602
1,0.0,10,359.9867466961535,560.0,70.31910678604316,15.307568245138784,1412.0,240.5811474764362,51.78918393651315,280.0,49.14361122089818,10.569035703133936,0.0,0.0,0.0,0.0,0.0,0.0
2,0.0,6,360.1071408060533,558.0,70.93041251265508,14.180431745725492,1452.0,246.76019356490852,52.95610259872794,253.0,42.40412774906445,9.022998987506735,0.0,0.0,0.0,0.0,0.0,0.0
3,0.054,5,360.13539164847293,573.0,69.86250186316488,13.5007518375149,1460.0,245.14551110040654,52.10706006664042,253.0,42.71346842976185,9.249198657099203,18.0,1.8000000000000005,0.1800000000000001,89.0,0.4832838090092596,0.0026243060679831203
4,0.054,8,359.9107130388549,574.0,73.80098606059464,15.283127296448033,1411.0,235.9350330364112,50.069592358300085,287.0,48.805930856616115,10.688158379239638,13.0,1.3,0.13000000000000006,70.0,0.38011086101851876,0.002064060952346275
5,0.0,11,360.3197009477672,574.0,70.50765497567042,14.709745130438547,1429.0,241.0776121107064,51.54997648720993,279.0,48.549797172617914,10.286280291703006,0.0,0.0,0.0,0.0,0.0,0.0
6,0.0,12,360.51810095753314,574.0,69.21967932421148,14.18316000556644,1411.0,237.4179785176021,51.11784786208475,318.0,53.455680098520595,11.60499888707578,0.0,0.0,0.0,0.0,0.0,0.0
7,0.054,10,360.57050360761565,552.0,68.12919058495977,14.265144190245955,1380.0,235.15818580928055,50.05732260933588,331.0,54.783946076910006,11.6636492607759,16.0,1.6000000000000003,0.1600000000000001,79.0,0.4289822574351855,0.0023294402176479386
