id,probability_maraud,successful_mating,next_foraging_time,foraging_events,foraging_hrs,foraging_sqhrs,staying_events,staying_hrs,staying_sqhrs,repairing_events,repairing_hrs,repairing_sqhrs,marauding_events,marauding_hrs,marauding_sqhrs,traveling_events,traveling_hrs,traveling_sqhrs
0,0.0,7,360.3725321248152,562.0,69.36099370695167,14.79821861137793,1380.0,230.284008377654,48.342323956801955,361.0,60.370670029421504,12.736940972798623,0.0,0.0,0.0,0.0,0.0,0.0
1,0.054,6,359.9792330504108,567.0,70.73565756025063,14.779563349023642,1479.0,256.91860201406223,55.66950660166868,175.0,30.29548030863153,6.6350429737064776,16.0,1.6000000000000003,0.1600000000000001,91.0,0.4941441193240744,0.0026832792380501566
2,0.0,9,360.1741287353106,560.0,73.3422539712693,15.771707934797911,1473.0,244.128125267897,50.68450389017089,258.0,42.608673500694074,9.171309916946184,0.0,0.0,0.0,0.0,0.0,0.0
3,0.0,6,360.40861813513374,558.0,70.45979896813165,14.457497011962461,1450.0,246.70075474729586,53.08626518621047,261.0,42.889182675954714,8.914366080547936,0.0,0.0,0.0,0.0,0.0,0.0
4,0.054,13,360.22960076933737,560.0,70.98348002982421,15.121865365111532,1550.0,269.55973627024156,58.955648205686764,105.0,18.138945339764827,3.856295222818296,10.0,0.9999999999999999,0.10000000000000003,84.0,0.45613303322222254,0.0024768731428155295
5,0.0,6,360.4176168545229,565.0,70.47817550122457,14.003014071987215,1328.0,226.38853201253386,49.10702063009843,369.0,63.199771875596696,13.61431892701656,0.0,0.0,0.0,0.0,0.0,0.0
6,0.054,13,360.16446707046197,564.0,69.69525373854079,13.782317580569352,1423.0,245.60154378876268,53.657573837691814,270.0,42.823487063798666,8.913561896568627,15.0,1.5000000000000002,0.15000000000000008,84.0,0.45613303322222254,0.0024768731428155295
7,0.054,12,360.389934363445,574.0,68.97258996119976,13.148003776889892,1565.0,264.63592799953693,56.71807128867271,133.0,24.72294645568008,5.663631851317299,13.0,1.3,0.13000000000000006,94.0,0.5104345847962967,0.002771738993150711
