id,probability_maraud,successful_mating,next_foraging_time,foraging_events,foraging_hrs,foraging_sqhrs,staying_events,staying_hrs,staying_sqhrs,repairing_events,repairing_hrs,repairing_sqhrs,marauding_events,marauding_hrs,marauding_sqhrs,traveling_events,traveling_hrs,traveling_sqhrs
0,0.0,14,360.5238492697943,574.0,68.64246716947427,13.423276788190128,1452.0,248.67282642406357,54.99090267371954,237.0,42.82314005448083,9.616406220009894,0.0,0.0,0.0,0.0,0.0,0.0
1,0.054,5,360.4553202658939,561.0,68.28747418473043,13.293238297690245,1466.0,253.68852632038372,54.51172123480115,208.0,36.40673088432923,7.791133745154294,13.0,1.3,0.13000000000000006,85.0,0.46156318837962995,0.0025063597278490476
2,0.054,11,360.0227142724673,565.0,68.96151936193813,14.745302352623137,1482.0,252.51448497788942,54.90464101714814,223.0,36.60801793068556,7.823950759957772,16.0,1.6000000000000003,0.1600000000000001,82.0,0.4452727229074077,0.002417899972748493
3,0.0,7,360.3753511552609,589.0,71.39486490132822,14.154521220565776,1371.0,233.74711538673753,50.16524987257974,340.0,54.97334040150639,11.298602884834013,0.0,0.0,0.0,0.0,0.0,0.0
4,0.054,9,360.1539651328862,570.0,73.23485093793886,16.22700194263956,1383.0,236.22191974741182,50.833447554473395,290.0,48.739037608543384,10.237086259112637,14.0,1.4000000000000001,0.14000000000000007,77.0,0.41812194712037065,0.0022704670475809023
5,0.0,7,360.45713523948086,573.0,68.34725642119504,13.373316552566067,1423.0,242.78353413185658,51.882154195005214,278.0,48.896898247068066,10.773291645047019,0.0,0.0,0.0,0.0,0.0,0.0
6,0.0,11,359.88375171812163,564.0,72.16668145697358,16.2117035539974,1457.0,245.04989094943267,52.398642185808306,250.0,42.79892764299637,9.315084043364486,0.0,0.0,0.0,0.0,0.0,0.0
7,0.054,8,360.0931315172874,563.0,72.34398840862447,16.851019201021984,1538.0,261.74285621319626,56.34059064723821,144.0,24.310739903411683,5.360417429158977,12.0,1.2,0.12000000000000005,83.0,0.4507028780648151,0.0024473865577820113
