id,probability_maraud,successful_mating,next_foraging_time,foraging_events,foraging_hrs,foraging_sqhrs,staying_events,staying_hrs,staying_sqhrs,repairing_events,repairing_hrs,repairing_sqhrs,marauding_events,marauding_hrs,marauding_sqhrs,traveling_events,traveling_hrs,traveling_sqhrs
0,0.0,21,359.9115856682828,563.0,70.43914739525648,14.242845578655619,710.0,120.32146858138357,25.818464619413678,983.0,169.24918177457295,36.42778569198698,0.0,0.0,0.0,0.0,0.0,0.0
1,0.054,51,359.9162624914189,575.0,72.30803054257356,15.441197324055768,1666.0,286.9545082394012,62.74547903383534,0.0,0.0,0.0,3.0,0.30000000000000004,0.030000000000000006,93.0,0.5050044296388893,0.002742252408117193
2,0.054,0,360.15965344303754,557.0,73.68775470428041,15.767633235655914,1689.0,284.87584547510306,61.17268540028025,0.0,0.0,0.0,9.0,0.8999999999999999,0.09000000000000002,105.0,0.5701662915277782,0.003096091428519411
3,0.0,0,360.3200643418595,573.0,67.3869572533759,12.868883369965053,1783.0,292.69339002935084,61.49626931571524,0.0,0.0,0.0,0.0,0.0,0.0,0.0,0.0,0.0
4,0.0,0,360.1973559025686,575.0,70.21680531856444,14.978258751538496,1689.0,289.90837143396925,62.55427340187678,0.0,0.0,0.0,0.0,0.0,0.0,0.0,0.0,0.0
5,0.054,0,360.1125974617541,570.0,70.91765059535503,14.709881883742058,1694.0,288.1546618223111,61.73362560384316,0.0,0.0,0.0,5.0,0.5,0.05000000000000001,95.0,0.5158647399537041,0.0028012255781842293
6,0.054,0,360.4137740196193,565.0,71.45774643485014,14.871966031355472,1716.0,286.99073019549803,61.202062755886345,0.0,0.0,0.0,11.0,1.0999999999999999,0.11000000000000004,105.0,0.5701662915277782,0.003096091428519411
7,0.0,0,360.08267980788634,566.0,67.33853696959221,13.932668578407783,1750.0,292.86801546690265,62.05347870928243,0.0,0.0,0.0,0.0,0.0,0.0,0.0,0.0,0.0
