id,probability_maraud,successful_mating,next_foraging_time,foraging_events,foraging_hrs,foraging_sqhrs,staying_events,staying_hrs,staying_sqhrs,repairing_events,repairing_hrs,repairing_sqhrs,marauding_events,marauding_hrs,marauding_sqhrs,traveling_events,traveling_hrs,traveling_sqhrs
0,0.054,11,360.1512897626603,576.0,67.56060181562006,12.541019985274996,1606.0,267.22055006491956,56.73865877697638,140.0,23.623469371029394,5.229342084156819,14.0,1.4000000000000001,0.14000000000000007,83.0,0.4507028780648151,0.0024473865577820113
1,0.0,6,360.3736335224672,567.0,69.79748767120574,14.57001314535979,1358.0,228.9929436073228,48.78541697174919,367.0,61.238246565322115,12.92095463691437,0.0,0.0,0.0,0.0,0.0,0.0
2,0.054,4,360.5907444125906,566.0,71.04677943052359,14.669744696634927,1534.0,256.1154995735623,54.04814255684106,166.0,30.693162676059806,7.103903209497199,18.0,1.8000000000000005,0.1800000000000001,95.0,0.5158647399537041,0.0028012255781842293
3,0.054,14,359.85386516863497,579.0,75.48352745147729,16.23031780817594,1427.0,240.24252813018154,51.12938906648333,244.0,42.63426068541899,9.222180394996723,12.0,1.2,0.12000000000000005,82.0,0.4452727229074077,0.002417899972748493
4,0.0,8,360.58846808781533,567.0,69.47888918770703,14.11336378394634,1481.0,248.16975572112236,52.982281805878756,256.0,42.3715381038889,9.02996825482575,0.0,0.0,0.0,0.0,0.0,0.0
5,0.0,9,360.7011283227365,576.0,72.10020090696464,15.224446340174412,1435.0,238.92822828794584,50.27719314794156,289.0,49.09476961229188,10.658923755601249,0.0,0.0,0.0,0.0,0.0,0.0
6,0.0,12,360.0284922215647,561.0,68.90153871082947,14.23282741554528,1540.0,260.7739568606608,56.1192345036609,177.0,30.486015989458558,6.7178009854213725,0.0,0.0,0.0,0.0,0.0,0.0
7,0.054,8,360.00628145373247,561.0,70.58751284367678,15.259043949982418,1413.0,239.46938009196114,51.38991380808322,290.0,48.70910160841553,10.125579506334146,10.0,0.9999999999999999,0.10000000000000003,79.0,0.4289822574351855,0.0023294402176479386
