id,probability_maraud,successful_mating,next_foraging_time,foraging_events,foraging_hrs,foraging_sqhrs,staying_events,staying_hrs,staying_sqhrs,repairing_events,repairing_hrs,repairing_sqhrs,marauding_events,marauding_hrs,marauding_sqhrs,traveling_events,traveling_hrs,traveling_sqhrs
0,0.0,7,360.3410122592761,566.0,73.34394437683487,15.967199798500108,1446.0,245.57220495905872,52.75444729369484,254.0,41.25049666283525,8.625729842599707,0.0,0.0,0.0,0.0,0.0,0.0
1,0.054,8,360.3567961773919,574.0,67.88877115496243,13.41369378334593,1487.0,247.84298315457454,52.35760057345219,247.0,42.75899561768575,9.088842105450025,13.0,1.3,0.13000000000000006,84.0,0.45613303322222254,0.0024768731428155295
2,0.0,7,360.40599276471295,564.0,68.96088691770193,14.176156382623681,1306.0,223.8378781266928,48.62880058595901,394.0,67.44704641493071,14.500030539501703,0.0,0.0,0.0,0.0,0.0,0.0
3,0.0,7,360.27781037984647,567.0,70.31957054281912,14.843742595004862,1393.0,240.07637913231994,52.35274077824085,291.0,49.72159497179261,10.913615460525333,0.0,0.0,0.0,0.0,0.0,0.0
4,0.054,4,360.19799606389034,567.0,67.60731343217171,13.645375815174152,1442.0,247.94056147830273,54.64319711196176,237.0,42.509430060113054,9.634781525259934,16.0,1.6000000000000003,0.1600000000000001,88.0,0.4778536538518522,0.002594819482949602
5,0.054,12,360.32612524189415,572.0,72.51594884287974,14.70469312001973,1491.0,249.40281570865372,52.850719837864986,210.0,36.52526362124913,8.132394767740557,12.0,1.2,0.12000000000000005,85.0,0.46156318837962995,0.0025063597278490476
6,0.0,14,359.9584867966849,567.0,70.12513271040444,14.147560317811477,1451.0,253.27480815825518,55.53451820869389,214.0,36.73581789812802,7.956456800200267,0.0,0.0,0.0,0.0,0.0,0.0
7,0.054,13,360.4182284311464,577.0,65.91092979212142,12.604851691703518,1524.0,261.5607066689856,57.10237379712529,171.0,30.5010691220849,6.815213590193423,18.0,1.8000000000000005,0.1800000000000001,85.0,0.46156318837962995,0.0025063597278490476
