id,probability_maraud,successful_mating,next_foraging_time,foraging_events,foraging_hrs,foraging_sqhrs,staying_events,staying_hrs,staying_sqhrs,repairing_events,repairing_hrs,repairing_sqhrs,marauding_events,marauding_hrs,marauding_sqhrs,traveling_events,traveling_hrs,traveling_sqhrs
0,0.0,23,360.3797724916468,565.0,71.79633640342676,14.782289267842293,666.0,113.53535739187393,24.51237374700588,1043.0,174.6772805138072,37.116973301428374,0.0,0.0,0.0,0.0,0.0,0.0
1,0.0,49,361.0405752933062,577.0,73.16016998573552,15.672508190028806,1734.0,287.10471030268195,60.63730529000571,0.0,0.0,0.0,0.0,0.0,0.0,0.0,0.0,0.0
2,0.0,0,360.246410291173,569.0,75.03690629503559,16.738547870383904,1705.0,285.1930687529332,59.89158872738527,0.0,0.0,0.0,0.0,0.0,0.0,0.0,0.0,0.0
3,0.054,0,360.10872190270743,558.0,69.67094794417632,14.255374611491714,1707.0,289.1605345328027,61.564782310289424,0.0,0.0,0.0,8.0,0.7999999999999999,0.08000000000000002,84.0,0.45613303322222254,0.0024768731428155295
4,0.054,0,360.50827806352635,566.0,70.10560867040714,14.217577329629064,1689.0,288.7142252261502,62.541658357968785,0.0,0.0,0.0,8.0,0.7999999999999999,0.08000000000000002,80.0,0.4344124125925929,0.002358926802681457
5,0.0,0,360.1173335342438,556.0,73.35602563785628,15.553114564385384,1679.0,286.76584824851795,62.14121847912732,0.0,0.0,0.0,0.0,0.0,0.0,0.0,0.0,0.0
6,0.054,0,360.0856568074184,563.0,69.78041668241214,14.476310049366939,1742.0,289.3986138388035,60.94434607914813,0.0,0.0,0.0,5.0,0.5,0.05000000000000001,95.0,0.5158647399537041,0.0028012255781842293
7,0.054,0,360.10587716704595,576.0,70.77118879743459,14.649271251697316,1721.0,288.0455852559159,61.820082437754486,0.0,0.0,0.0,8.0,0.7999999999999999,0.08000000000000002,93.0,0.5050044296388893,0.002742252408117193
