id,probability_maraud,successful_mating,next_foraging_time,foraging_events,foraging_hrs,foraging_sqhrs,staying_events,staying_hrs,staying_sqhrs,repairing_events,repairing_hrs,repairing_sqhrs,marauding_events,marauding_hrs,marauding_sqhrs,traveling_events,traveling_hrs,traveling_sqhrs
0,0.054,18,360.19752885956643,564.0,73.80454126935884,15.994897537822757,796.0,135.33149632456684,29.365309862880483,912.0,150.21822974899175,31.443558923153798,6.0,0.6,0.06000000000000001,56.0,0.304088688814815,0.0016512487618770208
1,0.054,54,359.9871226987004,576.0,68.9543100460254,13.34595539518023,1483.0,253.02843074839598,54.0443098604504,205.0,36.67462997194728,8.178793126217904,9.0,0.8999999999999999,0.09000000000000002,97.0,0.5267250502685189,0.0028601987482512656
2,0.0,0,360.1383854255014,566.0,72.65470229562455,15.186177711726797,1736.0,287.3731702959698,60.78632712084645,0.0,0.0,0.0,0.0,0.0,0.0,0.0,0.0,0.0
3,0.054,0,360.27645209925987,580.0,74.59526733992443,15.579670023056144,1698.0,283.9369703974534,60.693302224162174,0.0,0.0,0.0,10.0,0.9999999999999999,0.10000000000000003,96.0,0.5212948951111115,0.0028307121632177475
4,0.0,0,360.0144975846546,576.0,71.37261455614639,14.093949075791933,1736.0,288.82093734232035,60.81191430321604,0.0,0.0,0.0,0.0,0.0,0.0,0.0,0.0,0.0
5,0.0,0,360.2898495102326,556.0,75.08808695434442,16.930346974962358,1685.0,284.99782691509915,61.146825796098256,0.0,0.0,0.0,0.0,0.0,0.0,0.0,0.0,0.0
6,0.054,0,360.553591166829,568.0,71.23797582058083,15.373284422783506,1720.0,287.83555940448804,60.3940378088408,0.0,0.0,0.0,6.0,0.6,0.06000000000000001,99.0,0.5375853605833337,0.002919171918318302
7,0.0,0,360.07122800595505,566.0,71.96312278890662,16.073804597918492,1705.0,288.11319212591764,61.61362173481802,0.0,0.0,0.0,0.0,0.0,0.0,0.0,0.0,0.0
