id,probability_maraud,successful_mating,next_foraging_time,foraging_events,foraging_hrs,foraging_sqhrs,staying_events,staying_hrs,staying_sqhrs,repairing_events,repairing_hrs,repairing_sqhrs,marauding_events,marauding_hrs,marauding_sqhrs,traveling_events,traveling_hrs,traveling_sqhrs
0,0.054,9,359.9125660924068,583.0,71.42756229401006,14.789311517707166,1447.0,243.7440843149427,52.12485863698894,260.0,43.05183941119269,9.34156003192673,14.0,1.4000000000000001,0.14000000000000007,74.0,0.4018314816481484,0.002182007292480348
1,0.0,11,360.448253068572,556.0,70.72402514271937,15.073864442174054,1380.0,234.34190516313782,49.8485806936432,321.0,55.13171269301529,11.777664477498757,0.0,0.0,0.0,0.0,0.0,0.0
2,0.0,10,360.21814828458,567.0,69.98784649600569,14.739998799627926,1527.0,259.2601797837146,55.597623651016306,185.0,30.806905697333203,6.372481256672395,0.0,0.0,0.0,0.0,0.0,0.0
3,0.054,12,360.20148117630447,566.0,72.89189084998728,15.660341754144392,1636.0,273.36667026541005,57.76591772185366,68.0,12.161073016791565,2.7236334258381034,12.0,1.2,0.12000000000000005,96.0,0.5212948951111115,0.0028307121632177475
4,0.0,5,359.9839460426859,563.0,69.98825926832157,13.209898191862434,1482.0,253.70506029635075,54.352434814916805,226.0,36.36835112863248,7.4149631566298515,0.0,0.0,0.0,0.0,0.0,0.0
5,0.0,9,360.1717596237625,562.0,68.74131935405217,13.596622421357948,1409.0,242.20955951459666,52.364516265549625,273.0,49.11428595585057,10.97637278008876,0.0,0.0,0.0,0.0,0.0,0.0
6,0.054,10,360.26099958941563,573.0,69.00913943457752,13.934246457034819,1464.0,246.96163024891874,52.68100125926529,255.0,42.57588805661546,9.014140951491234,11.0,1.0999999999999999,0.11000000000000004,67.0,0.3638203955462965,0.0019756011972457206
7,0.054,6,360.1319042674331,584.0,69.68772007156461,13.474403447761345,1486.0,245.58471428599046,51.691069424997565,246.0,42.913909580750015,9.50247761621846,14.0,1.4000000000000001,0.14000000000000007,85.0,0.46156318837962995,0.0025063597278490476
