id,probability_maraud,successful_mating,next_foraging_time,foraging_events,foraging_hrs,foraging_sqhrs,staying_events,staying_hrs,staying_sqhrs,repairing_events,repairing_hrs,repairing_sqhrs,marauding_events,marauding_hrs,marauding_sqhrs,traveling_events,traveling_hrs,traveling_sqhrs
0,0.054,31,360.7152513752172,572.0,66.93406234221045,12.870109253782324,827.0,138.897925242411,29.704516261504015,918.0,152.74167989341132,32.27425657866267,13.0,1.3,0.13000000000000006,44.0,0.23892682692592607,0.0012974097414748028
1,0.054,41,359.95270936766894,572.0,72.23391893015163,15.301010419904694,1248.0,213.00928784380034,45.951544001688895,431.0,73.88323614228167,15.521176347109847,5.0,0.5,0.05000000000000001,69.0,0.37468070586111135,0.002034574367312757
2,0.0,0,360.96444735487813,574.0,72.62417008676199,14.851289394957467,1736.0,287.65913476995667,60.08109837603669,0.0,0.0,0.0,0.0,0.0,0.0,0.0,0.0,0.0
3,0.054,0,360.02809846616424,555.0,67.9254030688329,14.09888576744382,1694.0,290.5542773995814,63.258418518715985,0.0,0.0,0.0,10.0,0.9999999999999999,0.10000000000000003,97.0,0.5267250502685189,0.0028601987482512656
4,0.0,0,359.9208087668984,566.0,69.22978527417476,13.80584628595822,1695.0,290.78706562997945,62.658478485649496,0.0,0.0,0.0,0.0,0.0,0.0,0.0,0.0,0.0
5,0.0,0,360.33854673686255,566.0,70.48694350083053,14.716210012550977,1716.0,289.53032365271537,62.935615238321084,0.0,0.0,0.0,0.0,0.0,0.0,0.0,0.0,0.0
6,0.0,0,360.3000240293178,554.0,70.76066904306218,15.169983916271946,1681.0,289.4535026513233,62.71059562361976,0.0,0.0,0.0,0.0,0.0,0.0,0.0,0.0,0.0
7,0.054,0,360.65373977477844,561.0,69.56516999882268,14.12617397502261,1673.0,288.96169667693437,63.22952728833787,0.0,0.0,0.0,10.0,0.9999999999999999,0.10000000000000003,91.0,0.4941441193240744,0.0026832792380501566
