id,probability_maraud,successful_mating,next_foraging_time,foraging_events,foraging_hrs,foraging_sqhrs,staying_events,staying_hrs,staying_sqhrs,repairing_events,repairing_hrs,repairing_sqhrs,marauding_events,marauding_hrs,marauding_sqhrs,traveling_events,traveling_hrs,traveling_sqhrs
0,0.0,16,360.33147725341183,551.0,70.61501573316808,14.747386933949265,781.0,130.58899317339086,27.58478706894588,938.0,159.06619679097858,34.4870986004877,0.0,0.0,0.0,0.0,0.0,0.0
1,0.054,56,359.9946428068558,559.0,71.99806292370623,15.57701025007229,1695.0,287.3441268105155,62.09546051449143,0.0,0.0,0.0,3.0,0.30000000000000004,0.030000000000000006,99.0,0.5375853605833337,0.002919171918318302
2,0.0,0,360.4356101157902,577.0,70.99601309847424,14.701583861466666,1687.0,289.029851959219,62.00135173316223,0.0,0.0,0.0,0.0,0.0,0.0,0.0,0.0,0.0
3,0.0,0,360.4881515727549,559.0,75.23169125206559,16.609669046115886,1699.0,284.9018535782959,60.79649925079493,0.0,0.0,0.0,0.0,0.0,0.0,0.0,0.0,0.0
4,0.054,0,360.55722954891314,571.0,69.79465419620537,13.79414331181283,1690.0,289.2406992425941,62.14435857871895,0.0,0.0,0.0,6.0,0.6,0.06000000000000001,111.0,0.6027472224722227,0.00327301093872052
5,0.0,0,360.54384253943607,563.0,70.34420499720105,14.449716106739178,1756.0,289.8082223671811,61.66633935985427,0.0,0.0,0.0,0.0,0.0,0.0,0.0,0.0,0.0
6,0.054,0,360.4457162710482,566.0,69.96844238551441,14.820153872069259,1741.0,288.7376110403086,61.06586833039575,0.0,0.0,0.0,9.0,0.8999999999999999,0.09000000000000002,95.0,0.5158647399537041,0.0028012255781842293
7,0.054,0,360.23051912002234,573.0,71.0156545545176,14.748579049456405,1688.0,287.7959618465491,60.7133180268013,0.0,0.0,0.0,8.0,0.7999999999999999,0.08000000000000002,115.0,0.6244678431018523,0.0033909572788545926
