id,probability_maraud,successful_mating,next_foraging_time,foraging_events,foraging_hrs,foraging_sqhrs,staying_events,staying_hrs,staying_sqhrs,repairing_events,repairing_hrs,repairing_sqhrs,marauding_events,marauding_hrs,marauding_sqhrs,traveling_events,traveling_hrs,traveling_sqhrs
0,0.054,7,360.3836627607604,568.0,75.52758040875331,16.39461876876364,1473.0,246.41717459734755,52.08264921976812,223.0,36.604762407145834,7.630475161929117,12.0,1.2,0.12000000000000005,81.0,0.4398425677500003,0.002388413387714975
1,0.054,10,360.3967943594009,575.0,71.37665292513373,14.726162695996065,1508.0,256.1461962356273,54.833378028888475,186.0,30.62557117965012,6.289092632921667,15.0,1.5000000000000002,0.15000000000000008,84.0,0.45613303322222254,0.0024768731428155295
2,0.0,11,359.97160716725625,579.0,69.38107812560891,13.847804697515315,1592.0,270.4251713340797,57.85833806343624,120.0,20.390474956060086,4.606544967947768,0.0,0.0,0.0,0.0,0.0,0.0
3,0.0,9,360.10808334634186,560.0,69.43477672828078,14.659427515345348,1500.0,254.08183039983183,54.59746336325315,227.0,36.56857735595405,7.721879878618962,0.0,0.0,0.0,0.0,0.0,0.0
4,0.054,11,360.2068925800026,566.0,68.92111518269668,14.566815444337156,1586.0,265.0406602027364,56.43254732896953,138.0,24.549719319080978,5.514447136787394,12.0,1.2,0.12000000000000005,104.0,0.5647361363703708,0.003066604843485893
5,0.0,7,360.1245481099441,558.0,68.37756418405614,13.264035691318217,1460.0,249.1499047169054,53.99267855479897,250.0,42.56065388532891,8.960825894937733,0.0,0.0,0.0,0.0,0.0,0.0
6,0.0,8,360.2974504705918,572.0,72.30241909501217,15.176474207382116,1297.0,220.93388118182284,47.5231257524568,392.0,66.97620569142687,14.380051770970702,0.0,0.0,0.0,0.0,0.0,0.0
7,0.054,9,360.50007318486354,577.0,69.49121783662034,14.17437318553559,1401.0,240.1651850806529,51.790523886083335,278.0,48.73744412046233,10.785669977112976,12.0,1.2,0.12000000000000005,82.0,0.4452727229074077,0.002417899972748493
