id,probability_maraud,successful_mating,next_foraging_time,foraging_events,foraging_hrs,foraging_sqhrs,staying_events,staying_hrs,staying_sqhrs,repairing_events,repairing_hrs,repairing_sqhrs,marauding_events,marauding_hrs,marauding_sqhrs,traveling_events,traveling_hrs,traveling_sqhrs
0,0.054,15,360.1768873864498,568.0,70.70473806917626,15.439436367912014,1433.0,244.91212374955626,53.57971743399809,259.0,42.86491995682438,9.260227494765534,11.0,1.0999999999999999,0.11000000000000004,78.0,0.42355210227777806,0.0022999536326144205
1,0.054,3,360.31188004607424,567.0,70.15718442031636,14.626804917379081,1507.0,250.58987984433926,53.1184670643218,220.0,36.783209817329656,7.802289338950823,20.0,2.0000000000000004,0.20000000000000012,90.0,0.488713964166667,0.0026537926530166385
2,0.0,9,360.26492497117994,557.0,67.96618702234893,13.501097651899427,1552.0,255.50064964643232,53.816073558046796,222.0,36.60433467874263,7.674117215229548,0.0,0.0,0.0,0.0,0.0,0.0
3,0.054,11,360.14386437557573,575.0,70.7724743958389,15.026911584748117,1524.0,258.01244400493994,55.27574460092522,178.0,30.45318527821553,6.764288450347674,5.0,0.5,0.05000000000000001,77.0,0.41812194712037065,0.0022704670475809023
4,0.0,11,360.69357829061283,560.0,69.91830567502004,14.325296584982386,1588.0,271.92764224251346,58.83195292826342,98.0,18.406541246692825,4.2506098432367025,0.0,0.0,0.0,0.0,0.0,0.0
5,0.0,10,360.61257200633094,572.0,68.84967591718785,14.061864499508875,1542.0,260.69231826314245,55.406809179204146,171.0,30.699341021028946,6.701110209898598,0.0,0.0,0.0,0.0,0.0,0.0
6,0.054,8,360.83408789739735,559.0,71.98066486766949,16.563273794109058,1399.0,237.91264410554103,51.138497508963844,284.0,48.93359524577172,10.743583530756379,13.0,1.3,0.13000000000000006,76.0,0.41269179196296324,0.002240980462547384
7,0.0,5,359.97516141493065,561.0,68.40896898554098,13.482075383448054,1412.0,237.13961501739482,50.63385452582406,320.0,54.70399004878447,12.038474376496751,0.0,0.0,0.0,0.0,0.0,0.0
