id,probability_maraud,successful_mating,next_foraging_time,foraging_events,foraging_hrs,foraging_sqhrs,staying_events,staying_hrs,staying_sqhrs,repairing_events,repairing_hrs,repairing_sqhrs,marauding_events,marauding_hrs,marauding_sqhrs,traveling_events,traveling_hrs,traveling_sqhrs
0,0.0,22,360.6497731163779,569.0,67.76145611894182,12.727256400874355,683.0,115.93986707672369,24.95711259139102,1060.0,176.47937549734493,37.08615549590705,0.0,0.0,0.0,0.0,0.0,0.0
1,0.054,50,359.9377629338546,565.0,68.29269817097205,14.85196251379316,1732.0,290.2480552252677,61.555709574052834,0.0,0.0,0.0,10.0,0.9999999999999999,0.10000000000000003,96.0,0.5212948951111115,0.0028307121632177475
2,0.0,0,360.04110080510924,570.0,68.66700723842708,14.31118332687844,1675.0,291.39927977287886,63.42890326954772,0.0,0.0,0.0,0.0,0.0,0.0,0.0,0.0,0.0
3,0.054,0,360.0585773136351,559.0,72.10265551900184,14.991252302579218,1727.0,287.11428823380544,60.77518789142182,0.0,0.0,0.0,3.0,0.30000000000000004,0.030000000000000006,89.0,0.4832838090092596,0.0026243060679831203
4,0.054,0,360.3778859993023,568.0,68.84923654592156,13.645021290444728,1728.0,290.1089236180096,60.87733755876316,0.0,0.0,0.0,6.0,0.6,0.06000000000000001,110.0,0.5973170673148153,0.003243524353687002
5,0.0,0,360.4814765599214,565.0,70.44511201278658,14.80375165963642,1675.0,289.7945176565058,63.261430390406765,0.0,0.0,0.0,0.0,0.0,0.0,0.0,0.0,0.0
6,0.054,0,360.6322415273441,564.0,71.24431604394843,14.246598870428036,1726.0,287.33908365663154,59.95107314799895,0.0,0.0,0.0,10.0,0.9999999999999999,0.10000000000000003,108.0,0.5864567570000004,0.0031845511836199655
7,0.0,0,360.4062255459814,561.0,67.62444291420051,14.191076897839416,1713.0,292.5856658827725,62.67525365741516,0.0,0.0,0.0,0.0,0.0,0.0,0.0,0.0,0.0
