id,probability_maraud,successful_mating,next_foraging_time,foraging_events,foraging_hrs,foraging_sqhrs,staying_events,staying_hrs,staying_sqhrs,repairing_events,repairing_hrs,repairing_sqhrs,marauding_events,marauding_hrs,marauding_sqhrs,traveling_events,traveling_hrs,traveling_sqhrs
0,0.0,21,360.1251198614789,558.0,72.31015933382473,15.984580624476703,772.0,129.50916268120267,27.304709670100628,960.0,158.25034161183524,33.38989452983089,0.0,0.0,0.0,0.0,0.0,0.0
1,0.054,51,360.5624974502989,570.0,71.89569254198157,15.951813343478104,1737.0,287.2965587507797,60.603740419424646,0.0,0.0,0.0,5.0,0.5,0.05000000000000001,89.0,0.4832838090092596,0.0026243060679831203
2,0.0,0,360.0579987895609,570.0,72.01726043783637,15.541853508092625,1676.0,288.0392535379614,62.593980033378394,0.0,0.0,0.0,0.0,0.0,0.0,0.0,0.0,0.0
3,0.0,0,360.93653051328323,570.0,72.30503494792221,15.025859794576586,1731.0,287.9399486496003,60.759198100331595,0.0,0.0,0.0,0.0,0.0,0.0,0.0,0.0,0.0
4,0.0,0,360.14272259194627,569.0,70.24422092377284,14.37192196607817,1704.0,289.83428477477605,62.28255412141927,0.0,0.0,0.0,0.0,0.0,0.0,0.0,0.0,0.0
5,0.054,0,360.28602560660755,569.0,66.33084569532335,12.94467435626897,1748.0,292.4536523492843,62.410128750317035,0.0,0.0,0.0,8.0,0.7999999999999999,0.08000000000000002,102.0,0.553875826055556,0.0030076316734188565
6,0.054,0,360.07200887197723,571.0,69.15943660574652,14.188705202529492,1696.0,289.8329442830111,62.68173204113732,0.0,0.0,0.0,6.0,0.6,0.06000000000000001,86.0,0.46699334353703736,0.002535846312882566
7,0.054,0,360.2997750669637,564.0,70.34082896392714,14.817739626762423,1712.0,288.599086621397,62.04528114820794,0.0,0.0,0.0,7.0,0.7,0.07,98.0,0.5321552054259263,0.002889685333284784
