id,probability_maraud,successful_mating,next_foraging_time,foraging_events,foraging_hrs,foraging_sqhrs,staying_events,staying_hrs,staying_sqhrs,repairing_events,repairing_hrs,repairing_sqhrs,marauding_events,marauding_hrs,marauding_sqhrs,traveling_events,traveling_hrs,traveling_sqhrs
0,0.054,33,360.17226109953674,567.0,69.87243489338002,14.85505804937098,796.0,130.54336963734931,27.28261035895838,922.0,159.00400175331345,34.4821646413441,7.0,0.7,0.07,36.0,0.19548558566666677,0.0010615170612066575
1,0.0,39,360.37333184660946,555.0,69.5756928410398,14.68477005488114,1438.0,247.9222860782882,53.78170267752378,236.0,42.78115839396933,9.80978086307056,0.0,0.0,0.0,0.0,0.0,0.0
2,0.054,0,360.07833305539117,556.0,70.69722338414495,15.394983075675203,1730.0,288.17502624765837,60.522334187780565,0.0,0.0,0.0,8.0,0.7999999999999999,0.08000000000000002,86.0,0.46699334353703736,0.002535846312882566
3,0.054,0,360.6264871311164,565.0,69.53115306754758,14.748633899513251,1649.0,289.68867610804426,63.92327011258491,0.0,0.0,0.0,5.0,0.5,0.05000000000000001,92.0,0.49957427448148184,0.002712765823083675
4,0.0,0,360.0031300975296,558.0,70.38619993245757,14.603829209795155,1697.0,289.6537160251037,62.262857845793945,0.0,0.0,0.0,0.0,0.0,0.0,0.0,0.0,0.0
5,0.054,0,360.02695699735574,561.0,67.62325016132996,13.277708527817767,1700.0,290.7732422692014,62.89323914206114,0.0,0.0,0.0,13.0,1.3,0.13000000000000006,85.0,0.46156318837962995,0.0025063597278490476
6,0.0,0,360.2861494638824,554.0,68.91007025069624,13.924329780005475,1698.0,291.13494616300784,63.63693902462222,0.0,0.0,0.0,0.0,0.0,0.0,0.0,0.0,0.0
7,0.0,0,360.2005163387164,572.0,72.66717979435744,16.180246788276094,1702.0,287.3684587309271,61.996916504559145,0.0,0.0,0.0,0.0,0.0,0.0,0.0,0.0,0.0
