id,probability_maraud,successful_mating,next_foraging_time,foraging_events,foraging_hrs,foraging_sqhrs,staying_events,staying_hrs,staying_sqhrs,repairing_events,repairing_hrs,repairing_sqhrs,marauding_events,marauding_hrs,marauding_sqhrs,traveling_events,traveling_hrs,traveling_sqhrs
0,0.054,11,359.85815654504745,566.0,68.01110208135681,13.27596692515411,1525.0,253.6830272927577,53.61855435701876,203.0,36.60407424944018,8.182171188545269,13.0,1.3,0.13000000000000006,83.0,0.4507028780648151,0.0024473865577820113
1,0.0,6,360.0576433432503,552.0,69.9881356525144,14.921044017165476,1285.0,217.0308545787817,46.75277959734127,414.0,73.11813817167138,16.196122220987046,0.0,0.0,0.0,0.0,0.0,0.0
2,0.0,6,360.08583664656766,559.0,71.25282737683627,15.705954223176395,1465.0,246.08181018034813,52.21340019127943,246.0,42.84726195378678,9.116882298851744,0.0,0.0,0.0,0.0,0.0,0.0
3,0.054,7,360.3513883881699,572.0,70.41235153011438,14.380928519106126,1582.0,268.84526334870304,57.26187685553891,111.0,18.231516903255123,3.8758236698450697,20.0,2.0000000000000004,0.20000000000000012,100.0,0.5430155157407411,0.00294865850335182
4,0.054,15,360.3602103711318,567.0,66.69965842040297,13.064462287216863,1526.0,260.5582292993702,56.662224155343125,173.0,30.48470493053487,6.55191340490326,18.0,1.8000000000000005,0.1800000000000001,98.0,0.5321552054259263,0.002889685333284784
5,0.0,12,359.9712524199387,558.0,71.47456545086885,15.227015024349493,1451.0,246.15028475250125,53.45710120066948,260.0,42.47660479416831,8.945353820072269,0.0,0.0,0.0,0.0,0.0,0.0
6,0.0,5,360.05574184477183,566.0,72.07396190926448,14.788072125578312,1310.0,220.76757576620656,46.622620143250934,402.0,67.27030770289457,14.25757381734015,0.0,0.0,0.0,0.0,0.0,0.0
7,0.054,10,360.05212504957234,568.0,70.41614968555768,14.042700536345565,1314.0,227.27574434429235,50.05908468225252,359.0,60.981031720763646,12.717867436908092,10.0,0.9999999999999999,0.10000000000000003,84.0,0.45613303322222254,0.0024768731428155295
