id,probability_maraud,successful_mating,next_foraging_time,foraging_events,foraging_hrs,foraging_sqhrs,staying_events,staying_hrs,staying_sqhrs,repairing_events,repairing_hrs,repairing_sqhrs,marauding_events,marauding_hrs,marauding_sqhrs,traveling_events,traveling_hrs,traveling_sqhrs
0,0.0,11,360.20526075949704,561.0,68.83239530060473,13.948644039608824,1423.0,242.51727628735244,51.91588463172256,289.0,48.66193569969206,10.620409249530127,0.0,0.0,0.0,0.0,0.0,0.0
1,0.054,11,360.5715910924037,559.0,68.6416724321244,14.575521785920591,1474.0,245.32119844644185,51.72570198671277,255.0,44.511201924853964,9.589348597404236,11.0,1.0999999999999999,0.11000000000000004,81.0,0.4398425677500003,0.002388413387714975
2,0.054,8,360.40674790998423,569.0,68.8992922668468,13.789006190786218,1445.0,241.16761106797597,51.10098586075259,278.0,48.93273777406291,10.72192554393701,8.0,0.7999999999999999,0.08000000000000002,70.0,0.38011086101851876,0.002064060952346275
3,0.0,4,360.0106726692334,561.0,74.27497451735553,16.59394815808558,1358.0,230.76004031430017,49.76716537408939,322.0,55.028676922783966,11.950558572342974,0.0,0.0,0.0,0.0,0.0,0.0
4,0.0,8,360.0925829077277,555.0,71.62277777430074,15.131732761215625,1474.0,251.97636270927424,54.32652289155363,208.0,36.6410872779354,8.052653755857277,0.0,0.0,0.0,0.0,0.0,0.0
5,0.054,5,360.3643047899714,588.0,70.98558333244942,14.736714518398976,1512.0,251.0834251795317,52.51199485750981,214.0,36.45717556419704,7.8254809123667375,13.0,1.3,0.13000000000000006,80.0,0.4344124125925929,0.002358926802681457
6,0.054,7,360.5885360067944,548.0,68.39360277203127,13.256309122023977,1575.0,264.834952193854,55.76430503377931,136.0,24.451429519044023,5.490329359773428,20.0,2.0000000000000004,0.20000000000000012,116.0,0.6298979982592597,0.003420443863888111
7,0.0,18,359.94925655784573,555.0,70.4948419148657,15.259908630832454,1613.0,271.40009968725036,58.544241004133,101.0,18.303789119214308,3.998720037762604,0.0,0.0,0.0,0.0,0.0,0.0
