id,probability_maraud,successful_mating,next_foraging_time,foraging_events,foraging_hrs,foraging_sqhrs,staying_events,staying_hrs,staying_sqhrs,repairing_events,repairing_hrs,repairing_sqhrs,marauding_events,marauding_hrs,marauding_sqhrs,traveling_events,traveling_hrs,traveling_sqhrs
0,0.0,26,360.3339699833981,569.0,66.15352603727344,12.476979967969605,745.0,126.61447128561834,27.35767779675871,970.0,167.2405690934534,36.33716585856936,0.0,0.0,0.0,0.0,0.0,0.0
1,0.0,46,360.124815911241,564.0,73.48994443781403,15.549599611673324,1701.0,286.56683301257294,61.600721218246555,0.0,0.0,0.0,0.0,0.0,0.0,0.0,0.0,0.0
2,0.0,0,360.3906802708633,569.0,67.78475294614105,13.0622473823945,1719.0,292.3218664537117,62.66898428450229,0.0,0.0,0.0,0.0,0.0,0.0,0.0,0.0,0.0
3,0.054,0,359.8737584660402,558.0,71.87450428695622,16.135362470766022,1675.0,287.1227155668104,61.66799864098406,0.0,0.0,0.0,6.0,0.6,0.06000000000000001,97.0,0.5267250502685189,0.0028601987482512656
4,0.0,0,360.23009933404643,574.0,68.73923240298653,13.336771238070547,1712.0,291.2614812587716,62.011767116987535,0.0,0.0,0.0,0.0,0.0,0.0,0.0,0.0,0.0
5,0.054,0,360.84189328460354,555.0,70.19880458354714,14.778860851549332,1677.0,288.44002204102344,62.108733761364476,0.0,0.0,0.0,10.0,0.9999999999999999,0.10000000000000003,101.0,0.5484456708981486,0.0029781450883853383
6,0.054,0,360.2077219404361,554.0,71.52146456680585,15.443300626746767,1668.0,287.55421460621045,61.867917600504015,0.0,0.0,0.0,5.0,0.5,0.05000000000000001,96.0,0.5212948951111115,0.0028307121632177475
7,0.054,0,360.47945277205525,574.0,71.68180702412371,14.987222927117413,1694.0,287.1464749110561,61.580704891196426,0.0,0.0,0.0,7.0,0.7,0.07,92.0,0.49957427448148184,0.002712765823083675
