id,probability_maraud,successful_mating,next_foraging_time,foraging_events,foraging_hrs,foraging_sqhrs,staying_events,staying_hrs,staying_sqhrs,repairing_events,repairing_hrs,repairing_sqhrs,marauding_events,marauding_hrs,marauding_sqhrs,traveling_events,traveling_hrs,traveling_sqhrs
0,0.054,25,360.3221124126099,563.0,70.64665826963865,14.854001385554806,878.0,148.36727625052552,31.896934791031104,831.0,140.18232698290552,30.14558404669762,6.0,0.6,0.06000000000000001,55.0,0.2986585336574076,0.0016217621768435026
1,0.054,47,360.2265300432725,564.0,70.88694927158429,14.19551160460036,1518.0,251.7491970230267,52.87541916879107,227.0,36.38942834735183,7.562767984999325,6.0,0.6,0.06000000000000001,69.0,0.37468070586111135,0.002034574367312757
2,0.0,0,360.6556716807165,563.0,67.33658888678887,12.862287247564527,1707.0,292.773404409157,62.62636257474664,0.0,0.0,0.0,0.0,0.0,0.0,0.0,0.0,0.0
3,0.054,0,360.4746040208248,562.0,72.79558960911582,15.40534806152067,1688.0,285.8884447564556,60.93543085775897,0.0,0.0,0.0,10.0,0.9999999999999999,0.10000000000000003,87.0,0.4724234986944448,0.002565332897916084
4,0.0,0,360.5659241085449,569.0,70.34438194016266,15.307065305834588,1756.0,289.818895898097,61.46308515825348,0.0,0.0,0.0,0.0,0.0,0.0,0.0,0.0,0.0
5,0.054,0,360.07502876249805,576.0,69.47196660112233,13.911437536099323,1725.0,289.3912306250218,61.52432347844731,0.0,0.0,0.0,7.0,0.7,0.07,106.0,0.5755964466851856,0.003125578013552929
6,0.0,0,359.82763566595963,577.0,71.21613579916445,14.298139904806147,1715.0,288.8514521793922,61.00942055855071,0.0,0.0,0.0,0.0,0.0,0.0,0.0,0.0,0.0
7,0.0,0,359.8475882985988,551.0,67.3239603444581,13.164691067250752,1695.0,292.76371798933764,63.73737353686427,0.0,0.0,0.0,0.0,0.0,0.0,0.0,0.0,0.0
