id,probability_maraud,successful_mating,next_foraging_time,foraging_events,foraging_hrs,foraging_sqhrs,staying_events,staying_hrs,staying_sqhrs,repairing_events,repairing_hrs,repairing_sqhrs,marauding_events,marauding_hrs,marauding_sqhrs,traveling_events,traveling_hrs,traveling_sqhrs
0,0.0,10,359.9703993980464,574.0,70.85344390908254,13.987386354587782,1335.0,222.10520364403828,46.86692255794229,412.0,67.14345933799119,14.220752667129043,0.0,0.0,0.0,0.0,0.0,0.0
1,0.054,16,360.36262295150004,561.0,72.60162430885788,15.168569301613385,1369.0,237.23688888038285,51.511091096168386,270.0,48.88211916529582,11.010245028430576,11.0,1.0999999999999999,0.11000000000000004,77.0,0.41812194712037065,0.0022704670475809023
2,0.054,3,360.1152371901499,564.0,69.46630787757753,14.780022580279123,1330.0,226.96205891864423,48.776349568812016,357.0,61.078745569552964,13.212713387143976,22.0,2.2000000000000006,0.22000000000000014,92.0,0.49957427448148184,0.002712765823083675
3,0.0,8,360.49307266772826,556.0,71.61015430712844,15.09990781759349,1404.0,240.09360905592234,51.97230948201828,273.0,48.344343443865995,11.095141089194948,0.0,0.0,0.0,0.0,0.0,0.0
4,0.0,7,359.90819743027413,579.0,72.14883175753566,15.455215610454683,1583.0,266.8775131578719,57.7375831430238,118.0,21.095609427133173,4.714391386345548,0.0,0.0,0.0,0.0,0.0,0.0
5,0.0,8,360.0108677811969,564.0,72.93449112087497,15.290076039203575,1578.0,262.8796233787561,55.47861268471853,147.0,24.454536518495132,5.043082654666489,0.0,0.0,0.0,0.0,0.0,0.0
6,0.054,8,360.60191239667336,561.0,73.05517344534859,15.653223617846136,1223.0,207.1136012729552,44.052355994867284,447.0,78.28081661188536,17.287036874294667,14.0,1.4000000000000001,0.14000000000000007,53.0,0.28779822334259275,0.0015627890067764663
7,0.054,12,359.9532385296067,553.0,71.15161560650571,15.744621890107863,1435.0,243.74380145440543,53.02976557985126,256.0,42.97461670034297,9.056325899295524,18.0,1.8000000000000005,0.1800000000000001,91.0,0.4941441193240744,0.0026832792380501566
