id,probability_maraud,successful_mating,next_foraging_time,foraging_events,foraging_hrs,foraging_sqhrs,staying_events,staying_hrs,staying_sqhrs,repairing_events,repairing_hrs,repairing_sqhrs,marauding_events,marauding_hrs,marauding_sqhrs,traveling_events,traveling_hrs,traveling_sqhrs
0,0.054,13,360.4296611981993,565.0,69.23661360368027,13.805541353987865,1542.0,258.5607866402497,54.894843430160314,184.0,30.513698216652173,6.390515305873431,14.0,1.4000000000000001,0.14000000000000007,89.0,0.4832838090092596,0.0026243060679831203
1,0.054,12,360.104301653021,570.0,68.18237164444676,13.633398422098445,1575.0,265.31832044927273,56.46772084553063,145.0,24.579081389280205,5.265315922372224,16.0,1.6000000000000003,0.1600000000000001,88.0,0.4778536538518522,0.002594819482949602
2,0.054,9,360.539722766204,565.0,73.18652295187401,15.724208666493926,1400.0,242.89871926588347,52.58958477831688,261.0,42.699668648222364,8.952466247951829,10.0,0.9999999999999999,0.10000000000000003,78.0,0.42355210227777806,0.0022999536326144205
3,0.0,9,360.18148209632363,565.0,72.25764091906518,15.176184676820062,1443.0,244.45204782893126,51.89910265524324,249.0,43.34645129967379,9.416171848081913,0.0,0.0,0.0,0.0,0.0,0.0
4,0.0,10,360.03992697280535,568.0,70.89498867029059,14.185535776426901,1186.0,203.170878458943,43.964588665389996,513.0,86.0547093542572,18.208778649177994,0.0,0.0,0.0,0.0,0.0,0.0
5,0.0,4,359.9927519035987,567.0,69.65251527923294,14.986012233679176,1564.0,265.8261866179073,57.33531642210511,149.0,24.609396572945556,5.126675045919615,0.0,0.0,0.0,0.0,0.0,0.0
6,0.0,5,359.8242991880107,554.0,73.1963785618598,16.110542606894203,1451.0,251.82074630532446,54.79691523263789,207.0,35.00446411927816,7.457692571871281,0.0,0.0,0.0,0.0,0.0,0.0
7,0.054,10,359.86266697564014,578.0,68.7479326040534,14.182333415825616,1402.0,240.49725782387205,52.073141823819675,292.0,48.89403869956568,10.467543147853599,15.0,1.5000000000000002,0.15000000000000008,84.0,0.45613303322222254,0.0024768731428155295
