id,probability_maraud,successful_mating,next_foraging_time,foraging_events,foraging_hrs,foraging_sqhrs,staying_events,staying_hrs,staying_sqhrs,repairing_events,repairing_hrs,repairing_sqhrs,marauding_events,marauding_hrs,marauding_sqhrs,traveling_events,traveling_hrs,traveling_sqhrs
0,0.054,28,360.2560713592161,564.0,68.44243998279872,14.293303973412726,893.0,150.0089205044336,31.543901892856937,801.0,140.48080698345453,30.909593668680497,9.0,0.8999999999999999,0.09000000000000002,51.0,0.2769379130277779,0.00150381583670943
1,0.054,44,360.2461403124822,563.0,72.71611359487785,15.53174661162467,1366.0,233.58281750334194,50.44373621041028,312.0,53.08268684561412,11.160028678025462,3.0,0.30000000000000004,0.030000000000000006,71.0,0.3855410161759262,0.0020935475373797933
2,0.054,0,360.3806356192296,569.0,70.01421162503375,14.351014762893689,1685.0,288.62998008459124,62.147007514040475,0.0,0.0,0.0,10.0,0.9999999999999999,0.10000000000000003,81.0,0.4398425677500003,0.002388413387714975
3,0.0,0,360.09666972544466,562.0,70.58015020295782,14.136195466128072,1704.0,289.58368385929305,62.311931445533986,0.0,0.0,0.0,0.0,0.0,0.0,0.0,0.0,0.0
4,0.0,0,359.9319478428616,562.0,70.47011563698572,14.791163863864396,1709.0,289.53013872082215,61.92136323740206,0.0,0.0,0.0,0.0,0.0,0.0,0.0,0.0,0.0
5,0.054,0,360.14474974353766,569.0,72.1058105040126,15.358772109475028,1685.0,286.58707669837713,61.781561092370396,0.0,0.0,0.0,10.0,0.9999999999999999,0.10000000000000003,85.0,0.46156318837962995,0.0025063597278490476
6,0.0,0,360.29037075977556,568.0,68.93665079925992,13.88001746051387,1698.0,291.0948305131423,62.45125312364812,0.0,0.0,0.0,0.0,0.0,0.0,0.0,0.0,0.0
7,0.0,0,360.20481014336286,561.0,74.32430401293274,16.71566433875147,1674.0,285.8099617212262,61.519439306028694,0.0,0.0,0.0,0.0,0.0,0.0,0.0,0.0,0.0
