id,probability_maraud,successful_mating,next_foraging_time,foraging_events,foraging_hrs,foraging_sqhrs,staying_events,staying_hrs,staying_sqhrs,repairing_events,repairing_hrs,repairing_sqhrs,marauding_events,marauding_hrs,marauding_sqhrs,traveling_events,traveling_hrs,traveling_sqhrs
0,0.054,32,360.75563167324117,572.0,70.46711528291225,14.170414457671642,800.0,137.80321778187124,29.45646322257904,892.0,150.8987653456583,31.78066495850818,8.0,0.7999999999999999,0.08000000000000002,49.0,0.2660776027129631,0.0014448426666423936
1,0.054,40,360.1456937295804,562.0,72.62675932422454,15.118809089429924,1384.0,237.73407092821967,51.2652728339653,278.0,48.999248618385515,10.65638898156341,5.0,0.5,0.05000000000000001,58.0,0.3149489991296298,0.0017102219319440571
2,0.0,0,360.2759547258224,560.0,72.13515727836165,15.462214868677943,1685.0,287.96753944251606,62.513855576989705,0.0,0.0,0.0,0.0,0.0,0.0,0.0,0.0,0.0
3,0.0,0,360.1904544169833,575.0,70.47225831699467,14.370486294482081,1734.0,289.5819462790079,61.25568510133244,0.0,0.0,0.0,0.0,0.0,0.0,0.0,0.0,0.0
4,0.0,0,360.14121559826066,569.0,71.19639345654097,14.805552208230747,1722.0,288.8285782175638,61.54639117158589,0.0,0.0,0.0,0.0,0.0,0.0,0.0,0.0,0.0
5,0.0,0,360.66087376393756,565.0,70.95116191357539,13.994066449098337,1711.0,289.2177565853393,61.30320403295727,0.0,0.0,0.0,0.0,0.0,0.0,0.0,0.0,0.0
6,0.054,0,360.3872832553117,562.0,68.34315235536695,14.53306872042403,1717.0,289.78123169310464,61.76356447910154,0.0,0.0,0.0,14.0,1.4000000000000001,0.14000000000000007,98.0,0.5321552054259263,0.002889685333284784
7,0.054,0,360.3453852641988,562.0,71.95691869605135,15.85332439393783,1685.0,286.99212283433,62.17797340376892,0.0,0.0,0.0,6.0,0.6,0.06000000000000001,100.0,0.5430155157407411,0.00294865850335182
