id,probability_maraud,successful_mating,next_foraging_time,foraging_events,foraging_hrs,foraging_sqhrs,staying_events,staying_hrs,staying_sqhrs,repairing_events,repairing_hrs,repairing_sqhrs,marauding_events,marauding_hrs,marauding_sqhrs,traveling_events,traveling_hrs,traveling_sqhrs
0,0.054,23,360.5752425705266,565.0,68.38425519506507,13.689754454975597,726.0,126.4839955522083,27.652038079430405,959.0,164.29160725954597,35.48316299494347,8.0,0.7999999999999999,0.08000000000000002,41.0,0.22263636145370383,0.0012089499863742483
1,0.0,49,360.1893340559105,564.0,73.00078725988007,15.541667184046647,1448.0,238.2454260970758,50.405103674143454,292.0,48.86053218408242,10.441993998907662,0.0,0.0,0.0,0.0,0.0,0.0
2,0.0,0,360.05252374685864,569.0,69.89434838284683,14.33854138489819,1722.0,290.29583925577,62.63065954131216,0.0,0.0,0.0,0.0,0.0,0.0,0.0,0.0,0.0
3,0.0,0,359.8787209890725,561.0,72.36670598320131,15.464327144989706,1706.0,287.7605701794577,61.59141324078322,0.0,0.0,0.0,0.0,0.0,0.0,0.0,0.0,0.0
4,0.054,0,360.46909375086653,571.0,72.33720598894142,14.67337792777128,1717.0,286.4546700815567,60.483645686495876,0.0,0.0,0.0,7.0,0.7,0.07,112.0,0.6081773776296301,0.003302497523754038
5,0.054,0,360.3771911283397,565.0,67.16867509700096,13.788531245815923,1720.0,291.1767048774984,61.974548865630446,0.0,0.0,0.0,11.0,1.0999999999999999,0.11000000000000004,112.0,0.6081773776296301,0.003302497523754038
6,0.0,0,360.19327584614393,560.0,70.23644716159023,14.933753461076696,1722.0,289.91564116042076,61.82846855468006,0.0,0.0,0.0,0.0,0.0,0.0,0.0,0.0,0.0
7,0.054,0,360.2053007848882,554.0,73.87492246818461,16.037574224895614,1688.0,284.9496841358673,61.01193275222264,0.0,0.0,0.0,9.0,0.8999999999999999,0.09000000000000002,94.0,0.5104345847962967,0.002771738993150711
