id,probability_maraud,successful_mating,next_foraging_time,foraging_events,foraging_hrs,foraging_sqhrs,staying_events,staying_hrs,staying_sqhrs,repairing_events,repairing_hrs,repairing_sqhrs,marauding_events,marauding_hrs,marauding_sqhrs,traveling_events,traveling_hrs,traveling_sqhrs
0,0.054,34,360.1080553345372,573.0,67.50801099322176,13.002616313876693,1005.0,169.72066912298607,36.383264960267404,746.0,121.94680430526007,25.143628036259216,6.0,0.6,0.06000000000000001,52.0,0.28236806818518534,0.0015333024217429481
1,0.0,38,360.02993396736116,572.0,69.51349824390762,14.12083085929419,1509.0,257.97015376377215,55.75655075513941,192.0,32.55522167558612,7.212878181115375,0.0,0.0,0.0,0.0,0.0,0.0
2,0.054,0,359.8792481677103,567.0,70.14661859318235,14.507630364329314,1699.0,288.95006245355046,61.75228225587067,0.0,0.0,0.0,5.0,0.5,0.05000000000000001,96.0,0.5212948951111115,0.0028307121632177475
3,0.054,0,359.93862276796597,555.0,69.2249472924389,14.073919156976139,1735.0,289.63523188101846,61.610400791199545,0.0,0.0,0.0,7.0,0.7,0.07,84.0,0.45613303322222254,0.0024768731428155295
4,0.054,0,360.937346269229,574.0,66.85440677897249,12.708482336834631,1742.0,292.24882092360417,61.126452944604466,0.0,0.0,0.0,8.0,0.7999999999999999,0.08000000000000002,93.0,0.5050044296388893,0.002742252408117193
5,0.0,0,360.1797820046705,575.0,69.61112128934441,14.61517006628628,1698.0,290.5410786161886,62.74100444676785,0.0,0.0,0.0,0.0,0.0,0.0,0.0,0.0,0.0
6,0.0,0,359.9578428252925,565.0,69.70931716592575,13.689269673067926,1689.0,290.3173703637983,63.78203571241231,0.0,0.0,0.0,0.0,0.0,0.0,0.0,0.0,0.0
7,0.0,0,360.2485365905264,561.0,71.92155092301635,14.84294107050623,1728.0,288.100565218483,60.6073895437796,0.0,0.0,0.0,0.0,0.0,0.0,0.0,0.0,0.0
