id,probability_maraud,successful_mating,next_foraging_time,foraging_events,foraging_hrs,foraging_sqhrs,staying_events,staying_hrs,staying_sqhrs,repairing_events,repairing_hrs,repairing_sqhrs,marauding_events,marauding_hrs,marauding_sqhrs,traveling_events,traveling_hrs,traveling_sqhrs
0,0.0,16,359.8017708559727,556.0,75.19039426985525,17.064768273539098,645.0,108.1117839867275,23.035465851932543,1039.0,176.79854956484732,38.057907230677564,0.0,0.0,0.0,0.0,0.0,0.0
1,0.054,56,360.04264601955225,569.0,71.20544549622227,15.1292253824012,1687.0,287.2719021804928,61.97711873975691,0.0,0.0,0.0,11.0,1.0999999999999999,0.11000000000000004,87.0,0.4724234986944448,0.002565332897916084
2,0.0,0,360.5641797397394,566.0,73.37993722083225,16.764139566357983,1713.0,286.8149544457604,61.14162976907953,0.0,0.0,0.0,0.0,0.0,0.0,0.0,0.0,0.0
3,0.054,0,360.44573775388056,582.0,69.34582573192074,13.701241856711812,1676.0,289.52219481102304,62.89748404477136,0.0,0.0,0.0,8.0,0.7999999999999999,0.08000000000000002,85.0,0.46156318837962995,0.0025063597278490476
4,0.0,0,360.49509785338165,563.0,68.19995571351721,13.923590355596167,1733.0,291.9067936554693,62.094264254393536,0.0,0.0,0.0,0.0,0.0,0.0,0.0,0.0,0.0
5,0.054,0,359.8091136981397,550.0,70.25587959286322,15.705120979080183,1718.0,288.7674697413049,62.268048522507456,0.0,0.0,0.0,5.0,0.5,0.05000000000000001,101.0,0.5484456708981486,0.0029781450883853383
6,0.054,0,360.2481481104348,571.0,72.05595025792508,15.72554743682633,1681.0,287.015292853932,61.454273580279086,0.0,0.0,0.0,5.0,0.5,0.05000000000000001,88.0,0.4778536538518522,0.002594819482949602
7,0.0,0,360.1571039780227,554.0,67.28329623169921,14.223753690980175,1702.0,292.83437674873994,63.344735585931666,0.0,0.0,0.0,0.0,0.0,0.0,0.0,0.0,0.0
