id,probability_maraud,successful_mating,next_foraging_time,foraging_events,foraging_hrs,foraging_sqhrs,staying_events,staying_hrs,staying_sqhrs,repairing_events,repairing_hrs,repairing_sqhrs,marauding_events,marauding_hrs,marauding_sqhrs,traveling_events,traveling_hrs,traveling_sqhrs
0,0.054,8,360.4119062391174,560.0,67.7937267084499,13.226870511511786,1553.0,265.2904323936352,57.104619751791255,135.0,24.888591739509863,5.658690492594297,18.0,1.8000000000000005,0.1800000000000001,89.0,0.4832838090092596,0.0026243060679831203
1,0.0,5,360.4091752468964,566.0,66.66586056115052,13.39778657392749,1384.0,240.1564161815886,52.67036676607417,322.0,53.208767735603615,11.265605269575037,0.0,0.0,0.0,0.0,0.0,0.0
2,0.054,13,360.35706844382247,583.0,71.20090702783938,14.90363586287148,1446.0,244.2791689063183,51.57387197334925,264.0,42.88398491091849,8.90244111483885,13.0,1.3,0.13000000000000006,91.0,0.4941441193240744,0.0026832792380501566
3,0.0,10,360.15244946599137,564.0,71.81659059303347,14.943627067109361,1497.0,251.28926533741563,54.08311474471559,211.0,36.99886967697879,7.989384799018921,0.0,0.0,0.0,0.0,0.0,0.0
4,0.054,8,360.270324701256,559.0,69.47749857619,13.799880620761648,1474.0,246.2869617694018,53.1338393046473,263.0,42.52647202831371,8.634108937315688,14.0,1.4000000000000001,0.14000000000000007,84.0,0.45613303322222254,0.0024768731428155295
5,0.054,10,359.9740638534931,563.0,71.75103540728631,15.064269778394399,1461.0,244.22531691196738,51.59162996713852,254.0,42.759832963072164,8.952028912092636,10.0,0.9999999999999999,0.10000000000000003,67.0,0.3638203955462965,0.0019756011972457206
6,0.0,11,360.2774513186787,557.0,70.22764043169326,14.193888104603763,1390.0,241.46983852459917,52.79171578154807,292.0,48.49509331694974,10.25752648101329,0.0,0.0,0.0,0.0,0.0,0.0
7,0.0,7,360.5169818300731,564.0,69.2068902971085,13.997634352363704,1523.0,249.6966548950174,52.00043037381494,252.0,41.3226161480499,8.57171228491218,0.0,0.0,0.0,0.0,0.0,0.0
