id,probability_maraud,successful_mating,next_foraging_time,foraging_events,foraging_hrs,foraging_sqhrs,staying_events,staying_hrs,staying_sqhrs,repairing_events,repairing_hrs,repairing_sqhrs,marauding_events,marauding_hrs,marauding_sqhrs,traveling_events,traveling_hrs,traveling_sqhrs
0,0.0,19,360.1504333966239,559.0,73.80472569506897,16.380316609653686,619.0,105.90688284290657,22.919974533652898,1071.0,180.40060072313244,38.46098960418583,0.0,0.0,0.0,0.0,0.0,0.0
1,0.054,53,360.18483198838675,569.0,70.93041262817388,14.989294815576667,1716.0,288.059684108473,61.540197821018445,0.0,0.0,0.0,5.0,0.5,0.05000000000000001,98.0,0.5321552054259263,0.002889685333284784
2,0.0,0,359.8973884656023,578.0,69.09901330275628,13.704800592240968,1727.0,291.03324902519654,62.64326909480855,0.0,0.0,0.0,0.0,0.0,0.0,0.0,0.0,0.0
3,0.054,0,360.25303390601147,569.0,68.47185815808642,13.275063190027659,1707.0,290.20367473570803,62.40577277294469,0.0,0.0,0.0,8.0,0.7999999999999999,0.08000000000000002,106.0,0.5755964466851856,0.003125578013552929
4,0.054,0,360.9526961475887,570.0,71.62295370689726,14.433066306345657,1729.0,287.1329907746545,61.46203941540121,0.0,0.0,0.0,8.0,0.7999999999999999,0.08000000000000002,86.0,0.46699334353703736,0.002535846312882566
5,0.0,0,359.91368588048437,564.0,66.52975934001131,12.468662882349962,1715.0,293.6621646818747,62.7919925219687,0.0,0.0,0.0,0.0,0.0,0.0,0.0,0.0,0.0
6,0.054,0,360.2309871780258,556.0,70.78950172598995,16.661907384668364,1739.0,287.91518729988013,61.26152210266327,0.0,0.0,0.0,9.0,0.8999999999999999,0.09000000000000002,93.0,0.5050044296388893,0.002742252408117193
7,0.0,0,360.65628247038484,570.0,71.49289750169703,14.859351840423045,1706.0,288.5215318128502,62.630109184026495,0.0,0.0,0.0,0.0,0.0,0.0,0.0,0.0,0.0
