id,probability_maraud,successful_mating,next_foraging_time,foraging_events,foraging_hrs,foraging_sqhrs,staying_events,staying_hrs,staying_sqhrs,repairing_events,repairing_hrs,repairing_sqhrs,marauding_events,marauding_hrs,marauding_sqhrs,traveling_events,traveling_hrs,traveling_sqhrs
0,0.0,19,360.0824084132751,558.0,72.98940562039,15.36441553704056,630.0,106.09321287601664,22.40056095352795,1060.0,180.9434954394455,39.254299125441925,0.0,0.0,0.0,0.0,0.0,0.0
1,0.0,53,360.1312473971721,565.0,66.40906076172517,13.563954795116782,1770.0,293.6262056327191,62.38510680699784,0.0,0.0,0.0,0.0,0.0,0.0,0.0,0.0,0.0
2,0.054,0,360.2722241208377,561.0,69.70422871691427,14.8304437153193,1686.0,289.5300993483528,62.93278133060123,0.0,0.0,0.0,3.0,0.30000000000000004,0.030000000000000006,98.0,0.5321552054259263,0.002889685333284784
3,0.054,0,359.94072795026733,569.0,72.20596773352217,15.721630335060992,1676.0,286.6014751620622,61.66069915685864,0.0,0.0,0.0,7.0,0.7,0.07,111.0,0.6027472224722227,0.00327301093872052
4,0.054,0,359.9493278833595,562.0,69.91974455213571,14.620857669687222,1692.0,288.6612457145236,62.78990805121773,0.0,0.0,0.0,9.0,0.8999999999999999,0.09000000000000002,99.0,0.5375853605833337,0.002919171918318302
5,0.054,0,360.3557494744624,571.0,72.13546151156777,14.633241876666675,1727.0,286.3559254806101,60.38411229429184,0.0,0.0,0.0,11.0,1.0999999999999999,0.11000000000000004,90.0,0.488713964166667,0.0026537926530166385
6,0.0,0,360.3411175593877,573.0,70.21323135765962,14.500761603699694,1708.0,289.8532200583931,62.68046418482307,0.0,0.0,0.0,0.0,0.0,0.0,0.0,0.0,0.0
7,0.0,0,360.5712852836116,571.0,73.71651935789761,15.891603249943666,1704.0,286.3255348341745,60.64284599046087,0.0,0.0,0.0,0.0,0.0,0.0,0.0,0.0,0.0
