id,probability_maraud,successful_mating,next_foraging_time,foraging_events,foraging_hrs,foraging_sqhrs,staying_events,staying_hrs,staying_sqhrs,repairing_events,repairing_hrs,repairing_sqhrs,marauding_events,marauding_hrs,marauding_sqhrs,traveling_events,traveling_hrs,traveling_sqhrs
0,0.0,9,360.3073546304832,566.0,71.07767716801834,14.624267418641093,1425.0,245.25664120619578,53.44170077113415,259.0,43.69316766798407,9.462290545443416,0.0,0.0,0.0,0.0,0.0,0.0
1,0.054,12,360.0721284860932,561.0,70.4023149420071,14.68621506552253,1523.0,263.3259287997493,57.19955505360201,144.0,24.609835831689946,5.379788678466246,13.0,1.3,0.13000000000000006,81.0,0.4398425677500003,0.002388413387714975
2,0.054,7,360.32475805411116,570.0,75.20685704414947,16.613147596546774,1373.0,233.37786980313476,49.59737020870511,280.0,48.92744497300305,10.454082132578387,21.0,2.1000000000000005,0.21000000000000013,77.0,0.41812194712037065,0.0022704670475809023
3,0.054,9,360.732607066391,578.0,71.81460009707637,15.342681523344043,1277.0,220.2246704144862,48.065642389119574,399.0,66.76544834222317,14.04066907366098,9.0,0.8999999999999999,0.09000000000000002,57.0,0.3095188439722224,0.001680735346910539
4,0.0,11,360.2827374261919,577.0,72.85352967324452,15.834521937071345,1582.0,274.9966326400123,59.960497343382706,72.0,12.412614402040715,2.680560845868504,0.0,0.0,0.0,0.0,0.0,0.0
5,0.054,6,360.3401959971532,572.0,66.61015410248221,13.585059537001944,1485.0,248.53447057839088,52.81308626909465,258.0,43.09533673407265,9.037646042248031,15.0,1.5000000000000002,0.15000000000000008,79.0,0.4289822574351855,0.0023294402176479386
6,0.0,6,359.8481491316939,566.0,70.65153240358585,14.424903118636626,1319.0,228.37654048317472,49.6228411543978,376.0,60.98423851306532,12.55464733593628,0.0,0.0,0.0,0.0,0.0,0.0
7,0.0,12,360.36810961376256,570.0,69.09079583122598,14.14876879601348,1409.0,246.52033201703918,54.35443215883322,262.0,44.40874612910253,9.503185438448792,0.0,0.0,0.0,0.0,0.0,0.0
