id,probability_maraud,successful_mating,next_foraging_time,foraging_events,foraging_hrs,foraging_sqhrs,staying_events,staying_hrs,staying_sqhrs,repairing_events,repairing_hrs,repairing_sqhrs,marauding_events,marauding_hrs,marauding_sqhrs,traveling_events,traveling_hrs,traveling_sqhrs
0,0.0,5,360.1025506743893,556.0,70.7467636024037,15.184356453038653,1515.0,252.42839834105283,53.55005622068056,212.0,36.85664569027138,8.274925154127809,0.0,0.0,0.0,0.0,0.0,0.0
1,0.054,10,359.9118521584731,557.0,66.26721063139436,12.92713863668028,1488.0,254.84726242293118,55.78621936754233,213.0,36.911468745716846,7.812376984940456,16.0,1.6000000000000003,0.1600000000000001,82.0,0.4452727229074077,0.002417899972748493
2,0.0,9,360.28097771428344,566.0,68.87532690484824,13.639023450246725,1567.0,261.01755710695545,55.32758796063167,181.0,30.297169009470746,6.608197001147351,0.0,0.0,0.0,0.0,0.0,0.0
3,0.054,6,360.09584619408577,564.0,70.0627467527464,14.612095776918025,1422.0,240.20125982716496,51.82288969130938,296.0,48.86882289989888,10.298862124406844,6.0,0.6,0.06000000000000001,73.0,0.396401326490741,0.0021525207074468296
4,0.054,15,360.2697155804637,557.0,74.91763396607956,16.255651282948385,1528.0,258.47370607342924,55.23223062789679,147.0,24.324357222489194,5.221763204803073,18.0,1.8000000000000005,0.1800000000000001,97.0,0.5267250502685189,0.0028601987482512656
5,0.054,13,360.36652787219447,555.0,72.88666697102957,15.148597701380206,1500.0,255.27926790382526,55.693663511841294,173.0,30.556875928918455,6.970820594018253,9.0,0.8999999999999999,0.09000000000000002,77.0,0.41812194712037065,0.0022704670475809023
6,0.0,9,360.08567259744046,555.0,73.44807682599766,15.893393939716924,1402.0,237.98014848766232,50.88613366523417,297.0,48.75138222089367,10.220439232801944,0.0,0.0,0.0,0.0,0.0,0.0
7,0.0,5,360.01422960858406,563.0,72.9829708626666,16.306665372174518,1436.0,244.3874105097601,52.302433728218425,244.0,42.753648831950784,9.527138882088705,0.0,0.0,0.0,0.0,0.0,0.0
