id,probability_maraud,successful_mating,next_foraging_time,foraging_events,foraging_hrs,foraging_sqhrs,staying_events,staying_hrs,staying_sqhrs,repairing_events,repairing_hrs,repairing_sqhrs,marauding_events,marauding_hrs,marauding_sqhrs,traveling_events,traveling_hrs,traveling_sqhrs
0,0.054,30,360.15810557674064,558.0,70.25367047872751,14.548455500362836,770.0,135.91955543727335,30.191224253831695,920.0,152.82882313723013,32.5730870525837,8.0,0.7999999999999999,0.08000000000000002,42.0,0.22806651661111124,0.0012384365714077665
1,0.0,42,360.5274928106206,577.0,72.86247573815498,15.637575195679323,1422.0,238.73025792889524,51.35959040087116,283.0,48.573645188201475,10.674142627928667,0.0,0.0,0.0,0.0,0.0,0.0
2,0.0,0,359.97787095631924,567.0,72.03919933725221,14.935154796300093,1699.0,288.2331595585395,62.07263297634908,0.0,0.0,0.0,0.0,0.0,0.0,0.0,0.0,0.0
3,0.054,0,360.0148021462587,572.0,73.38834819672047,15.521844356883578,1697.0,285.3068502302524,61.25101504764675,0.0,0.0,0.0,8.0,0.7999999999999999,0.08000000000000002,97.0,0.5267250502685189,0.0028601987482512656
4,0.0,0,360.04499739397505,564.0,69.8083683808266,14.726845828434312,1736.0,290.26755460247176,62.178000761825004,0.0,0.0,0.0,0.0,0.0,0.0,0.0,0.0,0.0
5,0.054,0,360.0287403338952,558.0,73.08613302791721,15.162177071635048,1684.0,285.95031797945586,61.0656598083038,0.0,0.0,0.0,6.0,0.6,0.06000000000000001,91.0,0.4941441193240744,0.0026832792380501566
6,0.0,0,360.23755743833686,571.0,70.48255971391087,14.258466384500165,1693.0,289.7598055121365,63.1785794959479,0.0,0.0,0.0,0.0,0.0,0.0,0.0,0.0,0.0
7,0.054,0,360.6884877881684,567.0,73.75928966392303,15.843001808380015,1677.0,284.66793487438264,61.0279007060815,0.0,0.0,0.0,11.0,1.0999999999999999,0.11000000000000004,114.0,0.6190376879444449,0.0033614706938210745
