id,probability_maraud,successful_mating,next_foraging_time,foraging_events,foraging_hrs,foraging_sqhrs,staying_events,staying_hrs,staying_sqhrs,repairing_events,repairing_hrs,repairing_sqhrs,marauding_events,marauding_hrs,marauding_sqhrs,traveling_events,traveling_hrs,traveling_sqhrs
0,0.054,20,359.90655484059494,567.0,69.81330486044388,14.277052338583994,692.0,112.82220425650327,23.54196647496325,1040.0,176.53290499762184,38.13522211885989,7.0,0.7,0.07,38.0,0.2063458959814816,0.0011204902312736938
1,0.0,51,360.22812635939704,568.0,71.86555577996995,14.8730947673126,1402.0,245.89469221865056,53.934018784809375,248.0,42.25502229424249,8.773300366483314,0.0,0.0,0.0,0.0,0.0,0.0
2,0.0,0,360.59956671358344,553.0,72.13607284986655,15.793183517961754,1707.0,287.8895755742781,61.32745097130641,0.0,0.0,0.0,0.0,0.0,0.0,0.0,0.0,0.0
3,0.0,0,360.3718236893534,546.0,70.71113927535349,14.93585180073931,1705.0,289.56474092791086,62.75763760322946,0.0,0.0,0.0,0.0,0.0,0.0,0.0,0.0,0.0
4,0.054,0,360.3516956039629,556.0,70.81120756384938,15.117860084624413,1661.0,287.6165936054289,62.47027726052875,0.0,0.0,0.0,13.0,1.3,0.13000000000000006,106.0,0.5755964466851856,0.003125578013552929
5,0.054,0,360.0720160847935,579.0,70.3873366965432,14.2252902734694,1705.0,288.11411294013766,60.917439452220584,0.0,0.0,0.0,10.0,0.9999999999999999,0.10000000000000003,96.0,0.5212948951111115,0.0028307121632177475
6,0.0,0,360.31421804317335,557.0,69.23946409009353,13.948595900899278,1717.0,290.7986065288699,62.84391956889449,0.0,0.0,0.0,0.0,0.0,0.0,0.0,0.0,0.0
7,0.054,0,360.3055114318469,565.0,74.71874512924559,15.082314360835543,1718.0,284.3765053611113,61.148067246745924,0.0,0.0,0.0,6.0,0.6,0.06000000000000001,87.0,0.4724234986944448,0.002565332897916084
