id,probability_maraud,successful_mating,next_foraging_time,foraging_events,foraging_hrs,foraging_sqhrs,staying_events,staying_hrs,staying_sqhrs,repairing_events,repairing_hrs,repairing_sqhrs,marauding_events,marauding_hrs,marauding_sqhrs,traveling_events,traveling_hrs,traveling_sqhrs
0,0.054,5,360.42340403091276,555.0,72.20216446736383,15.951696257892616,1404.0,237.41986131974133,51.00509519100296,282.0,48.845619068248965,10.76240958438612,12.0,1.2,0.12000000000000005,64.0,0.3475299300740743,0.0018871414421451661
1,0.0,11,360.55781914655347,550.0,70.42270845058113,15.521896172200272,1315.0,222.44944225022974,48.202504043318136,395.0,67.2950731237964,14.69811913686954,0.0,0.0,0.0,0.0,0.0,0.0
2,0.0,11,360.14275791029036,560.0,73.02201374767738,15.574039414332976,1418.0,244.524125913259,52.69741443651603,256.0,42.60926143932666,9.102242134487636,0.0,0.0,0.0,0.0,0.0,0.0
3,0.054,9,360.4843030352202,569.0,70.11359538397622,14.348450890516242,1462.0,250.76088680576476,54.60942089327641,206.0,36.84083277409546,8.208114229711882,19.0,1.9000000000000006,0.1900000000000001,71.0,0.3855410161759262,0.0020935475373797933
4,0.0,8,360.22150669195327,573.0,70.84283181291482,13.994407841832366,1453.0,246.58596817133568,52.8615398964463,254.0,42.671562108875676,9.042430079772684,0.0,0.0,0.0,0.0,0.0,0.0
5,0.054,5,360.2796490460393,565.0,70.96762583377048,14.762001414923702,1468.0,244.39305170230233,51.60248494235345,268.0,42.5409761029088,8.510244700753972,17.0,1.7000000000000004,0.1700000000000001,86.0,0.46699334353703736,0.002535846312882566
6,0.0,14,360.39257404320546,557.0,71.96393196080165,15.713809850098839,1529.0,263.6519888644533,57.84506070187962,136.0,24.406402190461115,5.436710882671517,0.0,0.0,0.0,0.0,0.0,0.0
7,0.054,9,360.222237030554,572.0,73.29448163480465,16.06608238496733,1294.0,217.70753236790182,46.60938372559438,404.0,67.40442728335694,13.920653910737448,13.0,1.3,0.13000000000000006,79.0,0.4289822574351855,0.0023294402176479386
