id,probability_maraud,successful_mating,next_foraging_time,foraging_events,foraging_hrs,foraging_sqhrs,staying_events,staying_hrs,staying_sqhrs,repairing_events,repairing_hrs,repairing_sqhrs,marauding_events,marauding_hrs,marauding_sqhrs,traveling_events,traveling_hrs,traveling_sqhrs
0,0.054,11,360.23315377676323,579.0,67.60321289376171,13.511954544485087,1440.0,247.2597583743595,53.68487400863936,260.0,42.66607541665372,8.843685087006044,20.0,2.0000000000000004,0.20000000000000012,110.0,0.5973170673148153,0.003243524353687002
1,0.0,7,360.1596493989549,568.0,73.38800435179242,15.190788314670606,1401.0,240.73963335861615,52.12079703259698,279.0,45.872984301019294,9.766566525947445,0.0,0.0,0.0,0.0,0.0,0.0
2,0.0,5,360.46809382359805,563.0,72.80811235291687,15.116899656861294,1260.0,214.23715253312264,46.00210493571695,436.0,72.99570435815944,15.618218096386334,0.0,0.0,0.0,0.0,0.0,0.0
3,0.054,9,360.0896792818698,577.0,70.44003372598917,14.624548092936958,1504.0,251.07213558277638,52.992277512659065,224.0,36.32684756097477,7.680105424075713,18.0,1.8000000000000005,0.1800000000000001,94.0,0.5104345847962967,0.002771738993150711
4,0.0,11,360.1247396100556,559.0,70.0679223903223,14.70000327304557,1379.0,229.21121652600496,48.42855767950774,364.0,60.89783093489406,12.699819656233464,0.0,0.0,0.0,0.0,0.0,0.0
5,0.0,12,360.24927002753736,563.0,72.35366511873652,15.97024465583332,1485.0,251.04156732263843,53.822239484136674,221.0,36.701779693916095,7.750526396351878,0.0,0.0,0.0,0.0,0.0,0.0
6,0.054,9,360.1095896502965,564.0,68.06523517547816,13.80769272443689,1428.0,240.6192278802975,51.8536069981336,299.0,49.09021795923414,10.22471591274816,18.0,1.8000000000000005,0.1800000000000001,88.0,0.4778536538518522,0.002594819482949602
7,0.054,8,360.19644476407365,576.0,72.73084242114045,15.135989361810973,1333.0,231.11868989038365,50.88363881628133,325.0,54.898211952655444,11.721311292810695,10.0,0.9999999999999999,0.10000000000000003,68.0,0.36925055070370394,0.002005087782279239
