id,probability_maraud,successful_mating,next_foraging_time,foraging_events,foraging_hrs,foraging_sqhrs,staying_events,staying_hrs,staying_sqhrs,repairing_events,repairing_hrs,repairing_sqhrs,marauding_events,marauding_hrs,marauding_sqhrs,traveling_events,traveling_hrs,traveling_sqhrs
0,0.054,7,360.79806660728013,559.0,72.17795386000917,15.511771012919686,1376.0,230.62381907325917,49.19948613810881,313.0,55.31045308095441,12.272556508308138,16.0,1.6000000000000003,0.1600000000000001,89.0,0.4832838090092596,0.0026243060679831203
1,0.0,6,360.0083024475482,570.0,69.19173177005695,14.355280302875054,1428.0,242.1282437768804,52.368708561995106,308.0,48.96370952823909,9.886563469941295,0.0,0.0,0.0,0.0,0.0,0.0
2,0.0,6,360.1776950043372,548.0,75.16980428097666,16.623947732793443,1217.0,206.00997923145314,43.892267935043016,475.0,79.17550509137169,16.884378907066225,0.0,0.0,0.0,0.0,0.0,0.0
3,0.0,9,360.2712878332621,560.0,71.72683788712628,14.75089879110235,1485.0,251.45902234115536,53.69719852295899,226.0,36.88037774487515,7.842655018483063,0.0,0.0,0.0,0.0,0.0,0.0
4,0.0,11,360.0906452165817,556.0,70.02951767184737,14.830199002247795,1458.0,247.15393638245726,53.03817981799666,262.0,42.82893881237289,9.02111545820208,0.0,0.0,0.0,0.0,0.0,0.0
5,0.054,14,360.17651312826075,565.0,69.68902380090424,14.076781020440455,1401.0,239.49302037281655,52.14311299600539,286.0,48.91170401860639,10.919796317418674,16.0,1.6000000000000003,0.1600000000000001,90.0,0.488713964166667,0.0026537926530166385
6,0.054,10,359.98443381932515,566.0,68.53589420113396,13.591496302593448,1370.0,231.01546039467868,49.49909880094512,354.0,58.887258847937495,12.797483285354517,13.0,1.3,0.13000000000000006,79.0,0.4289822574351855,0.0023294402176479386
7,0.054,9,360.27335093323654,554.0,74.18242898747002,16.195675224439352,1441.0,246.35690267086966,53.33864955549765,221.0,36.78301289303278,7.8095692498077645,22.0,2.2000000000000006,0.22000000000000014,101.0,0.5484456708981486,0.0029781450883853383
