id,probability_maraud,successful_mating,next_foraging_time,foraging_events,foraging_hrs,foraging_sqhrs,staying_events,staying_hrs,staying_sqhrs,repairing_events,repairing_hrs,repairing_sqhrs,marauding_events,marauding_hrs,marauding_sqhrs,traveling_events,traveling_hrs,traveling_sqhrs
0,0.0,20,360.5888037081127,577.0,72.96212413293192,15.557115410647874,690.0,118.5186642330739,25.506114842607953,1018.0,168.68781457602114,35.40188184135448,0.0,0.0,0.0,0.0,0.0,0.0
1,0.054,52,360.29430076068036,564.0,70.46791220410208,14.592791875803355,1673.0,288.2783961097343,62.484739047423496,0.0,0.0,0.0,7.0,0.7,0.07,105.0,0.5701662915277782,0.003096091428519411
2,0.054,0,360.3205202086297,573.0,70.97947489546529,14.454674344688183,1688.0,287.71780155203203,62.527207342358494,0.0,0.0,0.0,7.0,0.7,0.07,111.0,0.6027472224722227,0.00327301093872052
3,0.0,0,360.5532435284209,587.0,71.06733256198878,14.621529815940463,1733.0,289.13404054609157,61.11624692880771,0.0,0.0,0.0,0.0,0.0,0.0,0.0,0.0,0.0
4,0.0,0,360.46713071303134,576.0,69.44288623685318,13.981399481830174,1728.0,290.7236936855638,61.695220453294866,0.0,0.0,0.0,0.0,0.0,0.0,0.0,0.0,0.0
5,0.054,0,360.0070388858901,555.0,73.80800288797438,16.41515503694394,1631.0,285.22558354111817,62.25154664975135,0.0,0.0,0.0,5.0,0.5,0.05000000000000001,94.0,0.5104345847962967,0.002771738993150711
6,0.054,0,359.92241893590295,546.0,65.75601586273807,13.155654181426401,1732.0,292.8643572206137,63.39133265200497,0.0,0.0,0.0,9.0,0.8999999999999999,0.09000000000000002,99.0,0.5375853605833337,0.002919171918318302
7,0.0,0,360.47526055239626,568.0,73.30592829597502,14.896542085038998,1716.0,286.831357642371,61.36010013599603,0.0,0.0,0.0,0.0,0.0,0.0,0.0,0.0,0.0
