id,probability_maraud,successful_mating,next_foraging_time,foraging_events,foraging_hrs,foraging_sqhrs,staying_events,staying_hrs,staying_sqhrs,repairing_events,repairing_hrs,repairing_sqhrs,marauding_events,marauding_hrs,marauding_sqhrs,traveling_events,traveling_hrs,traveling_sqhrs
0,0.054,13,360.49543157212076,567.0,70.00728960618856,13.56891869883256,1351.0,228.31889342422787,49.10788480477127,335.0,59.84899590681664,13.274102037104386,15.0,1.5000000000000002,0.15000000000000008,67.0,0.3638203955462965,0.0019756011972457206
1,0.054,11,360.0714212712622,562.0,69.53436760666563,13.633577961076757,1637.0,276.3692123000595,59.209910087811096,76.0,12.03317278239,2.31488126280887,17.0,1.7000000000000004,0.1700000000000001,86.0,0.46699334353703736,0.002535846312882566
2,0.0,6,360.20280873178575,560.0,66.43914371290835,12.594169701847225,1439.0,245.03204470949296,52.58740530440551,278.0,48.710594782424884,10.675182879703863,0.0,0.0,0.0,0.0,0.0,0.0
3,0.0,7,360.27249081183845,570.0,71.58826806957165,14.263308262353862,1417.0,239.82828413230433,50.803190689307065,289.0,48.6530156316779,10.160858672338101,0.0,0.0,0.0,0.0,0.0,0.0
4,0.0,12,360.22471421126494,579.0,72.16714408496033,15.598370208245257,1546.0,263.71007460570604,57.24607714193183,156.0,24.135809590034647,4.755801316442219,0.0,0.0,0.0,0.0,0.0,0.0
5,0.054,11,360.4738620247164,566.0,70.17291088590257,14.586306443765352,1358.0,233.53807809936794,50.782767663553244,307.0,54.89222462412741,12.088627931900225,10.0,0.9999999999999999,0.10000000000000003,79.0,0.4289822574351855,0.0023294402176479386
6,0.054,6,360.3148757833534,561.0,71.39109540335198,14.877549879604336,1441.0,245.61499177646982,52.815933302959465,244.0,41.04819029890897,8.871648926790206,16.0,1.6000000000000003,0.1600000000000001,88.0,0.4778536538518522,0.002594819482949602
7,0.0,6,360.48939785654835,565.0,73.53384543347272,15.336679243658256,1331.0,225.8758220353424,48.53479964576462,354.0,60.77877973070445,13.16618697113168,0.0,0.0,0.0,0.0,0.0,0.0
