id,probability_maraud,successful_mating,next_foraging_time,foraging_events,foraging_hrs,foraging_sqhrs,staying_events,staying_hrs,staying_sqhrs,repairing_events,repairing_hrs,repairing_sqhrs,marauding_events,marauding_hrs,marauding_sqhrs,traveling_events,traveling_hrs,traveling_sqhrs
0,0.054,10,360.15326945934675,570.0,69.92779197769615,14.324472110127656,1547.0,257.34259071020995,53.833127108566856,178.0,30.57863873102781,6.69427644927464,17.0,1.7000000000000004,0.1700000000000001,89.0,0.4832838090092596,0.0026243060679831203
1,0.054,8,359.77665775411236,566.0,70.10475105543098,14.571786234965757,1343.0,224.51623810076012,47.73946775344928,372.0,63.68934242239387,13.459263751933548,13.0,1.3,0.13000000000000006,76.0,0.41269179196296324,0.002240980462547384
2,0.0,9,360.03794345324474,575.0,71.46055008809249,14.339640222113735,1502.0,252.03993552015393,53.34553747072598,228.0,36.65266966811424,7.633980141329619,0.0,0.0,0.0,0.0,0.0,0.0
3,0.0,9,360.12976405281194,558.0,70.21842723252266,14.413113149410774,1285.0,222.09964014512272,48.79828067280312,401.0,67.71767643535306,14.340319303929787,0.0,0.0,0.0,0.0,0.0,0.0
4,0.0,9,360.10394420444976,565.0,72.24020608624521,16.003592893279908,1521.0,255.27642119258206,54.66568490292354,173.0,32.631583825414396,7.385868441287649,0.0,0.0,0.0,0.0,0.0,0.0
5,0.054,10,360.4250536223546,568.0,73.24103183489846,15.490128116273292,1449.0,248.10012663959108,53.115125169412735,222.0,36.56988886553986,7.6047711555129585,17.0,1.7000000000000004,0.1700000000000001,84.0,0.45613303322222254,0.0024768731428155295
6,0.054,7,360.3798738559839,567.0,70.23519316528558,14.290168072300496,1352.0,233.22996510298526,50.74446133392219,328.0,54.77428542775889,11.791832088374406,14.0,1.4000000000000001,0.14000000000000007,76.0,0.41269179196296324,0.002240980462547384
7,0.0,10,360.00448254830627,553.0,74.53752269637991,17.031142002799083,1426.0,242.7588393023907,52.695076437092006,248.0,42.91291567547284,9.541629950883937,0.0,0.0,0.0,0.0,0.0,0.0
