id,probability_maraud,successful_mating,next_foraging_time,foraging_events,foraging_hrs,foraging_sqhrs,staying_events,staying_hrs,staying_sqhrs,repairing_events,repairing_hrs,repairing_sqhrs,marauding_events,marauding_hrs,marauding_sqhrs,traveling_events,traveling_hrs,traveling_sqhrs
0,0.0,24,360.6168386684393,565.0,75.14783346892692,16.562134186956175,556.0,91.94090775893001,19.37860369034511,1156.0,193.00402837543706,41.30380788044143,0.0,0.0,0.0,0.0,0.0,0.0
1,0.0,48,359.7787798562927,559.0,64.40702479943472,12.130934972486578,1748.0,295.6148142919459,63.07520137205084,0.0,0.0,0.0,0.0,0.0,0.0,0.0,0.0,0.0
2,0.054,0,359.95871499131533,568.0,69.4241192918589,14.82265487163788,1708.0,288.8550569574493,61.420910021088076,0.0,0.0,0.0,11.0,1.0999999999999999,0.11000000000000004,119.0,0.646188463731482,0.0035089036189886653
3,0.054,0,359.92399189565265,577.0,69.48771213927506,13.835378567552056,1721.0,289.08667166745096,61.460559522759155,0.0,0.0,0.0,9.0,0.8999999999999999,0.09000000000000002,101.0,0.5484456708981486,0.0029781450883853383
4,0.054,0,360.1022732777067,563.0,71.43067423290817,14.722582767141365,1688.0,287.372606961442,62.62800297016034,0.0,0.0,0.0,7.0,0.7,0.07,96.0,0.5212948951111115,0.0028307121632177475
5,0.0,0,360.25151400761723,572.0,66.21880120609882,13.733528420887229,1747.0,293.86861873007814,63.48394537766087,0.0,0.0,0.0,0.0,0.0,0.0,0.0,0.0,0.0
6,0.054,0,360.2001631145607,567.0,70.46886691888972,14.3325536326811,1728.0,288.5949636164053,61.8630067035812,0.0,0.0,0.0,5.0,0.5,0.05000000000000001,99.0,0.5375853605833337,0.002919171918318302
7,0.0,0,360.2961660908615,567.0,71.59556169234655,13.754503636524973,1703.0,288.4736806382535,61.904271151226,0.0,0.0,0.0,0.0,0.0,0.0,0.0,0.0,0.0
