id,probability_maraud,successful_mating,next_foraging_time,foraging_events,foraging_hrs,foraging_sqhrs,staying_events,staying_hrs,staying_sqhrs,repairing_events,repairing_hrs,repairing_sqhrs,marauding_events,marauding_hrs,marauding_sqhrs,traveling_events,traveling_hrs,traveling_sqhrs
0,0.0,5,360.25016341478664,576.0,70.01144286002969,14.19857659847744,1411.0,235.2978416552716,49.06946092242366,323.0,55.005555146046376,12.06920590379392,0.0,0.0,0.0,0.0,0.0,0.0
1,0.027,13,359.9328617447247,589.0,71.10820586626086,13.87114119490339,1695.0,287.62787222205543,61.560932495813994,0.0,0.0,0.0,9.0,0.8999999999999999,0.09000000000000002,43.0,0.46595996572546294,0.005049271852531964
