id,probability_maraud,successful_mating,next_foraging_time,foraging_events,foraging_hrs,foraging_sqhrs,staying_events,staying_hrs,staying_sqhrs,repairing_events,repairing_hrs,repairing_sqhrs,marauding_events,marauding_hrs,marauding_sqhrs,traveling_events,traveling_hrs,traveling_sqhrs
0,0.0,8,360.3515123264065,559.0,66.90806038657699,13.195040953716695,1255.0,213.91990629513094,46.53101685827115,479.0,79.29844823113459,16.569048677863634,0.0,0.0,0.0,0.0,0.0,0.0
1,0.027,10,360.1445099446438,567.0,71.40834145436129,15.603888759120904,1673.0,286.7048057153387,61.608088888086705,0.0,0.0,0.0,13.0,1.3,0.13000000000000006,58.0,0.6285041398157407,0.006810645754577996
