id,probability_maraud,successful_mating,next_foraging_time,foraging_events,foraging_hrs,foraging_sqhrs,staying_events,staying_hrs,staying_sqhrs,repairing_events,repairing_hrs,repairing_sqhrs,marauding_events,marauding_hrs,marauding_sqhrs,traveling_events,traveling_hrs,traveling_sqhrs
0,0.0,5,359.9192288586352,565.0,76.74343963005076,16.971457603083007,1446.0,240.4642064993085,51.48081153805777,256.0,42.84411015038317,9.152936588770851,0.0,0.0,0.0,0.0,0.0,0.0
1,0.027,13,360.355812911855,572.0,71.13252542394902,15.550580066592987,1753.0,287.79246394666137,61.101717646717105,0.0,0.0,0.0,7.0,0.7,0.07,40.0,0.4334511309074074,0.004696997072122757
