id,probability_maraud,successful_mating,next_foraging_time,foraging_events,foraging_hrs,foraging_sqhrs,staying_events,staying_hrs,staying_sqhrs,repairing_events,repairing_hrs,repairing_sqhrs,marauding_events,marauding_hrs,marauding_sqhrs,traveling_events,traveling_hrs,traveling_sqhrs
0,0.0,10,360.09607624567406,576.0,68.90151961460148,13.244599938734618,1566.0,261.6593515680282,56.45808867367084,167.0,29.542273591763266,6.455392049243253,0.0,0.0,0.0,0.0,0.0,0.0
1,0.027,8,360.3812806161584,558.0,68.79295106211781,14.545854523038146,1713.0,290.31079241864836,62.95699590963135,0.0,0.0,0.0,5.0,0.5,0.05000000000000001,54.0,0.585159026725,0.006340946047365721
