id,probability_maraud,successful_mating,next_foraging_time,foraging_events,foraging_hrs,foraging_sqhrs,staying_events,staying_hrs,staying_sqhrs,repairing_events,repairing_hrs,repairing_sqhrs,marauding_events,marauding_hrs,marauding_sqhrs,traveling_events,traveling_hrs,traveling_sqhrs
0,0.0,9,360.024461867201,564.0,69.82466436266473,14.16251980759042,1533.0,259.57385512034955,55.42852327458854,179.0,30.736563746717447,6.5248762921743335,0.0,0.0,0.0,0.0,0.0,0.0
1,0.027,9,359.89772905564746,572.0,69.06826372682792,13.612553854027347,1694.0,290.025870461972,62.5436339221051,0.0,0.0,0.0,5.0,0.5,0.05000000000000001,48.0,0.5201413570888889,0.005636396486547308
