id,probability_maraud,successful_mating,next_foraging_time,foraging_events,foraging_hrs,foraging_sqhrs,staying_events,staying_hrs,staying_sqhrs,repairing_events,repairing_hrs,repairing_sqhrs,marauding_events,marauding_hrs,marauding_sqhrs,traveling_events,traveling_hrs,traveling_sqhrs
0,0.0,7,360.11624031127576,568.0,71.29845810417173,15.492619109691072,1577.0,264.14657614639657,56.29480846878833,140.0,24.588585199678107,5.314735706969094,0.0,0.0,0.0,0.0,0.0,0.0
1,0.027,11,360.07396053422497,566.0,72.70471101770876,15.177550541547479,1675.0,286.60557807073866,61.62525077251457,0.0,0.0,0.0,4.0,0.4,0.04000000000000001,30.0,0.32508834818055554,0.0035227478040920687
