id,probability_maraud,successful_mating,next_foraging_time,foraging_events,foraging_hrs,foraging_sqhrs,staying_events,staying_hrs,staying_sqhrs,repairing_events,repairing_hrs,repairing_sqhrs,marauding_events,marauding_hrs,marauding_sqhrs,traveling_events,traveling_hrs,traveling_sqhrs
0,0.0,5,360.0284139700191,567.0,74.2695261545794,16.14180533218572,1392.0,237.18079735265795,50.411458357886694,282.0,48.711703253757136,10.782507892625238,0.0,0.0,0.0,0.0,0.0,0.0
1,0.027,13,360.9875319784901,557.0,68.77496676842722,14.32949910411546,1699.0,290.2122669157564,62.59061340111249,0.0,0.0,0.0,8.0,0.7999999999999999,0.08000000000000002,56.0,0.6068315832703703,0.0065757959009718585
