id,probability_maraud,successful_mating,next_foraging_time,foraging_events,foraging_hrs,foraging_sqhrs,staying_events,staying_hrs,staying_sqhrs,repairing_events,repairing_hrs,repairing_sqhrs,marauding_events,marauding_hrs,marauding_sqhrs,traveling_events,traveling_hrs,traveling_sqhrs
0,0.0,5,360.27784630455756,559.0,69.28374373514393,13.863009477037677,1445.0,242.06431352537032,51.5004945027432,284.0,49.02372780756085,10.505077240716622,0.0,0.0,0.0,0.0,0.0,0.0
1,0.027,13,359.85811853295615,562.0,73.06041514784278,15.761771254569164,1713.0,285.65805725532954,60.367809468377324,0.0,0.0,0.0,8.0,0.7999999999999999,0.08000000000000002,46.0,0.4984688005435185,0.00540154663294117
