id,probability_maraud,successful_mating,next_foraging_time,foraging_events,foraging_hrs,foraging_sqhrs,staying_events,staying_hrs,staying_sqhrs,repairing_events,repairing_hrs,repairing_sqhrs,marauding_events,marauding_hrs,marauding_sqhrs,traveling_events,traveling_hrs,traveling_sqhrs
0,0.0,5,359.9537803316366,581.0,72.20617312805128,14.438622501417589,1293.0,220.07812842806388,47.20496015832069,388.0,67.81460826138458,15.01891038769366,0.0,0.0,0.0,0.0,0.0,0.0
1,0.027,13,360.0048059457621,556.0,72.44431915322139,16.06093919814862,1700.0,285.95436978854525,60.75455032670221,0.0,0.0,0.0,11.0,1.0999999999999999,0.11000000000000004,51.0,0.5526501919069444,0.005988671266956514
