id,probability_maraud,successful_mating,next_foraging_time,foraging_events,foraging_hrs,foraging_sqhrs,staying_events,staying_hrs,staying_sqhrs,repairing_events,repairing_hrs,repairing_sqhrs,marauding_events,marauding_hrs,marauding_sqhrs,traveling_events,traveling_hrs,traveling_sqhrs
0,0.0,4,360.3812444939599,575.0,68.58761128883582,13.844066670838382,1319.0,224.34958909561834,48.148747115771336,395.0,67.13766484622901,14.453594793793354,0.0,0.0,0.0,0.0,0.0,0.0
1,0.027,14,360.0456579041512,574.0,70.02675637826192,13.766978434755922,1729.0,288.4495700263722,60.91574774194776,0.0,0.0,0.0,11.0,1.0999999999999999,0.11000000000000004,49.0,0.530977635361574,0.005753821413350377
