id,probability_maraud,successful_mating,next_foraging_time,foraging_events,foraging_hrs,foraging_sqhrs,staying_events,staying_hrs,staying_sqhrs,repairing_events,repairing_hrs,repairing_sqhrs,marauding_events,marauding_hrs,marauding_sqhrs,traveling_events,traveling_hrs,traveling_sqhrs
0,0.0,8,360.51611383748036,565.0,68.98906389518305,14.119040839679073,1546.0,260.48503890296007,55.519998490495844,173.0,30.58055395647024,6.906128886978118,0.0,0.0,0.0,0.0,0.0,0.0
1,0.027,10,360.33561682968053,557.0,70.22213633500543,14.41064638379436,1719.0,288.84711165974556,61.811918634186945,0.0,0.0,0.0,5.0,0.5,0.05000000000000001,53.0,0.5743227484523148,0.006223521120562652
