id,probability_maraud,successful_mating,next_foraging_time,foraging_events,foraging_hrs,foraging_sqhrs,staying_events,staying_hrs,staying_sqhrs,repairing_events,repairing_hrs,repairing_sqhrs,marauding_events,marauding_hrs,marauding_sqhrs,traveling_events,traveling_hrs,traveling_sqhrs
0,0.0,10,360.41786146792066,566.0,74.9122285653139,16.159730613751805,1502.0,248.48872296355236,52.824142502379125,218.0,36.64461635832624,7.947926942263861,0.0,0.0,0.0,0.0,0.0,0.0
1,0.027,8,360.59415057097686,569.0,70.4320424528915,14.378794340496045,1691.0,288.4643702390769,63.09976267305797,0.0,0.0,0.0,6.0,0.6,0.06000000000000001,48.0,0.5201413570888889,0.005636396486547308
