id,probability_maraud,successful_mating,next_foraging_time,foraging_events,foraging_hrs,foraging_sqhrs,staying_events,staying_hrs,staying_sqhrs,repairing_events,repairing_hrs,repairing_sqhrs,marauding_events,marauding_hrs,marauding_sqhrs,traveling_events,traveling_hrs,traveling_sqhrs
0,0.0,10,360.37147775377775,570.0,73.35586309697868,15.82735337126691,1624.0,268.4847882011312,56.263403810707516,108.0,18.49824912887126,4.088779532965955,0.0,0.0,0.0,0.0,0.0,0.0
1,0.027,8,359.90861954505544,565.0,70.56340764453007,14.305282466355871,1716.0,288.958284119731,62.21015229555523,0.0,0.0,0.0,3.0,0.30000000000000004,0.030000000000000006,27.0,0.2925795133625,0.003170473023682862
