id,probability_maraud,successful_mating,next_foraging_time,foraging_events,foraging_hrs,foraging_sqhrs,staying_events,staying_hrs,staying_sqhrs,repairing_events,repairing_hrs,repairing_sqhrs,marauding_events,marauding_hrs,marauding_sqhrs,traveling_events,traveling_hrs,traveling_sqhrs
0,0.0,7,360.7766448594569,560.0,69.63206414412899,14.562957696622004,1492.0,254.07284808552546,54.14126505905934,226.0,36.510862790077674,7.559151752227253,0.0,0.0,0.0,0.0,0.0,0.0
1,0.027,11,360.0992197014698,562.0,69.32112541135257,13.400062906816741,1723.0,289.6849891689787,62.0225729301706,0.0,0.0,0.0,6.0,0.6,0.06000000000000001,43.0,0.46595996572546294,0.005049271852531964
