id,probability_maraud,successful_mating,next_foraging_time,foraging_events,foraging_hrs,foraging_sqhrs,staying_events,staying_hrs,staying_sqhrs,repairing_events,repairing_hrs,repairing_sqhrs,marauding_events,marauding_hrs,marauding_sqhrs,traveling_events,traveling_hrs,traveling_sqhrs
0,0.0,7,360.57829005505187,565.0,70.33203079750788,15.152790472176882,1490.0,253.3088245388982,54.090542339919956,204.0,36.54534364150507,8.277177793046244,0.0,0.0,0.0,0.0,0.0,0.0
1,0.027,11,360.0062905770007,565.0,69.96645206988553,15.075521258619506,1684.0,289.0303523836856,62.31855349858099,0.0,0.0,0.0,6.0,0.6,0.06000000000000001,39.0,0.4226148526347222,0.004579572145319688
