id,probability_maraud,successful_mating,next_foraging_time,foraging_events,foraging_hrs,foraging_sqhrs,staying_events,staying_hrs,staying_sqhrs,repairing_events,repairing_hrs,repairing_sqhrs,marauding_events,marauding_hrs,marauding_sqhrs,traveling_events,traveling_hrs,traveling_sqhrs
0,0.0,7,360.5324136204789,568.0,73.79198124157585,15.744326003919026,1482.0,255.9217056020684,56.31291757126116,179.0,30.483654072463167,6.61222951631723,0.0,0.0,0.0,0.0,0.0,0.0
1,0.027,11,360.5487863733764,564.0,71.80060026380777,15.492663687732048,1708.0,287.322039401177,60.82744689706972,0.0,0.0,0.0,5.0,0.5,0.05000000000000001,41.0,0.4442874091800926,0.004814421998925826
