id,probability_maraud,successful_mating,next_foraging_time,foraging_events,foraging_hrs,foraging_sqhrs,staying_events,staying_hrs,staying_sqhrs,repairing_events,repairing_hrs,repairing_sqhrs,marauding_events,marauding_hrs,marauding_sqhrs,traveling_events,traveling_hrs,traveling_sqhrs
0,0.0,7,360.1673598878776,555.0,75.56114817378806,17.88669126072608,1418.0,242.10382606523925,51.92339835762611,265.0,42.5202164333062,8.56222674855468,0.0,0.0,0.0,0.0,0.0,0.0
1,0.027,11,360.7983460991545,568.0,71.03067773397262,15.115874989761942,1716.0,287.47343665884114,61.04194256839514,0.0,0.0,0.0,7.0,0.7,0.07,74.0,0.8018845921787037,0.008689444583427105
