id,probability_maraud,successful_mating,next_foraging_time,foraging_events,foraging_hrs,foraging_sqhrs,staying_events,staying_hrs,staying_sqhrs,repairing_events,repairing_hrs,repairing_sqhrs,marauding_events,marauding_hrs,marauding_sqhrs,traveling_events,traveling_hrs,traveling_sqhrs
0,0.0,7,360.084994908672,557.0,71.80637119873998,15.523947451987555,1467.0,251.76204277477402,54.735470217209134,208.0,36.612504310803814,7.9932416338516905,0.0,0.0,0.0,0.0,0.0,0.0
1,0.027,11,360.38632875552827,550.0,71.59102409378053,15.384834629872215,1695.0,287.589391239902,61.93496882491698,0.0,0.0,0.0,6.0,0.6,0.06000000000000001,41.0,0.4442874091800926,0.004814421998925826
