id,probability_maraud,successful_mating,next_foraging_time,foraging_events,foraging_hrs,foraging_sqhrs,staying_events,staying_hrs,staying_sqhrs,repairing_events,repairing_hrs,repairing_sqhrs,marauding_events,marauding_hrs,marauding_sqhrs,traveling_events,traveling_hrs,traveling_sqhrs
0,0.0,8,360.4105093421773,561.0,73.35794005945736,15.70203037937171,1410.0,237.79991038941586,51.126634335462384,282.0,48.97058175538758,10.975983379274485,0.0,0.0,0.0,0.0,0.0,0.0
1,0.027,10,360.1003059954301,566.0,69.24014072835816,13.415917582162235,1721.0,289.5211311915343,61.84347776360814,0.0,0.0,0.0,8.0,0.7999999999999999,0.08000000000000002,53.0,0.5743227484523148,0.006223521120562652
