id,probability_maraud,successful_mating,next_foraging_time,foraging_events,foraging_hrs,foraging_sqhrs,staying_events,staying_hrs,staying_sqhrs,repairing_events,repairing_hrs,repairing_sqhrs,marauding_events,marauding_hrs,marauding_sqhrs,traveling_events,traveling_hrs,traveling_sqhrs
0,0.0,8,360.026603797288,565.0,68.57152381438338,14.665376932755706,1474.0,248.1842436311488,52.82373479192078,262.0,43.35028109857707,9.030001886497542,0.0,0.0,0.0,0.0,0.0,0.0
1,0.027,10,360.0231177356937,572.0,67.73033663674549,13.398774345904222,1714.0,291.1774887818326,63.23028699015826,0.0,0.0,0.0,8.0,0.7999999999999999,0.08000000000000002,57.0,0.6176678615430555,0.006693220827774927
