id,probability_maraud,successful_mating,next_foraging_time,foraging_events,foraging_hrs,foraging_sqhrs,staying_events,staying_hrs,staying_sqhrs,repairing_events,repairing_hrs,repairing_sqhrs,marauding_events,marauding_hrs,marauding_sqhrs,traveling_events,traveling_hrs,traveling_sqhrs
0,0.0,7,359.92347179817125,572.0,67.61398822838775,12.69743428887481,1491.0,251.8008058895422,53.85739863391837,236.0,40.6087064040707,8.823291941726838,0.0,0.0,0.0,0.0,0.0,0.0
1,0.027,11,360.27774351715857,574.0,72.90487606945545,15.50645772494154,1682.0,286.01798010952086,61.28904650742881,0.0,0.0,0.0,7.0,0.7,0.07,39.0,0.4226148526347222,0.004579572145319688
