id,probability_maraud,successful_mating,next_foraging_time,foraging_events,foraging_hrs,foraging_sqhrs,staying_events,staying_hrs,staying_sqhrs,repairing_events,repairing_hrs,repairing_sqhrs,marauding_events,marauding_hrs,marauding_sqhrs,traveling_events,traveling_hrs,traveling_sqhrs
0,0.0,7,360.207498368317,565.0,70.84851808067637,14.598513448025324,1497.0,258.48158814138924,56.08573136957752,174.0,30.735594031887434,6.773521939269031,0.0,0.0,0.0,0.0,0.0,0.0
1,0.027,11,360.37175320196354,567.0,70.77501974433389,14.473250988434488,1699.0,288.3050744848093,61.80830081098935,0.0,0.0,0.0,5.0,0.5,0.05000000000000001,47.0,0.5093050788162037,0.005518971559744239
