id,probability_maraud,successful_mating,next_foraging_time,foraging_events,foraging_hrs,foraging_sqhrs,staying_events,staying_hrs,staying_sqhrs,repairing_events,repairing_hrs,repairing_sqhrs,marauding_events,marauding_hrs,marauding_sqhrs,traveling_events,traveling_hrs,traveling_sqhrs
0,0.0,7,360.396873918233,561.0,72.27665684568372,15.369672415480107,1505.0,252.2587709284588,53.879395718777346,207.0,35.65945050747792,7.580405485614137,0.0,0.0,0.0,0.0,0.0,0.0
1,0.027,11,360.2712439586787,559.0,69.50008331677114,14.038329444052579,1704.0,289.80006736151233,62.868203778737644,0.0,0.0,0.0,6.0,0.6,0.06000000000000001,39.0,0.211776051138889,0.001149976816307212
