id,probability_maraud,successful_mating,next_foraging_time,foraging_events,foraging_hrs,foraging_sqhrs,staying_events,staying_hrs,staying_sqhrs,repairing_events,repairing_hrs,repairing_sqhrs,marauding_events,marauding_hrs,marauding_sqhrs,traveling_events,traveling_hrs,traveling_sqhrs
0,0.0,6,360.63630458097396,576.0,69.7746921668823,14.262824816430028,1258.0,216.68043342208915,46.01622152213191,428.0,73.59662262097032,15.798605296580089,0.0,0.0,0.0,0.0,0.0,0.0
1,0.027,12,360.1958351535893,576.0,73.353326077538,16.753989537535993,1702.0,285.435474766684,60.09030801791625,0.0,0.0,0.0,12.0,1.2,0.12000000000000005,47.0,0.2552172923981483,0.0013858694965753573
