id,probability_maraud,successful_mating,next_foraging_time,foraging_events,foraging_hrs,foraging_sqhrs,staying_events,staying_hrs,staying_sqhrs,repairing_events,repairing_hrs,repairing_sqhrs,marauding_events,marauding_hrs,marauding_sqhrs,traveling_events,traveling_hrs,traveling_sqhrs
0,0.0,5,360.5524769808977,548.0,69.83814778145208,15.323547660929384,1485.0,253.66527273750268,54.46386380129422,216.0,36.53843032246854,7.767460919185413,0.0,0.0,0.0,0.0,0.0,0.0
1,0.027,13,360.16496286304624,574.0,70.70663287006128,14.913075852991783,1695.0,288.4647806721487,62.57582912676181,0.0,0.0,0.0,6.0,0.6,0.06000000000000001,45.0,0.24435698208333348,0.001326896326508321
