id,probability_maraud,successful_mating,next_foraging_time,foraging_events,foraging_hrs,foraging_sqhrs,staying_events,staying_hrs,staying_sqhrs,repairing_events,repairing_hrs,repairing_sqhrs,marauding_events,marauding_hrs,marauding_sqhrs,traveling_events,traveling_hrs,traveling_sqhrs
0,0.0,6,360.67027097200264,560.0,72.24927752227093,15.162047564106814,1388.0,239.38630872909872,52.04262242374069,298.0,48.747782421164274,9.932454998173672,0.0,0.0,0.0,0.0,0.0,0.0
1,0.027,12,360.28429537492514,577.0,67.60645997101003,13.015893337288977,1711.0,291.4062260276355,63.21757470135481,0.0,0.0,0.0,8.0,0.7999999999999999,0.08000000000000002,35.0,0.19005543050925935,0.0010320304761731393
