id,probability_maraud,successful_mating,next_foraging_time,foraging_events,foraging_hrs,foraging_sqhrs,staying_events,staying_hrs,staying_sqhrs,repairing_events,repairing_hrs,repairing_sqhrs,marauding_events,marauding_hrs,marauding_sqhrs,traveling_events,traveling_hrs,traveling_sqhrs
0,0.0,6,360.2265786220587,580.0,72.86184884761934,15.291419729382726,1503.0,256.52317324279613,55.80750970059224,169.0,30.67021596909971,6.573558337406035,0.0,0.0,0.0,0.0,0.0,0.0
1,0.027,12,360.33169978937093,560.0,70.36742499058958,14.56548450224967,1728.0,288.96627885354644,61.25262132565143,0.0,0.0,0.0,5.0,0.5,0.05000000000000001,49.0,0.2660776027129631,0.0014448426666423936
