id,probability_maraud,successful_mating,next_foraging_time,foraging_events,foraging_hrs,foraging_sqhrs,staying_events,staying_hrs,staying_sqhrs,repairing_events,repairing_hrs,repairing_sqhrs,marauding_events,marauding_hrs,marauding_sqhrs,traveling_events,traveling_hrs,traveling_sqhrs
0,0.0,9,360.4422361825544,573.0,71.2416046019818,15.551257027115843,1362.0,227.92733693569627,48.649551518471114,370.0,60.94059195921414,12.92642026887344,0.0,0.0,0.0,0.0,0.0,0.0
1,0.027,9,360.22798519228974,572.0,71.38086149275912,14.651157543056563,1720.0,287.33182401444816,61.0114312862224,0.0,0.0,0.0,10.0,0.9999999999999999,0.10000000000000003,65.0,0.3529600852314817,0.0019166280271786843
