id,probability_maraud,successful_mating,next_foraging_time,foraging_events,foraging_hrs,foraging_sqhrs,staying_events,staying_hrs,staying_sqhrs,repairing_events,repairing_hrs,repairing_sqhrs,marauding_events,marauding_hrs,marauding_sqhrs,traveling_events,traveling_hrs,traveling_sqhrs
0,0.0,6,359.8515304960808,579.0,70.08515334971402,14.130364045445505,1386.0,234.88438902326382,50.58640685498553,330.0,55.05572715933234,11.545617398233356,0.0,0.0,0.0,0.0,0.0,0.0
1,0.027,12,360.28064790082715,562.0,71.33057835304746,14.627707494312721,1693.0,287.7346042946096,61.485852316772494,0.0,0.0,0.0,9.0,0.8999999999999999,0.09000000000000002,44.0,0.23892682692592607,0.0012974097414748028
