id,probability_maraud,successful_mating,next_foraging_time,foraging_events,foraging_hrs,foraging_sqhrs,staying_events,staying_hrs,staying_sqhrs,repairing_events,repairing_hrs,repairing_sqhrs,marauding_events,marauding_hrs,marauding_sqhrs,traveling_events,traveling_hrs,traveling_sqhrs
0,0.0,7,360.3420803035784,554.0,74.3529795373279,16.75135153267212,1468.0,249.2434088883814,53.50299796853806,214.0,36.51228533257418,8.149836652792805,0.0,0.0,0.0,0.0,0.0,0.0
1,0.027,11,360.19393889985594,567.0,74.21537681141784,16.456484297777532,1695.0,285.0345233573378,60.50097193106711,0.0,0.0,0.0,6.0,0.6,0.06000000000000001,41.0,0.22263636145370383,0.0012089499863742483
