id,probability_maraud,successful_mating,next_foraging_time,foraging_events,foraging_hrs,foraging_sqhrs,staying_events,staying_hrs,staying_sqhrs,repairing_events,repairing_hrs,repairing_sqhrs,marauding_events,marauding_hrs,marauding_sqhrs,traveling_events,traveling_hrs,traveling_sqhrs
0,0.0,5,360.3988054432908,549.0,71.47741541323849,15.350241000594405,1446.0,239.62225958758572,50.47045993744176,292.0,49.01450222941729,10.480283687726862,0.0,0.0,0.0,0.0,0.0,0.0
1,0.027,13,360.1408380927118,579.0,66.58552860902414,12.838062256144111,1692.0,292.5587208945546,63.909293568568266,0.0,0.0,0.0,8.0,0.7999999999999999,0.08000000000000002,53.0,0.28779822334259275,0.0015627890067764663
