id,probability_maraud,successful_mating,next_foraging_time,foraging_events,foraging_hrs,foraging_sqhrs,staying_events,staying_hrs,staying_sqhrs,repairing_events,repairing_hrs,repairing_sqhrs,marauding_events,marauding_hrs,marauding_sqhrs,traveling_events,traveling_hrs,traveling_sqhrs
0,0.0,11,359.9528859747103,573.0,70.85303013210473,14.476633165792101,1507.0,252.22382209830508,53.10407615896387,215.0,36.975419574537014,8.080094393518166,0.0,0.0,0.0,0.0,0.0,0.0
1,0.027,7,360.5373440397373,575.0,70.4038254750257,14.466867355258957,1728.0,288.80569490818755,61.53793184667954,0.0,0.0,0.0,6.0,0.6,0.06000000000000001,39.0,0.211776051138889,0.001149976816307212
