id,probability_maraud,successful_mating,next_foraging_time,foraging_events,foraging_hrs,foraging_sqhrs,staying_events,staying_hrs,staying_sqhrs,repairing_events,repairing_hrs,repairing_sqhrs,marauding_events,marauding_hrs,marauding_sqhrs,traveling_events,traveling_hrs,traveling_sqhrs
0,0.0,6,360.2829574652657,566.0,70.48752874144023,14.125209550267419,1474.0,247.0741407174188,52.32927434707629,270.0,42.490137882250785,8.819519165755322,0.0,0.0,0.0,0.0,0.0,0.0
1,0.027,12,359.9787965810883,562.0,72.35594581111431,15.977091895808378,1676.0,286.7471577294822,62.165923379724184,0.0,0.0,0.0,7.0,0.7,0.07,42.0,0.22806651661111124,0.0012384365714077665
