id,probability_maraud,successful_mating,next_foraging_time,foraging_events,foraging_hrs,foraging_sqhrs,staying_events,staying_hrs,staying_sqhrs,repairing_events,repairing_hrs,repairing_sqhrs,marauding_events,marauding_hrs,marauding_sqhrs,traveling_events,traveling_hrs,traveling_sqhrs
0,0.0,4,360.34511756524955,570.0,70.12401219543973,14.196041666855667,1324.0,223.31580876111678,47.92484924361618,378.0,66.74748293101258,14.74981226888041,0.0,0.0,0.0,0.0,0.0,0.0
1,0.027,14,359.98806355518957,558.0,71.6594898233872,16.14671887394249,1700.0,287.0064822653783,61.37360272170835,0.0,0.0,0.0,11.0,1.0999999999999999,0.11000000000000004,46.0,0.2497871372407409,0.0013563829115418391
