id,probability_maraud,successful_mating,next_foraging_time,foraging_events,foraging_hrs,foraging_sqhrs,staying_events,staying_hrs,staying_sqhrs,repairing_events,repairing_hrs,repairing_sqhrs,marauding_events,marauding_hrs,marauding_sqhrs,traveling_events,traveling_hrs,traveling_sqhrs
0,0.0,6,360.1546417586583,560.0,66.65449816547277,13.552152558404808,1448.0,246.87059068628642,53.03947015100818,284.0,46.70828754566711,9.876767273980715,0.0,0.0,0.0,0.0,0.0,0.0
1,0.027,12,360.22310775983993,583.0,65.82840909351803,12.16062214047628,1727.0,293.2525423766373,62.76262058103623,0.0,0.0,0.0,8.0,0.7999999999999999,0.08000000000000002,43.0,0.23349667176851865,0.0012679231564412846
