id,probability_maraud,successful_mating,next_foraging_time,foraging_events,foraging_hrs,foraging_sqhrs,staying_events,staying_hrs,staying_sqhrs,repairing_events,repairing_hrs,repairing_sqhrs,marauding_events,marauding_hrs,marauding_sqhrs,traveling_events,traveling_hrs,traveling_sqhrs
0,0.0,7,360.9521217741916,560.0,76.26346047213256,16.865800239845107,1257.0,216.79322994936564,47.26571226674927,398.0,67.05552568181862,14.469642731855958,0.0,0.0,0.0,0.0,0.0,0.0
1,0.027,11,359.9812604936575,562.0,70.13952368622101,14.347466228495719,1727.0,288.60780848912,61.445002653856996,0.0,0.0,0.0,11.0,1.0999999999999999,0.11000000000000004,50.0,0.2715077578703705,0.0014743292516759118
