id,probability_maraud,successful_mating,next_foraging_time,foraging_events,foraging_hrs,foraging_sqhrs,staying_events,staying_hrs,staying_sqhrs,repairing_events,repairing_hrs,repairing_sqhrs,marauding_events,marauding_hrs,marauding_sqhrs,traveling_events,traveling_hrs,traveling_sqhrs
0,0.0,11,360.43033445047865,560.0,72.40889185162115,15.969782633011816,1557.0,263.33229492160444,56.524620189391506,141.0,24.35871121585803,5.265269490912895,0.0,0.0,0.0,0.0,0.0,0.0
1,0.027,7,360.80726112733436,569.0,75.10196873185254,16.24944077464493,1744.0,284.57127164572125,58.123644910160806,0.0,0.0,0.0,4.0,0.4,0.04000000000000001,47.0,0.2552172923981483,0.0013858694965753573
