id,probability_maraud,successful_mating,next_foraging_time,foraging_events,foraging_hrs,foraging_sqhrs,staying_events,staying_hrs,staying_sqhrs,repairing_events,repairing_hrs,repairing_sqhrs,marauding_events,marauding_hrs,marauding_sqhrs,traveling_events,traveling_hrs,traveling_sqhrs
0,0.0,8,359.9305552358249,562.0,73.42442251126197,15.512203892828396,1345.0,225.6828440151038,47.74676733036767,352.0,60.90996352869632,13.005137576050629,0.0,0.0,0.0,0.0,0.0,0.0
1,0.027,10,360.4889887350272,565.0,69.48731403509012,14.752036615576129,1694.0,289.43968053158915,62.12143168973663,0.0,0.0,0.0,10.0,0.9999999999999999,0.10000000000000003,48.0,0.2606474475555557,0.0014153560816088755
