id,probability_maraud,successful_mating,next_foraging_time,foraging_events,foraging_hrs,foraging_sqhrs,staying_events,staying_hrs,staying_sqhrs,repairing_events,repairing_hrs,repairing_sqhrs,marauding_events,marauding_hrs,marauding_sqhrs,traveling_events,traveling_hrs,traveling_sqhrs
0,0.0,4,360.00509848603383,556.0,70.62510864580983,14.698325449681947,1375.0,241.00712050259477,53.16760885153268,284.0,48.573357922743625,10.608659436437454,0.0,0.0,0.0,0.0,0.0,0.0
1,0.027,14,360.00127075093894,562.0,71.50934513791941,15.171788296352485,1700.0,287.43759837904037,61.787700181228985,0.0,0.0,0.0,8.0,0.7999999999999999,0.08000000000000002,49.0,0.2660776027129631,0.0014448426666423936
