id,probability_maraud,successful_mating,next_foraging_time,foraging_events,foraging_hrs,foraging_sqhrs,staying_events,staying_hrs,staying_sqhrs,repairing_events,repairing_hrs,repairing_sqhrs,marauding_events,marauding_hrs,marauding_sqhrs,traveling_events,traveling_hrs,traveling_sqhrs
0,0.0,7,359.9269016896289,560.0,73.78528630558127,15.879801981533877,1394.0,231.58691534203194,49.46909241631105,333.0,54.75910203832876,11.535895858244933,0.0,0.0,0.0,0.0,0.0,0.0
1,0.027,11,360.16508075865084,569.0,66.97246708668177,13.208551226286325,1692.0,291.9282784134393,63.16712008809794,0.0,0.0,0.0,9.0,0.8999999999999999,0.09000000000000002,46.0,0.2497871372407409,0.0013563829115418391
