id,probability_maraud,successful_mating,next_foraging_time,foraging_events,foraging_hrs,foraging_sqhrs,staying_events,staying_hrs,staying_sqhrs,repairing_events,repairing_hrs,repairing_sqhrs,marauding_events,marauding_hrs,marauding_sqhrs,traveling_events,traveling_hrs,traveling_sqhrs
0,0.0,10,360.40632769084084,570.0,73.70952852285332,16.558240997029234,1455.0,243.51414635275805,52.13957187538738,267.0,42.957249666230204,8.907630027471242,0.0,0.0,0.0,0.0,0.0,0.0
1,0.027,8,360.2966820966249,570.0,73.37458469218332,15.597729905291127,1665.0,285.7924928355906,61.59018182540103,0.0,0.0,0.0,8.0,0.7999999999999999,0.08000000000000002,49.0,0.2660776027129631,0.0014448426666423936
