id,probability_maraud,successful_mating,next_foraging_time,foraging_events,foraging_hrs,foraging_sqhrs,staying_events,staying_hrs,staying_sqhrs,repairing_events,repairing_hrs,repairing_sqhrs,marauding_events,marauding_hrs,marauding_sqhrs,traveling_events,traveling_hrs,traveling_sqhrs
0,0.0,4,359.7822733896836,563.0,71.09525833962694,14.52611807897327,1334.0,229.54183841383568,49.710208798189115,341.0,59.41489519504317,12.951491781071201,0.0,0.0,0.0,0.0,0.0,0.0
1,0.027,14,360.12686572992277,560.0,70.38782264338434,15.06229309040391,1703.0,288.3122745412922,62.08592347597592,0.0,0.0,0.0,10.0,0.9999999999999999,0.10000000000000003,58.0,0.3149489991296298,0.0017102219319440571
