id,probability_maraud,successful_mating,next_foraging_time,foraging_events,foraging_hrs,foraging_sqhrs,staying_events,staying_hrs,staying_sqhrs,repairing_events,repairing_hrs,repairing_sqhrs,marauding_events,marauding_hrs,marauding_sqhrs,traveling_events,traveling_hrs,traveling_sqhrs
0,0.0,8,359.96327854220704,550.0,72.33216141846994,15.931463560779452,1461.0,245.27796773802632,52.01377514942811,241.0,42.518852196078626,9.304978203107204,0.0,0.0,0.0,0.0,0.0,0.0
1,0.027,10,359.975571913951,568.0,71.60771896848097,14.837931518381595,1713.0,287.6306346819866,62.116817662120084,0.0,0.0,0.0,7.0,0.7,0.07,42.0,0.22806651661111124,0.0012384365714077665
