id,probability_maraud,successful_mating,next_foraging_time,foraging_events,foraging_hrs,foraging_sqhrs,staying_events,staying_hrs,staying_sqhrs,repairing_events,repairing_hrs,repairing_sqhrs,marauding_events,marauding_hrs,marauding_sqhrs,traveling_events,traveling_hrs,traveling_sqhrs
0,0.0,7,360.292504236974,572.0,66.6757144929269,13.032911770286963,1288.0,220.20093806288224,47.29853923511666,447.0,73.19815131841608,15.477880022149328,0.0,0.0,0.0,0.0,0.0,0.0
1,0.027,11,360.4156220502856,562.0,70.68821080275433,14.808854568729284,1703.0,287.8816367480712,61.54834001951848,0.0,0.0,0.0,12.0,1.2,0.12000000000000005,53.0,0.28779822334259275,0.0015627890067764663
