id,probability_maraud,successful_mating,next_foraging_time,foraging_events,foraging_hrs,foraging_sqhrs,staying_events,staying_hrs,staying_sqhrs,repairing_events,repairing_hrs,repairing_sqhrs,marauding_events,marauding_hrs,marauding_sqhrs,traveling_events,traveling_hrs,traveling_sqhrs
0,0.0,7,360.4161689393207,571.0,71.82811777224778,15.173675397763818,1489.0,251.1399432177749,53.880634879593366,217.0,37.0325572204303,7.809176055747905,0.0,0.0,0.0,0.0,0.0,0.0
1,0.027,11,360.24649756538224,578.0,72.65535009906381,15.124019856411966,1690.0,286.52127948102947,60.94598321048351,0.0,0.0,0.0,6.0,0.6,0.06000000000000001,42.0,0.22806651661111124,0.0012384365714077665
