id,probability_maraud,successful_mating,next_foraging_time,foraging_events,foraging_hrs,foraging_sqhrs,staying_events,staying_hrs,staying_sqhrs,repairing_events,repairing_hrs,repairing_sqhrs,marauding_events,marauding_hrs,marauding_sqhrs,traveling_events,traveling_hrs,traveling_sqhrs
0,0.0,10,360.1630031884726,565.0,68.15510449534827,13.596243216175072,1497.0,255.07290186797402,54.887058690097525,212.0,36.83630153198115,8.12242805278914,0.0,0.0,0.0,0.0,0.0,0.0
1,0.027,8,359.8695121614636,573.0,71.85564854007049,14.825155385837412,1679.0,287.4720538188225,62.09442613967536,0.0,0.0,0.0,6.0,0.6,0.06000000000000001,39.0,0.211776051138889,0.001149976816307212
