id,probability_maraud,successful_mating,next_foraging_time,foraging_events,foraging_hrs,foraging_sqhrs,staying_events,staying_hrs,staying_sqhrs,repairing_events,repairing_hrs,repairing_sqhrs,marauding_events,marauding_hrs,marauding_sqhrs,traveling_events,traveling_hrs,traveling_sqhrs
0,0.0,4,360.45352574794964,572.0,70.43128250217524,14.225223649608452,1210.0,204.82712219074727,43.9020779740897,501.0,84.77813940797137,18.245103784766965,0.0,0.0,0.0,0.0,0.0,0.0
1,0.027,14,361.026760255917,559.0,70.81205695071908,14.964097038390937,1703.0,287.7032493035194,62.13506937466465,0.0,0.0,0.0,14.0,1.4000000000000001,0.14000000000000007,58.0,0.12604145643703707,0.0002739042886339573
