id,probability_maraud,successful_mating,next_foraging_time,foraging_events,foraging_hrs,foraging_sqhrs,staying_events,staying_hrs,staying_sqhrs,repairing_events,repairing_hrs,repairing_sqhrs,marauding_events,marauding_hrs,marauding_sqhrs,traveling_events,traveling_hrs,traveling_sqhrs
0,0.0,8,360.333586609732,566.0,68.7020215581951,14.134194449546493,1566.0,266.9670455828314,57.68220586508311,145.0,24.427644640652854,5.141098567797775,0.0,0.0,0.0,0.0,0.0,0.0
1,0.027,10,360.4190792192824,574.0,68.93960106519968,13.228425874202443,1683.0,290.60903541713543,62.759622346998874,0.0,0.0,0.0,4.0,0.4,0.04000000000000001,42.0,0.09127139948888892,0.00019834448487286553
