id,probability_maraud,successful_mating,next_foraging_time,foraging_events,foraging_hrs,foraging_sqhrs,staying_events,staying_hrs,staying_sqhrs,repairing_events,repairing_hrs,repairing_sqhrs,marauding_events,marauding_hrs,marauding_sqhrs,traveling_events,traveling_hrs,traveling_sqhrs
0,0.0,7,360.4426621685234,566.0,71.40311856780005,14.660450735109809,1446.0,239.82013260562505,50.8701063098007,300.0,49.050867863407106,10.364346844205462,0.0,0.0,0.0,0.0,0.0,0.0
1,0.027,11,359.9280096270713,542.0,70.59701081285957,15.867250801671947,1711.0,288.6755149790444,61.77185942032035,0.0,0.0,0.0,8.0,0.7999999999999999,0.08000000000000002,38.0,0.08257888525185188,0.0001794545339325926
