id,probability_maraud,successful_mating,next_foraging_time,foraging_events,foraging_hrs,foraging_sqhrs,staying_events,staying_hrs,staying_sqhrs,repairing_events,repairing_hrs,repairing_sqhrs,marauding_events,marauding_hrs,marauding_sqhrs,traveling_events,traveling_hrs,traveling_sqhrs
0,0.0,6,360.5377482492036,557.0,69.8940338017641,15.12647821252071,1322.0,229.1157478967594,49.85964030034424,360.0,61.07156084341404,13.038485940827515,0.0,0.0,0.0,0.0,0.0,0.0
1,0.027,12,360.0785065596935,549.0,75.03713232428642,16.843239956480108,1694.0,283.95618161953735,61.881854591978815,0.0,0.0,0.0,10.0,0.9999999999999999,0.10000000000000003,41.0,0.08909827092962966,0.0001936219971377973
