id,probability_maraud,successful_mating,next_foraging_time,foraging_events,foraging_hrs,foraging_sqhrs,staying_events,staying_hrs,staying_sqhrs,repairing_events,repairing_hrs,repairing_sqhrs,marauding_events,marauding_hrs,marauding_sqhrs,traveling_events,traveling_hrs,traveling_sqhrs
0,0.0,7,360.4605335310719,558.0,68.63658226072987,14.425919361220073,1444.0,248.5929664357712,53.97241090374726,252.0,42.80941075288421,9.351800307556347,0.0,0.0,0.0,0.0,0.0,0.0
1,0.027,11,360.1271436302242,569.0,72.97389147581318,15.709160986873545,1663.0,286.432415836467,61.983523691208376,0.0,0.0,0.0,7.0,0.7,0.07,43.0,0.09344452804814818,0.00020306697260793376
