id,probability_maraud,successful_mating,next_foraging_time,foraging_events,foraging_hrs,foraging_sqhrs,staying_events,staying_hrs,staying_sqhrs,repairing_events,repairing_hrs,repairing_sqhrs,marauding_events,marauding_hrs,marauding_sqhrs,traveling_events,traveling_hrs,traveling_sqhrs
0,0.0,7,360.31565197150536,566.0,69.877129753056,13.788514106259672,1527.0,259.7166761082133,55.643001771495854,177.0,30.43006266510127,6.6462684576998035,0.0,0.0,0.0,0.0,0.0,0.0
1,0.027,11,360.30088528512846,560.0,70.64803624550044,14.723224441418097,1672.0,288.8363675803225,62.93473879811453,0.0,0.0,0.0,5.0,0.5,0.05000000000000001,53.0,0.11517581364074078,0.0002502918499586161
