id,probability_maraud,successful_mating,next_foraging_time,foraging_events,foraging_hrs,foraging_sqhrs,staying_events,staying_hrs,staying_sqhrs,repairing_events,repairing_hrs,repairing_sqhrs,marauding_events,marauding_hrs,marauding_sqhrs,traveling_events,traveling_hrs,traveling_sqhrs
0,0.0,12,360.53938171283755,564.0,70.76019934497684,14.926478603217872,1533.0,264.93385511917273,57.956156845995956,142.0,24.351389873606735,5.500861293078828,0.0,0.0,0.0,0.0,0.0,0.0
1,0.027,6,360.00364059917547,561.0,75.58938914022784,16.44416544816628,1653.0,283.95892820562955,61.707421751016035,0.0,0.0,0.0,4.0,0.4,0.04000000000000001,38.0,0.08257888525185188,0.0001794545339325926
