id,probability_maraud,successful_mating,next_foraging_time,foraging_events,foraging_hrs,foraging_sqhrs,staying_events,staying_hrs,staying_sqhrs,repairing_events,repairing_hrs,repairing_sqhrs,marauding_events,marauding_hrs,marauding_sqhrs,traveling_events,traveling_hrs,traveling_sqhrs
0,0.0,6,359.8861739809448,558.0,72.28666904515948,14.944784844669108,1442.0,244.68374391348905,52.800253676254854,262.0,43.09889826072401,9.026964119981473,0.0,0.0,0.0,0.0,0.0,0.0
1,0.027,12,360.0172868305143,554.0,71.88649459161957,15.470326643529773,1697.0,287.5276422407369,62.0860606443803,0.0,0.0,0.0,7.0,0.7,0.07,52.0,0.11300268508148152,0.0002455693622235479
