id,probability_maraud,successful_mating,next_foraging_time,foraging_events,foraging_hrs,foraging_sqhrs,staying_events,staying_hrs,staying_sqhrs,repairing_events,repairing_hrs,repairing_sqhrs,marauding_events,marauding_hrs,marauding_sqhrs,traveling_events,traveling_hrs,traveling_sqhrs
0,0.0,10,360.11770907977433,551.0,73.30677878622232,16.48401614642759,1434.0,243.97880284336355,52.06826571038107,255.0,42.7582702473856,9.12536305797508,0.0,0.0,0.0,0.0,0.0,0.0
1,0.027,8,360.40338372251335,570.0,73.14740665025188,15.87089141251209,1712.0,286.06299986648105,61.49872937646886,0.0,0.0,0.0,7.0,0.7,0.07,61.0,0.1325608421148148,0.000288071751839162
