id,probability_maraud,successful_mating,next_foraging_time,foraging_events,foraging_hrs,foraging_sqhrs,staying_events,staying_hrs,staying_sqhrs,repairing_events,repairing_hrs,repairing_sqhrs,marauding_events,marauding_hrs,marauding_sqhrs,traveling_events,traveling_hrs,traveling_sqhrs
0,0.0,8,360.1265824115696,576.0,73.31223659135932,16.180524847800637,1369.0,225.6370172093339,47.42198774089441,376.0,61.070330870574935,12.502724583760118,0.0,0.0,0.0,0.0,0.0,0.0
1,0.027,10,360.44898302292296,567.0,69.95963281327163,14.602030156040165,1679.0,288.95211923630177,62.90379262224501,0.0,0.0,0.0,10.0,0.9999999999999999,0.10000000000000003,52.0,0.11300268508148152,0.0002455693622235479
