id,probability_maraud,successful_mating,next_foraging_time,foraging_events,foraging_hrs,foraging_sqhrs,staying_events,staying_hrs,staying_sqhrs,repairing_events,repairing_hrs,repairing_sqhrs,marauding_events,marauding_hrs,marauding_sqhrs,traveling_events,traveling_hrs,traveling_sqhrs
0,0.0,8,360.2872260477636,575.0,72.72269545310728,15.251872096619918,1281.0,219.96950205509756,47.707196836892464,405.0,67.31031901927186,14.091110989665523,0.0,0.0,0.0,0.0,0.0,0.0
1,0.027,10,360.40509714779233,552.0,70.57619151343873,15.106569125316422,1731.0,288.34615700775606,61.25724649111742,0.0,0.0,0.0,11.0,1.0999999999999999,0.11000000000000004,45.0,0.0977907851666667,0.00021251194807807023
