id,probability_maraud,successful_mating,next_foraging_time,foraging_events,foraging_hrs,foraging_sqhrs,staying_events,staying_hrs,staying_sqhrs,repairing_events,repairing_hrs,repairing_sqhrs,marauding_events,marauding_hrs,marauding_sqhrs,traveling_events,traveling_hrs,traveling_sqhrs
0,0.0,4,360.08372305802465,564.0,67.35184865558666,13.61370724155026,1409.0,237.8200630637674,50.5190186902556,321.0,54.854021743599375,11.910410492002978,0.0,0.0,0.0,0.0,0.0,0.0
1,0.027,14,360.10800570379007,557.0,69.68762805915796,14.454025246444832,1696.0,289.35730218111263,62.23526210059555,0.0,0.0,0.0,9.0,0.8999999999999999,0.09000000000000002,61.0,0.1325608421148148,0.000288071751839162
