id,probability_maraud,successful_mating,next_foraging_time,foraging_events,foraging_hrs,foraging_sqhrs,staying_events,staying_hrs,staying_sqhrs,repairing_events,repairing_hrs,repairing_sqhrs,marauding_events,marauding_hrs,marauding_sqhrs,traveling_events,traveling_hrs,traveling_sqhrs
0,0.0,10,360.153260612612,562.0,65.92645243470821,12.83691861498651,1405.0,240.91331768500044,52.57628830884836,320.0,53.375011348107975,11.24615143787914,0.0,0.0,0.0,0.0,0.0,0.0
1,0.027,8,360.023446918665,566.0,70.48532688715453,14.558486532962974,1710.0,288.63297059628917,61.816564923164734,0.0,0.0,0.0,9.0,0.8999999999999999,0.09000000000000002,48.0,0.10431017084444448,0.00022667941128327494
