id,probability_maraud,successful_mating,next_foraging_time,foraging_events,foraging_hrs,foraging_sqhrs,staying_events,staying_hrs,staying_sqhrs,repairing_events,repairing_hrs,repairing_sqhrs,marauding_events,marauding_hrs,marauding_sqhrs,traveling_events,traveling_hrs,traveling_sqhrs
0,0.0,4,360.0828389691972,564.0,69.09024298698633,14.720031458169949,1494.0,254.1776266780759,54.48140411614338,223.0,36.790470463517984,7.942046944320769,0.0,0.0,0.0,0.0,0.0,0.0
1,0.027,14,359.8187726332034,572.0,69.45779996912037,13.63107426830364,1677.0,289.86590725676103,62.579788182387055,0.0,0.0,0.0,6.0,0.6,0.06000000000000001,40.0,0.0869251423703704,0.00018889950940272906
