id,probability_maraud,successful_mating,next_foraging_time,foraging_events,foraging_hrs,foraging_sqhrs,staying_events,staying_hrs,staying_sqhrs,repairing_events,repairing_hrs,repairing_sqhrs,marauding_events,marauding_hrs,marauding_sqhrs,traveling_events,traveling_hrs,traveling_sqhrs
0,0.0,7,360.06746419044936,577.0,69.08165070591603,14.124710659152058,1526.0,254.49102838540765,53.97293534577584,204.0,36.43366604258463,8.169370869193894,0.0,0.0,0.0,0.0,0.0,0.0
1,0.027,11,361.1359468678709,560.0,72.28137382936212,15.196434350491156,1656.0,287.3770851109411,62.99650597727315,0.0,0.0,0.0,6.0,0.6,0.06000000000000001,49.0,0.10648329940370374,0.00023140189901834317
