id,probability_maraud,successful_mating,next_foraging_time,foraging_events,foraging_hrs,foraging_sqhrs,staying_events,staying_hrs,staying_sqhrs,repairing_events,repairing_hrs,repairing_sqhrs,marauding_events,marauding_hrs,marauding_sqhrs,traveling_events,traveling_hrs,traveling_sqhrs
0,0.0,9,360.0809587432308,561.0,73.87216039354605,16.78781061458794,1271.0,212.65686354932745,45.03740258632387,440.0,73.52450435750049,15.845900996043808,0.0,0.0,0.0,0.0,0.0,0.0
1,0.027,9,360.1143280821374,562.0,70.67145713866277,15.319697017929986,1762.0,288.0210185091141,59.41256493455621,0.0,0.0,0.0,12.0,1.2,0.12000000000000005,55.0,0.1195220707592593,0.0002597368254287526
