id,probability_maraud,successful_mating,next_foraging_time,foraging_events,foraging_hrs,foraging_sqhrs,staying_events,staying_hrs,staying_sqhrs,repairing_events,repairing_hrs,repairing_sqhrs,marauding_events,marauding_hrs,marauding_sqhrs,traveling_events,traveling_hrs,traveling_sqhrs
0,0.0,7,359.80603155083725,555.0,73.40002784470987,16.896694402502035,1361.0,231.87043718905903,50.527032274983135,313.0,54.74813536865465,12.118934284720886,0.0,0.0,0.0,0.0,0.0,0.0
1,0.027,11,360.0339855003203,563.0,72.4125556301887,14.712716687412675,1741.0,286.73072538091225,59.95291865443275,0.0,0.0,0.0,9.0,0.8999999999999999,0.09000000000000002,48.0,0.10431017084444448,0.00022667941128327494
