id,probability_maraud,successful_mating,next_foraging_time,foraging_events,foraging_hrs,foraging_sqhrs,staying_events,staying_hrs,staying_sqhrs,repairing_events,repairing_hrs,repairing_sqhrs,marauding_events,marauding_hrs,marauding_sqhrs,traveling_events,traveling_hrs,traveling_sqhrs
0,0.0,6,360.3709681145831,558.0,68.74937125793701,14.488170577122867,1470.0,248.83890557013873,53.009678639287465,242.0,42.68644070226639,9.278931785705344,0.0,0.0,0.0,0.0,0.0,0.0
1,0.027,12,360.3050820335812,554.0,73.28009968947282,15.866148858303871,1691.0,285.991138853109,61.639239994396966,0.0,0.0,0.0,7.0,0.7,0.07,50.0,0.108656427962963,0.0002361243867534114
