id,probability_maraud,successful_mating,next_foraging_time,foraging_events,foraging_hrs,foraging_sqhrs,staying_events,staying_hrs,staying_sqhrs,repairing_events,repairing_hrs,repairing_sqhrs,marauding_events,marauding_hrs,marauding_sqhrs,traveling_events,traveling_hrs,traveling_sqhrs
0,0.0,8,360.33904236003116,567.0,73.85447469086157,15.749466909697272,1467.0,243.5113225925233,51.24659787112162,261.0,42.687717202447,8.856563155280561,0.0,0.0,0.0,0.0,0.0,0.0
1,0.027,10,359.9053625874069,567.0,66.52682710167024,12.834945396559839,1734.0,292.7698624529002,63.58746769704645,0.0,0.0,0.0,7.0,0.7,0.07,47.0,0.10213704228518522,0.0002219569235482067
