id,probability_maraud,successful_mating,next_foraging_time,foraging_events,foraging_hrs,foraging_sqhrs,staying_events,staying_hrs,staying_sqhrs,repairing_events,repairing_hrs,repairing_sqhrs,marauding_events,marauding_hrs,marauding_sqhrs,traveling_events,traveling_hrs,traveling_sqhrs
0,0.0,8,360.09523569321806,550.0,70.25466339185031,14.903584728470609,1544.0,259.1988740141186,55.37793603673058,191.0,30.628101281383348,6.216827715627354,0.0,0.0,0.0,0.0,0.0,0.0
1,0.027,10,360.33068526302276,559.0,73.02162916050892,16.087838753921364,1695.0,286.4087139165408,61.26969732619369,0.0,0.0,0.0,5.0,0.5,0.05000000000000001,46.0,0.09996391372592596,0.00021723443581313847
