id,probability_maraud,successful_mating,next_foraging_time,foraging_events,foraging_hrs,foraging_sqhrs,staying_events,staying_hrs,staying_sqhrs,repairing_events,repairing_hrs,repairing_sqhrs,marauding_events,marauding_hrs,marauding_sqhrs,traveling_events,traveling_hrs,traveling_sqhrs
0,0.0,2,360.11770839037956,558.0,66.20142477948482,12.291332455428226,1395.0,245.52304578390624,54.09969667127709,280.0,48.55529273224997,10.51567295417896,0.0,0.0,0.0,0.0,0.0,0.0
1,0.027,16,360.0291963814358,575.0,66.21957227320863,12.555381976279206,1746.0,292.98492012459775,62.494571393231055,0.0,0.0,0.0,8.0,0.7999999999999999,0.08000000000000002,59.0,0.12821458499629632,0.0002786267763690255
