id,probability_maraud,successful_mating,next_foraging_time,foraging_events,foraging_hrs,foraging_sqhrs,staying_events,staying_hrs,staying_sqhrs,repairing_events,repairing_hrs,repairing_sqhrs,marauding_events,marauding_hrs,marauding_sqhrs,traveling_events,traveling_hrs,traveling_sqhrs
0,0.0,11,360.1604657976066,568.0,70.25645597635962,14.348987680673087,1309.0,216.57583364946098,45.51797772908598,433.0,73.28603993259263,15.574477179920533,0.0,0.0,0.0,0.0,0.0,0.0
1,0.027,7,360.4181324312611,575.0,71.08924673857037,14.002557528471007,1703.0,287.65329736487405,62.206146051123305,0.0,0.0,0.0,12.0,1.2,0.12000000000000005,74.0,0.160811513385185,0.00034946409239504904
