id,probability_maraud,successful_mating,next_foraging_time,foraging_events,foraging_hrs,foraging_sqhrs,staying_events,staying_hrs,staying_sqhrs,repairing_events,repairing_hrs,repairing_sqhrs,marauding_events,marauding_hrs,marauding_sqhrs,traveling_events,traveling_hrs,traveling_sqhrs
0,0.0,4,360.14362764225734,563.0,69.1094765924214,13.312123432889246,1399.0,234.34385658055473,49.771317299676944,340.0,56.791080328345366,12.023568653339977,0.0,0.0,0.0,0.0,0.0,0.0
1,0.027,14,360.0642949857051,556.0,72.20666124116981,15.124837680734569,1706.0,286.7469140460243,61.27698408875452,0.0,0.0,0.0,10.0,0.9999999999999999,0.10000000000000003,57.0,0.12386832787777782,0.00026918180089888905
