id,probability_maraud,successful_mating,next_foraging_time,foraging_events,foraging_hrs,foraging_sqhrs,staying_events,staying_hrs,staying_sqhrs,repairing_events,repairing_hrs,repairing_sqhrs,marauding_events,marauding_hrs,marauding_sqhrs,traveling_events,traveling_hrs,traveling_sqhrs
0,0.0,6,360.5075772198576,562.0,71.2196691072701,15.347273814196123,1535.0,252.33563056779929,52.7623017664019,216.0,36.63888016650507,8.120909608556714,0.0,0.0,0.0,0.0,0.0,0.0
1,0.027,12,360.45906291744933,569.0,70.53720147243789,14.626145075810264,1730.0,288.91262950242617,62.02812497329852,0.0,0.0,0.0,6.0,0.6,0.06000000000000001,39.0,0.08475201381111114,0.00018417702166766082
