id,probability_maraud,successful_mating,next_foraging_time,foraging_events,foraging_hrs,foraging_sqhrs,staying_events,staying_hrs,staying_sqhrs,repairing_events,repairing_hrs,repairing_sqhrs,marauding_events,marauding_hrs,marauding_sqhrs,traveling_events,traveling_hrs,traveling_sqhrs
0,0.0,41,360.02574864367074,566.0,71.58535746456735,15.95585666384322,939.0,160.04860009174914,34.072835466326374,764.0,128.44757463312973,27.631126216653175,0.0,0.0,0.0,0.0,0.0,0.0
1,0.0,67,360.4793582053703,576.0,72.01701816347578,15.054215979548822,1718.0,288.22781408149854,60.906430343082945,0.0,0.0,0.0,0.0,0.0,0.0,0.0,0.0,0.0
2,0.0,0,360.43457386591456,559.0,75.55761743701592,16.384456059827585,1680.0,284.5148250423816,62.22167256979501,0.0,0.0,0.0,0.0,0.0,0.0,0.0,0.0,0.0
3,0.054,0,360.50374240542135,562.0,74.58563028425716,17.715032863887355,1711.0,283.8560813657846,59.82631222384002,0.0,0.0,0.0,11.0,1.0999999999999999,0.11000000000000004,86.0,0.46699334353703736,0.002535846312882566
4,0.0,0,360.3513567321769,580.0,69.71964496255512,14.429382880221855,1702.0,290.5092772593162,62.669519216340824,0.0,0.0,0.0,0.0,0.0,0.0,0.0,0.0,0.0
5,0.0,0,360.27816723649596,559.0,69.16526466534913,13.930950315857588,1713.0,290.9253097969851,62.50379080060969,0.0,0.0,0.0,0.0,0.0,0.0,0.0,0.0,0.0
6,0.0,0,360.2536056037537,559.0,69.93313098971034,15.181022740018102,1710.0,290.15349365278956,62.125471202315175,0.0,0.0,0.0,0.0,0.0,0.0,0.0,0.0,0.0
7,0.0,0,360.01727093330317,549.0,70.52810345282433,14.826320715309409,1668.0,289.5918295158029,62.88846086433337,0.0,0.0,0.0,0.0,0.0,0.0,0.0,0.0,0.0
8,0.0,0,360.09433624340744,564.0,71.93653021944392,15.027580099302101,1715.0,288.10247909524634,61.94356190000851,0.0,0.0,0.0,0.0,0.0,0.0,0.0,0.0,0.0
9,0.0,0,360.004372280623,563.0,71.65868540800295,14.977288266340448,1692.0,288.5607576650755,62.1758996974409,0.0,0.0,0.0,0.0,0.0,0.0,0.0,0.0,0.0
10,0.0,0,360.47773497884407,567.0,69.52255959410616,13.524991208941058,1690.0,290.6052488044826,64.22279555384154,0.0,0.0,0.0,0.0,0.0,0.0,0.0,0.0,0.0
11,0.054,0,359.91949086246996,568.0,69.07022765151339,15.839753842738899,1742.0,289.5640334094468,61.67324771221503,0.0,0.0,0.0,10.0,0.9999999999999999,0.10000000000000003,93.0,0.5050044296388893,0.002742252408117193
