id,probability_maraud,successful_mating,next_foraging_time,foraging_events,foraging_hrs,foraging_sqhrs,staying_events,staying_hrs,staying_sqhrs,repairing_events,repairing_hrs,repairing_sqhrs,marauding_events,marauding_hrs,marauding_sqhrs,traveling_events,traveling_hrs,traveling_sqhrs
0,0.0,53,360.16568093778824,565.0,67.79864099543848,13.68552384266277,1095.0,182.96715412207027,38.916464595054585,645.0,109.62548820166448,23.296198072044252,0.0,0.0,0.0,0.0,0.0,0.0
1,0.0,55,360.08990274375424,569.0,71.73548856912619,15.133492422435644,1692.0,288.30377261281814,61.75330847152468,0.0,0.0,0.0,0.0,0.0,0.0,0.0,0.0,0.0
2,0.0,0,360.34524683175704,576.0,69.82319829910143,13.936222465163256,1706.0,290.26665845442375,62.378217504835696,0.0,0.0,0.0,0.0,0.0,0.0,0.0,0.0,0.0
3,0.0,0,360.36344121401976,569.0,71.17565036815036,15.870092639213127,1706.0,288.83590189333495,61.7608499440264,0.0,0.0,0.0,0.0,0.0,0.0,0.0,0.0,0.0
4,0.0,0,360.6217958780801,567.0,69.59739618115474,14.059780720885813,1708.0,290.5664026562855,62.41684700888082,0.0,0.0,0.0,0.0,0.0,0.0,0.0,0.0,0.0
5,0.054,0,360.4104101252111,564.0,71.55574487087891,15.294801867454911,1709.0,286.844286537802,60.8241593018403,0.0,0.0,0.0,12.0,1.2,0.12000000000000005,107.0,0.581026601842593,0.0031550645985864473
6,0.0,0,360.3174790436868,570.0,71.13471097126022,14.853507578264761,1703.0,288.9013054423493,61.80067796868742,0.0,0.0,0.0,0.0,0.0,0.0,0.0,0.0,0.0
7,0.0,0,360.27424435616405,569.0,76.17021180447276,17.207206495733278,1675.0,283.8597795056859,61.28007591375054,0.0,0.0,0.0,0.0,0.0,0.0,0.0,0.0,0.0
8,0.054,0,360.4445069050775,555.0,71.84626011951565,16.668140620354148,1654.0,287.1943963943611,62.79938253337629,0.0,0.0,0.0,6.0,0.6,0.06000000000000001,88.0,0.4778536538518522,0.002594819482949602
9,0.0,0,360.1421324380088,557.0,71.80682753060563,14.949564021010746,1691.0,288.64115961126373,62.745950108477494,0.0,0.0,0.0,0.0,0.0,0.0,0.0,0.0,0.0
10,0.0,0,359.8856446613277,561.0,70.95967162697336,15.018883806409866,1710.0,289.07848127016626,62.043141342394144,0.0,0.0,0.0,0.0,0.0,0.0,0.0,0.0,0.0
11,0.0,0,360.3540048673579,566.0,72.54610751335197,15.28032080385993,1696.0,287.67879081222,60.917014492648256,0.0,0.0,0.0,0.0,0.0,0.0,0.0,0.0,0.0
