id,probability_maraud,successful_mating,next_foraging_time,foraging_events,foraging_hrs,foraging_sqhrs,staying_events,staying_hrs,staying_sqhrs,repairing_events,repairing_hrs,repairing_sqhrs,marauding_events,marauding_hrs,marauding_sqhrs,traveling_events,traveling_hrs,traveling_sqhrs
0,0.0,51,360.51101468115303,557.0,71.04341546660626,15.353290260967757,921.0,157.98123398982398,34.07076535365114,776.0,131.09630047761806,28.173257924445675,0.0,0.0,0.0,0.0,0.0,0.0
1,0.0,57,360.30053833416986,555.0,69.26431155143734,15.093229072302261,1715.0,290.77463252104565,61.606701027803425,0.0,0.0,0.0,0.0,0.0,0.0,0.0,0.0,0.0
2,0.0,0,360.2648494920147,564.0,71.26087449206562,14.878351901665607,1735.0,288.90028426093767,61.33637973834804,0.0,0.0,0.0,0.0,0.0,0.0,0.0,0.0,0.0
3,0.0,0,360.13606960663503,572.0,69.67386754349683,14.125843782052689,1714.0,290.3539645761438,62.264190362579996,0.0,0.0,0.0,0.0,0.0,0.0,0.0,0.0,0.0
4,0.0,0,360.36324962964727,574.0,68.77965002653352,13.76019946642609,1753.0,291.3515296762483,62.344744534046896,0.0,0.0,0.0,0.0,0.0,0.0,0.0,0.0,0.0
5,0.054,0,360.48939761106294,569.0,73.5110898239725,15.822500435492563,1671.0,285.38603696500576,60.92972678447332,0.0,0.0,0.0,8.0,0.7999999999999999,0.08000000000000002,90.0,0.488713964166667,0.0026537926530166385
6,0.0,0,359.8583855311191,572.0,72.63099206742427,15.912703718483776,1704.0,287.4082341130153,61.390784665618305,0.0,0.0,0.0,0.0,0.0,0.0,0.0,0.0,0.0
7,0.0,0,359.85996803392914,573.0,70.22625553768012,13.993711313351652,1711.0,289.98531973819917,62.245492678107794,0.0,0.0,0.0,0.0,0.0,0.0,0.0,0.0,0.0
8,0.0,0,360.5310311327844,567.0,69.9473308334112,14.65149222828504,1735.0,290.21781286005273,62.08592719000152,0.0,0.0,0.0,0.0,0.0,0.0,0.0,0.0,0.0
9,0.0,0,360.1132690925643,576.0,71.58653283491888,15.051811937438965,1744.0,288.47371467291117,61.33119885922841,0.0,0.0,0.0,0.0,0.0,0.0,0.0,0.0,0.0
10,0.0,0,359.840061455005,567.0,74.75702813485483,16.068902866173293,1653.0,285.26635619475275,62.50518535716408,0.0,0.0,0.0,0.0,0.0,0.0,0.0,0.0,0.0
11,0.054,0,360.18897853656074,568.0,70.39497471977118,14.599232405775552,1721.0,287.93799343111294,61.20523488891292,0.0,0.0,0.0,14.0,1.4000000000000001,0.14000000000000007,88.0,0.4778536538518522,0.002594819482949602
