id,probability_maraud,successful_mating,next_foraging_time,foraging_events,foraging_hrs,foraging_sqhrs,staying_events,staying_hrs,staying_sqhrs,repairing_events,repairing_hrs,repairing_sqhrs,marauding_events,marauding_hrs,marauding_sqhrs,traveling_events,traveling_hrs,traveling_sqhrs
0,0.0,36,360.4254716961506,558.0,72.79257416431075,15.778492590079919,865.0,146.19792217517954,31.514186142432877,828.0,141.06472955029886,30.39339671780381,0.0,0.0,0.0,0.0,0.0,0.0
1,0.0,72,360.0186715667732,564.0,67.8684796783586,13.509747629407219,1721.0,292.4589234926132,63.16974628700603,0.0,0.0,0.0,0.0,0.0,0.0,0.0,0.0,0.0
2,0.054,0,360.3151146226786,573.0,75.33288801522268,16.972805258294414,1665.0,283.3043483664072,60.92830821785765,0.0,0.0,0.0,12.0,1.2,0.12000000000000005,79.0,0.4289822574351855,0.0023294402176479386
3,0.0,0,360.16012810793427,573.0,68.16668647225143,13.634945922607265,1732.0,291.8719356972257,63.024934814381155,0.0,0.0,0.0,0.0,0.0,0.0,0.0,0.0,0.0
4,0.0,0,360.30217694267617,567.0,69.61963341126639,13.639696480568077,1687.0,290.4003432919811,62.98724239493861,0.0,0.0,0.0,0.0,0.0,0.0,0.0,0.0,0.0
5,0.0,0,360.4561100051716,566.0,73.92757927942526,15.596321847045752,1679.0,286.22568771276354,62.20225391783139,0.0,0.0,0.0,0.0,0.0,0.0,0.0,0.0,0.0
6,0.0,0,360.2196162346431,558.0,71.03996280335832,14.380831445685274,1691.0,288.96901809638706,62.195458913190684,0.0,0.0,0.0,0.0,0.0,0.0,0.0,0.0,0.0
7,0.0,0,360.06833500364615,573.0,70.01734536945027,13.58255508217761,1733.0,290.16861526383207,61.683564019600595,0.0,0.0,0.0,0.0,0.0,0.0,0.0,0.0,0.0
8,0.0,0,360.2967954650193,573.0,68.22352173296949,13.136676018795548,1746.0,291.8581624960489,61.499525059446256,0.0,0.0,0.0,0.0,0.0,0.0,0.0,0.0,0.0
9,0.0,0,360.1812091571695,572.0,68.66206970782956,13.402059071638314,1714.0,291.38270873595053,62.86380140128261,0.0,0.0,0.0,0.0,0.0,0.0,0.0,0.0,0.0
10,0.054,0,359.76656191257484,565.0,72.0668653812592,15.100993319451902,1712.0,286.11010062170317,61.006253550635556,0.0,0.0,0.0,12.0,1.2,0.12000000000000005,123.0,0.6679090843611116,0.003626849959122738
11,0.0,0,360.37520761252375,577.0,73.48706208798825,15.668512170106867,1662.0,286.65921670741267,62.46841648206104,0.0,0.0,0.0,0.0,0.0,0.0,0.0,0.0,0.0
