id,probability_maraud,successful_mating,next_foraging_time,foraging_events,foraging_hrs,foraging_sqhrs,staying_events,staying_hrs,staying_sqhrs,repairing_events,repairing_hrs,repairing_sqhrs,marauding_events,marauding_hrs,marauding_sqhrs,traveling_events,traveling_hrs,traveling_sqhrs
0,0.054,55,359.92924348345065,565.0,70.45905448001322,15.178775397282136,1262.0,208.61786957569112,43.82723018508693,471.0,79.62815384726835,16.98972419177983,9.0,0.8999999999999999,0.09000000000000002,89.0,0.4832838090092596,0.0026243060679831203
1,0.0,53,359.8706243141455,570.0,71.69198509748915,15.346957054766515,1356.0,233.61971167899682,51.05637549635412,320.0,54.818798289856616,11.683886445902825,0.0,0.0,0.0,0.0,0.0,0.0
2,0.0,0,360.2374761404701,565.0,72.03484077715048,15.500862072833359,1683.0,288.0167857635375,62.41119111875274,0.0,0.0,0.0,0.0,0.0,0.0,0.0,0.0,0.0
3,0.0,0,360.06513683151024,567.0,71.6458291023519,15.023544154580119,1702.0,288.43044292859315,62.04462086563956,0.0,0.0,0.0,0.0,0.0,0.0,0.0,0.0,0.0
4,0.0,0,360.2767962858801,557.0,72.16394927541447,15.371363812721649,1713.0,287.98265249402226,62.05234870915345,0.0,0.0,0.0,0.0,0.0,0.0,0.0,0.0,0.0
5,0.054,0,360.0539495142801,562.0,70.3354398066758,15.162957459373004,1720.0,287.8533553265901,61.71847350546372,0.0,0.0,0.0,13.0,1.3,0.13000000000000006,103.0,0.5593059812129634,0.0030371182584523746
6,0.0,0,360.3166483638085,584.0,70.82647025447574,14.082167229830295,1695.0,289.3663566244266,61.66285849062365,0.0,0.0,0.0,0.0,0.0,0.0,0.0,0.0,0.0
7,0.0,0,359.9758824099912,564.0,70.09754071031577,14.372814035082575,1710.0,289.93896348718675,62.832513464310104,0.0,0.0,0.0,0.0,0.0,0.0,0.0,0.0,0.0
8,0.0,0,360.1447250660666,575.0,69.58030268402696,13.824400717987276,1715.0,290.4613776009856,62.44448441312766,0.0,0.0,0.0,0.0,0.0,0.0,0.0,0.0,0.0
9,0.0,0,360.51719564824646,566.0,71.58075669899966,14.395648266182738,1684.0,288.56730731997004,62.37215543520203,0.0,0.0,0.0,0.0,0.0,0.0,0.0,0.0,0.0
10,0.0,0,360.4195655250302,562.0,70.50216413891079,14.967346823307714,1707.0,289.50085392204306,63.06737178263574,0.0,0.0,0.0,0.0,0.0,0.0,0.0,0.0,0.0
11,0.0,0,359.7644133708574,551.0,72.62478737912951,17.033010604096578,1710.0,287.3769413637736,60.875991379498274,0.0,0.0,0.0,0.0,0.0,0.0,0.0,0.0,0.0
