id,probability_maraud,successful_mating,next_foraging_time,foraging_events,foraging_hrs,foraging_sqhrs,staying_events,staying_hrs,staying_sqhrs,repairing_events,repairing_hrs,repairing_sqhrs,marauding_events,marauding_hrs,marauding_sqhrs,traveling_events,traveling_hrs,traveling_sqhrs
0,0.0,43,360.3388176069393,553.0,73.48465545871801,16.994684998556757,933.0,157.71914488036487,33.64120712665329,778.0,128.87632938296272,27.797952266399694,0.0,0.0,0.0,0.0,0.0,0.0
1,0.0,65,360.3290339593699,574.0,69.95273771336316,14.233736393951514,1702.0,290.0616732856129,62.786288713088595,0.0,0.0,0.0,0.0,0.0,0.0,0.0,0.0,0.0
2,0.0,0,360.0421264113145,565.0,68.81428120225593,13.786669414127102,1752.0,291.4145277039752,62.00889602860507,0.0,0.0,0.0,0.0,0.0,0.0,0.0,0.0,0.0
3,0.0,0,360.1765719196015,564.0,66.85488088491104,13.355850596654602,1767.0,293.26429425816167,61.78010482202715,0.0,0.0,0.0,0.0,0.0,0.0,0.0,0.0,0.0
4,0.0,0,359.849588593639,554.0,72.76965184231582,16.19129294835518,1693.0,287.2593014322524,61.84934951035117,0.0,0.0,0.0,0.0,0.0,0.0,0.0,0.0,0.0
5,0.0,0,360.3967609899683,568.0,70.69137773458256,14.352278870684346,1730.0,289.35991747383963,62.06129907894286,0.0,0.0,0.0,0.0,0.0,0.0,0.0,0.0,0.0
6,0.0,0,360.1713184445001,559.0,72.43413787511702,15.025431568848292,1685.0,287.59433949084,62.63515171055447,0.0,0.0,0.0,0.0,0.0,0.0,0.0,0.0,0.0
7,0.054,0,360.20538737905616,564.0,68.47937063653686,13.739908140952169,1729.0,290.42836894553284,61.32363363726064,0.0,0.0,0.0,7.0,0.7,0.07,78.0,0.42355210227777806,0.0022999536326144205
8,0.0,0,360.2569340939777,560.0,71.56491222363293,14.470050109105573,1725.0,288.4456620245304,61.49107131258239,0.0,0.0,0.0,0.0,0.0,0.0,0.0,0.0,0.0
9,0.054,0,360.14064609621727,560.0,67.39794193526575,13.481565133790488,1670.0,290.7036575329029,63.65902671098124,0.0,0.0,0.0,14.0,1.4000000000000001,0.14000000000000007,95.0,0.5158647399537041,0.0028012255781842293
10,0.0,0,359.9651949464606,563.0,74.2318613251169,17.759438580300934,1709.0,285.7731739499117,61.15234480073346,0.0,0.0,0.0,0.0,0.0,0.0,0.0,0.0,0.0
11,0.0,0,360.1743847991722,559.0,72.28060999443254,15.67923122664528,1710.0,287.7984284744917,62.12028262024861,0.0,0.0,0.0,0.0,0.0,0.0,0.0,0.0,0.0
