id,probability_maraud,successful_mating,next_foraging_time,foraging_events,foraging_hrs,foraging_sqhrs,staying_events,staying_hrs,staying_sqhrs,repairing_events,repairing_hrs,repairing_sqhrs,marauding_events,marauding_hrs,marauding_sqhrs,traveling_events,traveling_hrs,traveling_sqhrs
0,0.0,69,360.1107173134404,574.0,68.3713172647632,13.229132555571313,1252.0,212.6682852980234,45.980992264007625,455.0,79.07952407408541,16.72116007133047,0.0,0.0,0.0,0.0,0.0,0.0
1,0.0,39,360.1205281806124,569.0,70.00395360497784,14.625084444761269,1672.0,290.0457980165911,63.3307310686936,0.0,0.0,0.0,0.0,0.0,0.0,0.0,0.0,0.0
2,0.054,0,360.41627769376106,570.0,69.79208782524354,14.110947511490648,1756.0,288.963025567683,60.57033788425774,0.0,0.0,0.0,7.0,0.7,0.07,101.0,0.5484456708981486,0.0029781450883853383
3,0.0,0,360.24858287103734,557.0,71.41620847988978,15.925625477959743,1727.0,288.60541330366436,61.49380876767706,0.0,0.0,0.0,0.0,0.0,0.0,0.0,0.0,0.0
4,0.054,0,360.69974615003997,559.0,70.53691088929155,14.755586892284438,1706.0,288.455438067394,61.61156708080708,0.0,0.0,0.0,6.0,0.6,0.06000000000000001,90.0,0.488713964166667,0.0026537926530166385
5,0.0,0,360.2176966358685,569.0,73.55644250442181,15.466133474017376,1670.0,286.47568933900624,62.15088253180588,0.0,0.0,0.0,0.0,0.0,0.0,0.0,0.0,0.0
6,0.0,0,360.44673688325537,572.0,70.57489466538443,14.549541608492316,1698.0,289.56285930183515,62.108502648107,0.0,0.0,0.0,0.0,0.0,0.0,0.0,0.0,0.0
7,0.0,0,359.8610338899185,564.0,72.13646328953631,15.489073248605653,1711.0,287.95773968831975,61.83970389561991,0.0,0.0,0.0,0.0,0.0,0.0,0.0,0.0,0.0
8,0.0,0,360.0633049976009,569.0,73.24549626900811,16.297830445988335,1649.0,287.00471664940386,63.27477780505809,0.0,0.0,0.0,0.0,0.0,0.0,0.0,0.0,0.0
9,0.0,0,360.29492919858285,572.0,70.80494705798827,14.759580848245552,1695.0,289.2780015461767,62.22296668704567,0.0,0.0,0.0,0.0,0.0,0.0,0.0,0.0,0.0
10,0.0,0,360.27463332978147,554.0,70.66389516531757,15.289967993534137,1702.0,289.3719890952887,62.414226981675945,0.0,0.0,0.0,0.0,0.0,0.0,0.0,0.0,0.0
11,0.0,0,360.4309908255565,574.0,70.80699346027677,14.95936141094426,1719.0,289.29467453877817,61.7541255796757,0.0,0.0,0.0,0.0,0.0,0.0,0.0,0.0,0.0
