id,probability_maraud,successful_mating,next_foraging_time,foraging_events,foraging_hrs,foraging_sqhrs,staying_events,staying_hrs,staying_sqhrs,repairing_events,repairing_hrs,repairing_sqhrs,marauding_events,marauding_hrs,marauding_sqhrs,traveling_events,traveling_hrs,traveling_sqhrs
0,0.0,49,360.0729073070522,572.0,71.0877168189016,14.80038868602761,935.0,157.66043379614845,33.88047236101248,776.0,131.27384804485035,27.57288969253956,0.0,0.0,0.0,0.0,0.0,0.0
1,0.0,59,359.9832457442965,570.0,68.12417382483062,13.866179739833228,1744.0,292.0617496114113,61.6588444149603,0.0,0.0,0.0,0.0,0.0,0.0,0.0,0.0,0.0
2,0.0,0,360.63850046547213,563.0,68.471485977474,14.267703735626185,1718.0,291.69944175093303,62.640604384608274,0.0,0.0,0.0,0.0,0.0,0.0,0.0,0.0,0.0
3,0.054,0,360.03690938490746,585.0,69.53632487939011,13.250098764523495,1709.0,289.13996351721374,61.74823918271696,0.0,0.0,0.0,8.0,0.7999999999999999,0.08000000000000002,105.0,0.5701662915277782,0.003096091428519411
4,0.0,0,360.29133550736276,563.0,71.76797433603635,15.471533302689172,1695.0,288.2420674474218,62.1047392456142,0.0,0.0,0.0,0.0,0.0,0.0,0.0,0.0,0.0
5,0.0,0,360.09680975794447,548.0,72.42576899767542,16.16393975578535,1710.0,287.73111084338996,61.487435783722596,0.0,0.0,0.0,0.0,0.0,0.0,0.0,0.0,0.0
6,0.054,0,360.2597489431569,560.0,69.13407917845986,14.72029544183263,1721.0,289.2003321763189,61.79884455698638,0.0,0.0,0.0,14.0,1.4000000000000001,0.14000000000000007,84.0,0.45613303322222254,0.0024768731428155295
7,0.0,0,360.5851071881039,556.0,71.83252352907537,14.959532413513978,1698.0,288.3016607999606,62.29941760403114,0.0,0.0,0.0,0.0,0.0,0.0,0.0,0.0,0.0
8,0.0,0,360.0641878396676,571.0,70.4838683579033,15.13688307083739,1746.0,289.57355783905024,60.11545002875597,0.0,0.0,0.0,0.0,0.0,0.0,0.0,0.0,0.0
9,0.0,0,360.2073750613442,570.0,67.52296487296562,13.13667980595651,1706.0,292.50664133099866,63.47031320459983,0.0,0.0,0.0,0.0,0.0,0.0,0.0,0.0,0.0
10,0.0,0,360.45993194582036,553.0,67.87877673682131,14.033706383844608,1698.0,292.1871517968727,62.856259429014486,0.0,0.0,0.0,0.0,0.0,0.0,0.0,0.0,0.0
11,0.0,0,360.47929866209046,587.0,70.51860323593178,13.995445753033447,1748.0,289.6010515945843,60.494172353453905,0.0,0.0,0.0,0.0,0.0,0.0,0.0,0.0,0.0
