id,probability_maraud,successful_mating,next_foraging_time,foraging_events,foraging_hrs,foraging_sqhrs,staying_events,staying_hrs,staying_sqhrs,repairing_events,repairing_hrs,repairing_sqhrs,marauding_events,marauding_hrs,marauding_sqhrs,traveling_events,traveling_hrs,traveling_sqhrs
0,0.0,53,360.1832955971066,568.0,69.29937549924023,13.985870584548143,942.0,162.19262482941545,35.06553467990161,760.0,128.57655898522992,27.218877556294256,0.0,0.0,0.0,0.0,0.0,0.0
1,0.0,55,360.54396687683624,557.0,70.12681912112731,14.95702732836278,1705.0,289.9280355206207,61.70498931217927,0.0,0.0,0.0,0.0,0.0,0.0,0.0,0.0,0.0
2,0.054,0,359.94597813427157,574.0,71.1073189568418,15.944294111740394,1685.0,286.92723063668643,61.24779676259482,0.0,0.0,0.0,15.0,1.5000000000000002,0.15000000000000008,93.0,0.5050044296388893,0.002742252408117193
3,0.0,0,360.36064427646284,559.0,73.77768519338672,16.405507907561518,1733.0,286.2696705420413,60.007162926717875,0.0,0.0,0.0,0.0,0.0,0.0,0.0,0.0,0.0
4,0.054,0,360.3086419262421,566.0,76.17838213360207,16.44635149341454,1699.0,282.7034835502407,59.94628229989339,0.0,0.0,0.0,6.0,0.6,0.06000000000000001,97.0,0.5267250502685189,0.0028601987482512656
5,0.0,0,360.2947349598565,575.0,67.97911246765092,13.234421638849671,1753.0,292.0212742813879,61.252259484861725,0.0,0.0,0.0,0.0,0.0,0.0,0.0,0.0,0.0
6,0.0,0,360.4775864096795,568.0,70.62484340335338,14.835390663829328,1707.0,289.405601549468,61.87218573103185,0.0,0.0,0.0,0.0,0.0,0.0,0.0,0.0,0.0
7,0.0,0,360.43152901372736,560.0,69.44602032348176,14.767156673201981,1706.0,290.60761657750925,61.998677342832536,0.0,0.0,0.0,0.0,0.0,0.0,0.0,0.0,0.0
8,0.0,0,360.2421572587936,564.0,70.11570086262302,14.537711142235683,1720.0,290.0573596310768,61.836412367726226,0.0,0.0,0.0,0.0,0.0,0.0,0.0,0.0,0.0
9,0.0,0,360.450024851107,582.0,72.76312772709346,16.332275663456937,1696.0,287.5155552205521,61.548703848309174,0.0,0.0,0.0,0.0,0.0,0.0,0.0,0.0,0.0
10,0.0,0,360.0346017879181,555.0,71.8794051368819,15.443798877863756,1708.0,288.1947688245437,61.496258828839665,0.0,0.0,0.0,0.0,0.0,0.0,0.0,0.0,0.0
11,0.0,0,360.3861072652675,559.0,71.94768663281936,15.219673360972386,1699.0,288.1711556914995,61.63329420237466,0.0,0.0,0.0,0.0,0.0,0.0,0.0,0.0,0.0
