id,probability_maraud,successful_mating,next_foraging_time,foraging_events,foraging_hrs,foraging_sqhrs,staying_events,staying_hrs,staying_sqhrs,repairing_events,repairing_hrs,repairing_sqhrs,marauding_events,marauding_hrs,marauding_sqhrs,traveling_events,traveling_hrs,traveling_sqhrs
0,0.0,48,359.8811865106285,575.0,71.51069469398068,15.296905689797207,866.0,147.8762419459041,31.783580557167117,840.0,140.67483971553597,29.579633721281176,0.0,0.0,0.0,0.0,0.0,0.0
1,0.054,60,359.9810307290761,544.0,70.28690042150855,15.11394321705916,1687.0,287.98014476603066,62.57202634058904,0.0,0.0,0.0,12.0,1.2,0.12000000000000005,127.0,0.6896297049907413,0.0037447962992568106
2,0.0,0,360.35015931655465,575.0,70.55090514892152,14.694142960338253,1731.0,289.47720666467575,61.098956795655454,0.0,0.0,0.0,0.0,0.0,0.0,0.0,0.0,0.0
3,0.0,0,360.28389120069767,567.0,72.1062324861115,15.059532596871064,1694.0,288.00453825652545,61.78833141445001,0.0,0.0,0.0,0.0,0.0,0.0,0.0,0.0,0.0
4,0.0,0,360.1411581172584,556.0,71.13081087796566,14.764890087455207,1708.0,289.1274762301704,62.24616911388816,0.0,0.0,0.0,0.0,0.0,0.0,0.0,0.0,0.0
5,0.0,0,360.1551252128051,571.0,71.55089866888841,14.712531086128243,1750.0,288.4521497028509,60.76903391731964,0.0,0.0,0.0,0.0,0.0,0.0,0.0,0.0,0.0
6,0.054,0,360.2621416090403,574.0,70.09816166762275,13.718532586324532,1698.0,288.34174137823504,61.634275559831735,0.0,0.0,0.0,11.0,1.0999999999999999,0.11000000000000004,109.0,0.5918869121574079,0.0032140377686534836
7,0.0,0,360.3954637484136,561.0,69.09018540424186,14.402713093782644,1667.0,291.03463884624193,63.599676570611265,0.0,0.0,0.0,0.0,0.0,0.0,0.0,0.0,0.0
8,0.0,0,360.0256282214316,565.0,70.62809224169246,15.25837711230878,1688.0,289.47863676442427,63.08598904641904,0.0,0.0,0.0,0.0,0.0,0.0,0.0,0.0,0.0
9,0.0,0,360.65551644897363,570.0,69.85725513218365,13.988565585304277,1772.0,290.20546567938493,60.2904601396933,0.0,0.0,0.0,0.0,0.0,0.0,0.0,0.0,0.0
10,0.0,0,360.63674518530763,564.0,70.46515517344174,14.302062507149499,1731.0,289.83507652786426,61.76147572448132,0.0,0.0,0.0,0.0,0.0,0.0,0.0,0.0,0.0
11,0.0,0,360.17876352270406,569.0,68.39187270244948,13.748810443001009,1728.0,291.61976441590724,62.57026052091069,0.0,0.0,0.0,0.0,0.0,0.0,0.0,0.0,0.0
