id,probability_maraud,successful_mating,next_foraging_time,foraging_events,foraging_hrs,foraging_sqhrs,staying_events,staying_hrs,staying_sqhrs,repairing_events,repairing_hrs,repairing_sqhrs,marauding_events,marauding_hrs,marauding_sqhrs,traveling_events,traveling_hrs,traveling_sqhrs
0,0.0,51,359.96297118137096,565.0,65.03394270260789,12.952612011467984,917.0,161.3341418432836,34.989154927995266,802.0,133.6387022298735,28.44337813893198,0.0,0.0,0.0,0.0,0.0,0.0
1,0.0,57,360.2897028952224,574.0,69.09699294689158,14.810160159655585,1727.0,291.0588664608256,61.77779628670756,0.0,0.0,0.0,0.0,0.0,0.0,0.0,0.0,0.0
2,0.054,0,360.143561365174,563.0,71.06175003744252,14.954304703267947,1677.0,286.9249255877508,61.83350590383119,0.0,0.0,0.0,16.0,1.6000000000000003,0.1600000000000001,87.0,0.4724234986944448,0.002565332897916084
3,0.0,0,360.17265150493495,557.0,72.86588901485771,16.395286194788806,1720.0,287.2003805558515,60.4773192355519,0.0,0.0,0.0,0.0,0.0,0.0,0.0,0.0,0.0
4,0.0,0,359.9223532602838,570.0,71.12952783279705,14.714903319062824,1701.0,288.9552656312709,62.095112212974456,0.0,0.0,0.0,0.0,0.0,0.0,0.0,0.0,0.0
5,0.0,0,360.951119128729,570.0,76.49753051511661,17.439321832027993,1704.0,283.61721325758094,60.24374699510465,0.0,0.0,0.0,0.0,0.0,0.0,0.0,0.0,0.0
6,0.0,0,360.10814378837244,572.0,65.92162931083115,12.751435364559928,1759.0,294.19981930188777,62.0273187904413,0.0,0.0,0.0,0.0,0.0,0.0,0.0,0.0,0.0
7,0.0,0,360.0054098053217,570.0,68.91585597534197,14.280896656104666,1702.0,291.23834391580965,62.93118875086771,0.0,0.0,0.0,0.0,0.0,0.0,0.0,0.0,0.0
8,0.0,0,359.7819061741254,557.0,71.64473295786074,14.913398147088321,1676.0,288.35706004528515,62.30489225692889,0.0,0.0,0.0,0.0,0.0,0.0,0.0,0.0,0.0
9,0.0,0,360.4785495421996,571.0,70.47184174971079,14.720778604178001,1699.0,289.59341061977295,62.22968397617791,0.0,0.0,0.0,0.0,0.0,0.0,0.0,0.0,0.0
10,0.0,0,360.05492826667825,573.0,70.97654056122671,14.501149909992483,1721.0,289.0515448924519,61.785682259169086,0.0,0.0,0.0,0.0,0.0,0.0,0.0,0.0,0.0
11,0.054,0,360.0745798927079,573.0,68.51226783173902,14.464106296534805,1697.0,290.522124829288,62.924475141409474,0.0,0.0,0.0,6.0,0.6,0.06000000000000001,93.0,0.5050044296388893,0.002742252408117193
