id,probability_maraud,successful_mating,next_foraging_time,foraging_events,foraging_hrs,foraging_sqhrs,staying_events,staying_hrs,staying_sqhrs,repairing_events,repairing_hrs,repairing_sqhrs,marauding_events,marauding_hrs,marauding_sqhrs,traveling_events,traveling_hrs,traveling_sqhrs
0,0.0,53,360.09088910058034,555.0,70.5562608939772,15.904109450723496,1114.0,189.62190863732525,40.66139773502296,599.0,99.89750505754921,20.54590433160122,0.0,0.0,0.0,0.0,0.0,0.0
1,0.0,55,360.49296832309784,567.0,70.50027377009116,13.149412280480078,1716.0,289.6247299810975,61.67031922267535,0.0,0.0,0.0,0.0,0.0,0.0,0.0,0.0,0.0
2,0.054,0,361.34949644984766,554.0,69.50469763898752,14.524011093784187,1716.0,289.6783162279743,61.29387813463888,0.0,0.0,0.0,9.0,0.8999999999999999,0.09000000000000002,82.0,0.4452727229074077,0.002417899972748493
3,0.0,0,359.83831886384075,546.0,72.26513083849369,15.23301214585523,1707.0,287.75306915458134,61.1529912923089,0.0,0.0,0.0,0.0,0.0,0.0,0.0,0.0,0.0
4,0.054,0,360.275869077324,586.0,70.7311704911661,14.182288272109517,1691.0,288.17115920832185,61.46839640832349,0.0,0.0,0.0,8.0,0.7999999999999999,0.08000000000000002,90.0,0.488713964166667,0.0026537926530166385
5,0.0,0,360.06308807572987,565.0,75.14898789211318,16.81593918995638,1690.0,284.8651780570021,60.16270543865972,0.0,0.0,0.0,0.0,0.0,0.0,0.0,0.0,0.0
6,0.0,0,360.2192241980821,561.0,73.26134213537772,16.132298994196777,1693.0,286.7573570926034,61.678149513519394,0.0,0.0,0.0,0.0,0.0,0.0,0.0,0.0,0.0
7,0.0,0,360.01561307701724,570.0,72.55324710722975,15.639191720768036,1719.0,287.4971723764129,61.13434470392406,0.0,0.0,0.0,0.0,0.0,0.0,0.0,0.0,0.0
8,0.0,0,360.10802720524435,558.0,68.2701226517154,14.045129880920836,1739.0,291.75234269713707,61.938666817427425,0.0,0.0,0.0,0.0,0.0,0.0,0.0,0.0,0.0
9,0.0,0,360.3013594191016,571.0,71.02454114150598,15.51722283649131,1722.0,289.10951296267837,61.566544263958,0.0,0.0,0.0,0.0,0.0,0.0,0.0,0.0,0.0
10,0.0,0,360.2251259015618,569.0,70.64123713339401,14.463709513657092,1708.0,289.42257015453475,62.50157387867829,0.0,0.0,0.0,0.0,0.0,0.0,0.0,0.0,0.0
11,0.0,0,360.4081029647649,572.0,69.39562153622849,13.866709822178008,1752.0,290.70010648940934,61.08055041769763,0.0,0.0,0.0,0.0,0.0,0.0,0.0,0.0,0.0
