id,probability_maraud,successful_mating,next_foraging_time,foraging_events,foraging_hrs,foraging_sqhrs,staying_events,staying_hrs,staying_sqhrs,repairing_events,repairing_hrs,repairing_sqhrs,marauding_events,marauding_hrs,marauding_sqhrs,traveling_events,traveling_hrs,traveling_sqhrs
0,0.0,57,360.0343545326739,582.0,65.94551852448242,13.05549037929907,1172.0,196.1269029955841,41.63118482885666,570.0,97.9685791789657,21.503534967190237,0.0,0.0,0.0,0.0,0.0,0.0
1,0.0,51,360.7017097813772,564.0,72.713240837787,16.425022611400063,1693.0,287.34792111367506,62.2598112103778,0.0,0.0,0.0,0.0,0.0,0.0,0.0,0.0,0.0
2,0.0,0,360.7485163799143,557.0,69.34758605703728,14.641080649303774,1710.0,290.90132120443945,61.89827842690285,0.0,0.0,0.0,0.0,0.0,0.0,0.0,0.0,0.0
3,0.054,0,360.1700866620587,563.0,70.5797306159764,14.849761313012555,1724.0,288.4120746677342,60.56037655821524,0.0,0.0,0.0,6.0,0.6,0.06000000000000001,98.0,0.5321552054259263,0.002889685333284784
4,0.0,0,359.8345013771252,576.0,69.05260164533118,14.210509086537598,1706.0,291.0045449669979,62.3594188047959,0.0,0.0,0.0,0.0,0.0,0.0,0.0,0.0,0.0
5,0.0,0,360.03693712390026,585.0,69.37157006938496,14.06180563162126,1741.0,290.70326281646027,61.58325080027464,0.0,0.0,0.0,0.0,0.0,0.0,0.0,0.0,0.0
6,0.0,0,359.91565278186226,573.0,70.38652544343232,15.08131396411636,1720.0,289.77656046140004,61.820405216743396,0.0,0.0,0.0,0.0,0.0,0.0,0.0,0.0,0.0
7,0.0,0,360.6848636603858,567.0,69.42080858342152,14.415248518221178,1732.0,290.81591558346463,62.138238453585735,0.0,0.0,0.0,0.0,0.0,0.0,0.0,0.0,0.0
8,0.0,0,360.45399391536364,576.0,69.84178524048602,14.203611465440954,1715.0,290.2992846248422,61.98494631504389,0.0,0.0,0.0,0.0,0.0,0.0,0.0,0.0,0.0
9,0.054,0,360.4162219373839,573.0,67.85027307238747,14.05796798735097,1698.0,290.7764537160466,62.67898102354061,0.0,0.0,0.0,10.0,0.9999999999999999,0.10000000000000003,88.0,0.4778536538518522,0.002594819482949602
10,0.0,0,360.366447778318,572.0,70.09893542700993,14.083284742909195,1757.0,290.08126488721655,61.20204609552813,0.0,0.0,0.0,0.0,0.0,0.0,0.0,0.0,0.0
11,0.0,0,360.4376015797354,567.0,74.08999025275679,16.38508002923786,1716.0,286.1054006177065,60.094448882115536,0.0,0.0,0.0,0.0,0.0,0.0,0.0,0.0,0.0
