id,probability_maraud,successful_mating,next_foraging_time,foraging_events,foraging_hrs,foraging_sqhrs,staying_events,staying_hrs,staying_sqhrs,repairing_events,repairing_hrs,repairing_sqhrs,marauding_events,marauding_hrs,marauding_sqhrs,traveling_events,traveling_hrs,traveling_sqhrs
0,0.0,57,360.7986591141953,573.0,69.79742872439111,14.441959193489229,1081.0,186.20059810988937,40.8347938855697,618.0,104.224720297189,22.173778087149827,0.0,0.0,0.0,0.0,0.0,0.0
1,0.0,51,359.93569252314694,555.0,74.52920417852597,16.969399513594972,1695.0,285.5332873277598,60.93947897952361,0.0,0.0,0.0,0.0,0.0,0.0,0.0,0.0,0.0
2,0.054,0,360.0979479390472,563.0,75.00932047422934,16.872366369066313,1704.0,284.0056034768689,60.137136680195816,0.0,0.0,0.0,5.0,0.5,0.05000000000000001,91.0,0.4941441193240744,0.0026832792380501566
3,0.0,0,359.99606572002017,555.0,68.72736330522159,14.835821779006764,1717.0,291.5053262953673,62.750677211114954,0.0,0.0,0.0,0.0,0.0,0.0,0.0,0.0,0.0
4,0.0,0,360.1454962499627,582.0,71.93740599939824,14.870445780698057,1724.0,288.3185246438119,61.625872574774675,0.0,0.0,0.0,0.0,0.0,0.0,0.0,0.0,0.0
5,0.054,0,360.1996906332111,556.0,72.79866099945647,15.467170748645334,1654.0,285.57999035883563,62.58120637201431,0.0,0.0,0.0,12.0,1.2,0.12000000000000005,107.0,0.581026601842593,0.0031550645985864473
6,0.0,0,360.4244284742206,566.0,70.81709575827493,14.56144310042883,1723.0,289.27509322547775,61.62722784479105,0.0,0.0,0.0,0.0,0.0,0.0,0.0,0.0,0.0
7,0.0,0,360.2317651697081,557.0,72.74301074818177,15.435242693593812,1685.0,287.2721958244217,62.0524874257641,0.0,0.0,0.0,0.0,0.0,0.0,0.0,0.0,0.0
8,0.0,0,360.09386344381676,571.0,68.58752424965225,13.702217374584269,1737.0,291.55771994048416,62.01418751187686,0.0,0.0,0.0,0.0,0.0,0.0,0.0,0.0,0.0
9,0.0,0,359.91087415506735,558.0,73.57897826543993,15.633108971479329,1724.0,286.48084719376124,60.88475545670527,0.0,0.0,0.0,0.0,0.0,0.0,0.0,0.0,0.0
10,0.0,0,360.2825645544242,562.0,73.66818212587933,15.292934523096736,1679.0,286.584340892749,61.889985236767714,0.0,0.0,0.0,0.0,0.0,0.0,0.0,0.0,0.0
11,0.0,0,359.8573557408703,574.0,67.15763988105567,13.361493006080869,1733.0,292.91384319680645,62.64629507147368,0.0,0.0,0.0,0.0,0.0,0.0,0.0,0.0,0.0
