id,probability_maraud,successful_mating,next_foraging_time,foraging_events,foraging_hrs,foraging_sqhrs,staying_events,staying_hrs,staying_sqhrs,repairing_events,repairing_hrs,repairing_sqhrs,marauding_events,marauding_hrs,marauding_sqhrs,traveling_events,traveling_hrs,traveling_sqhrs
0,0.054,73,360.3426383972535,569.0,68.59864068558674,14.808437724715565,1240.0,210.41380973870793,45.17156102849573,482.0,79.6269702484625,16.778927137244406,11.0,1.0999999999999999,0.11000000000000004,71.0,0.3855410161759262,0.0020935475373797933
1,0.054,35,360.2987186484287,565.0,72.15766285471965,15.492100647057995,1294.0,219.09617931184766,46.477301058348964,407.0,67.35353302548856,13.997164630057643,13.0,1.3,0.13000000000000006,73.0,0.396401326490741,0.0021525207074468296
2,0.0,0,360.2901464541817,570.0,64.54523665915323,11.61377980751344,1746.0,295.48770426806243,63.44793219144048,0.0,0.0,0.0,0.0,0.0,0.0,0.0,0.0,0.0
3,0.0,0,360.48315510210136,564.0,73.63344005643205,16.61345933752692,1704.0,286.37167001575034,60.77026770591622,0.0,0.0,0.0,0.0,0.0,0.0,0.0,0.0,0.0
4,0.0,0,360.12017317969395,576.0,68.9844747048073,13.5325354534054,1744.0,291.17158171973443,61.5303541295966,0.0,0.0,0.0,0.0,0.0,0.0,0.0,0.0,0.0
5,0.0,0,360.2611706683156,574.0,74.34233697743028,16.60099422813534,1711.0,285.6650857294788,60.418045437796536,0.0,0.0,0.0,0.0,0.0,0.0,0.0,0.0,0.0
6,0.0,0,360.7358288348373,564.0,71.03235955090881,15.073115593371053,1678.0,289.25976822479515,62.253526301110526,0.0,0.0,0.0,0.0,0.0,0.0,0.0,0.0,0.0
7,0.0,0,360.2114875971344,567.0,68.32602945747452,14.328870914793297,1722.0,291.69703871533943,62.47407589870403,0.0,0.0,0.0,0.0,0.0,0.0,0.0,0.0,0.0
8,0.0,0,360.18087378238283,564.0,71.32953137800014,15.457152573243524,1690.0,288.7867169062833,62.09762991186681,0.0,0.0,0.0,0.0,0.0,0.0,0.0,0.0,0.0
9,0.0,0,360.40117683855124,555.0,72.0459609664865,15.36487780551838,1658.0,288.01653695769323,62.876287360612295,0.0,0.0,0.0,0.0,0.0,0.0,0.0,0.0,0.0
10,0.0,0,359.90972525634817,565.0,67.16880735639255,13.686975690059253,1722.0,292.84179708823615,62.43616667188104,0.0,0.0,0.0,0.0,0.0,0.0,0.0,0.0,0.0
11,0.0,0,360.3547145208251,559.0,70.41125127625179,14.77413986182923,1692.0,289.811253228856,62.55157027440823,0.0,0.0,0.0,0.0,0.0,0.0,0.0,0.0,0.0
