id,probability_maraud,successful_mating,next_foraging_time,foraging_events,foraging_hrs,foraging_sqhrs,staying_events,staying_hrs,staying_sqhrs,repairing_events,repairing_hrs,repairing_sqhrs,marauding_events,marauding_hrs,marauding_sqhrs,traveling_events,traveling_hrs,traveling_sqhrs
0,0.0,35,360.22646581306554,576.0,66.92479558498908,12.836410372840533,863.0,144.0594351282662,30.816367224185125,862.0,149.02312199103034,32.18658167228994,0.0,0.0,0.0,0.0,0.0,0.0
1,0.0,73,360.38980435524263,575.0,72.01315384593579,14.243189854918269,1717.0,288.0291562766157,61.448128248412914,0.0,0.0,0.0,0.0,0.0,0.0,0.0,0.0,0.0
2,0.054,0,359.9190852628946,558.0,68.84443862383392,14.577529042882938,1741.0,289.53535547617713,61.121382556628475,0.0,0.0,0.0,11.0,1.0999999999999999,0.11000000000000004,99.0,0.5375853605833337,0.002919171918318302
3,0.0,0,359.9942378933522,561.0,69.58933520252914,14.039469263766192,1699.0,290.4564644871847,63.69184578105912,0.0,0.0,0.0,0.0,0.0,0.0,0.0,0.0,0.0
4,0.0,0,360.08062456118626,575.0,67.18401731355259,13.179013777654392,1746.0,292.81691842629937,62.782809363618426,0.0,0.0,0.0,0.0,0.0,0.0,0.0,0.0,0.0
5,0.0,0,360.5867880355254,568.0,71.40372839726689,14.634435687338742,1705.0,288.69108299063475,62.91990834285725,0.0,0.0,0.0,0.0,0.0,0.0,0.0,0.0,0.0
6,0.0,0,360.1724163720372,567.0,70.31954450497157,14.159632724890288,1736.0,289.7734400935257,61.725343976302746,0.0,0.0,0.0,0.0,0.0,0.0,0.0,0.0,0.0
7,0.054,0,360.3603370825789,563.0,70.15095235709512,15.174520578002689,1690.0,287.9507464227555,61.96697479373805,0.0,0.0,0.0,14.0,1.4000000000000001,0.14000000000000007,94.0,0.5104345847962967,0.002771738993150711
8,0.0,0,360.0692073432958,552.0,71.5193952132229,15.290498759084265,1700.0,288.5948575076828,61.6925195927305,0.0,0.0,0.0,0.0,0.0,0.0,0.0,0.0,0.0
9,0.0,0,360.19350147189846,552.0,73.58915159971798,16.503038668696146,1698.0,286.425192104567,61.14511769545534,0.0,0.0,0.0,0.0,0.0,0.0,0.0,0.0,0.0
10,0.0,0,360.41654385164304,575.0,69.37061060774703,13.677358834494983,1705.0,290.78825552945096,62.69628367359636,0.0,0.0,0.0,0.0,0.0,0.0,0.0,0.0,0.0
11,0.0,0,360.50517349228795,563.0,71.9127885252583,14.885246147812111,1737.0,288.100235928422,60.77845897330611,0.0,0.0,0.0,0.0,0.0,0.0,0.0,0.0,0.0
