id,probability_maraud,successful_mating,next_foraging_time,foraging_events,foraging_hrs,foraging_sqhrs,staying_events,staying_hrs,staying_sqhrs,repairing_events,repairing_hrs,repairing_sqhrs,marauding_events,marauding_hrs,marauding_sqhrs,traveling_events,traveling_hrs,traveling_sqhrs
0,0.0,56,360.25008384752664,561.0,69.327418614951,15.258003094570261,1047.0,181.25246837497065,39.4879530396457,650.0,109.43860903439634,23.164176406610903,0.0,0.0,0.0,0.0,0.0,0.0
1,0.0,52,360.09551401392764,565.0,73.19160971413038,15.925055284183223,1708.0,286.88154898812576,61.424248980194236,0.0,0.0,0.0,0.0,0.0,0.0,0.0,0.0,0.0
2,0.0,0,360.0759364798268,560.0,72.51705780462798,16.116813920822874,1699.0,287.53786048672475,61.60277046894432,0.0,0.0,0.0,0.0,0.0,0.0,0.0,0.0,0.0
3,0.0,0,360.07754543762036,565.0,69.36354306403959,14.575856370918899,1701.0,290.80586216339543,62.72403319194698,0.0,0.0,0.0,0.0,0.0,0.0,0.0,0.0,0.0
4,0.0,0,360.02917397975784,560.0,72.94169449271607,15.488419057534076,1688.0,287.1455344727801,61.53347143147297,0.0,0.0,0.0,0.0,0.0,0.0,0.0,0.0,0.0
5,0.0,0,360.3492382643155,562.0,69.3145393157174,14.228579818884509,1717.0,290.7778653237403,62.40183801791557,0.0,0.0,0.0,0.0,0.0,0.0,0.0,0.0,0.0
6,0.0,0,359.98424872415757,565.0,68.53037545183427,13.838796069949401,1711.0,291.50859748632377,62.96950108709765,0.0,0.0,0.0,0.0,0.0,0.0,0.0,0.0,0.0
7,0.0,0,359.79484082348563,561.0,74.26140321654776,15.861549398181415,1712.0,285.75944754806306,60.85585945361103,0.0,0.0,0.0,0.0,0.0,0.0,0.0,0.0,0.0
8,0.0,0,360.27542347435406,586.0,68.12683114374906,14.41589028330342,1741.0,292.0144446633059,62.2302068096771,0.0,0.0,0.0,0.0,0.0,0.0,0.0,0.0,0.0
9,0.0,0,360.2937810769057,563.0,67.42150725183043,13.543921012814838,1716.0,292.7706407632461,63.158442771600846,0.0,0.0,0.0,0.0,0.0,0.0,0.0,0.0,0.0
10,0.054,0,360.06738030820577,558.0,66.86741835244999,13.559943952013237,1691.0,291.919026734673,63.94129809758329,0.0,0.0,0.0,8.0,0.7999999999999999,0.08000000000000002,81.0,0.4398425677500003,0.002388413387714975
11,0.054,0,360.44164271737355,568.0,73.66538644558251,16.14571624613469,1652.0,285.02676026885797,61.176529002065095,0.0,0.0,0.0,10.0,0.9999999999999999,0.10000000000000003,85.0,0.46156318837962995,0.0025063597278490476
