id,probability_maraud,successful_mating,next_foraging_time,foraging_events,foraging_hrs,foraging_sqhrs,staying_events,staying_hrs,staying_sqhrs,repairing_events,repairing_hrs,repairing_sqhrs,marauding_events,marauding_hrs,marauding_sqhrs,traveling_events,traveling_hrs,traveling_sqhrs
0,0.0,49,360.2445497572263,567.0,72.02316710846087,15.610620408244731,887.0,153.38801708550645,33.09719282592626,790.0,134.5929731673422,28.91387111934716,0.0,0.0,0.0,0.0,0.0,0.0
1,0.054,59,360.245196087289,575.0,69.77687220474654,13.99802812185264,1747.0,288.43720655625765,59.98738041374128,0.0,0.0,0.0,12.0,1.2,0.12000000000000005,108.0,0.5864567570000004,0.0031845511836199655
2,0.0,0,360.3356438272997,551.0,73.16456728663252,15.832951204807324,1695.0,286.92737010576286,61.77811001911833,0.0,0.0,0.0,0.0,0.0,0.0,0.0,0.0,0.0
3,0.0,0,360.68358772660224,561.0,70.49712885364296,14.726427178158561,1691.0,289.58650804945665,62.22541498192189,0.0,0.0,0.0,0.0,0.0,0.0,0.0,0.0,0.0
4,0.054,0,360.2769984670543,569.0,66.98571144369188,14.138555369361397,1710.0,291.73473519405286,62.71539510017722,0.0,0.0,0.0,10.0,0.9999999999999999,0.10000000000000003,97.0,0.5267250502685189,0.0028601987482512656
5,0.0,0,359.9730495738344,563.0,71.83416920654989,15.706206524303138,1689.0,288.168139626416,62.73484344446704,0.0,0.0,0.0,0.0,0.0,0.0,0.0,0.0,0.0
6,0.0,0,359.9441738637371,564.0,70.8685504572077,15.780373669097145,1740.0,289.15139014656836,60.87695137424784,0.0,0.0,0.0,0.0,0.0,0.0,0.0,0.0,0.0
7,0.0,0,360.0059179459259,561.0,71.47356344435332,15.321382654649842,1699.0,288.63906213253426,62.14573302366848,0.0,0.0,0.0,0.0,0.0,0.0,0.0,0.0,0.0
8,0.0,0,360.3163439756372,571.0,71.97198691387653,15.178420627292086,1732.0,288.1718412150842,60.67874390607024,0.0,0.0,0.0,0.0,0.0,0.0,0.0,0.0,0.0
9,0.0,0,360.57142076011047,572.0,73.98377557398861,15.81631957394863,1666.0,286.1515907031813,61.98896189670369,0.0,0.0,0.0,0.0,0.0,0.0,0.0,0.0,0.0
10,0.0,0,360.142817482813,562.0,70.79293384008966,14.543420497504444,1702.0,289.32307043757885,62.56532907769234,0.0,0.0,0.0,0.0,0.0,0.0,0.0,0.0,0.0
11,0.0,0,360.6441842549092,567.0,67.3721713936107,12.98603349039489,1692.0,292.83432583098795,63.48515381196449,0.0,0.0,0.0,0.0,0.0,0.0,0.0,0.0,0.0
