id,probability_maraud,successful_mating,next_foraging_time,foraging_events,foraging_hrs,foraging_sqhrs,staying_events,staying_hrs,staying_sqhrs,repairing_events,repairing_hrs,repairing_sqhrs,marauding_events,marauding_hrs,marauding_sqhrs,traveling_events,traveling_hrs,traveling_sqhrs
0,0.0,59,360.334649451594,567.0,68.76843113424425,14.55365816667851,1108.0,187.16788258908528,40.008922973322896,608.0,104.07367972335948,22.26379338388248,0.0,0.0,0.0,0.0,0.0,0.0
1,0.0,49,359.9919880024338,571.0,72.22730313435378,15.538942662481778,1748.0,288.1125239253876,60.350406675467255,0.0,0.0,0.0,0.0,0.0,0.0,0.0,0.0,0.0
2,0.0,0,360.4444980023322,559.0,73.49971228161971,15.803058580502032,1654.0,286.5522595774678,63.2217574080319,0.0,0.0,0.0,0.0,0.0,0.0,0.0,0.0,0.0
3,0.0,0,359.8948906869848,570.0,68.73478255607712,14.161316057081258,1719.0,291.3080808787191,62.07734366595985,0.0,0.0,0.0,0.0,0.0,0.0,0.0,0.0,0.0
4,0.054,0,360.06271209852696,574.0,68.19746981041423,13.388877944838693,1739.0,290.4259720605483,61.94680616845394,0.0,0.0,0.0,11.0,1.0999999999999999,0.11000000000000004,102.0,0.553875826055556,0.0030076316734188565
5,0.054,0,359.813108944796,560.0,68.21091765561643,13.391917810612318,1726.0,290.7287679687464,62.51312204208117,0.0,0.0,0.0,6.0,0.6,0.06000000000000001,94.0,0.5104345847962967,0.002771738993150711
6,0.0,0,360.33105240773074,558.0,69.42745943146645,13.651121313845067,1716.0,290.6323156116487,62.681353139542935,0.0,0.0,0.0,0.0,0.0,0.0,0.0,0.0,0.0
7,0.0,0,360.4474813418305,574.0,70.08987800342497,13.870391600383684,1678.0,290.02910962312944,63.577161650391176,0.0,0.0,0.0,0.0,0.0,0.0,0.0,0.0,0.0
8,0.0,0,360.1998212399069,562.0,71.17246928749746,14.146145702383407,1703.0,289.01531309082145,62.41265415825362,0.0,0.0,0.0,0.0,0.0,0.0,0.0,0.0,0.0
9,0.0,0,360.39031703890646,556.0,70.53833073623815,15.274408402319562,1683.0,289.60618084620216,63.00019163192819,0.0,0.0,0.0,0.0,0.0,0.0,0.0,0.0,0.0
10,0.0,0,360.07426637258794,568.0,70.73628818564531,14.836279587214626,1721.0,289.3662599084685,60.91641791077917,0.0,0.0,0.0,0.0,0.0,0.0,0.0,0.0,0.0
11,0.0,0,360.16410850682337,568.0,71.16402828261795,14.507240604723187,1682.0,288.86207142236395,62.160538799113716,0.0,0.0,0.0,0.0,0.0,0.0,0.0,0.0,0.0
