id,probability_maraud,successful_mating,next_foraging_time,foraging_events,foraging_hrs,foraging_sqhrs,staying_events,staying_hrs,staying_sqhrs,repairing_events,repairing_hrs,repairing_sqhrs,marauding_events,marauding_hrs,marauding_sqhrs,traveling_events,traveling_hrs,traveling_sqhrs
0,0.0,54,360.5268912938855,580.0,68.13280889634837,13.322370558941639,1058.0,181.98275529072902,39.22290586443523,653.0,109.95678887277475,23.221412599932112,0.0,0.0,0.0,0.0,0.0,0.0
1,0.0,54,359.94672969921305,576.0,72.7987568314698,15.805070819185243,1715.0,287.39923214887534,60.999422114348675,0.0,0.0,0.0,0.0,0.0,0.0,0.0,0.0,0.0
2,0.0,0,359.8192888564508,558.0,70.74190509720304,14.760440881329576,1699.0,289.28601223089925,61.973166415196445,0.0,0.0,0.0,0.0,0.0,0.0,0.0,0.0,0.0
3,0.0,0,360.57648227577556,571.0,71.43856236230278,15.496583711987842,1691.0,288.58882086782006,61.72558661188685,0.0,0.0,0.0,0.0,0.0,0.0,0.0,0.0,0.0
4,0.0,0,360.3595186559107,560.0,72.69601976566575,15.542299756846015,1675.0,287.3182226106242,62.042332793584805,0.0,0.0,0.0,0.0,0.0,0.0,0.0,0.0,0.0
5,0.054,0,360.66848709401046,578.0,70.78455812175615,15.371776219744875,1685.0,288.03554119565086,61.599893373053426,0.0,0.0,0.0,10.0,0.9999999999999999,0.10000000000000003,103.0,0.5593059812129634,0.0030371182584523746
6,0.0,0,360.33469407399775,580.0,69.18750822102095,13.743377718517761,1695.0,290.90406041391526,62.527026747382926,0.0,0.0,0.0,0.0,0.0,0.0,0.0,0.0,0.0
7,0.0,0,360.54396856784774,565.0,71.05000664983197,15.264369716188487,1728.0,289.0648937834492,61.469690598688295,0.0,0.0,0.0,0.0,0.0,0.0,0.0,0.0,0.0
8,0.0,0,360.5062711264507,570.0,69.20213973805758,13.65727861554726,1689.0,290.87553000763006,63.85223332634818,0.0,0.0,0.0,0.0,0.0,0.0,0.0,0.0,0.0
9,0.054,0,359.87913938678065,557.0,69.27538196846201,14.46065194678978,1719.0,289.50615026281224,61.996862665715,0.0,0.0,0.0,8.0,0.7999999999999999,0.08000000000000002,86.0,0.46699334353703736,0.002535846312882566
10,0.0,0,360.0943990321103,560.0,70.98805175969783,15.88367621166901,1663.0,289.07992384096315,63.435190300789216,0.0,0.0,0.0,0.0,0.0,0.0,0.0,0.0,0.0
11,0.0,0,360.43788976313056,568.0,70.51116451482456,14.3451367488071,1697.0,289.5669057600131,63.090398836138284,0.0,0.0,0.0,0.0,0.0,0.0,0.0,0.0,0.0
