id,probability_maraud,successful_mating,next_foraging_time,foraging_events,foraging_hrs,foraging_sqhrs,staying_events,staying_hrs,staying_sqhrs,repairing_events,repairing_hrs,repairing_sqhrs,marauding_events,marauding_hrs,marauding_sqhrs,traveling_events,traveling_hrs,traveling_sqhrs
0,0.0,51,360.4153923126438,555.0,67.40449293158578,15.021430879513737,995.0,170.61173079248258,37.01758704631368,715.0,122.0048858004325,26.547827617969382,0.0,0.0,0.0,0.0,0.0,0.0
1,0.0,57,360.14848408654854,581.0,69.4556628105774,13.536209506441105,1729.0,290.71635016897216,61.5837887202278,0.0,0.0,0.0,0.0,0.0,0.0,0.0,0.0,0.0
2,0.0,0,360.4679146888625,565.0,68.78373797511631,13.287294418153392,1715.0,291.29345770778815,63.13131998840342,0.0,0.0,0.0,0.0,0.0,0.0,0.0,0.0,0.0
3,0.0,0,360.1799931905274,571.0,72.43936694751147,15.234950369658012,1637.0,287.6401512781673,62.76839485292691,0.0,0.0,0.0,0.0,0.0,0.0,0.0,0.0,0.0
4,0.0,0,360.06391226067694,566.0,70.69224231806248,14.778066358089617,1741.0,289.3820017042312,60.818101587141506,0.0,0.0,0.0,0.0,0.0,0.0,0.0,0.0,0.0
5,0.0,0,360.0783437208564,552.0,70.80475869224983,14.295226300134841,1735.0,289.21620220278544,61.47901997859629,0.0,0.0,0.0,0.0,0.0,0.0,0.0,0.0,0.0
6,0.054,0,360.544538447095,558.0,68.9250294968943,13.546374049389591,1710.0,289.19528395245385,62.31001402973193,0.0,0.0,0.0,14.0,1.4000000000000001,0.14000000000000007,107.0,0.581026601842593,0.0031550645985864473
7,0.0,0,360.30673641156983,553.0,74.72393276257581,16.44545513501353,1676.0,285.33760127065665,61.51079824113602,0.0,0.0,0.0,0.0,0.0,0.0,0.0,0.0,0.0
8,0.0,0,360.1029300820741,578.0,72.08918238469222,14.42159646182681,1672.0,287.9826190780471,63.016066639704675,0.0,0.0,0.0,0.0,0.0,0.0,0.0,0.0,0.0
9,0.0,0,360.496679694378,581.0,68.67248086649157,13.68943609943873,1678.0,291.41695034343627,64.06586412887974,0.0,0.0,0.0,0.0,0.0,0.0,0.0,0.0,0.0
10,0.054,0,360.2175294470062,580.0,67.98343749372302,13.133361083797075,1739.0,290.9432042608444,61.85352579962395,0.0,0.0,0.0,6.0,0.6,0.06000000000000001,102.0,0.553875826055556,0.0030076316734188565
11,0.0,0,359.9389103366647,574.0,67.63551903892181,13.227227489595073,1721.0,292.39636745906535,62.80311426376646,0.0,0.0,0.0,0.0,0.0,0.0,0.0,0.0,0.0
