id,probability_maraud,successful_mating,next_foraging_time,foraging_events,foraging_hrs,foraging_sqhrs,staying_events,staying_hrs,staying_sqhrs,repairing_events,repairing_hrs,repairing_sqhrs,marauding_events,marauding_hrs,marauding_sqhrs,traveling_events,traveling_hrs,traveling_sqhrs
0,0.054,67,360.68146606638567,562.0,68.09139226801975,13.454794763559367,1280.0,223.06627751789537,48.856411537842696,407.0,67.51985081663176,14.429626871226896,10.0,0.9999999999999999,0.10000000000000003,85.0,0.46156318837962995,0.0025063597278490476
1,0.0,41,360.25938942090147,579.0,71.88864689798729,15.028556767500042,1342.0,227.3890179692925,48.57243019490951,361.0,60.83425295652395,12.869196300550675,0.0,0.0,0.0,0.0,0.0,0.0
2,0.054,0,360.19160900373305,560.0,72.8647133871567,15.796365112947013,1670.0,285.63509777712034,61.15503738607082,0.0,0.0,0.0,11.0,1.0999999999999999,0.11000000000000004,93.0,0.5050044296388893,0.002742252408117193
3,0.0,0,360.4122082790187,571.0,70.69060678781477,14.126618403933506,1685.0,289.5118010411423,62.863116433779126,0.0,0.0,0.0,0.0,0.0,0.0,0.0,0.0,0.0
4,0.0,0,360.5005687897561,565.0,73.79964488273762,16.589247727460794,1710.0,286.49856761026683,61.70213325988744,0.0,0.0,0.0,0.0,0.0,0.0,0.0,0.0,0.0
5,0.0,0,360.31356243247376,562.0,68.66138397259675,13.204462280618616,1694.0,291.4048084136264,63.449799656883,0.0,0.0,0.0,0.0,0.0,0.0,0.0,0.0,0.0
6,0.0,0,359.8813219713795,563.0,70.48026226991432,14.574070303757983,1709.0,289.61647843555687,62.39980594088038,0.0,0.0,0.0,0.0,0.0,0.0,0.0,0.0,0.0
7,0.0,0,360.5720417764931,567.0,65.80340627967014,12.610163267461028,1757.0,294.52399616375453,61.75968363069663,0.0,0.0,0.0,0.0,0.0,0.0,0.0,0.0,0.0
8,0.0,0,360.4352757431806,555.0,69.76918604542442,13.803312038591017,1704.0,290.371434922369,61.94799235535785,0.0,0.0,0.0,0.0,0.0,0.0,0.0,0.0,0.0
9,0.0,0,360.2023481382852,575.0,71.05930487895195,15.089985742405537,1704.0,289.15705960572683,62.60582060531756,0.0,0.0,0.0,0.0,0.0,0.0,0.0,0.0,0.0
10,0.0,0,359.7839278742469,576.0,70.23679554228313,14.32391184030973,1698.0,289.83922672144297,61.88661823096678,0.0,0.0,0.0,0.0,0.0,0.0,0.0,0.0,0.0
11,0.0,0,360.5628794554054,575.0,69.06673882321076,13.620080964708267,1718.0,291.00417710119444,62.3747797834785,0.0,0.0,0.0,0.0,0.0,0.0,0.0,0.0,0.0
