id,probability_maraud,successful_mating,next_foraging_time,foraging_events,foraging_hrs,foraging_sqhrs,staying_events,staying_hrs,staying_sqhrs,repairing_events,repairing_hrs,repairing_sqhrs,marauding_events,marauding_hrs,marauding_sqhrs,traveling_events,traveling_hrs,traveling_sqhrs
0,0.054,58,360.37748827942966,570.0,67.260274639506,12.799189165836447,1137.0,192.69132980869443,41.48317139827077,612.0,98.59052213379633,20.149592136365904,12.0,1.2,0.12000000000000005,70.0,0.38011086101851876,0.002064060952346275
1,0.0,50,360.35313594082186,567.0,73.25457987887349,16.03482435723618,1264.0,213.17930795228799,45.51360805548881,441.0,73.79363383359649,15.674267499295283,0.0,0.0,0.0,0.0,0.0,0.0
2,0.0,0,360.07577537799875,582.0,72.55150270025452,14.526645395437715,1723.0,287.4830491588084,61.28203206156196,0.0,0.0,0.0,0.0,0.0,0.0,0.0,0.0,0.0
3,0.0,0,360.4181077247376,564.0,68.7914296207836,13.934010403379451,1717.0,291.42217895558855,62.489335528311706,0.0,0.0,0.0,0.0,0.0,0.0,0.0,0.0,0.0
4,0.0,0,360.1733221237152,572.0,71.99263678424043,16.050716290844434,1693.0,288.1327812306192,62.2653021026446,0.0,0.0,0.0,0.0,0.0,0.0,0.0,0.0,0.0
5,0.0,0,360.12433132300623,556.0,71.06289893451522,15.07916377907561,1716.0,288.95759570911423,60.87693010291639,0.0,0.0,0.0,0.0,0.0,0.0,0.0,0.0,0.0
6,0.0,0,360.1369128587676,565.0,69.75832852935355,13.786206828693821,1698.0,290.25957670403267,62.63070358889915,0.0,0.0,0.0,0.0,0.0,0.0,0.0,0.0,0.0
7,0.054,0,360.26552197392965,563.0,72.81508995033447,16.228142706243883,1690.0,284.96960646900544,61.06749081921941,0.0,0.0,0.0,17.0,1.7000000000000004,0.1700000000000001,103.0,0.5593059812129634,0.0030371182584523746
8,0.0,0,360.6658052249153,564.0,69.94896603507127,14.04925813798475,1733.0,290.07733143019544,61.42185125452667,0.0,0.0,0.0,0.0,0.0,0.0,0.0,0.0,0.0
9,0.0,0,360.18410179030604,560.0,72.8922817631758,15.12191869118584,1715.0,287.1735803937657,61.37641359101574,0.0,0.0,0.0,0.0,0.0,0.0,0.0,0.0,0.0
10,0.0,0,360.03163923311416,564.0,73.51210253822663,16.952239116822174,1709.0,286.67954290591246,61.00659783896242,0.0,0.0,0.0,0.0,0.0,0.0,0.0,0.0,0.0
11,0.0,0,360.20358119298834,572.0,71.69262954279601,14.970468705165128,1713.0,288.3334563527761,61.59193738379693,0.0,0.0,0.0,0.0,0.0,0.0,0.0,0.0,0.0
