id,probability_maraud,successful_mating,next_foraging_time,foraging_events,foraging_hrs,foraging_sqhrs,staying_events,staying_hrs,staying_sqhrs,repairing_events,repairing_hrs,repairing_sqhrs,marauding_events,marauding_hrs,marauding_sqhrs,traveling_events,traveling_hrs,traveling_sqhrs
0,0.0,62,360.15343914418673,562.0,69.37120147102051,13.760383160782107,1008.0,168.3486975729549,35.67012401710359,740.0,122.28941657274261,25.481523783420307,0.0,0.0,0.0,0.0,0.0,0.0
1,0.054,46,360.21189776785917,564.0,68.01484897467274,13.819568048685326,1670.0,290.160351455943,62.6848824077024,0.0,0.0,0.0,15.0,1.5000000000000002,0.15000000000000008,94.0,0.5104345847962967,0.002771738993150711
2,0.0,0,360.8927025519681,575.0,68.70995773284801,13.521514128417511,1688.0,291.3111263692588,64.05789613181166,0.0,0.0,0.0,0.0,0.0,0.0,0.0,0.0,0.0
3,0.0,0,360.06429318818107,552.0,74.87675272751147,16.539268917581204,1694.0,285.19627706497374,60.70231938809358,0.0,0.0,0.0,0.0,0.0,0.0,0.0,0.0,0.0
4,0.0,0,360.2971312161232,555.0,72.03067193042118,15.028416358934708,1705.0,288.0080651322602,61.69877127305738,0.0,0.0,0.0,0.0,0.0,0.0,0.0,0.0,0.0
5,0.0,0,360.4278900537314,568.0,74.30702281657136,16.70316609562015,1669.0,285.9897981988592,62.21390995146218,0.0,0.0,0.0,0.0,0.0,0.0,0.0,0.0,0.0
6,0.0,0,360.7155843659782,568.0,69.77426482238509,14.056562766569941,1689.0,290.4062453969955,62.66389333008614,0.0,0.0,0.0,0.0,0.0,0.0,0.0,0.0,0.0
7,0.0,0,360.42300705498184,566.0,69.3516989062054,13.967163546979533,1749.0,290.6523058112122,62.09672385168345,0.0,0.0,0.0,0.0,0.0,0.0,0.0,0.0,0.0
8,0.054,0,360.00143935544895,563.0,69.63186827302215,13.933373698133602,1757.0,289.4330250926039,60.586108305876174,0.0,0.0,0.0,5.0,0.5,0.05000000000000001,104.0,0.5647361363703708,0.003066604843485893
9,0.0,0,360.83752583249213,559.0,65.82124468079535,12.992614777114762,1744.0,294.39711831875525,63.030935177334705,0.0,0.0,0.0,0.0,0.0,0.0,0.0,0.0,0.0
10,0.0,0,359.8958137960841,559.0,70.32295640710902,15.20806454661957,1733.0,289.73726584634136,61.01181828140798,0.0,0.0,0.0,0.0,0.0,0.0,0.0,0.0,0.0
11,0.0,0,360.21645736398216,565.0,68.8418692347149,13.894666883631203,1715.0,291.2609066027114,62.50742141689388,0.0,0.0,0.0,0.0,0.0,0.0,0.0,0.0,0.0
