id,probability_maraud,successful_mating,next_foraging_time,foraging_events,foraging_hrs,foraging_sqhrs,staying_events,staying_hrs,staying_sqhrs,repairing_events,repairing_hrs,repairing_sqhrs,marauding_events,marauding_hrs,marauding_sqhrs,traveling_events,traveling_hrs,traveling_sqhrs
0,0.0,49,360.0606748252023,570.0,69.47388520481546,13.60280106044485,870.0,150.30699034503905,32.98876353403827,834.0,140.27193977590068,29.80920471672921,0.0,0.0,0.0,0.0,0.0,0.0
1,0.0,59,359.84054784396085,580.0,72.07474854087044,15.011050162485724,1729.0,287.9366522016007,60.709554071205,0.0,0.0,0.0,0.0,0.0,0.0,0.0,0.0,0.0
2,0.0,0,360.28606867917773,558.0,72.12799566921403,16.388361995150966,1685.0,288.0206525091884,61.68966458902124,0.0,0.0,0.0,0.0,0.0,0.0,0.0,0.0,0.0
3,0.0,0,360.17512309729017,563.0,72.9818768411123,16.075105253641965,1699.0,287.0594650690561,61.42520799029907,0.0,0.0,0.0,0.0,0.0,0.0,0.0,0.0,0.0
4,0.0,0,360.35365032427313,571.0,67.2904557034783,13.462355861033274,1721.0,292.7684816866547,62.800334839009814,0.0,0.0,0.0,0.0,0.0,0.0,0.0,0.0,0.0
5,0.0,0,360.0035386465194,558.0,69.7478298199348,15.247594098255313,1713.0,290.2568795491726,62.90682631071626,0.0,0.0,0.0,0.0,0.0,0.0,0.0,0.0,0.0
6,0.054,0,360.3466308191226,584.0,74.15714832594871,15.680986614140075,1696.0,284.3181512422459,60.76992285484631,0.0,0.0,0.0,12.0,1.2,0.12000000000000005,107.0,0.581026601842593,0.0031550645985864473
7,0.0,0,360.4385878759446,566.0,73.18579126823168,15.219312059444809,1698.0,286.8398553809573,61.62871645916312,0.0,0.0,0.0,0.0,0.0,0.0,0.0,0.0,0.0
8,0.0,0,360.4007900293822,557.0,66.92820206350989,13.611688652340533,1711.0,293.15551965372777,63.09436937301713,0.0,0.0,0.0,0.0,0.0,0.0,0.0,0.0,0.0
9,0.0,0,360.5302942196983,552.0,68.46024836992594,15.176554330925207,1698.0,291.71306877682684,63.038873128771115,0.0,0.0,0.0,0.0,0.0,0.0,0.0,0.0,0.0
10,0.054,0,360.18663609054727,560.0,69.09981606449995,13.892132038489287,1667.0,289.2586121746207,63.39569940235386,0.0,0.0,0.0,11.0,1.0999999999999999,0.11000000000000004,112.0,0.6081773776296301,0.003302497523754038
11,0.0,0,360.61672978279665,575.0,67.81046546554504,13.448939745311158,1755.0,292.2048855520345,61.86499347899222,0.0,0.0,0.0,0.0,0.0,0.0,0.0,0.0,0.0
