id,probability_maraud,successful_mating,next_foraging_time,foraging_events,foraging_hrs,foraging_sqhrs,staying_events,staying_hrs,staying_sqhrs,repairing_events,repairing_hrs,repairing_sqhrs,marauding_events,marauding_hrs,marauding_sqhrs,traveling_events,traveling_hrs,traveling_sqhrs
0,0.0,3,359.969684928287,578.0,66.33550228966773,12.531689577287146,1161.0,197.1182503110855,42.47136011507305,551.0,96.71458651095752,20.879207440182956,0.0,0.0,0.0,0.0,0.0,0.0
1,0.027,15,360.23066421658115,559.0,70.13000738679187,14.371138778172798,1696.0,288.8954883423324,62.285509751490544,0.0,0.0,0.0,8.0,0.7999999999999999,0.08000000000000002,45.0,0.24435698208333348,0.001326896326508321
