id,probability_maraud,successful_mating,next_foraging_time,foraging_events,foraging_hrs,foraging_sqhrs,staying_events,staying_hrs,staying_sqhrs,repairing_events,repairing_hrs,repairing_sqhrs,marauding_events,marauding_hrs,marauding_sqhrs,traveling_events,traveling_hrs,traveling_sqhrs
0,0.0,12,360.56569285582214,565.0,70.04586464306583,14.63051134565259,1256.0,208.38968683989145,43.43766688461239,490.0,81.60443661109532,17.296820705267116,0.0,0.0,0.0,0.0,0.0,0.0
1,0.027,6,360.2629912005218,564.0,69.88971027688524,14.440108678905807,1694.0,289.3434129015715,62.152358222894236,0.0,0.0,0.0,7.0,0.7,0.07,39.0,0.211776051138889,0.001149976816307212
