id,probability_maraud,successful_mating,next_foraging_time,foraging_events,foraging_hrs,foraging_sqhrs,staying_events,staying_hrs,staying_sqhrs,repairing_events,repairing_hrs,repairing_sqhrs,marauding_events,marauding_hrs,marauding_sqhrs,traveling_events,traveling_hrs,traveling_sqhrs
0,0.0,8,360.3171686349517,556.0,70.21151828400056,13.819921953189096,1384.0,241.30823644656465,52.62067016114342,282.0,48.49471431791464,10.659108913909654,0.0,0.0,0.0,0.0,0.0,0.0
1,0.027,10,360.00746554619553,549.0,69.6604616647058,15.58725326522231,1696.0,289.86499655497096,62.85373261011976,0.0,0.0,0.0,4.0,0.4,0.04000000000000001,46.0,0.2497871372407409,0.0013563829115418391
