id,probability_maraud,successful_mating,next_foraging_time,foraging_events,foraging_hrs,foraging_sqhrs,staying_events,staying_hrs,staying_sqhrs,repairing_events,repairing_hrs,repairing_sqhrs,marauding_events,marauding_hrs,marauding_sqhrs,traveling_events,traveling_hrs,traveling_sqhrs
0,0.0,10,360.11477809940834,573.0,69.59992894753236,13.544609140066365,1240.0,217.68808911708334,47.52935473764475,417.0,72.83155998147716,15.79522032323696,0.0,0.0,0.0,0.0,0.0,0.0
1,0.027,8,360.5326496200313,567.0,71.80348551197396,14.910031346417762,1661.0,287.53085741568947,62.44908565067255,0.0,0.0,0.0,6.0,0.6,0.06000000000000001,36.0,0.19548558566666677,0.0010615170612066575
