id,probability_maraud,successful_mating,next_foraging_time,foraging_events,foraging_hrs,foraging_sqhrs,staying_events,staying_hrs,staying_sqhrs,repairing_events,repairing_hrs,repairing_sqhrs,marauding_events,marauding_hrs,marauding_sqhrs,traveling_events,traveling_hrs,traveling_sqhrs
0,0.0,7,360.78917916118473,561.0,70.79105950443376,14.739769933493838,1265.0,216.68745872187105,46.3755289051527,425.0,72.63858245184382,15.58732111956288,0.0,0.0,0.0,0.0,0.0,0.0
1,0.027,11,359.9949033465808,558.0,69.72258145590095,14.890307763267662,1698.0,289.5358270871077,62.69720756039254,0.0,0.0,0.0,6.0,0.6,0.06000000000000001,48.0,0.2606474475555557,0.0014153560816088755
