id,probability_maraud,successful_mating,next_foraging_time,foraging_events,foraging_hrs,foraging_sqhrs,staying_events,staying_hrs,staying_sqhrs,repairing_events,repairing_hrs,repairing_sqhrs,marauding_events,marauding_hrs,marauding_sqhrs,traveling_events,traveling_hrs,traveling_sqhrs
0,0.0,10,360.61232169292913,546.0,68.62978927468191,14.369528036927372,1330.0,226.0621288781261,48.70900753029366,375.0,65.38903880906446,14.315396600092223,0.0,0.0,0.0,0.0,0.0,0.0
1,0.027,8,359.871905883177,576.0,75.20502648524253,16.037368759000074,1736.0,283.99851707331845,59.252684689916585,0.0,0.0,0.0,6.0,0.6,0.06000000000000001,57.0,0.3095188439722224,0.001680735346910539
