id,probability_maraud,successful_mating,next_foraging_time,foraging_events,foraging_hrs,foraging_sqhrs,staying_events,staying_hrs,staying_sqhrs,repairing_events,repairing_hrs,repairing_sqhrs,marauding_events,marauding_hrs,marauding_sqhrs,traveling_events,traveling_hrs,traveling_sqhrs
0,0.0,4,360.46421471172073,559.0,71.90975254750121,15.144400963284374,1193.0,203.27628824145575,44.190328034167614,495.0,84.85878392969298,18.69246922291767,0.0,0.0,0.0,0.0,0.0,0.0
1,0.027,13,360.4524984748103,557.0,72.91877824476884,16.528342758713066,1683.0,286.07063129894254,62.006960474729425,0.0,0.0,0.0,7.0,0.7,0.07,62.0,0.33666961975925946,0.0018281682720781298
