id,probability_maraud,successful_mating,next_foraging_time,foraging_events,foraging_hrs,foraging_sqhrs,staying_events,staying_hrs,staying_sqhrs,repairing_events,repairing_hrs,repairing_sqhrs,marauding_events,marauding_hrs,marauding_sqhrs,traveling_events,traveling_hrs,traveling_sqhrs
0,0.0,8,360.3560536294831,575.0,69.19938495300983,13.668401096166681,1208.0,205.9865883790921,43.962919950830276,500.0,84.94671910181658,18.456270050218468,0.0,0.0,0.0,0.0,0.0,0.0
1,0.027,10,360.31689095031754,563.0,71.77945567098554,16.516300099234247,1685.0,287.43288135877515,62.25204188103754,0.0,0.0,0.0,7.0,0.7,0.07,39.0,0.211776051138889,0.001149976816307212
