id,probability_maraud,successful_mating,next_foraging_time,foraging_events,foraging_hrs,foraging_sqhrs,staying_events,staying_hrs,staying_sqhrs,repairing_events,repairing_hrs,repairing_sqhrs,marauding_events,marauding_hrs,marauding_sqhrs,traveling_events,traveling_hrs,traveling_sqhrs
0,0.0,6,360.32670431107715,566.0,71.01919082099066,14.698044696229454,1315.0,228.58916457821448,49.8843598790835,359.0,60.46457632359156,12.88883188421906,0.0,0.0,0.0,0.0,0.0,0.0
1,0.027,12,360.2286053627446,562.0,66.77147392195072,12.912832795248992,1696.0,292.4983958531361,63.489297847012836,0.0,0.0,0.0,5.0,0.5,0.05000000000000001,51.0,0.2769379130277779,0.00150381583670943
