id,probability_maraud,successful_mating,next_foraging_time,foraging_events,foraging_hrs,foraging_sqhrs,staying_events,staying_hrs,staying_sqhrs,repairing_events,repairing_hrs,repairing_sqhrs,marauding_events,marauding_hrs,marauding_sqhrs,traveling_events,traveling_hrs,traveling_sqhrs
0,0.0,6,360.19768892700176,572.0,70.28961626821298,14.442788468046864,1322.0,221.37382384431024,47.097160023457285,415.0,68.46856600115218,14.328838198975737,0.0,0.0,0.0,0.0,0.0,0.0
1,0.027,12,360.11758973514685,567.0,73.95172630338521,15.1857247623779,1724.0,285.2188104931739,60.44662684071399,0.0,0.0,0.0,6.0,0.6,0.06000000000000001,61.0,0.33123946460185205,0.0017986816870446116
