id,probability_maraud,successful_mating,next_foraging_time,foraging_events,foraging_hrs,foraging_sqhrs,staying_events,staying_hrs,staying_sqhrs,repairing_events,repairing_hrs,repairing_sqhrs,marauding_events,marauding_hrs,marauding_sqhrs,traveling_events,traveling_hrs,traveling_sqhrs
0,0.0,5,360.44004028006833,555.0,73.41944792868065,16.217561696073126,1277.0,214.0206111198344,45.32233835831549,426.0,72.74679683573204,15.717548661967099,0.0,0.0,0.0,0.0,0.0,0.0
1,0.027,13,360.0231617727993,568.0,72.53870308067101,15.327834125896748,1714.0,286.75353375231214,61.60825176207068,0.0,0.0,0.0,6.0,0.6,0.06000000000000001,53.0,0.28779822334259275,0.0015627890067764663
