id,probability_maraud,successful_mating,next_foraging_time,foraging_events,foraging_hrs,foraging_sqhrs,staying_events,staying_hrs,staying_sqhrs,repairing_events,repairing_hrs,repairing_sqhrs,marauding_events,marauding_hrs,marauding_sqhrs,traveling_events,traveling_hrs,traveling_sqhrs
0,0.0,6,360.25081380313605,577.0,69.40057374572332,14.232384152894527,1250.0,206.37538762448932,43.4956906625945,483.0,84.37527835957702,18.383380277918075,0.0,0.0,0.0,0.0,0.0,0.0
1,0.027,12,360.38083947542094,577.0,76.16307435759245,17.05580140359996,1667.0,283.05947178291586,60.31509982588778,0.0,0.0,0.0,7.0,0.7,0.07,41.0,0.22263636145370383,0.0012089499863742483
