id,probability_maraud,successful_mating,next_foraging_time,foraging_events,foraging_hrs,foraging_sqhrs,staying_events,staying_hrs,staying_sqhrs,repairing_events,repairing_hrs,repairing_sqhrs,marauding_events,marauding_hrs,marauding_sqhrs,traveling_events,traveling_hrs,traveling_sqhrs
0,0.0,5,360.19393428654973,568.0,68.3868400305869,14.161907265232413,1292.0,222.43728304880602,48.513053543297914,392.0,69.20634851382898,15.191685340947306,0.0,0.0,0.0,0.0,0.0,0.0
1,0.027,13,360.4585342023971,579.0,72.60215148844954,15.08501130407026,1707.0,286.54963695361965,60.62700244062617,0.0,0.0,0.0,6.0,0.6,0.06000000000000001,57.0,0.3095188439722224,0.001680735346910539
