id,probability_maraud,successful_mating,next_foraging_time,foraging_events,foraging_hrs,foraging_sqhrs,staying_events,staying_hrs,staying_sqhrs,repairing_events,repairing_hrs,repairing_sqhrs,marauding_events,marauding_hrs,marauding_sqhrs,traveling_events,traveling_hrs,traveling_sqhrs
0,0.0,10,360.371484321195,576.0,67.46776239282823,12.902514910704086,1247.0,208.08468383771864,43.83500172223128,505.0,84.68022134028348,17.953998811882716,0.0,0.0,0.0,0.0,0.0,0.0
1,0.027,8,360.0728950314183,565.0,68.55539529152227,13.629226396854797,1674.0,290.6575759532287,63.38865087823834,0.0,0.0,0.0,7.0,0.7,0.07,42.0,0.22806651661111124,0.0012384365714077665
