id,probability_maraud,successful_mating,next_foraging_time,foraging_events,foraging_hrs,foraging_sqhrs,staying_events,staying_hrs,staying_sqhrs,repairing_events,repairing_hrs,repairing_sqhrs,marauding_events,marauding_hrs,marauding_sqhrs,traveling_events,traveling_hrs,traveling_sqhrs
0,0.0,12,360.30459683731,579.0,70.16317618736265,13.767406033626916,1425.0,242.22678651913793,51.71683751509131,276.0,47.792058037395414,10.572085017068591,0.0,0.0,0.0,0.0,0.0,0.0
1,0.027,6,360.06465073473277,560.0,69.56817265004179,14.057353914090909,1696.0,289.83964518330026,63.34450845836338,0.0,0.0,0.0,4.0,0.4,0.04000000000000001,44.0,0.23892682692592607,0.0012974097414748028
