id,probability_maraud,successful_mating,next_foraging_time,foraging_events,foraging_hrs,foraging_sqhrs,staying_events,staying_hrs,staying_sqhrs,repairing_events,repairing_hrs,repairing_sqhrs,marauding_events,marauding_hrs,marauding_sqhrs,traveling_events,traveling_hrs,traveling_sqhrs
0,0.0,10,360.2679130856958,544.0,72.32548871777979,15.357182965445281,1439.0,240.8575199751759,50.72632807195289,260.0,46.837747526168364,10.535549455867054,0.0,0.0,0.0,0.0,0.0,0.0
1,0.027,8,360.1025395968146,572.0,69.85918023224983,13.793975469339795,1748.0,289.5226015838019,61.416143113292115,0.0,0.0,0.0,4.0,0.4,0.04000000000000001,41.0,0.22263636145370383,0.0012089499863742483
