id,probability_maraud,successful_mating,next_foraging_time,foraging_events,foraging_hrs,foraging_sqhrs,staying_events,staying_hrs,staying_sqhrs,repairing_events,repairing_hrs,repairing_sqhrs,marauding_events,marauding_hrs,marauding_sqhrs,traveling_events,traveling_hrs,traveling_sqhrs
0,0.0,8,360.3899642623537,573.0,69.81917397149037,13.847335000313612,1407.0,232.25865410321953,48.7312790364814,350.0,58.21563840228985,11.960444037239972,0.0,0.0,0.0,0.0,0.0,0.0
1,0.027,10,360.47553107663555,568.0,72.45193662331701,14.698472349916054,1688.0,286.9548034880747,61.5732565765365,0.0,0.0,0.0,5.0,0.5,0.05000000000000001,52.0,0.28236806818518534,0.0015333024217429481
