id,probability_maraud,successful_mating,next_foraging_time,foraging_events,foraging_hrs,foraging_sqhrs,staying_events,staying_hrs,staying_sqhrs,repairing_events,repairing_hrs,repairing_sqhrs,marauding_events,marauding_hrs,marauding_sqhrs,traveling_events,traveling_hrs,traveling_sqhrs
0,0.0,8,360.16674085301304,571.0,70.0141195268834,14.510271092562624,1397.0,241.5670174238141,52.70619622280277,301.0,48.49543263720658,10.221757532938279,0.0,0.0,0.0,0.0,0.0,0.0
1,0.027,10,360.48645684997774,562.0,71.05060547652803,15.400797045424147,1713.0,288.2679499280932,61.73629431869746,0.0,0.0,0.0,4.0,0.4,0.04000000000000001,53.0,0.28779822334259275,0.0015627890067764663
