id,probability_maraud,successful_mating,next_foraging_time,foraging_events,foraging_hrs,foraging_sqhrs,staying_events,staying_hrs,staying_sqhrs,repairing_events,repairing_hrs,repairing_sqhrs,marauding_events,marauding_hrs,marauding_sqhrs,traveling_events,traveling_hrs,traveling_sqhrs
0,0.0,5,360.53209869699,578.0,66.76569125516583,12.861620009371096,1395.0,232.70859274753508,49.69937037152813,372.0,60.68026984977128,12.422937431833997,0.0,0.0,0.0,0.0,0.0,0.0
1,0.027,13,360.33933379851123,579.0,67.67690516875189,12.579926925154272,1732.0,291.63709399550464,62.15171204901819,0.0,0.0,0.0,5.0,0.5,0.05000000000000001,43.0,0.23349667176851865,0.0012679231564412846
