id,probability_maraud,successful_mating,next_foraging_time,foraging_events,foraging_hrs,foraging_sqhrs,staying_events,staying_hrs,staying_sqhrs,repairing_events,repairing_hrs,repairing_sqhrs,marauding_events,marauding_hrs,marauding_sqhrs,traveling_events,traveling_hrs,traveling_sqhrs
0,0.0,11,360.24476305342563,563.0,72.21470918673813,16.20323611850178,1400.0,239.406218648944,51.698941492733354,297.0,48.41001080252162,10.02967879863179,0.0,0.0,0.0,0.0,0.0,0.0
1,0.027,7,360.49163133371894,569.0,70.28644565949867,14.35440579158953,1708.0,289.14668669984536,61.761357778199105,0.0,0.0,0.0,4.0,0.4,0.04000000000000001,40.0,0.21720620629629642,0.0011794634013407301
