id,probability_maraud,successful_mating,next_foraging_time,foraging_events,foraging_hrs,foraging_sqhrs,staying_events,staying_hrs,staying_sqhrs,repairing_events,repairing_hrs,repairing_sqhrs,marauding_events,marauding_hrs,marauding_sqhrs,traveling_events,traveling_hrs,traveling_sqhrs
0,0.0,9,360.35721448006535,567.0,72.48495528377258,15.142772411583872,1261.0,215.37510852987796,46.48685315833864,412.0,72.31500864353082,15.55227094119695,0.0,0.0,0.0,0.0,0.0,0.0
1,0.027,9,360.12108267144214,563.0,68.74104558855777,13.98827139480504,1721.0,290.6028063987699,61.5699374783785,0.0,0.0,0.0,6.0,0.6,0.06000000000000001,34.0,0.18462527535185194,0.0010025438911396211
