id,probability_maraud,successful_mating,next_foraging_time,foraging_events,foraging_hrs,foraging_sqhrs,staying_events,staying_hrs,staying_sqhrs,repairing_events,repairing_hrs,repairing_sqhrs,marauding_events,marauding_hrs,marauding_sqhrs,traveling_events,traveling_hrs,traveling_sqhrs
0,0.0,5,360.3574669467199,557.0,73.10158027983027,15.651747354703572,769.0,129.87497441191877,27.51696234392617,907.0,157.10641348979416,33.98014781576434,0.0,0.0,0.0,0.0,0.0,0.0
1,0.027,13,360.4094743241748,563.0,72.16099429093988,15.066415855950623,1686.0,286.34648485795395,61.36951429331437,0.0,0.0,0.0,13.0,1.3,0.13000000000000006,46.0,0.2497871372407409,0.0013563829115418391
