id,probability_maraud,successful_mating,next_foraging_time,foraging_events,foraging_hrs,foraging_sqhrs,staying_events,staying_hrs,staying_sqhrs,repairing_events,repairing_hrs,repairing_sqhrs,marauding_events,marauding_hrs,marauding_sqhrs,traveling_events,traveling_hrs,traveling_sqhrs
0,0.0,4,360.6202178517766,552.0,68.94604061658279,14.611718799758162,1043.0,170.59685709273438,35.63373391949254,705.0,120.62457876427351,26.24877344994642,0.0,0.0,0.0,0.0,0.0,0.0
1,0.027,14,359.9269348514028,558.0,68.44918169453192,15.386874463206459,1702.0,290.5178889138577,62.43345068008967,0.0,0.0,0.0,10.0,0.9999999999999999,0.10000000000000003,49.0,0.2660776027129631,0.0014448426666423936
