id,probability_maraud,successful_mating,next_foraging_time,foraging_events,foraging_hrs,foraging_sqhrs,staying_events,staying_hrs,staying_sqhrs,repairing_events,repairing_hrs,repairing_sqhrs,marauding_events,marauding_hrs,marauding_sqhrs,traveling_events,traveling_hrs,traveling_sqhrs
0,0.0,7,360.31543002201863,569.0,69.6637643349572,14.45880020533141,1358.0,229.96756964103915,49.33365067942553,365.0,60.42028814739678,12.787760690596071,0.0,0.0,0.0,0.0,0.0,0.0
1,0.027,11,360.44251621737556,564.0,69.37811949345358,13.428086062310664,1740.0,289.89669115420355,61.384485417294655,0.0,0.0,0.0,5.0,0.5,0.05000000000000001,64.0,0.3475299300740743,0.0018871414421451661
