id,probability_maraud,successful_mating,next_foraging_time,foraging_events,foraging_hrs,foraging_sqhrs,staying_events,staying_hrs,staying_sqhrs,repairing_events,repairing_hrs,repairing_sqhrs,marauding_events,marauding_hrs,marauding_sqhrs,traveling_events,traveling_hrs,traveling_sqhrs
0,0.0,5,360.32846384693266,590.0,67.52049659773402,12.418514809797339,1306.0,220.05962774716727,47.594517907691035,432.0,72.47881036295291,15.325843982039226,0.0,0.0,0.0,0.0,0.0,0.0
1,0.027,13,360.0873253770547,572.0,73.23894794957987,15.345443556860543,1688.0,286.03762854430244,61.18472273546614,0.0,0.0,0.0,6.0,0.6,0.06000000000000001,55.0,0.2986585336574076,0.0016217621768435026
