id,probability_maraud,successful_mating,next_foraging_time,foraging_events,foraging_hrs,foraging_sqhrs,staying_events,staying_hrs,staying_sqhrs,repairing_events,repairing_hrs,repairing_sqhrs,marauding_events,marauding_hrs,marauding_sqhrs,traveling_events,traveling_hrs,traveling_sqhrs
0,0.0,8,360.11042808560785,565.0,73.29965042811465,15.478432873187703,1135.0,189.42455640927568,40.0422773134035,556.0,97.34787049359436,21.552375721461786,0.0,0.0,0.0,0.0,0.0,0.0
1,0.054,10,360.12576521174014,557.0,72.26737690171433,15.18480206743008,1694.0,285.2386439009365,60.302762386563444,0.0,0.0,0.0,16.0,1.6000000000000003,0.1600000000000001,95.0,1.0294464359050925,0.011155368046291568
