id,probability_maraud,successful_mating,next_foraging_time,foraging_events,foraging_hrs,foraging_sqhrs,staying_events,staying_hrs,staying_sqhrs,repairing_events,repairing_hrs,repairing_sqhrs,marauding_events,marauding_hrs,marauding_sqhrs,traveling_events,traveling_hrs,traveling_sqhrs
0,0.0,7,360.472146218352,571.0,69.85124174383132,13.646202865566112,1262.0,211.12976861132785,44.84599958706289,458.0,79.15311691758045,17.604706595202902,0.0,0.0,0.0,0.0,0.0,0.0
1,0.054,11,360.1441746648724,563.0,70.14262300193762,14.253065329491735,1686.0,287.77320911718203,61.339052323503296,0.0,0.0,0.0,13.0,1.3,0.13000000000000006,93.0,1.0077738793597222,0.010920518192685429
