id,probability_maraud,successful_mating,next_foraging_time,foraging_events,foraging_hrs,foraging_sqhrs,staying_events,staying_hrs,staying_sqhrs,repairing_events,repairing_hrs,repairing_sqhrs,marauding_events,marauding_hrs,marauding_sqhrs,traveling_events,traveling_hrs,traveling_sqhrs
0,0.0,8,360.6312203946086,560.0,71.89773413884777,15.319420659879427,1295.0,220.79613933215535,47.50489469660624,394.0,67.41534225281671,14.543926546804176,0.0,0.0,0.0,0.0,0.0,0.0
1,0.054,9,360.0725115376781,576.0,75.94550034551689,16.70539484490726,1662.0,282.17507402558044,60.45901823702038,0.0,0.0,0.0,11.0,1.0999999999999999,0.11000000000000004,79.0,0.8560659835421296,0.009276569217442453
