id,probability_maraud,successful_mating,next_foraging_time,foraging_events,foraging_hrs,foraging_sqhrs,staying_events,staying_hrs,staying_sqhrs,repairing_events,repairing_hrs,repairing_sqhrs,marauding_events,marauding_hrs,marauding_sqhrs,traveling_events,traveling_hrs,traveling_sqhrs
0,0.0,7,360.56276029276904,568.0,73.677930864698,16.160224136581146,1085.0,183.08667689527718,38.46596755571236,621.0,103.44795547776792,21.47695911513106,0.0,0.0,0.0,0.0,0.0,0.0
1,0.054,11,360.1578862846372,553.0,73.2016495706901,14.982204343222863,1634.0,284.2567663646964,62.57377807071182,0.0,0.0,0.0,17.0,1.7000000000000004,0.1700000000000001,89.0,0.9644287662689814,0.01045081848547315
