id,probability_maraud,successful_mating,next_foraging_time,foraging_events,foraging_hrs,foraging_sqhrs,staying_events,staying_hrs,staying_sqhrs,repairing_events,repairing_hrs,repairing_sqhrs,marauding_events,marauding_hrs,marauding_sqhrs,traveling_events,traveling_hrs,traveling_sqhrs
0,0.0,5,359.7383175889055,548.0,77.39471519483607,17.59085392786173,1148.0,197.1404298105718,41.9883531328979,503.0,85.52274552566158,18.497788895554876,0.0,0.0,0.0,0.0,0.0,0.0
1,0.054,13,359.9989160922916,575.0,68.15611293269355,13.44312091758927,1737.0,289.5996475662515,61.874005976709476,0.0,0.0,0.0,14.0,1.4000000000000001,0.14000000000000007,86.0,0.9319199314509259,0.010098543705063941
