id,probability_maraud,successful_mating,next_foraging_time,foraging_events,foraging_hrs,foraging_sqhrs,staying_events,staying_hrs,staying_sqhrs,repairing_events,repairing_hrs,repairing_sqhrs,marauding_events,marauding_hrs,marauding_sqhrs,traveling_events,traveling_hrs,traveling_sqhrs
0,0.0,6,360.12225658092035,566.0,71.05312772407484,15.000790995181154,1237.0,209.68901467939477,44.674208731672046,465.0,79.29600013520603,17.100095651065942,0.0,0.0,0.0,0.0,0.0,0.0
1,0.054,12,360.4388257034752,554.0,72.24508959094915,15.795658410166013,1704.0,285.68225447366757,61.17462992088426,0.0,0.0,0.0,13.0,1.3,0.13000000000000006,98.0,1.061955270723148,0.011507642826700777
