id,probability_maraud,successful_mating,next_foraging_time,foraging_events,foraging_hrs,foraging_sqhrs,staying_events,staying_hrs,staying_sqhrs,repairing_events,repairing_hrs,repairing_sqhrs,marauding_events,marauding_hrs,marauding_sqhrs,traveling_events,traveling_hrs,traveling_sqhrs
0,0.0,10,360.04380455693365,573.0,69.34520736512363,14.761495283321421,1201.0,205.0203013944484,43.308007805953835,514.0,85.66305560594408,17.800397911490748,0.0,0.0,0.0,0.0,0.0,0.0
1,0.054,8,360.42661151579773,571.0,73.66904065665136,15.47147859856834,1677.0,283.9448275895892,61.48175679474421,0.0,0.0,0.0,14.0,1.4000000000000001,0.14000000000000007,93.0,1.0077738793597222,0.010920518192685429
