id,probability_maraud,successful_mating,next_foraging_time,foraging_events,foraging_hrs,foraging_sqhrs,staying_events,staying_hrs,staying_sqhrs,repairing_events,repairing_hrs,repairing_sqhrs,marauding_events,marauding_hrs,marauding_sqhrs,traveling_events,traveling_hrs,traveling_sqhrs
0,0.0,4,360.075197675397,575.0,69.27049454977836,14.40959580697643,1147.0,199.034809365168,42.765587992115016,534.0,91.76519130033473,19.911727379572884,0.0,0.0,0.0,0.0,0.0,0.0
1,0.054,14,360.407426101235,575.0,73.3836068999899,15.535442855563291,1645.0,284.29583819081193,61.261141852129526,0.0,0.0,0.0,15.0,1.5000000000000002,0.15000000000000008,81.0,0.8777385400875,0.009511419071048592
