id,probability_maraud,successful_mating,next_foraging_time,foraging_events,foraging_hrs,foraging_sqhrs,staying_events,staying_hrs,staying_sqhrs,repairing_events,repairing_hrs,repairing_sqhrs,marauding_events,marauding_hrs,marauding_sqhrs,traveling_events,traveling_hrs,traveling_sqhrs
0,0.0,9,360.30326517319133,561.0,67.80218005935433,13.807510606061253,1375.0,231.13760366734286,49.457825750812084,368.0,61.16224759567809,12.734460579159625,0.0,0.0,0.0,0.0,0.0,0.0
1,0.054,9,359.9845854081709,564.0,72.299756333158,15.398724219007144,1677.0,285.7618837318123,61.29382013597677,0.0,0.0,0.0,10.0,0.9999999999999999,0.10000000000000003,87.0,0.9427562097236111,0.01021596863186701
