id,probability_maraud,successful_mating,next_foraging_time,foraging_events,foraging_hrs,foraging_sqhrs,staying_events,staying_hrs,staying_sqhrs,repairing_events,repairing_hrs,repairing_sqhrs,marauding_events,marauding_hrs,marauding_sqhrs,traveling_events,traveling_hrs,traveling_sqhrs
0,0.0,8,360.18839096178465,568.0,69.5882974324876,13.772184926117939,1254.0,210.96750749873215,45.01909528221645,453.0,79.45460525402353,17.533576503637835,0.0,0.0,0.0,0.0,0.0,0.0
1,0.054,10,360.01324894479404,560.0,68.745492998444,13.707368282221521,1696.0,288.95458895320706,61.740615123764755,0.0,0.0,0.0,13.0,1.3,0.13000000000000006,103.0,1.116136662086574,0.012094767460716126
