id,probability_maraud,successful_mating,next_foraging_time,foraging_events,foraging_hrs,foraging_sqhrs,staying_events,staying_hrs,staying_sqhrs,repairing_events,repairing_hrs,repairing_sqhrs,marauding_events,marauding_hrs,marauding_sqhrs,traveling_events,traveling_hrs,traveling_sqhrs
0,0.0,10,360.67552761149307,556.0,70.84458230423327,13.839775307270234,1415.0,234.1639205383315,49.536283170627335,327.0,55.037603697030384,11.655909701911709,0.0,0.0,0.0,0.0,0.0,0.0
1,0.054,8,359.827954692129,573.0,70.03118487487275,14.612669217253224,1708.0,288.270958498576,61.78054123941993,0.0,0.0,0.0,9.0,0.8999999999999999,0.09000000000000002,76.0,0.823557148724074,0.008924294437033244
