id,probability_maraud,successful_mating,next_foraging_time,foraging_events,foraging_hrs,foraging_sqhrs,staying_events,staying_hrs,staying_sqhrs,repairing_events,repairing_hrs,repairing_sqhrs,marauding_events,marauding_hrs,marauding_sqhrs,traveling_events,traveling_hrs,traveling_sqhrs
0,0.0,12,360.04829850798717,568.0,69.21217990058265,14.428942441853003,1312.0,225.79045375417215,48.60665136812,375.0,65.17741109278678,14.299722817532501,0.0,0.0,0.0,0.0,0.0,0.0
1,0.054,5,360.1839026139515,577.0,75.91312411182125,16.527379801049026,1668.0,282.17977144474804,60.79789584583691,0.0,0.0,0.0,11.0,1.0999999999999999,0.11000000000000004,80.0,0.8669022618148148,0.009393994144245523
