id,probability_maraud,successful_mating,next_foraging_time,foraging_events,foraging_hrs,foraging_sqhrs,staying_events,staying_hrs,staying_sqhrs,repairing_events,repairing_hrs,repairing_sqhrs,marauding_events,marauding_hrs,marauding_sqhrs,traveling_events,traveling_hrs,traveling_sqhrs
0,0.0,4,360.2311169778868,567.0,67.9956954574118,13.851642789658216,1151.0,194.55507175129162,41.120360702866485,588.0,97.5411766948617,20.395105772357347,0.0,0.0,0.0,0.0,0.0,0.0
1,0.054,14,360.48837559867036,555.0,74.24408991772556,16.879655767126934,1673.0,283.153053507956,60.95808224890359,0.0,0.0,0.0,16.0,1.6000000000000003,0.1600000000000001,97.0,1.051118992450463,0.011390217899897708
