id,probability_maraud,successful_mating,next_foraging_time,foraging_events,foraging_hrs,foraging_sqhrs,staying_events,staying_hrs,staying_sqhrs,repairing_events,repairing_hrs,repairing_sqhrs,marauding_events,marauding_hrs,marauding_sqhrs,traveling_events,traveling_hrs,traveling_sqhrs
0,0.0,7,360.4004982918243,572.0,72.78874929639976,15.543197779198653,1299.0,220.35886589696386,47.853651777868315,398.0,66.8600125390343,14.16691473893862,0.0,0.0,0.0,0.0,0.0,0.0
1,0.054,11,360.4706178050081,569.0,67.59970528612853,12.680910966915906,1693.0,290.4715013165331,61.9856562390847,0.0,0.0,0.0,11.0,1.0999999999999999,0.11000000000000004,104.0,1.1269729403592592,0.012212192387519196
