id,probability_maraud,successful_mating,next_foraging_time,foraging_events,foraging_hrs,foraging_sqhrs,staying_events,staying_hrs,staying_sqhrs,repairing_events,repairing_hrs,repairing_sqhrs,marauding_events,marauding_hrs,marauding_sqhrs,traveling_events,traveling_hrs,traveling_sqhrs
0,0.0,4,360.1976926848906,547.0,68.029903699163,14.361412576460433,1157.0,196.22450094542734,43.053437574371344,582.0,95.90039233747225,20.065689186710365,0.0,0.0,0.0,0.0,0.0,0.0
1,0.054,13,360.2195798182551,567.0,70.48711743231439,14.686432685409734,1731.0,286.8117570250452,60.43695944007263,0.0,0.0,0.0,16.0,1.6000000000000003,0.1600000000000001,103.0,1.116136662086574,0.012094767460716126
