id,probability_maraud,successful_mating,next_foraging_time,foraging_events,foraging_hrs,foraging_sqhrs,staying_events,staying_hrs,staying_sqhrs,repairing_events,repairing_hrs,repairing_sqhrs,marauding_events,marauding_hrs,marauding_sqhrs,traveling_events,traveling_hrs,traveling_sqhrs
0,0.0,7,360.09217914739287,563.0,70.66148562416171,15.113840543999643,1120.0,191.6661756447219,41.42112609731725,586.0,97.79173879042155,20.864732967794918,0.0,0.0,0.0,0.0,0.0,0.0
1,0.054,11,360.4699059311994,571.0,72.26741432035223,14.929014911985051,1677.0,285.25848854195254,61.26181851420598,0.0,0.0,0.0,16.0,1.6000000000000003,0.1600000000000001,89.0,0.9644287662689814,0.01045081848547315
