id,probability_maraud,successful_mating,next_foraging_time,foraging_events,foraging_hrs,foraging_sqhrs,staying_events,staying_hrs,staying_sqhrs,repairing_events,repairing_hrs,repairing_sqhrs,marauding_events,marauding_hrs,marauding_sqhrs,traveling_events,traveling_hrs,traveling_sqhrs
0,0.0,5,360.6214055633478,569.0,70.18637248435489,14.28692664418486,1356.0,228.7209089836288,48.869858726036554,362.0,61.182811224450425,13.534136658136688,0.0,0.0,0.0,0.0,0.0,0.0
1,0.054,13,360.04142298826457,562.0,72.911607703617,16.218677872168435,1736.0,285.18933951058034,59.903494987187,0.0,0.0,0.0,10.0,0.9999999999999999,0.10000000000000003,84.0,0.9102473749055555,0.009863693851457802
