id,probability_maraud,successful_mating,next_foraging_time,foraging_events,foraging_hrs,foraging_sqhrs,staying_events,staying_hrs,staying_sqhrs,repairing_events,repairing_hrs,repairing_sqhrs,marauding_events,marauding_hrs,marauding_sqhrs,traveling_events,traveling_hrs,traveling_sqhrs
0,0.0,7,360.0547920912274,565.0,70.64450465144205,15.101159338530245,1334.0,222.58365868718684,46.758297521455255,400.0,66.86008607283676,13.83683884313204,0.0,0.0,0.0,0.0,0.0,0.0
1,0.054,11,359.99228265674355,561.0,75.22613309158668,15.968820099367003,1671.0,282.6103395189679,60.77637937375388,0.0,0.0,0.0,11.0,1.0999999999999999,0.11000000000000004,110.0,1.1919906099953703,0.012916741948337614
