id,probability_maraud,successful_mating,next_foraging_time,foraging_events,foraging_hrs,foraging_sqhrs,staying_events,staying_hrs,staying_sqhrs,repairing_events,repairing_hrs,repairing_sqhrs,marauding_events,marauding_hrs,marauding_sqhrs,traveling_events,traveling_hrs,traveling_sqhrs
0,0.0,7,360.03257614404816,567.0,75.97600922779024,17.015656299616943,959.0,168.4224332765182,36.798618464782834,686.0,115.65403680100835,24.584033167505574,0.0,0.0,0.0,0.0,0.0,0.0
1,0.054,10,359.8143097271978,567.0,71.60529338523533,15.507805607097806,1717.0,285.4022154477273,60.107093873910074,0.0,0.0,0.0,19.0,1.9000000000000006,0.1900000000000001,110.0,1.1919906099953703,0.012916741948337614
