id,probability_maraud,successful_mating,next_foraging_time,foraging_events,foraging_hrs,foraging_sqhrs,staying_events,staying_hrs,staying_sqhrs,repairing_events,repairing_hrs,repairing_sqhrs,marauding_events,marauding_hrs,marauding_sqhrs,traveling_events,traveling_hrs,traveling_sqhrs
0,0.0,5,360.06133182654565,566.0,64.85309077978614,12.278595636690582,1328.0,222.2186903912672,47.124807590590976,424.0,73.0306793433906,16.00962189215534,0.0,0.0,0.0,0.0,0.0,0.0
1,0.054,13,360.25703018919484,567.0,71.61502402241656,15.67699702418444,1685.0,286.3975230324495,62.12800058417253,0.0,0.0,0.0,12.0,1.2,0.12000000000000005,94.0,1.0186101576324074,0.011037943119488499
