id,probability_maraud,successful_mating,next_foraging_time,foraging_events,foraging_hrs,foraging_sqhrs,staying_events,staying_hrs,staying_sqhrs,repairing_events,repairing_hrs,repairing_sqhrs,marauding_events,marauding_hrs,marauding_sqhrs,traveling_events,traveling_hrs,traveling_sqhrs
0,0.0,5,360.4566890528543,569.0,70.88393209950723,15.178932795523984,1249.0,216.0135024758759,46.39907685078799,424.0,73.19099754403658,16.04731667457195,0.0,0.0,0.0,0.0,0.0,0.0
1,0.054,13,359.9433261089763,573.0,73.53749885034789,16.322524969783544,1697.0,284.1877702572658,60.486948009058814,0.0,0.0,0.0,12.0,1.2,0.12000000000000005,101.0,1.0944641055412037,0.011859917607109987
