id,probability_maraud,successful_mating,next_foraging_time,foraging_events,foraging_hrs,foraging_sqhrs,staying_events,staying_hrs,staying_sqhrs,repairing_events,repairing_hrs,repairing_sqhrs,marauding_events,marauding_hrs,marauding_sqhrs,traveling_events,traveling_hrs,traveling_sqhrs
0,0.0,5,360.2632601091984,576.0,70.4945388833401,14.979316418769189,1153.0,198.34162193731402,43.271903843785985,521.0,91.20827227643174,20.01458934349855,0.0,0.0,0.0,0.0,0.0,0.0
1,0.054,13,360.98439691101197,583.0,69.81494913590797,14.032720774861769,1697.0,287.8134831657971,61.7760198747409,0.0,0.0,0.0,15.0,1.5000000000000002,0.15000000000000008,88.0,0.9535924879962963,0.01033339355867008
