id,probability_maraud,successful_mating,next_foraging_time,foraging_events,foraging_hrs,foraging_sqhrs,staying_events,staying_hrs,staying_sqhrs,repairing_events,repairing_hrs,repairing_sqhrs,marauding_events,marauding_hrs,marauding_sqhrs,traveling_events,traveling_hrs,traveling_sqhrs
0,0.0,11,360.54680633865786,566.0,66.07876430514983,13.44841370350991,1459.0,245.2400797004918,52.32068640335101,292.0,48.80294246953114,10.26826898836476,0.0,0.0,0.0,0.0,0.0,0.0
1,0.054,7,360.1210414616091,555.0,75.49200301481237,16.726750344510105,1710.0,282.8760750212559,59.48719482111647,0.0,0.0,0.0,8.0,0.7999999999999999,0.08000000000000002,83.0,0.8994110966328703,0.009746268924654732
