id,probability_maraud,successful_mating,next_foraging_time,foraging_events,foraging_hrs,foraging_sqhrs,staying_events,staying_hrs,staying_sqhrs,repairing_events,repairing_hrs,repairing_sqhrs,marauding_events,marauding_hrs,marauding_sqhrs,traveling_events,traveling_hrs,traveling_sqhrs
0,0.0,7,360.3418965075247,575.0,67.54363212641226,13.548412822828215,1322.0,224.87091370286024,48.299827207895646,394.0,67.60910023117673,14.91716997246478,0.0,0.0,0.0,0.0,0.0,0.0
1,0.054,11,360.38845875763536,560.0,77.09156690826676,18.03642223926968,1677.0,280.7824299251928,59.11273403736007,0.0,0.0,0.0,11.0,1.0999999999999999,0.11000000000000004,95.0,1.0294464359050925,0.011155368046291568
