id,probability_maraud,successful_mating,next_foraging_time,foraging_events,foraging_hrs,foraging_sqhrs,staying_events,staying_hrs,staying_sqhrs,repairing_events,repairing_hrs,repairing_sqhrs,marauding_events,marauding_hrs,marauding_sqhrs,traveling_events,traveling_hrs,traveling_sqhrs
0,0.0,7,360.4881227507625,571.0,70.5741854652506,14.441547816186153,1177.0,197.98010011123105,41.94204628900779,574.0,91.59970102999631,18.662382140955398,0.0,0.0,0.0,0.0,0.0,0.0
1,0.054,11,360.58949653223533,562.0,70.73074147231002,14.025242385129854,1712.0,286.77621670530493,60.3176246106163,0.0,0.0,0.0,15.0,1.5000000000000002,0.15000000000000008,114.0,1.235335723086111,0.013386441655549893
