id,probability_maraud,successful_mating,next_foraging_time,foraging_events,foraging_hrs,foraging_sqhrs,staying_events,staying_hrs,staying_sqhrs,repairing_events,repairing_hrs,repairing_sqhrs,marauding_events,marauding_hrs,marauding_sqhrs,traveling_events,traveling_hrs,traveling_sqhrs
0,0.0,1,360.5309408192677,555.0,68.48878551764595,13.471917707250489,1111.0,186.94749642360586,39.473552291583395,619.0,104.61411959928577,22.18783787479376,0.0,0.0,0.0,0.0,0.0,0.0
1,0.054,17,360.1689843554982,561.0,71.18678915982287,14.195511977520555,1706.0,285.8297856354662,60.67669087526318,0.0,0.0,0.0,18.0,1.8000000000000005,0.1800000000000001,121.0,1.3111896709949074,0.01420841614317138
