id,probability_maraud,successful_mating,next_foraging_time,foraging_events,foraging_hrs,foraging_sqhrs,staying_events,staying_hrs,staying_sqhrs,repairing_events,repairing_hrs,repairing_sqhrs,marauding_events,marauding_hrs,marauding_sqhrs,traveling_events,traveling_hrs,traveling_sqhrs
0,0.0,6,360.3231343470488,557.0,72.25769329083009,15.864521338107037,1263.0,214.52685839533996,46.40650394860947,444.0,73.29687835715796,15.646219619851637,0.0,0.0,0.0,0.0,0.0,0.0
1,0.054,12,360.02730835922387,567.0,67.51630099520857,13.328714989487034,1728.0,290.3871748812215,62.4103179505875,0.0,0.0,0.0,12.0,1.2,0.12000000000000005,103.0,1.116136662086574,0.012094767460716126
