id,probability_maraud,successful_mating,next_foraging_time,foraging_events,foraging_hrs,foraging_sqhrs,staying_events,staying_hrs,staying_sqhrs,repairing_events,repairing_hrs,repairing_sqhrs,marauding_events,marauding_hrs,marauding_sqhrs,traveling_events,traveling_hrs,traveling_sqhrs
0,0.0,5,360.2789099933124,553.0,74.26851712393056,16.64959295196883,1114.0,187.63529204723952,39.71557916629051,570.0,98.1290714941681,21.797259039444324,0.0,0.0,0.0,0.0,0.0,0.0
1,0.054,13,359.99930375671534,553.0,68.26516871576226,14.174049033002001,1725.0,289.67899319362584,61.40768517730443,0.0,0.0,0.0,17.0,1.7000000000000004,0.1700000000000001,104.0,0.5647361363703708,0.003066604843485893
