id,probability_maraud,successful_mating,next_foraging_time,foraging_events,foraging_hrs,foraging_sqhrs,staying_events,staying_hrs,staying_sqhrs,repairing_events,repairing_hrs,repairing_sqhrs,marauding_events,marauding_hrs,marauding_sqhrs,traveling_events,traveling_hrs,traveling_sqhrs
0,0.0,6,360.3352133848147,565.0,69.60380085228019,14.237676259647817,1135.0,192.83138466952707,41.090719351061445,584.0,97.61289457681842,20.726121519111654,0.0,0.0,0.0,0.0,0.0,0.0
1,0.054,12,360.41404461831405,559.0,70.75723525423446,15.522707773444505,1654.0,287.0660534378468,62.977428680609655,0.0,0.0,0.0,17.0,1.7000000000000004,0.1700000000000001,92.0,0.49957427448148184,0.002712765823083675
