id,probability_maraud,successful_mating,next_foraging_time,foraging_events,foraging_hrs,foraging_sqhrs,staying_events,staying_hrs,staying_sqhrs,repairing_events,repairing_hrs,repairing_sqhrs,marauding_events,marauding_hrs,marauding_sqhrs,traveling_events,traveling_hrs,traveling_sqhrs
0,0.0,6,360.22288315359896,561.0,69.02610328886306,14.60252729215667,1284.0,217.3098906329013,46.010251808391494,429.0,73.81855207075604,16.197619520723944,0.0,0.0,0.0,0.0,0.0,0.0
1,0.054,12,360.08737052127384,562.0,69.67228946138547,14.469204305573863,1678.0,288.6416302829279,62.70375147271681,0.0,0.0,0.0,12.0,1.2,0.12000000000000005,91.0,0.4941441193240744,0.0026832792380501566
