id,probability_maraud,successful_mating,next_foraging_time,foraging_events,foraging_hrs,foraging_sqhrs,staying_events,staying_hrs,staying_sqhrs,repairing_events,repairing_hrs,repairing_sqhrs,marauding_events,marauding_hrs,marauding_sqhrs,traveling_events,traveling_hrs,traveling_sqhrs
0,0.0,7,360.07104016050437,568.0,68.014696092432,13.39766533952648,1382.0,230.8965847803813,49.32956263290276,356.0,61.122226531834954,13.201131727482105,0.0,0.0,0.0,0.0,0.0,0.0
1,0.054,11,360.6133958828768,561.0,71.02158319675635,14.555846174441436,1687.0,287.94553749478564,62.138025856937865,0.0,0.0,0.0,10.0,0.9999999999999999,0.10000000000000003,67.0,0.3638203955462965,0.0019756011972457206
