id,probability_maraud,successful_mating,next_foraging_time,foraging_events,foraging_hrs,foraging_sqhrs,staying_events,staying_hrs,staying_sqhrs,repairing_events,repairing_hrs,repairing_sqhrs,marauding_events,marauding_hrs,marauding_sqhrs,traveling_events,traveling_hrs,traveling_sqhrs
0,0.0,9,360.20187094194125,552.0,75.17553714022878,16.297585298023037,1135.0,195.04352837936727,42.065583116428606,529.0,89.85014712479921,18.8728726497048,0.0,0.0,0.0,0.0,0.0,0.0
1,0.054,9,360.6420745582796,574.0,70.2807689200706,14.016310644269973,1704.0,287.70361249169343,62.16890401354204,0.0,0.0,0.0,15.0,1.5000000000000002,0.15000000000000008,106.0,0.5755964466851856,0.003125578013552929
