id,probability_maraud,successful_mating,next_foraging_time,foraging_events,foraging_hrs,foraging_sqhrs,staying_events,staying_hrs,staying_sqhrs,repairing_events,repairing_hrs,repairing_sqhrs,marauding_events,marauding_hrs,marauding_sqhrs,traveling_events,traveling_hrs,traveling_sqhrs
0,0.0,5,360.1202079794291,569.0,72.48326471681493,15.518237513961779,1197.0,200.01863754943716,42.23699658088778,504.0,87.59548282347258,19.280980585418785,0.0,0.0,0.0,0.0,0.0,0.0
1,0.054,13,360.5253271790382,549.0,70.99116262195992,14.90194984035349,1696.0,286.9430018250991,61.919294625687364,0.0,0.0,0.0,15.0,1.5000000000000002,0.15000000000000008,106.0,0.5755964466851856,0.003125578013552929
