id,probability_maraud,successful_mating,next_foraging_time,foraging_events,foraging_hrs,foraging_sqhrs,staying_events,staying_hrs,staying_sqhrs,repairing_events,repairing_hrs,repairing_sqhrs,marauding_events,marauding_hrs,marauding_sqhrs,traveling_events,traveling_hrs,traveling_sqhrs
0,0.0,8,359.96614373469055,577.0,69.54467949417155,14.114977707657161,1270.0,211.36936060642174,44.7870390745793,477.0,79.1633390646544,16.59098895819983,0.0,0.0,0.0,0.0,0.0,0.0
1,0.054,10,360.2796072609679,568.0,70.53044349427107,14.936209615592066,1682.0,287.69675508192563,62.77617968667585,0.0,0.0,0.0,13.0,1.3,0.13000000000000006,102.0,0.553875826055556,0.0030076316734188565
