id,probability_maraud,successful_mating,next_foraging_time,foraging_events,foraging_hrs,foraging_sqhrs,staying_events,staying_hrs,staying_sqhrs,repairing_events,repairing_hrs,repairing_sqhrs,marauding_events,marauding_hrs,marauding_sqhrs,traveling_events,traveling_hrs,traveling_sqhrs
0,0.0,8,360.4290397201085,558.0,74.45763521468545,16.078902980301766,1162.0,194.1981753556054,41.3539248406685,539.0,91.3720311855599,19.595128760989564,0.0,0.0,0.0,0.0,0.0,0.0
1,0.054,10,360.3891916151642,580.0,72.92258019500049,14.857938204310567,1713.0,285.0129194963805,60.09710890217027,0.0,0.0,0.0,15.0,1.5000000000000002,0.15000000000000008,109.0,0.5918869121574079,0.0032140377686534836
