id,probability_maraud,successful_mating,next_foraging_time,foraging_events,foraging_hrs,foraging_sqhrs,staying_events,staying_hrs,staying_sqhrs,repairing_events,repairing_hrs,repairing_sqhrs,marauding_events,marauding_hrs,marauding_sqhrs,traveling_events,traveling_hrs,traveling_sqhrs
0,0.0,9,360.0358751839615,554.0,72.36599340926223,15.882094830444876,1362.0,232.67519884238988,50.224158737193534,324.0,54.959243805014964,12.05797105323775,0.0,0.0,0.0,0.0,0.0,0.0
1,0.054,9,359.9445475499715,559.0,73.5784217085562,16.65879881024773,1693.0,285.0865329476582,60.684334026535105,0.0,0.0,0.0,9.0,0.8999999999999999,0.09000000000000002,107.0,0.581026601842593,0.0031550645985864473
