id,probability_maraud,successful_mating,next_foraging_time,foraging_events,foraging_hrs,foraging_sqhrs,staying_events,staying_hrs,staying_sqhrs,repairing_events,repairing_hrs,repairing_sqhrs,marauding_events,marauding_hrs,marauding_sqhrs,traveling_events,traveling_hrs,traveling_sqhrs
0,0.0,8,360.65669965613756,560.0,69.05464287749413,13.549483365697247,1215.0,211.4054115234183,46.30273950472898,481.0,79.54900839071404,16.83749573872308,0.0,0.0,0.0,0.0,0.0,0.0
1,0.054,10,360.6771616270621,573.0,70.25384943181379,14.54049087467051,1677.0,288.1340919131835,62.841863353543374,0.0,0.0,0.0,13.0,1.3,0.13000000000000006,87.0,0.4724234986944448,0.002565332897916084
