id,probability_maraud,successful_mating,next_foraging_time,foraging_events,foraging_hrs,foraging_sqhrs,staying_events,staying_hrs,staying_sqhrs,repairing_events,repairing_hrs,repairing_sqhrs,marauding_events,marauding_hrs,marauding_sqhrs,traveling_events,traveling_hrs,traveling_sqhrs
0,0.0,11,360.1392551653747,575.0,68.5427211141858,14.16280044459553,1388.0,229.78469124420647,48.57192066394446,383.0,61.89278734242294,12.83838215863621,0.0,0.0,0.0,0.0,0.0,0.0
1,0.054,7,360.00849100575397,561.0,70.37729778106196,14.836225526456213,1744.0,288.13498646065005,61.82513721911521,0.0,0.0,0.0,11.0,1.0999999999999999,0.11000000000000004,95.0,0.5158647399537041,0.0028012255781842293
