id,probability_maraud,successful_mating,next_foraging_time,foraging_events,foraging_hrs,foraging_sqhrs,staying_events,staying_hrs,staying_sqhrs,repairing_events,repairing_hrs,repairing_sqhrs,marauding_events,marauding_hrs,marauding_sqhrs,traveling_events,traveling_hrs,traveling_sqhrs
0,0.0,4,360.1858504077976,565.0,75.09135426257126,16.489119266742968,1201.0,199.80502510038468,42.777602213143965,516.0,85.2976117745302,18.13055054587396,0.0,0.0,0.0,0.0,0.0,0.0
1,0.054,14,360.491862641451,565.0,68.87262968141133,12.968531248026066,1655.0,289.3373338779369,63.28700324439958,0.0,0.0,0.0,14.0,1.4000000000000001,0.14000000000000007,95.0,0.5158647399537041,0.0028012255781842293
