id,probability_maraud,successful_mating,next_foraging_time,foraging_events,foraging_hrs,foraging_sqhrs,staying_events,staying_hrs,staying_sqhrs,repairing_events,repairing_hrs,repairing_sqhrs,marauding_events,marauding_hrs,marauding_sqhrs,traveling_events,traveling_hrs,traveling_sqhrs
0,0.0,4,360.1852233452327,571.0,70.67780343259894,14.547356951597227,1237.0,212.60994014435835,46.163879545271705,461.0,76.90361664400838,16.37202884718304,0.0,0.0,0.0,0.0,0.0,0.0
1,0.054,14,360.22232862429854,575.0,68.86766939878426,13.527882285756792,1734.0,289.4702909424295,61.904622297585135,0.0,0.0,0.0,13.0,1.3,0.13000000000000006,90.0,0.488713964166667,0.0026537926530166385
