id,probability_maraud,successful_mating,next_foraging_time,foraging_events,foraging_hrs,foraging_sqhrs,staying_events,staying_hrs,staying_sqhrs,repairing_events,repairing_hrs,repairing_sqhrs,marauding_events,marauding_hrs,marauding_sqhrs,traveling_events,traveling_hrs,traveling_sqhrs
0,0.0,6,359.8242895241582,567.0,69.01644513566633,14.84851852140696,1410.0,236.25999238576122,50.629912014024356,318.0,54.746870633408506,12.143978980867814,0.0,0.0,0.0,0.0,0.0,0.0
1,0.054,12,360.1656268080697,565.0,71.51513205073634,13.680689168555014,1681.0,287.4709027021372,62.235973288830415,0.0,0.0,0.0,9.0,0.8999999999999999,0.09000000000000002,83.0,0.4507028780648151,0.0024473865577820113
