id,probability_maraud,successful_mating,next_foraging_time,foraging_events,foraging_hrs,foraging_sqhrs,staying_events,staying_hrs,staying_sqhrs,repairing_events,repairing_hrs,repairing_sqhrs,marauding_events,marauding_hrs,marauding_sqhrs,traveling_events,traveling_hrs,traveling_sqhrs
0,0.0,5,360.3150446295019,570.0,70.13100501753271,14.35061309423608,1339.0,222.78152005505885,47.22585079367088,406.0,67.19720654425589,14.025690185228619,0.0,0.0,0.0,0.0,0.0,0.0
1,0.054,13,360.22054019403316,564.0,70.31128151773746,14.59152725268706,1683.0,288.16816748781287,62.230902619447996,0.0,0.0,0.0,11.0,1.0999999999999999,0.11000000000000004,96.0,0.5212948951111115,0.0028307121632177475
