id,probability_maraud,successful_mating,next_foraging_time,foraging_events,foraging_hrs,foraging_sqhrs,staying_events,staying_hrs,staying_sqhrs,repairing_events,repairing_hrs,repairing_sqhrs,marauding_events,marauding_hrs,marauding_sqhrs,traveling_events,traveling_hrs,traveling_sqhrs
0,0.0,2,360.39884543572725,570.0,67.90047495695217,14.507369788733081,1133.0,195.51462520374287,42.97932617841745,541.0,96.74621281025553,21.25972931995845,0.0,0.0,0.0,0.0,0.0,0.0
1,0.027,16,359.82129136448305,576.0,70.23424349044149,13.73572417432608,1708.0,288.5210001315416,61.52003327426686,0.0,0.0,0.0,8.0,0.7999999999999999,0.08000000000000002,46.0,0.4984688005435185,0.00540154663294117
