id,probability_maraud,successful_mating,next_foraging_time,foraging_events,foraging_hrs,foraging_sqhrs,staying_events,staying_hrs,staying_sqhrs,repairing_events,repairing_hrs,repairing_sqhrs,marauding_events,marauding_hrs,marauding_sqhrs,traveling_events,traveling_hrs,traveling_sqhrs
0,0.0,4,360.16939101499815,565.0,72.2171573811912,16.75805292624945,972.0,167.0179800512854,36.11967606222296,698.0,120.83024386744337,26.247996177620806,0.0,0.0,0.0,0.0,0.0,0.0
1,0.027,14,359.97194642944584,577.0,71.4594467980848,15.206903506516872,1679.0,287.13524434565517,61.91046658272117,0.0,0.0,0.0,10.0,0.9999999999999999,0.10000000000000003,39.0,0.4226148526347222,0.004579572145319688
