id,probability_maraud,successful_mating,next_foraging_time,foraging_events,foraging_hrs,foraging_sqhrs,staying_events,staying_hrs,staying_sqhrs,repairing_events,repairing_hrs,repairing_sqhrs,marauding_events,marauding_hrs,marauding_sqhrs,traveling_events,traveling_hrs,traveling_sqhrs
0,0.0,7,360.11649538931033,567.0,74.77262990367329,16.21378316883431,973.0,164.51358729176684,35.67466026672825,717.0,120.77987755435385,25.59818317215793,0.0,0.0,0.0,0.0,0.0,0.0
1,0.027,11,360.03760533453425,575.0,70.26729819644875,14.22579912096197,1691.0,288.373223941678,62.3172310390068,0.0,0.0,0.0,10.0,0.9999999999999999,0.10000000000000003,55.0,0.5959953049976852,0.00645837097416879
