id,probability_maraud,successful_mating,next_foraging_time,foraging_events,foraging_hrs,foraging_sqhrs,staying_events,staying_hrs,staying_sqhrs,repairing_events,repairing_hrs,repairing_sqhrs,marauding_events,marauding_hrs,marauding_sqhrs,traveling_events,traveling_hrs,traveling_sqhrs
0,0.0,5,360.00017052199235,555.0,72.13115279166118,15.533587788585512,1429.0,245.07198327244805,53.00582682574715,250.0,42.86299871632768,9.144532435699979,0.0,0.0,0.0,0.0,0.0,0.0
1,0.027,12,360.23371846252877,564.0,70.5683153993873,14.74329411617896,1674.0,288.90665549478035,62.919967162877846,0.0,0.0,0.0,4.0,0.4,0.04000000000000001,38.0,0.411778574362037,0.004462147218516619
