id,probability_maraud,successful_mating,next_foraging_time,foraging_events,foraging_hrs,foraging_sqhrs,staying_events,staying_hrs,staying_sqhrs,repairing_events,repairing_hrs,repairing_sqhrs,marauding_events,marauding_hrs,marauding_sqhrs,traveling_events,traveling_hrs,traveling_sqhrs
0,0.0,5,360.0899627216026,563.0,70.59879311638282,14.40153324184878,1070.0,180.23440002470227,38.85084341685082,643.0,109.31622196482776,23.74047729474963,0.0,0.0,0.0,0.0,0.0,0.0
1,0.027,13,360.2009604785093,567.0,73.18940167403804,15.260503841137755,1687.0,285.60171298765476,61.7042229239654,0.0,0.0,0.0,9.0,0.8999999999999999,0.09000000000000002,44.0,0.47679624399814813,0.005166696779335032
