id,probability_maraud,successful_mating,next_foraging_time,foraging_events,foraging_hrs,foraging_sqhrs,staying_events,staying_hrs,staying_sqhrs,repairing_events,repairing_hrs,repairing_sqhrs,marauding_events,marauding_hrs,marauding_sqhrs,traveling_events,traveling_hrs,traveling_sqhrs
0,0.0,7,360.3760991433437,567.0,67.8665691704194,13.348330355133543,1156.0,197.35647599069162,41.93819293322604,552.0,94.90575683190555,20.34796796801616,0.0,0.0,0.0,0.0,0.0,0.0
1,0.027,10,359.9663928374331,561.0,73.21314742944385,15.816173908763645,1667.0,285.44648064505895,61.37829841740772,0.0,0.0,0.0,8.0,0.7999999999999999,0.08000000000000002,50.0,0.5418139136342592,0.0058712463401534454
