id,probability_maraud,successful_mating,next_foraging_time,foraging_events,foraging_hrs,foraging_sqhrs,staying_events,staying_hrs,staying_sqhrs,repairing_events,repairing_hrs,repairing_sqhrs,marauding_events,marauding_hrs,marauding_sqhrs,traveling_events,traveling_hrs,traveling_sqhrs
0,0.0,5,360.42117849957634,560.0,70.21216177662217,14.711457624414267,1353.0,229.02093826847775,49.02267301684292,370.0,60.81723970303072,12.660787551211579,0.0,0.0,0.0,0.0,0.0,0.0
1,0.027,13,360.3188203647566,583.0,74.89726610224211,16.166726108820598,1663.0,284.2290646392768,61.19383813899771,0.0,0.0,0.0,5.0,0.5,0.05000000000000001,49.0,0.530977635361574,0.005753821413350377
