id,probability_maraud,successful_mating,next_foraging_time,foraging_events,foraging_hrs,foraging_sqhrs,staying_events,staying_hrs,staying_sqhrs,repairing_events,repairing_hrs,repairing_sqhrs,marauding_events,marauding_hrs,marauding_sqhrs,traveling_events,traveling_hrs,traveling_sqhrs
0,0.0,5,360.49992612994185,570.0,73.3428943312412,15.727173571179177,1055.0,177.89387401350396,38.15163575950513,649.0,109.0153850554798,23.06148407933607,0.0,0.0,0.0,0.0,0.0,0.0
1,0.027,13,360.3264094985004,557.0,69.98834949123186,13.87555176899937,1689.0,288.67511449570003,62.6071282015948,0.0,0.0,0.0,9.0,0.8999999999999999,0.09000000000000002,56.0,0.6068315832703703,0.0065757959009718585
