id,probability_maraud,successful_mating,next_foraging_time,foraging_events,foraging_hrs,foraging_sqhrs,staying_events,staying_hrs,staying_sqhrs,repairing_events,repairing_hrs,repairing_sqhrs,marauding_events,marauding_hrs,marauding_sqhrs,traveling_events,traveling_hrs,traveling_sqhrs
0,0.0,9,360.47117567333504,567.0,69.99875126128892,14.235757865672188,1237.0,205.74405944369286,43.28729612330512,473.0,84.52346280642732,19.14536596320957,0.0,0.0,0.0,0.0,0.0,0.0
1,0.027,9,360.31590082244594,566.0,67.94863174783151,14.391492682041298,1737.0,290.8366144109085,61.57487591868083,0.0,0.0,0.0,7.0,0.7,0.07,55.0,0.5959953049976852,0.00645837097416879
