id,probability_maraud,successful_mating,next_foraging_time,foraging_events,foraging_hrs,foraging_sqhrs,staying_events,staying_hrs,staying_sqhrs,repairing_events,repairing_hrs,repairing_sqhrs,marauding_events,marauding_hrs,marauding_sqhrs,traveling_events,traveling_hrs,traveling_sqhrs
0,0.0,11,359.97779991986795,577.0,70.09901583641488,13.898914616382458,1362.0,229.59586673360943,48.68469367704295,340.0,60.39543671503114,13.556334399358624,0.0,0.0,0.0,0.0,0.0,0.0
1,0.027,7,360.7371376869481,563.0,73.13243583692977,15.85680875982532,1719.0,286.02468712910854,61.178517716860284,0.0,0.0,0.0,5.0,0.5,0.05000000000000001,49.0,0.530977635361574,0.005753821413350377
