id,probability_maraud,successful_mating,next_foraging_time,foraging_events,foraging_hrs,foraging_sqhrs,staying_events,staying_hrs,staying_sqhrs,repairing_events,repairing_hrs,repairing_sqhrs,marauding_events,marauding_hrs,marauding_sqhrs,traveling_events,traveling_hrs,traveling_sqhrs
0,0.0,6,360.15701073741917,582.0,74.35473480636634,16.166056319967588,1265.0,212.9059538507207,45.345929806807774,426.0,72.90172797356509,15.741582819187602,0.0,0.0,0.0,0.0,0.0,0.0
1,0.027,12,360.2837471849087,575.0,73.23956500674342,15.3004562005379,1672.0,285.84626834457447,61.39831877465869,0.0,0.0,0.0,6.0,0.6,0.06000000000000001,40.0,0.4334511309074074,0.004696997072122757
