id,probability_maraud,successful_mating,next_foraging_time,foraging_events,foraging_hrs,foraging_sqhrs,staying_events,staying_hrs,staying_sqhrs,repairing_events,repairing_hrs,repairing_sqhrs,marauding_events,marauding_hrs,marauding_sqhrs,traveling_events,traveling_hrs,traveling_sqhrs
0,0.0,9,360.38344115867363,558.0,75.41003263213928,17.18847332973389,1497.0,248.53204026991077,52.62613902140401,209.0,36.15739061815327,7.548105658062766,0.0,0.0,0.0,0.0,0.0,0.0
1,0.027,9,360.5415691666905,560.0,72.37024069721882,15.340050540591477,1693.0,286.9881898458618,62.019251991782056,0.0,0.0,0.0,3.0,0.30000000000000004,0.030000000000000006,38.0,0.411778574362037,0.004462147218516619
