id,probability_maraud,successful_mating,next_foraging_time,foraging_events,foraging_hrs,foraging_sqhrs,staying_events,staying_hrs,staying_sqhrs,repairing_events,repairing_hrs,repairing_sqhrs,marauding_events,marauding_hrs,marauding_sqhrs,traveling_events,traveling_hrs,traveling_sqhrs
0,0.0,8,360.6125737305849,570.0,71.12608843758586,14.47615258516894,1049.0,180.4106115106143,39.159049862501135,645.0,108.71674370171523,23.647417755534022,0.0,0.0,0.0,0.0,0.0,0.0
1,0.027,10,359.9227686315998,555.0,68.63793821117666,13.957953189092484,1704.0,289.9728734042451,62.055972177523586,0.0,0.0,0.0,9.0,0.8999999999999999,0.09000000000000002,49.0,0.530977635361574,0.005753821413350377
