id,probability_maraud,successful_mating,next_foraging_time,foraging_events,foraging_hrs,foraging_sqhrs,staying_events,staying_hrs,staying_sqhrs,repairing_events,repairing_hrs,repairing_sqhrs,marauding_events,marauding_hrs,marauding_sqhrs,traveling_events,traveling_hrs,traveling_sqhrs
0,0.0,8,360.58398014166596,572.0,71.82861269656343,14.734136866932564,1176.0,200.4065841791594,43.45923361637545,510.0,87.91021432470824,19.441473718626167,0.0,0.0,0.0,0.0,0.0,0.0
1,0.027,10,360.1634934745683,572.0,66.46538404432596,13.078718213632264,1722.0,292.1065850028847,61.825987939997084,0.0,0.0,0.0,8.0,0.7999999999999999,0.08000000000000002,58.0,0.6285041398157407,0.006810645754577996
