id,probability_maraud,successful_mating,next_foraging_time,foraging_events,foraging_hrs,foraging_sqhrs,staying_events,staying_hrs,staying_sqhrs,repairing_events,repairing_hrs,repairing_sqhrs,marauding_events,marauding_hrs,marauding_sqhrs,traveling_events,traveling_hrs,traveling_sqhrs
0,0.0,9,360.2650460211184,569.0,74.35790228959654,16.545062273294214,1481.0,249.4101487580744,53.06011896054826,209.0,36.37445054899459,7.765965201126408,0.0,0.0,0.0,0.0,0.0,0.0
1,0.027,9,360.2558872355627,556.0,70.31924956907163,14.525006822836485,1720.0,289.12625478322605,61.95717725078488,0.0,0.0,0.0,3.0,0.30000000000000004,0.030000000000000006,32.0,0.3467609047259259,0.0037575976576982063
