id,probability_maraud,successful_mating,next_foraging_time,foraging_events,foraging_hrs,foraging_sqhrs,staying_events,staying_hrs,staying_sqhrs,repairing_events,repairing_hrs,repairing_sqhrs,marauding_events,marauding_hrs,marauding_sqhrs,traveling_events,traveling_hrs,traveling_sqhrs
0,0.0,2,360.0328143476792,566.0,72.81795589492855,16.025035110337207,999.0,171.40843230479342,37.13143051149757,686.0,115.96982539961158,24.980969778209104,0.0,0.0,0.0,0.0,0.0,0.0
1,0.027,16,359.9214463483092,571.0,68.96240775593755,13.53179264445997,1713.0,289.46171481547054,62.228189184244,0.0,0.0,0.0,10.0,0.9999999999999999,0.10000000000000003,60.0,0.6501766963611111,0.007045495608184134
