id,probability_maraud,successful_mating,next_foraging_time,foraging_events,foraging_hrs,foraging_sqhrs,staying_events,staying_hrs,staying_sqhrs,repairing_events,repairing_hrs,repairing_sqhrs,marauding_events,marauding_hrs,marauding_sqhrs,traveling_events,traveling_hrs,traveling_sqhrs
0,0.0,6,360.193862228912,575.0,69.52836633080994,13.837129449736212,1353.0,229.9506229466252,49.447390966565266,340.0,60.65095457658354,13.287871071693814,0.0,0.0,0.0,0.0,0.0,0.0
1,0.027,12,360.3627844801325,570.0,71.71212696783029,14.705237641768075,1686.0,287.47683627685115,61.62225496723967,0.0,0.0,0.0,5.0,0.5,0.05000000000000001,38.0,0.411778574362037,0.004462147218516619
