id,probability_maraud,successful_mating,next_foraging_time,foraging_events,foraging_hrs,foraging_sqhrs,staying_events,staying_hrs,staying_sqhrs,repairing_events,repairing_hrs,repairing_sqhrs,marauding_events,marauding_hrs,marauding_sqhrs,traveling_events,traveling_hrs,traveling_sqhrs
0,0.0,4,359.99220622580475,567.0,69.64031955750754,14.222518224728038,1334.0,229.6609377247142,50.00650787454604,351.0,60.85091273467412,13.381806996855811,0.0,0.0,0.0,0.0,0.0,0.0
1,0.027,14,360.2159999063203,567.0,69.82315909146317,14.70173033368993,1731.0,289.21166263690384,60.78931505828508,0.0,0.0,0.0,5.0,0.5,0.05000000000000001,54.0,0.585159026725,0.006340946047365721
