id,probability_maraud,successful_mating,next_foraging_time,foraging_events,foraging_hrs,foraging_sqhrs,staying_events,staying_hrs,staying_sqhrs,repairing_events,repairing_hrs,repairing_sqhrs,marauding_events,marauding_hrs,marauding_sqhrs,traveling_events,traveling_hrs,traveling_sqhrs
0,0.0,6,360.4121275049485,567.0,72.00741802307355,15.90919269826855,1284.0,215.35332088879073,45.81560338836289,445.0,72.67892169343119,14.924773574448244,0.0,0.0,0.0,0.0,0.0,0.0
1,0.027,12,360.00803807109776,565.0,70.96383622804125,14.756328891503623,1685.0,288.0395801787291,62.274269354095026,0.0,0.0,0.0,6.0,0.6,0.06000000000000001,53.0,0.5743227484523148,0.006223521120562652
