id,probability_maraud,successful_mating,next_foraging_time,foraging_events,foraging_hrs,foraging_sqhrs,staying_events,staying_hrs,staying_sqhrs,repairing_events,repairing_hrs,repairing_sqhrs,marauding_events,marauding_hrs,marauding_sqhrs,traveling_events,traveling_hrs,traveling_sqhrs
0,0.0,6,360.19738504639906,556.0,69.6515040234536,14.583064779536144,1237.0,209.50210199176084,44.912353755307564,490.0,81.08367731559883,17.003914146221184,0.0,0.0,0.0,0.0,0.0,0.0
1,0.027,12,360.3602956071409,558.0,65.80993797105805,12.740565711222946,1701.0,293.2923057101174,63.98865920714607,0.0,0.0,0.0,7.0,0.7,0.07,38.0,0.411778574362037,0.004462147218516619
