id,probability_maraud,successful_mating,next_foraging_time,foraging_events,foraging_hrs,foraging_sqhrs,staying_events,staying_hrs,staying_sqhrs,repairing_events,repairing_hrs,repairing_sqhrs,marauding_events,marauding_hrs,marauding_sqhrs,traveling_events,traveling_hrs,traveling_sqhrs
0,0.0,9,360.38480135858265,565.0,72.2879744582914,15.308584302362139,1303.0,215.26809262287958,45.729945692881245,437.0,72.4669054324764,15.101301101520738,0.0,0.0,0.0,0.0,0.0,0.0
1,0.027,9,360.1771942414826,567.0,72.6550234253442,15.421023779442923,1667.0,286.3100937304922,62.034463091194155,0.0,0.0,0.0,6.0,0.6,0.06000000000000001,43.0,0.46595996572546294,0.005049271852531964
