id,probability_maraud,successful_mating,next_foraging_time,foraging_events,foraging_hrs,foraging_sqhrs,staying_events,staying_hrs,staying_sqhrs,repairing_events,repairing_hrs,repairing_sqhrs,marauding_events,marauding_hrs,marauding_sqhrs,traveling_events,traveling_hrs,traveling_sqhrs
0,0.0,8,360.3025921323568,562.0,70.88355524326882,14.615143428384775,1196.0,204.7878587766018,44.28467607914499,478.0,84.61988860840837,18.270862753422044,0.0,0.0,0.0,0.0,0.0,0.0
1,0.027,10,359.8806560111868,555.0,65.7117677131606,12.549108055934127,1703.0,293.0458924248322,63.55617209715878,0.0,0.0,0.0,7.0,0.7,0.07,56.0,0.6068315832703703,0.0065757959009718585
