id,probability_maraud,successful_mating,next_foraging_time,foraging_events,foraging_hrs,foraging_sqhrs,staying_events,staying_hrs,staying_sqhrs,repairing_events,repairing_hrs,repairing_sqhrs,marauding_events,marauding_hrs,marauding_sqhrs,traveling_events,traveling_hrs,traveling_sqhrs
0,0.0,10,359.7185569379601,562.0,71.77527897816813,14.559672329414981,1547.0,264.0762609126764,57.22893074522535,136.0,24.197281523387154,5.337658189161956,0.0,0.0,0.0,0.0,0.0,0.0
1,0.027,8,360.4530995604658,570.0,74.65790087514468,16.678559070483104,1722.0,284.41177724873876,59.24664873520364,0.0,0.0,0.0,4.0,0.4,0.04000000000000001,40.0,0.8680193458333331,0.018836439618523198
