id,probability_maraud,successful_mating,next_foraging_time,foraging_events,foraging_hrs,foraging_sqhrs,staying_events,staying_hrs,staying_sqhrs,repairing_events,repairing_hrs,repairing_sqhrs,marauding_events,marauding_hrs,marauding_sqhrs,traveling_events,traveling_hrs,traveling_sqhrs
0,0.0,10,360.6538405324998,568.0,68.63609498237425,13.343828542884244,1482.0,254.5300062561086,54.92145420278054,207.0,36.922647118808285,8.460152314620656,0.0,0.0,0.0,0.0,0.0,0.0
1,0.027,8,360.01722938398956,575.0,71.06434413269577,14.566464602064324,1715.0,287.16373738786956,60.997604281509865,0.0,0.0,0.0,6.0,0.6,0.06000000000000001,58.0,1.2586280514583341,0.027312837446858657
