id,probability_maraud,successful_mating,next_foraging_time,foraging_events,foraging_hrs,foraging_sqhrs,staying_events,staying_hrs,staying_sqhrs,repairing_events,repairing_hrs,repairing_sqhrs,marauding_events,marauding_hrs,marauding_sqhrs,traveling_events,traveling_hrs,traveling_sqhrs
0,0.0,9,360.3428167297546,563.0,70.37972225437034,14.473145712814414,1487.0,252.81412340963524,53.98884237638089,234.0,36.939451273856115,7.624231360605644,0.0,0.0,0.0,0.0,0.0,0.0
1,0.027,9,360.04155744970006,562.0,70.35265023424081,14.779131256460968,1673.0,288.219852234452,62.89862089147493,0.0,0.0,0.0,6.0,0.6,0.06000000000000001,52.0,1.1284251495833335,0.02448737150408017
