id,probability_maraud,successful_mating,next_foraging_time,foraging_events,foraging_hrs,foraging_sqhrs,staying_events,staying_hrs,staying_sqhrs,repairing_events,repairing_hrs,repairing_sqhrs,marauding_events,marauding_hrs,marauding_sqhrs,traveling_events,traveling_hrs,traveling_sqhrs
0,0.0,8,360.46280651448666,560.0,71.9551684451179,14.990107968073534,1519.0,257.84234781558035,55.240800006500756,166.0,30.3530598595362,6.579358330117503,0.0,0.0,0.0,0.0,0.0,0.0
1,0.027,10,360.09619394640276,552.0,74.55027796831554,16.794259125399282,1662.0,284.05801078139706,61.33659455899217,0.0,0.0,0.0,5.0,0.5,0.05000000000000001,45.0,0.9765217640624997,0.021190994570838603
