id,probability_maraud,successful_mating,next_foraging_time,foraging_events,foraging_hrs,foraging_sqhrs,staying_events,staying_hrs,staying_sqhrs,repairing_events,repairing_hrs,repairing_sqhrs,marauding_events,marauding_hrs,marauding_sqhrs,traveling_events,traveling_hrs,traveling_sqhrs
0,0.0,7,360.3159624746585,562.0,71.4079923429356,15.292661526428628,1542.0,261.7386201365752,56.27420842614877,158.0,26.928151664498305,5.791680353565209,0.0,0.0,0.0,0.0,0.0,0.0
1,0.027,11,360.4024501234987,554.0,69.64067504611135,14.455269356198368,1684.0,289.2176774384933,62.94301444522613,0.0,0.0,0.0,5.0,0.5,0.05000000000000001,37.0,0.8029178948958331,0.017423706647133955
