id,probability_maraud,successful_mating,next_foraging_time,foraging_events,foraging_hrs,foraging_sqhrs,staying_events,staying_hrs,staying_sqhrs,repairing_events,repairing_hrs,repairing_sqhrs,marauding_events,marauding_hrs,marauding_sqhrs,traveling_events,traveling_hrs,traveling_sqhrs
0,0.0,9,360.1527759309906,568.0,71.8539004528151,15.022554976967328,1387.0,232.92661314610578,49.45260663566707,337.0,55.25465503026543,11.72140392968564,0.0,0.0,0.0,0.0,0.0,0.0
1,0.027,9,360.50930514825683,562.0,69.39475021749394,13.749307532930697,1709.0,288.66458823535146,61.99574485639538,0.0,0.0,0.0,9.0,0.8999999999999999,0.09000000000000002,50.0,1.0850241822916666,0.02354554952315401
