id,probability_maraud,successful_mating,next_foraging_time,foraging_events,foraging_hrs,foraging_sqhrs,staying_events,staying_hrs,staying_sqhrs,repairing_events,repairing_hrs,repairing_sqhrs,marauding_events,marauding_hrs,marauding_sqhrs,traveling_events,traveling_hrs,traveling_sqhrs
0,0.0,7,360.04478643080506,569.0,73.27907598702372,15.2655726804704,1511.0,255.7465771190067,54.88422865965655,192.0,31.084388097088606,6.633822261630561,0.0,0.0,0.0,0.0,0.0,0.0
1,0.027,11,360.1691245686142,554.0,64.8747912370433,13.248234599873436,1764.0,293.66292897091347,62.787990954740664,0.0,0.0,0.0,6.0,0.6,0.06000000000000001,47.0,1.0199227313541663,0.022132816551764765
