id,probability_maraud,successful_mating,next_foraging_time,foraging_events,foraging_hrs,foraging_sqhrs,staying_events,staying_hrs,staying_sqhrs,repairing_events,repairing_hrs,repairing_sqhrs,marauding_events,marauding_hrs,marauding_sqhrs,traveling_events,traveling_hrs,traveling_sqhrs
0,0.0,6,360.31510375223894,569.0,70.05902781092465,14.271448211250801,1361.0,229.112514082009,49.39773400089065,372.0,60.86630782786522,12.563691201883524,0.0,0.0,0.0,0.0,0.0,0.0
1,0.027,12,360.2665183835012,565.0,71.04365649840219,15.794231262070994,1687.0,287.3377189744427,61.714534872795646,0.0,0.0,0.0,10.0,0.9999999999999999,0.10000000000000003,38.0,0.8246183785416664,0.017894617637597036
