id,probability_maraud,successful_mating,next_foraging_time,foraging_events,foraging_hrs,foraging_sqhrs,staying_events,staying_hrs,staying_sqhrs,repairing_events,repairing_hrs,repairing_sqhrs,marauding_events,marauding_hrs,marauding_sqhrs,traveling_events,traveling_hrs,traveling_sqhrs
0,0.0,8,360.1855428535871,573.0,71.15588559667052,15.251156058542154,1590.0,264.1671599073175,56.178366932751885,149.0,24.707909675151825,5.354226382968693,0.0,0.0,0.0,0.0,0.0,0.0
1,0.027,10,359.9830893586032,563.0,72.6201037677351,15.959079209271534,1698.0,286.23780837435675,61.35958400778188,0.0,0.0,0.0,4.0,0.4,0.04000000000000001,36.0,0.7812174112499998,0.016952795656670874
