id,probability_maraud,successful_mating,next_foraging_time,foraging_events,foraging_hrs,foraging_sqhrs,staying_events,staying_hrs,staying_sqhrs,repairing_events,repairing_hrs,repairing_sqhrs,marauding_events,marauding_hrs,marauding_sqhrs,traveling_events,traveling_hrs,traveling_sqhrs
0,0.0,10,359.9983123736568,566.0,69.63491195787748,14.252212924765224,1501.0,253.92634869702965,54.25480850926673,211.0,36.48915100610921,7.733152204548316,0.0,0.0,0.0,0.0,0.0,0.0
1,0.027,8,360.0554372221654,570.0,70.45073475327305,14.355551960378165,1703.0,288.24468505973573,61.72419905027349,0.0,0.0,0.0,6.0,0.6,0.06000000000000001,36.0,0.7812174112499998,0.016952795656670874
