id,probability_maraud,successful_mating,next_foraging_time,foraging_events,foraging_hrs,foraging_sqhrs,staying_events,staying_hrs,staying_sqhrs,repairing_events,repairing_hrs,repairing_sqhrs,marauding_events,marauding_hrs,marauding_sqhrs,traveling_events,traveling_hrs,traveling_sqhrs
0,0.0,7,360.5124894555849,555.0,71.78122129617073,15.141349730835813,1514.0,251.8283006076407,53.28377129316044,226.0,36.560174378169094,7.47818782404291,0.0,0.0,0.0,0.0,0.0,0.0
1,0.027,11,360.20538443473924,563.0,71.07811277489957,15.027356128122033,1684.0,287.4008939657908,62.567683780453876,0.0,0.0,0.0,6.0,0.6,0.06000000000000001,47.0,1.0199227313541663,0.022132816551764765
