id,probability_maraud,successful_mating,next_foraging_time,foraging_events,foraging_hrs,foraging_sqhrs,staying_events,staying_hrs,staying_sqhrs,repairing_events,repairing_hrs,repairing_sqhrs,marauding_events,marauding_hrs,marauding_sqhrs,traveling_events,traveling_hrs,traveling_sqhrs
0,0.0,7,360.3404960531456,567.0,71.69373767514615,15.81359497175384,1385.0,233.7257892696674,49.69875157814493,322.0,54.7738603171028,11.781135283913605,0.0,0.0,0.0,0.0,0.0,0.0
1,0.027,11,360.1207123734833,566.0,68.6905871358961,13.829675632109538,1680.0,289.6755052286579,63.28178337861233,0.0,0.0,0.0,9.0,0.8999999999999999,0.09000000000000002,39.0,0.8463188621874997,0.018365528628060117
