id,probability_maraud,successful_mating,next_foraging_time,foraging_events,foraging_hrs,foraging_sqhrs,staying_events,staying_hrs,staying_sqhrs,repairing_events,repairing_hrs,repairing_sqhrs,marauding_events,marauding_hrs,marauding_sqhrs,traveling_events,traveling_hrs,traveling_sqhrs
0,0.0,6,360.52895248022145,581.0,68.686224961146,13.137142931552182,1360.0,230.19801370250332,49.90220717272338,364.0,61.15118098606868,13.244315940043943,0.0,0.0,0.0,0.0,0.0,0.0
1,0.027,12,359.8879620897332,563.0,72.20981659364861,15.063841791546238,1687.0,285.6359497331804,61.652663385868756,0.0,0.0,0.0,10.0,0.9999999999999999,0.10000000000000003,55.0,1.1935266005208338,0.025900104475469414
