id,probability_maraud,successful_mating,next_foraging_time,foraging_events,foraging_hrs,foraging_sqhrs,staying_events,staying_hrs,staying_sqhrs,repairing_events,repairing_hrs,repairing_sqhrs,marauding_events,marauding_hrs,marauding_sqhrs,traveling_events,traveling_hrs,traveling_sqhrs
0,0.0,7,360.425888962958,577.0,69.66742135443202,14.474057499747756,1558.0,260.1133064715793,55.383379038008655,186.0,30.35008466849091,6.547923111440618,0.0,0.0,0.0,0.0,0.0,0.0
1,0.027,11,360.10087753900444,562.0,67.80279547817803,13.315896533337606,1741.0,290.7507582551378,61.68053523896878,0.0,0.0,0.0,5.0,0.5,0.05000000000000001,50.0,1.0850241822916666,0.02354554952315401
