id,probability_maraud,successful_mating,next_foraging_time,foraging_events,foraging_hrs,foraging_sqhrs,staying_events,staying_hrs,staying_sqhrs,repairing_events,repairing_hrs,repairing_sqhrs,marauding_events,marauding_hrs,marauding_sqhrs,traveling_events,traveling_hrs,traveling_sqhrs
0,0.0,6,360.39313861371863,563.0,71.79862590124628,15.390547063958216,1275.0,212.15115657347854,44.580189194003765,446.0,76.1463692556565,16.323695489968102,0.0,0.0,0.0,0.0,0.0,0.0
1,0.027,11,360.6972797869863,577.0,71.6794974247339,14.504117801050922,1687.0,286.27535341351427,61.33698184971134,0.0,0.0,0.0,13.0,1.3,0.13000000000000006,44.0,0.9548212804166664,0.020720083580375522
