id,probability_maraud,successful_mating,next_foraging_time,foraging_events,foraging_hrs,foraging_sqhrs,staying_events,staying_hrs,staying_sqhrs,repairing_events,repairing_hrs,repairing_sqhrs,marauding_events,marauding_hrs,marauding_sqhrs,traveling_events,traveling_hrs,traveling_sqhrs
0,0.0,4,359.86132775788207,558.0,74.18711742344853,16.384501672062427,1403.0,237.31558632627068,50.77249102970904,285.0,48.682019643587054,10.406372728070528,0.0,0.0,0.0,0.0,0.0,0.0
1,0.027,14,360.06207102030544,565.0,70.37614240659109,14.266232030848506,1667.0,288.1339745276227,62.0003691207453,0.0,0.0,0.0,8.0,0.7999999999999999,0.08000000000000002,43.0,0.933120796770833,0.02024917258991244
