id,probability_maraud,successful_mating,next_foraging_time,foraging_events,foraging_hrs,foraging_sqhrs,staying_events,staying_hrs,staying_sqhrs,repairing_events,repairing_hrs,repairing_sqhrs,marauding_events,marauding_hrs,marauding_sqhrs,traveling_events,traveling_hrs,traveling_sqhrs
0,0.0,5,359.8910966864278,558.0,71.4028161615509,15.006875958506985,1386.0,227.7473598810416,48.16650602347545,357.0,60.85993831929329,12.762924441621,0.0,0.0,0.0,0.0,0.0,0.0
1,0.027,13,359.72616402192523,564.0,72.74125286977174,16.629033720357906,1686.0,285.2060606750458,60.5714592444168,0.0,0.0,0.0,10.0,0.9999999999999999,0.10000000000000003,50.0,1.0850241822916666,0.02354554952315401
