id,probability_maraud,successful_mating,next_foraging_time,foraging_events,foraging_hrs,foraging_sqhrs,staying_events,staying_hrs,staying_sqhrs,repairing_events,repairing_hrs,repairing_sqhrs,marauding_events,marauding_hrs,marauding_sqhrs,traveling_events,traveling_hrs,traveling_sqhrs
0,0.0,9,360.23411847544577,563.0,68.31191544749214,13.420106642711309,1464.0,248.96880343061167,52.904490726994844,257.0,42.85388548244942,9.041308046629032,0.0,0.0,0.0,0.0,0.0,0.0
1,0.027,9,360.1559006983293,558.0,73.26584492768608,16.3133172426291,1707.0,285.0810103042936,59.444261993521536,0.0,0.0,0.0,7.0,0.7,0.07,52.0,1.1284251495833335,0.02448737150408017
