id,probability_maraud,successful_mating,next_foraging_time,foraging_events,foraging_hrs,foraging_sqhrs,staying_events,staying_hrs,staying_sqhrs,repairing_events,repairing_hrs,repairing_sqhrs,marauding_events,marauding_hrs,marauding_sqhrs,traveling_events,traveling_hrs,traveling_sqhrs
0,0.0,6,359.9655731069086,573.0,73.93826924497218,16.621248565697655,1272.0,217.82156273836642,46.595323471150266,405.0,68.2427743374638,14.271533117052986,0.0,0.0,0.0,0.0,0.0,0.0
1,0.027,12,360.5935191851218,572.0,71.16576552362667,15.234869156147198,1717.0,286.47452826173014,60.5554247670697,0.0,0.0,0.0,12.0,1.2,0.12000000000000005,55.0,1.1935266005208338,0.025900104475469414
