id,probability_maraud,successful_mating,next_foraging_time,foraging_events,foraging_hrs,foraging_sqhrs,staying_events,staying_hrs,staying_sqhrs,repairing_events,repairing_hrs,repairing_sqhrs,marauding_events,marauding_hrs,marauding_sqhrs,traveling_events,traveling_hrs,traveling_sqhrs
0,0.0,9,360.2930955916727,562.0,70.78715666720767,14.96151427026131,1574.0,264.4183505837424,56.556103081918856,141.0,24.957978178215544,5.621989112848885,0.0,0.0,0.0,0.0,0.0,0.0
1,0.027,9,360.5964468225474,565.0,71.92784153342535,15.783682803340648,1692.0,286.7357803713141,62.04196458194613,0.0,0.0,0.0,4.0,0.4,0.04000000000000001,51.0,1.1067246659375,0.02401646051361709
