id,probability_maraud,successful_mating,next_foraging_time,foraging_events,foraging_hrs,foraging_sqhrs,staying_events,staying_hrs,staying_sqhrs,repairing_events,repairing_hrs,repairing_sqhrs,marauding_events,marauding_hrs,marauding_sqhrs,traveling_events,traveling_hrs,traveling_sqhrs
0,0.0,8,359.8978495411724,567.0,70.97071995312022,14.340533675442655,1525.0,258.7591904368073,55.66304568097096,191.0,30.36221350835174,6.183841447665082,0.0,0.0,0.0,0.0,0.0,0.0
1,0.027,10,360.5929162867476,556.0,67.58460225945035,13.613035446927954,1700.0,291.0158849410493,62.563713485668394,0.0,0.0,0.0,5.0,0.5,0.05000000000000001,42.0,0.9114203131249997,0.01977826159944936
