id,probability_maraud,successful_mating,next_foraging_time,foraging_events,foraging_hrs,foraging_sqhrs,staying_events,staying_hrs,staying_sqhrs,repairing_events,repairing_hrs,repairing_sqhrs,marauding_events,marauding_hrs,marauding_sqhrs,traveling_events,traveling_hrs,traveling_sqhrs
0,0.0,6,360.20407182251495,578.0,70.01262739839623,14.78542412295361,1523.0,253.45351544698897,53.40661248015183,214.0,36.595993805314954,8.047106451005243,0.0,0.0,0.0,0.0,0.0,0.0
1,0.027,12,359.9776961510247,561.0,75.32140575189862,16.886375318124127,1682.0,282.9920165448198,60.09905207820557,0.0,0.0,0.0,6.0,0.6,0.06000000000000001,53.0,1.150125633229167,0.024958282494543252
