id,probability_maraud,successful_mating,next_foraging_time,foraging_events,foraging_hrs,foraging_sqhrs,staying_events,staying_hrs,staying_sqhrs,repairing_events,repairing_hrs,repairing_sqhrs,marauding_events,marauding_hrs,marauding_sqhrs,traveling_events,traveling_hrs,traveling_sqhrs
0,0.0,9,359.91470473504285,563.0,71.10114240604545,14.769162978046245,1510.0,252.2212680277535,53.53806584221488,210.0,36.76927866333454,7.941916180961492,0.0,0.0,0.0,0.0,0.0,0.0
1,0.027,9,360.2716426820848,551.0,72.53064922981257,15.573879065448375,1691.0,286.0219570643299,61.31270699735423,0.0,0.0,0.0,6.0,0.6,0.06000000000000001,41.0,0.8897198294791664,0.01930735060898628
