id,probability_maraud,successful_mating,next_foraging_time,foraging_events,foraging_hrs,foraging_sqhrs,staying_events,staying_hrs,staying_sqhrs,repairing_events,repairing_hrs,repairing_sqhrs,marauding_events,marauding_hrs,marauding_sqhrs,traveling_events,traveling_hrs,traveling_sqhrs
0,0.0,3,360.29934131079057,563.0,70.10110214629616,14.350798617531552,1500.0,247.36090323227975,52.07294884526736,262.0,42.645060945609046,8.78392585150609,0.0,0.0,0.0,0.0,0.0,0.0
1,0.027,15,359.82618134433346,550.0,68.92312530883737,13.949385967549524,1662.0,289.5660812442026,63.609599735013084,0.0,0.0,0.0,7.0,0.7,0.07,43.0,0.933120796770833,0.02024917258991244
