id,probability_maraud,successful_mating,next_foraging_time,foraging_events,foraging_hrs,foraging_sqhrs,staying_events,staying_hrs,staying_sqhrs,repairing_events,repairing_hrs,repairing_sqhrs,marauding_events,marauding_hrs,marauding_sqhrs,traveling_events,traveling_hrs,traveling_sqhrs
0,0.0,10,360.1005362391805,559.0,71.13095808890925,15.67806514586339,1297.0,221.1768189970644,47.557511771408436,408.0,67.76195935182685,14.444288328237805,0.0,0.0,0.0,0.0,0.0,0.0
1,0.027,8,359.9552527706191,588.0,67.92422398880716,13.888010044083924,1698.0,289.79773978407076,62.236800850355294,0.0,0.0,0.0,11.0,1.0999999999999999,0.11000000000000004,55.0,1.1935266005208338,0.025900104475469414
