id,probability_maraud,successful_mating,next_foraging_time,foraging_events,foraging_hrs,foraging_sqhrs,staying_events,staying_hrs,staying_sqhrs,repairing_events,repairing_hrs,repairing_sqhrs,marauding_events,marauding_hrs,marauding_sqhrs,traveling_events,traveling_hrs,traveling_sqhrs
0,0.0,4,360.0146945582077,560.0,73.03994968936664,16.433157537948976,1458.0,244.12328282198038,51.327486681274806,258.0,42.84056865087283,9.043172546360934,0.0,0.0,0.0,0.0,0.0,0.0
1,0.027,14,359.914755729382,570.0,68.42755340162904,12.939164646038078,1688.0,289.8718220071677,63.35050204092907,0.0,0.0,0.0,7.0,0.7,0.07,55.0,1.1935266005208338,0.025900104475469414
