id,probability_maraud,successful_mating,next_foraging_time,foraging_events,foraging_hrs,foraging_sqhrs,staying_events,staying_hrs,staying_sqhrs,repairing_events,repairing_hrs,repairing_sqhrs,marauding_events,marauding_hrs,marauding_sqhrs,traveling_events,traveling_hrs,traveling_sqhrs
0,0.0,7,360.31744745602236,564.0,66.22980723024791,13.394169634382465,1531.0,263.6652689953295,57.01369195327355,180.0,30.294068875959262,6.558658991382562,0.0,0.0,0.0,0.0,0.0,0.0
1,0.027,11,360.2659958263033,543.0,71.45122410048499,15.170860809044221,1714.0,287.2894794497156,61.75399197757303,0.0,0.0,0.0,5.0,0.5,0.05000000000000001,36.0,0.7812174112499998,0.016952795656670874
