id,probability_maraud,successful_mating,next_foraging_time,foraging_events,foraging_hrs,foraging_sqhrs,staying_events,staying_hrs,staying_sqhrs,repairing_events,repairing_hrs,repairing_sqhrs,marauding_events,marauding_hrs,marauding_sqhrs,traveling_events,traveling_hrs,traveling_sqhrs
0,0.0,7,360.27209579952824,571.0,67.98138343288825,13.376150161341469,1570.0,267.63649271743276,57.71530701492099,139.0,24.42792085259093,5.351755800269843,0.0,0.0,0.0,0.0,0.0,0.0
1,0.027,11,360.04096398383797,564.0,67.96690116658445,13.15142861160409,1749.0,290.65953813210473,61.72754817708394,0.0,0.0,0.0,4.0,0.4,0.04000000000000001,55.0,1.1935266005208338,0.025900104475469414
