id,probability_maraud,successful_mating,next_foraging_time,foraging_events,foraging_hrs,foraging_sqhrs,staying_events,staying_hrs,staying_sqhrs,repairing_events,repairing_hrs,repairing_sqhrs,marauding_events,marauding_hrs,marauding_sqhrs,traveling_events,traveling_hrs,traveling_sqhrs
0,0.054,22,360.3134916742208,555.0,71.84862925879993,15.092673891284006,602.0,103.31903271373393,22.817675065207965,1075.0,184.19538946314483,40.25324464830145,5.0,0.5,0.05000000000000001,33.0,0.17919512019444453,0.000973057306106103
1,0.054,50,360.1843752575955,569.0,69.78977652656594,14.117569768459564,1548.0,258.57171013362125,54.500176871766584,183.0,30.58951313698387,6.47377933351327,6.0,0.6,0.06000000000000001,110.0,0.5973170673148153,0.003243524353687002
2,0.0,0,360.0745776332538,553.0,68.6303303014484,14.013459865584304,1683.0,291.45196797361785,63.2980616070628,0.0,0.0,0.0,0.0,0.0,0.0,0.0,0.0,0.0
3,0.054,0,360.18693449113607,551.0,72.7939686246267,15.310954129192455,1706.0,286.04015721568527,61.12315132707717,0.0,0.0,0.0,6.0,0.6,0.06000000000000001,118.0,0.6407583085740746,0.003479417033955147
4,0.054,0,360.0765419753071,550.0,72.18954286276266,16.474964601662357,1690.0,286.87361956897837,60.71933527171624,0.0,0.0,0.0,6.0,0.6,0.06000000000000001,83.0,0.4507028780648151,0.0024473865577820113
5,0.0,0,360.1379114605862,561.0,69.27848676333514,14.921928616676416,1704.0,290.78877552632645,62.79711465352097,0.0,0.0,0.0,0.0,0.0,0.0,0.0,0.0,0.0
6,0.054,0,360.52541952224993,561.0,74.80237236860933,17.03599638442506,1669.0,284.06933740702044,60.59467079782471,0.0,0.0,0.0,8.0,0.7999999999999999,0.08000000000000002,92.0,0.49957427448148184,0.002712765823083675
7,0.054,0,360.41262587124186,563.0,65.08051294617931,12.638915354566004,1759.0,293.92342364683805,63.031601377476754,0.0,0.0,0.0,5.0,0.5,0.05000000000000001,107.0,0.581026601842593,0.0031550645985864473
