id,probability_maraud,successful_mating,next_foraging_time,foraging_events,foraging_hrs,foraging_sqhrs,staying_events,staying_hrs,staying_sqhrs,repairing_events,repairing_hrs,repairing_sqhrs,marauding_events,marauding_hrs,marauding_sqhrs,traveling_events,traveling_hrs,traveling_sqhrs
0,0.054,19,359.906735891189,563.0,72.10312043791063,14.658252440876183,557.0,90.22199934065962,18.647543377751713,1163.0,197.08178464705838,42.08414300320653,5.0,0.5,0.05000000000000001,37.0,0.20091574082407418,0.0010910036462401756
1,0.054,53,360.0426300300766,567.0,69.1071253705919,13.59688804320299,1567.0,263.34596563124313,55.751899678553585,157.0,26.764673414847522,5.708688943751829,4.0,0.4,0.04000000000000001,94.0,0.5104345847962967,0.002771738993150711
2,0.0,0,360.5716200184402,554.0,73.72658833649501,16.22106528702047,1683.0,286.4148557748603,61.38806230322416,0.0,0.0,0.0,0.0,0.0,0.0,0.0,0.0,0.0
3,0.0,0,360.25988440149735,537.0,68.8931876312716,14.256686032146883,1718.0,291.13723412292643,62.703665141011385,0.0,0.0,0.0,0.0,0.0,0.0,0.0,0.0,0.0
4,0.054,0,360.28275246584957,566.0,74.68101298701713,16.166906489127946,1686.0,283.92179070939704,60.56456824760781,0.0,0.0,0.0,9.0,0.8999999999999999,0.09000000000000002,120.0,0.6516186188888894,0.0035383902040221835
5,0.054,0,359.88305561038976,561.0,71.98342520302171,15.54208079374625,1695.0,286.79735494437654,61.57515254285988,0.0,0.0,0.0,7.0,0.7,0.07,97.0,0.5267250502685189,0.0028601987482512656
6,0.054,0,360.45115413926277,560.0,72.13653504838446,15.024855194399734,1722.0,286.8571186486527,61.75994314724122,0.0,0.0,0.0,6.0,0.6,0.06000000000000001,84.0,0.45613303322222254,0.0024768731428155295
7,0.054,0,360.04849788223186,576.0,68.88166262516988,12.890451119676039,1739.0,289.8813447685111,61.48606259272972,0.0,0.0,0.0,7.0,0.7,0.07,106.0,0.5755964466851856,0.003125578013552929
