id,probability_maraud,successful_mating,next_foraging_time,foraging_events,foraging_hrs,foraging_sqhrs,staying_events,staying_hrs,staying_sqhrs,repairing_events,repairing_hrs,repairing_sqhrs,marauding_events,marauding_hrs,marauding_sqhrs,traveling_events,traveling_hrs,traveling_sqhrs
0,0.054,5,360.11956881238785,555.0,66.62135828274796,12.809911235048078,1350.0,230.97615247580265,49.54017830470107,349.0,61.19503725782136,13.124448907264593,10.0,0.9999999999999999,0.10000000000000003,70.0,0.38011086101851876,0.002064060952346275
1,0.054,8,360.3834678156952,568.0,72.44548422438292,15.53547352087932,1395.0,230.4887629242775,48.31409242441342,329.0,55.11774937937928,11.70440238093712,15.0,1.5000000000000002,0.15000000000000008,83.0,0.4507028780648151,0.0024473865577820113
2,0.0,14,359.8824096463925,571.0,64.83836261767607,13.043255537560876,1294.0,228.04294607291487,50.51672400146116,392.0,67.19384059902933,14.567436438980826,0.0,0.0,0.0,0.0,0.0,0.0
3,0.054,9,359.9489805918963,556.0,72.30926574179117,15.836563679542705,1417.0,237.3644895230289,50.723175467492226,278.0,48.50556304514397,10.734631262933545,15.0,1.5000000000000002,0.15000000000000008,84.0,0.45613303322222254,0.0024768731428155295
4,0.054,12,360.0735527122785,581.0,70.63452311518901,14.387923789504521,1272.0,214.60782332625334,45.76557916373526,429.0,73.36123279310911,16.374932180269514,11.0,1.0999999999999999,0.11000000000000004,87.0,0.4724234986944448,0.002565332897916084
5,0.054,10,359.996223052224,562.0,70.4299498067506,14.754667140923205,1433.0,245.2345061619939,52.29177144485393,254.0,42.90313114663079,9.324635145207221,11.0,1.0999999999999999,0.11000000000000004,84.0,0.45613303322222254,0.0024768731428155295
6,0.0,6,360.0777709856654,572.0,72.69328841992859,14.989203857307615,1278.0,220.55848253603958,48.44195901785277,389.0,66.79151429703975,14.398835985008382,0.0,0.0,0.0,0.0,0.0,0.0
7,0.054,8,360.6294604547538,572.0,71.4233803176555,15.228546285143707,1495.0,250.2954276403126,53.28279257623616,209.0,36.70615808417981,8.113395683948474,12.0,1.2,0.12000000000000005,87.0,0.4724234986944448,0.002565332897916084
