id,probability_maraud,successful_mating,next_foraging_time,foraging_events,foraging_hrs,foraging_sqhrs,staying_events,staying_hrs,staying_sqhrs,repairing_events,repairing_hrs,repairing_sqhrs,marauding_events,marauding_hrs,marauding_sqhrs,traveling_events,traveling_hrs,traveling_sqhrs
0,0.054,8,360.31329300313655,565.0,70.24902509875437,14.55354399372289,1248.0,215.49217236938478,46.86906476298799,445.0,73.22142135456637,15.60297975934568,7.0,0.7,0.07,65.0,0.3529600852314817,0.0019166280271786843
1,0.054,5,360.21119707618726,573.0,68.97973477318385,13.445675002954427,1288.0,222.32360224157173,48.899797074903894,395.0,67.13077672692496,14.52386421326457,12.0,1.2,0.12000000000000005,70.0,0.38011086101851876,0.002064060952346275
2,0.0,10,360.8218655442064,581.0,72.29708943273603,15.432207166570906,1352.0,232.9878223104936,50.269689998727614,331.0,54.90510458367011,11.611300451064967,0.0,0.0,0.0,0.0,0.0,0.0
3,0.0,9,359.8837408153263,571.0,71.73072791444937,14.871660745897533,1358.0,227.13438047789097,47.70787419129281,355.0,61.181844110627104,13.362291240680886,0.0,0.0,0.0,0.0,0.0,0.0
4,0.054,13,360.0921783001142,568.0,69.33054104669628,14.587079533188533,1530.0,258.2240779073093,54.999342687692206,192.0,30.429477846997678,6.250519326375652,16.0,1.6000000000000003,0.1600000000000001,85.0,0.46156318837962995,0.0025063597278490476
5,0.054,7,360.20130952737804,560.0,68.40894750570105,14.077309156720805,1334.0,229.21268897525826,49.673894023999594,374.0,61.047093081176236,12.751107334789431,11.0,1.0999999999999999,0.11000000000000004,76.0,0.41269179196296324,0.002240980462547384
6,0.054,10,360.47598892716906,576.0,74.13350443425998,16.873020878396645,1274.0,216.93579084933702,46.15626200093063,401.0,67.37077157602604,14.145265385108406,13.0,1.3,0.13000000000000006,88.0,0.4778536538518522,0.002594819482949602
7,0.054,10,360.22593368451754,564.0,69.95539024770078,15.033142331363214,1476.0,257.8661093401928,57.052281486410344,187.0,30.566243706135083,6.18949239354864,14.0,1.4000000000000001,0.14000000000000007,87.0,0.4724234986944448,0.002565332897916084
