id,probability_maraud,successful_mating,next_foraging_time,foraging_events,foraging_hrs,foraging_sqhrs,staying_events,staying_hrs,staying_sqhrs,repairing_events,repairing_hrs,repairing_sqhrs,marauding_events,marauding_hrs,marauding_sqhrs,traveling_events,traveling_hrs,traveling_sqhrs
0,0.054,13,360.62123416855553,560.0,67.54649773523326,14.076387868573258,1413.0,240.91241935203408,51.8978517484102,260.0,48.97970985837596,11.44994234756824,21.0,2.1000000000000005,0.21000000000000013,90.0,0.488713964166667,0.0026537926530166385
1,0.054,10,360.5146987873076,570.0,66.68267721961338,12.670849683841928,1399.0,236.4784166085461,50.11777205534527,324.0,55.034173369787915,11.807543907484646,14.0,1.4000000000000001,0.14000000000000007,79.0,0.4289822574351855,0.0023294402176479386
2,0.054,10,360.1875710474923,566.0,67.62128152553923,13.475335446536814,1426.0,236.41121614319437,49.152718765218715,330.0,55.01774108322897,11.975542861363163,7.0,0.7,0.07,72.0,0.3909711713333336,0.0021230341224133115
3,0.0,8,360.6955999718536,578.0,73.54690755929154,15.18372384410773,1284.0,213.05962996753303,44.687814944782914,439.0,73.63076611639143,16.03926844852669,0.0,0.0,0.0,0.0,0.0,0.0
4,0.054,10,360.3060308326312,544.0,78.46292080300448,18.841499011259575,1296.0,218.5184489652789,47.106865229498524,363.0,61.43787378921649,13.177242829067941,15.0,1.5000000000000002,0.15000000000000008,72.0,0.3909711713333336,0.0021230341224133115
5,0.0,7,359.8081604669611,573.0,70.84212741478758,15.675603531953879,1413.0,240.42850008941878,52.26451479485247,286.0,48.78125946893616,10.457047277314341,0.0,0.0,0.0,0.0,0.0,0.0
6,0.054,6,360.40610492968364,569.0,70.66631019771363,15.043871659040219,1379.0,238.9051039598439,51.666678492028744,299.0,48.886657169088984,10.093409505221322,11.0,1.0999999999999999,0.11000000000000004,83.0,0.4507028780648151,0.0024473865577820113
7,0.054,8,360.6410678353725,563.0,70.4625189119766,14.749871182178738,1215.0,202.5179297264999,42.71331186970919,509.0,85.73107210462204,18.37833101468212,10.0,0.9999999999999999,0.10000000000000003,79.0,0.4289822574351855,0.0023294402176479386
