id,probability_maraud,successful_mating,next_foraging_time,foraging_events,foraging_hrs,foraging_sqhrs,staying_events,staying_hrs,staying_sqhrs,repairing_events,repairing_hrs,repairing_sqhrs,marauding_events,marauding_hrs,marauding_sqhrs,traveling_events,traveling_hrs,traveling_sqhrs
0,0.054,18,359.98003914737603,571.0,67.31210912683031,13.517293692895425,537.0,89.35038665859496,19.136604781501738,1189.0,202.72789470128353,43.64895329024556,5.0,0.5,0.05000000000000001,33.0,0.17919512019444453,0.000973057306106103
1,0.054,54,360.5213832503651,567.0,71.38399997057832,14.977560642994789,1529.0,256.6913559234769,55.0296609927047,177.0,30.55333759806972,6.677895329231967,9.0,0.8999999999999999,0.09000000000000002,97.0,0.5267250502685189,0.0028601987482512656
2,0.0,0,360.2913513033706,570.0,69.08970746023037,13.917900538829963,1689.0,290.99569219928725,63.5415216116376,0.0,0.0,0.0,0.0,0.0,0.0,0.0,0.0,0.0
3,0.054,0,360.1886620730519,566.0,67.90534028767543,14.02591639521569,1714.0,290.9711994220819,62.81293555872501,0.0,0.0,0.0,6.0,0.6,0.06000000000000001,104.0,0.5647361363703708,0.003066604843485893
4,0.054,0,360.15210773235316,553.0,67.72000149450247,14.295700968694156,1746.0,291.1561495255275,62.0509199369258,0.0,0.0,0.0,7.0,0.7,0.07,97.0,0.5267250502685189,0.0028601987482512656
5,0.0,0,359.8074650018505,565.0,71.76575828432543,15.418611751304482,1692.0,288.2376195314839,61.612404992156435,0.0,0.0,0.0,0.0,0.0,0.0,0.0,0.0,0.0
6,0.054,0,359.8677111419928,557.0,68.57948421418604,14.09364016670203,1687.0,290.3040655897624,62.972097642489054,0.0,0.0,0.0,6.0,0.6,0.06000000000000001,96.0,0.5212948951111115,0.0028307121632177475
7,0.054,0,360.2253281395001,559.0,71.27642930807419,15.13908544047756,1731.0,287.86538943507816,60.96641927041833,0.0,0.0,0.0,6.0,0.6,0.06000000000000001,89.0,0.4832838090092596,0.0026243060679831203
