id,probability_maraud,successful_mating,next_foraging_time,foraging_events,foraging_hrs,foraging_sqhrs,staying_events,staying_hrs,staying_sqhrs,repairing_events,repairing_hrs,repairing_sqhrs,marauding_events,marauding_hrs,marauding_sqhrs,traveling_events,traveling_hrs,traveling_sqhrs
0,0.0,18,360.1023861789697,566.0,68.6383714717149,14.086943399317304,520.0,89.53555085121798,19.288553333399,1191.0,202.09287385402143,44.123380084813874,0.0,0.0,0.0,0.0,0.0,0.0
1,0.054,54,360.2336356567321,578.0,70.16236130309703,13.971995650980896,1730.0,288.94343821980755,61.31222600869237,0.0,0.0,0.0,5.0,0.5,0.05000000000000001,96.0,0.5212948951111115,0.0028307121632177475
2,0.054,0,360.19763381053565,563.0,67.80589776468075,13.295417913276333,1746.0,291.113146001901,61.243690347144586,0.0,0.0,0.0,6.0,0.6,0.06000000000000001,101.0,0.5484456708981486,0.0029781450883853383
3,0.054,0,359.95949522794547,558.0,71.63430154241806,15.378767152578273,1684.0,287.53398923985003,61.78422260157077,0.0,0.0,0.0,3.0,0.30000000000000004,0.030000000000000006,114.0,0.6190376879444449,0.0033614706938210745
4,0.054,0,360.2638305654673,568.0,70.24924688071413,14.081265051711357,1743.0,288.38028488388437,60.95358039005866,0.0,0.0,0.0,9.0,0.8999999999999999,0.09000000000000002,98.0,0.5321552054259263,0.002889685333284784
5,0.054,0,360.4501390431513,564.0,68.84234072769875,14.846037543900046,1706.0,290.1350187851495,62.84688675241262,0.0,0.0,0.0,5.0,0.5,0.05000000000000001,104.0,0.5647361363703708,0.003066604843485893
6,0.054,0,360.0119868091136,566.0,68.0386965455415,13.800732616094484,1728.0,290.94251774164337,61.98328487611179,0.0,0.0,0.0,6.0,0.6,0.06000000000000001,104.0,0.5647361363703708,0.003066604843485893
7,0.0,0,359.9905239980406,561.0,67.25214368137485,13.376746368362738,1729.0,292.77750584531793,63.19099120696077,0.0,0.0,0.0,0.0,0.0,0.0,0.0,0.0,0.0
