id,probability_maraud,successful_mating,next_foraging_time,foraging_events,foraging_hrs,foraging_sqhrs,staying_events,staying_hrs,staying_sqhrs,repairing_events,repairing_hrs,repairing_sqhrs,marauding_events,marauding_hrs,marauding_sqhrs,traveling_events,traveling_hrs,traveling_sqhrs
0,0.0,18,360.29610231963426,572.0,68.81629739932588,13.510371644493276,578.0,95.15092011116981,19.771477108276713,1181.0,196.15320792691085,41.85428193740444,0.0,0.0,0.0,0.0,0.0,0.0
1,0.054,54,360.2281810566122,579.0,70.23726848087838,14.024386512652462,1690.0,288.8602727438733,62.215321420925086,0.0,0.0,0.0,4.0,0.4,0.04000000000000001,96.0,0.5212948951111115,0.0028307121632177475
2,0.0,0,360.36469449020353,568.0,66.95497156349138,12.72326728429836,1718.0,293.30152784915634,64.25509794111991,0.0,0.0,0.0,0.0,0.0,0.0,0.0,0.0,0.0
3,0.054,0,359.87202599742926,578.0,71.04520220978856,14.202723110522047,1694.0,287.8191793717887,61.434447415387474,0.0,0.0,0.0,6.0,0.6,0.06000000000000001,100.0,0.5430155157407411,0.00294865850335182
4,0.054,0,360.17968699941025,550.0,72.50753666346866,15.201993289625642,1691.0,286.30082034425055,60.4647276772896,0.0,0.0,0.0,8.0,0.7999999999999999,0.08000000000000002,95.0,0.5158647399537041,0.0028012255781842293
5,0.054,0,360.56357298205927,562.0,72.75231263349086,16.06588781734242,1701.0,286.43424170422134,61.1313111258576,0.0,0.0,0.0,4.0,0.4,0.04000000000000001,86.0,0.46699334353703736,0.002535846312882566
6,0.054,0,360.0902417528829,566.0,71.79588300103265,15.920253142251344,1679.0,287.1570293201754,61.3564293059475,0.0,0.0,0.0,6.0,0.6,0.06000000000000001,88.0,0.4778536538518522,0.002594819482949602
7,0.054,0,360.0754860659789,564.0,71.11762068018432,14.704543556162514,1705.0,287.90167803828,61.58476833341193,0.0,0.0,0.0,5.0,0.5,0.05000000000000001,90.0,0.488713964166667,0.0026537926530166385
