id,probability_maraud,successful_mating,next_foraging_time,foraging_events,foraging_hrs,foraging_sqhrs,staying_events,staying_hrs,staying_sqhrs,repairing_events,repairing_hrs,repairing_sqhrs,marauding_events,marauding_hrs,marauding_sqhrs,traveling_events,traveling_hrs,traveling_sqhrs
0,0.054,22,359.9446098227418,558.0,72.75651602351384,15.870665972084451,606.0,103.85072639772086,22.239997892967992,1084.0,182.64186439960108,39.08342519312628,6.0,0.6,0.06000000000000001,28.0,0.15204434440740747,0.0008256243809385116
1,0.054,50,360.37691060681357,571.0,69.89192899643423,14.920838305438366,1536.0,258.15699188259686,55.02515324114647,192.0,30.679125342730934,6.501070227979251,8.0,0.7999999999999999,0.08000000000000002,91.0,0.4941441193240744,0.0026832792380501566
2,0.054,0,360.0248197332821,574.0,69.81426873045784,13.628050854770159,1767.0,289.086551897482,60.39235602379702,0.0,0.0,0.0,6.0,0.6,0.06000000000000001,93.0,0.5050044296388893,0.002742252408117193
3,0.054,0,360.0504814097217,568.0,70.32778537238201,14.942030516928536,1724.0,289.07530493132873,60.60719304628713,0.0,0.0,0.0,3.0,0.30000000000000004,0.030000000000000006,102.0,0.553875826055556,0.0030076316734188565
4,0.054,0,360.63877800391947,566.0,71.65833143102917,15.59573039590768,1733.0,287.6350809297862,61.392590145833104,0.0,0.0,0.0,4.0,0.4,0.04000000000000001,101.0,0.5484456708981486,0.0029781450883853383
5,0.0,0,360.5744623083526,573.0,70.15373186832623,13.569091166671353,1741.0,289.95902082409805,61.26077217595695,0.0,0.0,0.0,0.0,0.0,0.0,0.0,0.0,0.0
6,0.054,0,360.039011619274,554.0,69.43277886192753,14.608171600111673,1690.0,289.1023663166511,62.91345238212477,0.0,0.0,0.0,10.0,0.9999999999999999,0.10000000000000003,88.0,0.4778536538518522,0.002594819482949602
7,0.0,0,360.3852051504474,561.0,68.84188646557648,14.653075303886094,1729.0,291.37064723568244,62.34526623220541,0.0,0.0,0.0,0.0,0.0,0.0,0.0,0.0,0.0
