id,probability_maraud,successful_mating,next_foraging_time,foraging_events,foraging_hrs,foraging_sqhrs,staying_events,staying_hrs,staying_sqhrs,repairing_events,repairing_hrs,repairing_sqhrs,marauding_events,marauding_hrs,marauding_sqhrs,traveling_events,traveling_hrs,traveling_sqhrs
0,0.0,6,360.40364744064436,561.0,67.90331254381141,13.501572525241363,1189.0,200.21752981225706,42.557865411027606,533.0,91.90253140435662,19.867025704533468,0.0,0.0,0.0,0.0,0.0,0.0
1,0.054,9,359.96244054131677,567.0,70.04602688742378,14.332478183108812,1307.0,221.19794042233372,47.76579635952382,392.0,66.95803885110396,14.083622234873191,14.0,1.4000000000000001,0.14000000000000007,90.0,0.488713964166667,0.0026537926530166385
2,0.054,7,360.28873835583863,568.0,67.99742595620972,13.081316715351745,1278.0,216.44951756334254,47.47211275379943,436.0,73.82665117783014,15.93954384463784,14.0,1.4000000000000001,0.14000000000000007,75.0,0.4072616368055558,0.002211493877513866
3,0.0,7,360.3762658082233,580.0,73.6226676800566,15.629640440023746,1369.0,231.8661505639087,49.56686655987345,327.0,54.824158725535106,11.648889149756824,0.0,0.0,0.0,0.0,0.0,0.0
4,0.054,12,360.20106906950156,550.0,69.33587980864061,14.094596928519245,1369.0,234.27919075196644,51.2469600666014,335.0,54.9678154231638,11.571973447383028,11.0,1.0999999999999999,0.11000000000000004,72.0,0.3909711713333336,0.0021230341224133115
5,0.054,4,360.71193463948094,570.0,67.77281055850278,13.697174434367083,1404.0,241.5921860822448,52.87353844388469,293.0,49.39243135880855,10.497470570138457,9.0,0.8999999999999999,0.09000000000000002,75.0,0.4072616368055558,0.002211493877513866
6,0.054,11,360.4145555028845,576.0,70.5954793002566,14.170726347227957,1552.0,262.8342868609397,56.392759404832326,143.0,24.572933252555238,5.360755536282358,16.0,1.6000000000000003,0.1600000000000001,93.0,0.5050044296388893,0.002742252408117193
7,0.054,16,360.0863928553187,565.0,70.74657104790921,14.945356930408648,1416.0,242.82760786651582,53.44567845550685,256.0,44.75088870273539,9.877074703500497,12.0,1.2,0.12000000000000005,95.0,0.5158647399537041,0.0028012255781842293
