id,probability_maraud,successful_mating,next_foraging_time,foraging_events,foraging_hrs,foraging_sqhrs,staying_events,staying_hrs,staying_sqhrs,repairing_events,repairing_hrs,repairing_sqhrs,marauding_events,marauding_hrs,marauding_sqhrs,traveling_events,traveling_hrs,traveling_sqhrs
0,0.054,19,360.16531416419707,568.0,73.42126461356885,15.627433615918907,483.0,82.08235025139612,17.738499973484025,1235.0,204.0288323601291,42.916633954877135,4.0,0.4,0.04000000000000001,26.0,0.14118403409259264,0.000766651210871475
1,0.0,53,360.57318165327763,556.0,68.03524047723252,13.62812312584508,1573.0,270.5321302730904,58.45095756212643,131.0,21.497054604277817,4.490501367464928,0.0,0.0,0.0,0.0,0.0,0.0
2,0.054,0,360.2478756069922,566.0,68.78678248932296,13.575085587714034,1727.0,289.79614089124334,61.41871451180403,0.0,0.0,0.0,9.0,0.8999999999999999,0.09000000000000002,100.0,0.5430155157407411,0.00294865850335182
3,0.054,0,360.1019739094089,570.0,69.58809968871245,14.53405039654378,1698.0,289.1241085224899,62.41894358993301,0.0,0.0,0.0,10.0,0.9999999999999999,0.10000000000000003,112.0,0.6081773776296301,0.003302497523754038
4,0.054,0,359.9836838007043,568.0,69.42569276918097,14.136720219468117,1699.0,289.5097195195503,63.16338173911119,0.0,0.0,0.0,6.0,0.6,0.06000000000000001,86.0,0.46699334353703736,0.002535846312882566
5,0.054,0,360.01810105186564,580.0,72.11317192945104,14.216959747832348,1677.0,287.0521082188607,62.066170309570644,0.0,0.0,0.0,4.0,0.4,0.04000000000000001,92.0,0.49957427448148184,0.002712765823083675
6,0.0,0,360.1869063334889,573.0,69.62347937354964,14.421583128788864,1724.0,290.40078075624314,61.8443375519367,0.0,0.0,0.0,0.0,0.0,0.0,0.0,0.0,0.0
7,0.054,0,360.24225614470674,563.0,74.76496253374991,16.6288414644725,1661.0,284.1652620635612,62.13296056936237,0.0,0.0,0.0,5.0,0.5,0.05000000000000001,106.0,0.5755964466851856,0.003125578013552929
