id,probability_maraud,successful_mating,next_foraging_time,foraging_events,foraging_hrs,foraging_sqhrs,staying_events,staying_hrs,staying_sqhrs,repairing_events,repairing_hrs,repairing_sqhrs,marauding_events,marauding_hrs,marauding_sqhrs,traveling_events,traveling_hrs,traveling_sqhrs
0,0.054,30,360.48125292859584,565.0,70.06593967169475,14.1431634198239,709.0,117.57731527550365,25.006889546017504,1000.0,171.3355369123031,37.295034975686846,9.0,0.8999999999999999,0.09000000000000002,50.0,0.2715077578703705,0.0014743292516759118
1,0.054,42,360.3062410370545,563.0,69.78198960640385,13.874519208488053,1382.0,236.6707540108772,51.505176167825525,329.0,52.32866991589866,10.506088155068099,9.0,0.8999999999999999,0.09000000000000002,87.0,0.4724234986944448,0.002565332897916084
2,0.054,0,360.3592280943544,572.0,69.74919923595678,14.488495788656008,1708.0,289.14613126044526,62.32339181384464,0.0,0.0,0.0,6.0,0.6,0.06000000000000001,94.0,0.5104345847962967,0.002771738993150711
3,0.054,0,360.6412142850411,565.0,73.44987910232648,15.757853720472994,1719.0,285.8861434047495,60.553331922652255,0.0,0.0,0.0,3.0,0.30000000000000004,0.030000000000000006,97.0,0.5267250502685189,0.0028601987482512656
4,0.0,0,360.43313837319965,569.0,72.94704017122226,15.57081183293459,1742.0,287.0532360731714,60.47844423855964,0.0,0.0,0.0,0.0,0.0,0.0,0.0,0.0,0.0
5,0.054,0,360.59778348371265,572.0,70.99603597621602,14.032263688725278,1730.0,288.2367043357373,60.65560273452162,0.0,0.0,0.0,4.0,0.4,0.04000000000000001,95.0,0.5158647399537041,0.0028012255781842293
6,0.054,0,360.6181650514234,577.0,66.81763931982866,12.649139232496747,1723.0,292.0739804283889,62.51772777762197,0.0,0.0,0.0,6.0,0.6,0.06000000000000001,116.0,0.6298979982592597,0.003420443863888111
7,0.0,0,360.112784218449,546.0,69.20639166058146,14.594910737826678,1717.0,290.80581069060764,62.66240657317004,0.0,0.0,0.0,0.0,0.0,0.0,0.0,0.0,0.0
