id,probability_maraud,successful_mating,next_foraging_time,foraging_events,foraging_hrs,foraging_sqhrs,staying_events,staying_hrs,staying_sqhrs,repairing_events,repairing_hrs,repairing_sqhrs,marauding_events,marauding_hrs,marauding_sqhrs,traveling_events,traveling_hrs,traveling_sqhrs
0,0.054,18,360.14564534778225,572.0,69.99291595420983,14.01689775581873,544.0,93.6314302391832,19.907522025182466,1147.0,195.8637276521797,41.98869904230694,4.0,0.4,0.04000000000000001,30.0,0.1629046547222223,0.0008845975510055481
1,0.054,52,360.21461768228244,571.0,70.6982361644873,14.60235806994264,1540.0,264.30226952295567,57.01783066711464,139.0,23.92924143893502,5.402244731102888,7.0,0.7,0.07,82.0,0.4452727229074077,0.002417899972748493
2,0.054,0,359.99792504384726,580.0,68.17817862833981,13.39734128713964,1737.0,291.0041850707706,61.70448687110206,0.0,0.0,0.0,5.0,0.5,0.05000000000000001,87.0,0.4724234986944448,0.002565332897916084
3,0.054,0,360.53774327495347,570.0,68.44490394399764,13.634069590868586,1739.0,290.7144814446395,61.771434112146785,0.0,0.0,0.0,5.0,0.5,0.05000000000000001,80.0,0.4344124125925929,0.002358926802681457
4,0.0,0,360.47166762965657,564.0,71.1356483889699,14.54408423913398,1703.0,288.9952809981688,61.82964097799493,0.0,0.0,0.0,0.0,0.0,0.0,0.0,0.0,0.0
5,0.054,0,360.3776338943076,560.0,71.32686126560493,14.959989570572477,1683.0,287.6451324046837,61.7398413896262,0.0,0.0,0.0,5.0,0.5,0.05000000000000001,104.0,0.5647361363703708,0.003066604843485893
6,0.054,0,359.9797800273549,565.0,67.27804408156585,13.161631331158882,1728.0,291.30412089258635,61.53375581453639,0.0,0.0,0.0,10.0,0.9999999999999999,0.10000000000000003,85.0,0.46156318837962995,0.0025063597278490476
7,0.0,0,360.147247890807,555.0,66.994335462668,14.052845810265673,1736.0,293.1156960499318,63.117812006678314,0.0,0.0,0.0,0.0,0.0,0.0,0.0,0.0,0.0
