id,probability_maraud,successful_mating,next_foraging_time,foraging_events,foraging_hrs,foraging_sqhrs,staying_events,staying_hrs,staying_sqhrs,repairing_events,repairing_hrs,repairing_sqhrs,marauding_events,marauding_hrs,marauding_sqhrs,traveling_events,traveling_hrs,traveling_sqhrs
0,0.054,6,360.30592354610434,558.0,74.7967868115328,16.46707807272445,1213.0,205.08502790281997,44.39735584828552,463.0,79.06552446820302,16.940272256807006,9.0,0.8999999999999999,0.09000000000000002,63.0,0.3420997749166669,0.001857654857111648
1,0.0,8,360.3046912386744,569.0,70.70596609890278,14.795535849471667,1259.0,216.17698714087692,47.15856066076285,434.0,73.23143292665095,16.141679571663474,0.0,0.0,0.0,0.0,0.0,0.0
2,0.0,9,360.51460518764645,579.0,67.94728204469034,14.847096767775454,1424.0,243.39020482548304,52.80459053660653,297.0,48.6785443290744,10.400073529462329,0.0,0.0,0.0,0.0,0.0,0.0
3,0.054,7,359.9993361745363,571.0,69.76328707895888,15.035302805915087,1378.0,234.06380439158653,49.91336750210917,318.0,54.783782025640406,11.968149058037511,11.0,1.0999999999999999,0.11000000000000004,79.0,0.4289822574351855,0.0023294402176479386
4,0.054,10,360.05538683145426,569.0,71.40157878310042,14.712771433045015,1375.0,232.01901135336158,49.9545034133739,335.0,55.075888308021234,11.604728606735003,12.0,1.2,0.12000000000000005,76.0,0.41269179196296324,0.002240980462547384
5,0.054,9,359.9856274219099,564.0,76.22501937977094,17.035765949041284,1378.0,233.02955949042232,49.59432940874319,289.0,48.46305912348769,10.497335442030458,19.0,1.9000000000000006,0.1900000000000001,96.0,0.5212948951111115,0.0028307121632177475
6,0.054,12,360.4393035125037,564.0,68.74627103400427,13.840150567484864,1413.0,241.25628562097947,52.59906500380357,285.0,48.569010584274125,10.27993663816186,12.0,1.2,0.12000000000000005,60.0,0.32580930944444464,0.0017691951020110935
7,0.054,11,360.12581695811434,575.0,70.6559018299433,13.98208291716896,1280.0,220.7219487383523,47.870804772307146,395.0,66.77848020077222,14.376946377738957,15.0,1.5000000000000002,0.15000000000000008,88.0,0.4778536538518522,0.002594819482949602
