id,probability_maraud,successful_mating,next_foraging_time,foraging_events,foraging_hrs,foraging_sqhrs,staying_events,staying_hrs,staying_sqhrs,repairing_events,repairing_hrs,repairing_sqhrs,marauding_events,marauding_hrs,marauding_sqhrs,traveling_events,traveling_hrs,traveling_sqhrs
0,0.054,14,360.3347752350961,561.0,69.671750940743,14.060499126733442,596.0,102.39180328227744,22.15894853854536,1100.0,187.20366056523804,39.9106720072311,6.0,0.6,0.06000000000000001,35.0,0.19005543050925935,0.0010320304761731393
1,0.0,58,359.8922137353148,566.0,72.40771280581478,15.656143393920841,1487.0,252.5730884323401,54.658522908955625,206.0,35.16998891217255,7.985698246882043,0.0,0.0,0.0,0.0,0.0,0.0
2,0.054,0,360.19331583301533,567.0,74.06177833129797,16.708150296166778,1678.0,284.9836037231534,60.68324263844927,0.0,0.0,0.0,4.0,0.4,0.04000000000000001,106.0,0.5755964466851856,0.003125578013552929
3,0.054,0,360.328628847408,559.0,70.51482239853033,14.784129211849196,1712.0,288.272742680023,61.15844842723748,0.0,0.0,0.0,8.0,0.7999999999999999,0.08000000000000002,106.0,0.5755964466851856,0.003125578013552929
4,0.0,0,360.14034529697796,577.0,66.76970095894127,13.347457981119828,1727.0,293.24142210655305,62.58255782580982,0.0,0.0,0.0,0.0,0.0,0.0,0.0,0.0,0.0
5,0.054,0,359.970414438889,568.0,74.91768051956608,16.56260904807344,1698.0,284.1433158709619,60.831782106429756,0.0,0.0,0.0,5.0,0.5,0.05000000000000001,97.0,0.5267250502685189,0.0028601987482512656
6,0.054,0,359.9409822091464,556.0,73.54917805362163,16.007250772629696,1718.0,285.0839848654054,60.54509008234435,0.0,0.0,0.0,9.0,0.8999999999999999,0.09000000000000002,102.0,0.553875826055556,0.0030076316734188565
7,0.054,0,360.2367721712747,569.0,72.69733599973812,14.869643973008642,1642.0,286.4401859325027,61.870217005551275,0.0,0.0,0.0,5.0,0.5,0.05000000000000001,88.0,0.4778536538518522,0.002594819482949602
