id,probability_maraud,successful_mating,next_foraging_time,foraging_events,foraging_hrs,foraging_sqhrs,staying_events,staying_hrs,staying_sqhrs,repairing_events,repairing_hrs,repairing_sqhrs,marauding_events,marauding_hrs,marauding_sqhrs,traveling_events,traveling_hrs,traveling_sqhrs
0,0.0,13,360.2595073120878,566.0,72.25882325860805,15.1725956018092,382.0,62.89497863005795,13.035087755773388,1331.0,224.8464386785268,48.60135349728959,0.0,0.0,0.0,0.0,0.0,0.0
1,0.054,58,360.0793951573141,567.0,71.513289337146,14.821912627058527,1719.0,287.4353531326474,60.75821999366537,0.0,0.0,0.0,5.0,0.5,0.05000000000000001,108.0,0.5864567570000004,0.0031845511836199655
2,0.054,0,359.99971312397537,562.0,69.42538035288948,14.183855137787635,1701.0,289.30186547694063,62.94661468300133,0.0,0.0,0.0,8.0,0.7999999999999999,0.08000000000000002,116.0,0.6298979982592597,0.003420443863888111
3,0.054,0,360.12480010840255,576.0,73.54385160088862,15.14060400240411,1681.0,285.3026632655191,61.38086467194783,0.0,0.0,0.0,8.0,0.7999999999999999,0.08000000000000002,95.0,0.5158647399537041,0.0028012255781842293
4,0.054,0,360.8184815790287,580.0,73.28804307127733,15.133766321864334,1691.0,285.7896952919796,61.14021325600457,0.0,0.0,0.0,5.0,0.5,0.05000000000000001,90.0,0.488713964166667,0.0026537926530166385
5,0.054,0,360.2042550918148,565.0,64.65178848596665,12.458883214213637,1724.0,294.1935217133072,63.3947250771913,0.0,0.0,0.0,6.0,0.6,0.06000000000000001,115.0,0.6244678431018523,0.0033909572788545926
6,0.0,0,360.59349020902744,566.0,71.16879657483226,16.157274205013312,1692.0,288.9348633384842,62.33927566264409,0.0,0.0,0.0,0.0,0.0,0.0,0.0,0.0,0.0
7,0.054,0,359.96294591888045,564.0,70.17081271948243,13.992353629759563,1750.0,288.8463311799547,60.90793258377779,0.0,0.0,0.0,5.0,0.5,0.05000000000000001,97.0,0.5267250502685189,0.0028601987482512656
