id,probability_maraud,successful_mating,next_foraging_time,foraging_events,foraging_hrs,foraging_sqhrs,staying_events,staying_hrs,staying_sqhrs,repairing_events,repairing_hrs,repairing_sqhrs,marauding_events,marauding_hrs,marauding_sqhrs,traveling_events,traveling_hrs,traveling_sqhrs
0,0.0,8,359.92131762216366,567.0,70.99955289551185,14.508726876634794,1405.0,240.32351898252634,51.38625376107706,288.0,48.70552709513771,10.726150681255916,0.0,0.0,0.0,0.0,0.0,0.0
1,0.0,12,360.543759904605,575.0,67.391769871659,13.133227933490621,1357.0,231.23439844071223,49.5405305709866,374.0,61.484991254904386,12.544043188454646,0.0,0.0,0.0,0.0,0.0,0.0
2,0.054,6,360.3914736081255,579.0,73.54218587123515,15.537724396243798,1292.0,217.9248190881835,46.59943759318323,418.0,66.85370147969257,13.7195270305961,12.0,1.2,0.12000000000000005,93.0,0.5050044296388893,0.002742252408117193
3,0.054,10,360.48594201204844,559.0,72.18750424978606,16.501990761271195,1399.0,237.2702252492134,50.7056662499198,287.0,48.8930800135429,10.743071241427739,12.0,1.2,0.12000000000000005,98.0,0.5321552054259263,0.002889685333284784
4,0.054,9,359.88498614754303,573.0,69.58049431399111,13.319286657079653,1453.0,240.82373324157905,50.395030052778665,289.0,48.50079957472493,10.243936198003436,7.0,0.7,0.07,74.0,0.4018314816481484,0.002182007292480348
5,0.054,7,360.21029542241985,551.0,69.23171778174915,14.525914543027152,1279.0,217.26462430477514,46.02795273709804,432.0,71.93255634707103,15.321483024289408,14.0,1.4000000000000001,0.14000000000000007,76.0,0.41269179196296324,0.002240980462547384
6,0.054,9,360.16543307277675,572.0,71.64693671877158,13.970454018265237,1415.0,237.36932616825192,50.65585807921659,291.0,48.923843608099666,10.067643136755215,17.0,1.7000000000000004,0.1700000000000001,74.0,0.4018314816481484,0.002182007292480348
7,0.054,11,359.99817339221283,566.0,70.05531100889719,14.269070075755389,1397.0,239.6580855223303,52.36191490937426,289.0,48.91913969203959,10.447674733188709,11.0,1.0999999999999999,0.11000000000000004,79.0,0.4289822574351855,0.0023294402176479386
