id,probability_maraud,successful_mating,next_foraging_time,foraging_events,foraging_hrs,foraging_sqhrs,staying_events,staying_hrs,staying_sqhrs,repairing_events,repairing_hrs,repairing_sqhrs,marauding_events,marauding_hrs,marauding_sqhrs,traveling_events,traveling_hrs,traveling_sqhrs
0,0.054,12,359.99712496800413,565.0,72.63418938205328,15.457295845576274,1204.0,203.04514587671932,43.431964762748706,480.0,82.93961223030136,18.34475237003945,10.0,0.9999999999999999,0.10000000000000003,74.0,0.4018314816481484,0.002182007292480348
1,0.054,9,359.9186055159905,570.0,68.09838779813748,13.528198095332984,1421.0,234.7782617993884,49.532568511779125,323.0,54.88698583062613,11.722257829994193,18.0,1.8000000000000005,0.1800000000000001,95.0,0.5158647399537041,0.0028012255781842293
2,0.0,6,360.2824670092145,567.0,70.56159587245438,13.830337750810232,1156.0,194.47842419223676,41.702226896180996,580.0,94.96635898337107,19.54167830495696,0.0,0.0,0.0,0.0,0.0,0.0
3,0.054,8,360.0433057983843,571.0,69.11506049768671,14.36405483354607,1346.0,227.61395395030507,49.01547638120511,368.0,62.28291229286672,13.190905625261337,8.0,0.7999999999999999,0.08000000000000002,86.0,0.46699334353703736,0.002535846312882566
4,0.054,7,360.45929744773173,577.0,68.43212516827884,14.063686031616195,1349.0,235.10975148628467,52.28810292934243,320.0,54.92204679596573,11.834533310528485,12.0,1.2,0.12000000000000005,88.0,0.4778536538518522,0.002594819482949602
5,0.0,6,360.25655317725955,566.0,73.98911754487715,16.605484804401012,1309.0,222.1570337016533,47.337022168845174,392.0,63.898364341252325,13.151136739249871,0.0,0.0,0.0,0.0,0.0,0.0
6,0.054,7,359.8871763264097,559.0,73.10892611511596,16.799653991162963,1377.0,235.82108340460397,51.19195096034899,277.0,49.2654357992887,11.037581142947284,14.0,1.4000000000000001,0.14000000000000007,77.0,0.41812194712037065,0.0022704670475809023
7,0.054,17,360.1764159526115,556.0,71.18322327166368,14.982731442848328,1423.0,237.489549800392,50.97963509589069,286.0,48.71092140044835,10.540646268682734,24.0,2.400000000000001,0.24000000000000016,90.0,0.488713964166667,0.0026537926530166385
