id,probability_maraud,successful_mating,next_foraging_time,foraging_events,foraging_hrs,foraging_sqhrs,staying_events,staying_hrs,staying_sqhrs,repairing_events,repairing_hrs,repairing_sqhrs,marauding_events,marauding_hrs,marauding_sqhrs,traveling_events,traveling_hrs,traveling_sqhrs
0,0.0,14,360.59883360366547,556.0,67.29950259009061,12.865366063634717,1398.0,237.85479188262042,51.41612566513984,342.0,54.97747490118162,11.440697135652764,0.0,0.0,0.0,0.0,0.0,0.0
1,0.054,4,360.1575519999058,567.0,68.1152519233229,14.07506164614476,1278.0,217.3619248050012,46.87489999341777,419.0,73.21687400252569,16.197840987660737,10.0,0.9999999999999999,0.10000000000000003,81.0,0.4398425677500003,0.002388413387714975
2,0.0,6,360.1445400270589,568.0,70.4187685256547,14.193001269862949,1244.0,210.42493379496696,44.713304869447676,466.0,79.18885256881228,17.03170734552437,0.0,0.0,0.0,0.0,0.0,0.0
3,0.054,13,360.05919563271846,574.0,71.75867633081361,15.051745815601715,1361.0,231.24052804930827,50.14756376258075,334.0,54.763576506049546,11.623994489875727,18.0,1.8000000000000005,0.1800000000000001,93.0,0.5050044296388893,0.002742252408117193
4,0.054,4,360.0889818995893,566.0,71.34577096221881,15.1371359386301,1399.0,232.0646832064292,49.04559729403968,316.0,54.610131904658886,11.816206578205147,16.0,1.6000000000000003,0.1600000000000001,81.0,0.4398425677500003,0.002388413387714975
5,0.054,12,360.2112534016395,578.0,71.96324618893836,14.545430672869234,1465.0,246.01154182934565,52.736063073011486,231.0,39.8800012441029,8.643969177749716,17.0,1.7000000000000004,0.1700000000000001,90.0,0.488713964166667,0.0026537926530166385
6,0.054,7,360.2291043477499,562.0,68.54667119952578,13.818122287669278,1309.0,222.78212910745393,47.8124414156921,393.0,67.16570121528437,14.70941815867036,12.0,1.2,0.12000000000000005,65.0,0.3529600852314817,0.0019166280271786843
7,0.054,12,360.2041342879665,565.0,72.48016951589948,15.5001211858456,1352.0,225.1245748011492,47.99630002755864,356.0,61.3336825836643,12.974982181831928,8.0,0.7999999999999999,0.08000000000000002,77.0,0.41812194712037065,0.0022704670475809023
