id,probability_maraud,successful_mating,next_foraging_time,foraging_events,foraging_hrs,foraging_sqhrs,staying_events,staying_hrs,staying_sqhrs,repairing_events,repairing_hrs,repairing_sqhrs,marauding_events,marauding_hrs,marauding_sqhrs,traveling_events,traveling_hrs,traveling_sqhrs
0,0.054,20,360.21057609052866,571.0,69.56249064335468,14.429850374129392,737.0,121.04264202209755,25.040735164129995,1002.0,168.4765492227072,36.22264043248393,8.0,0.7999999999999999,0.08000000000000002,43.0,0.23349667176851865,0.0012679231564412846
1,0.054,52,360.39820469867664,578.0,67.70230015832884,12.848731108478813,1410.0,242.5308471552593,52.93971459544292,292.0,49.27559109494641,10.52909193342217,3.0,0.30000000000000004,0.030000000000000006,65.0,0.3529600852314817,0.0019166280271786843
2,0.054,0,360.4112804397703,553.0,72.16081625308199,15.151029050573301,1684.0,286.93804251229716,61.49564578179746,0.0,0.0,0.0,5.0,0.5,0.05000000000000001,95.0,0.5158647399537041,0.0028012255781842293
3,0.054,0,360.05244139719684,561.0,72.18465910536098,15.832145254817064,1723.0,286.5890929472606,61.170381055465825,0.0,0.0,0.0,9.0,0.8999999999999999,0.09000000000000002,87.0,0.4724234986944448,0.002565332897916084
4,0.054,0,360.4514928799716,574.0,70.91562707901622,14.338842683610808,1698.0,288.1297726681315,61.82214318740702,0.0,0.0,0.0,5.0,0.5,0.05000000000000001,107.0,0.581026601842593,0.0031550645985864473
5,0.054,0,360.3165670866944,574.0,69.41977225599638,14.597274904255853,1714.0,289.5537781822407,61.798388541141186,0.0,0.0,0.0,6.0,0.6,0.06000000000000001,105.0,0.5701662915277782,0.003096091428519411
6,0.0,0,360.17071955733286,568.0,70.19577540408945,14.771761641235209,1704.0,289.84107577951954,62.62898816863985,0.0,0.0,0.0,0.0,0.0,0.0,0.0,0.0,0.0
7,0.0,0,360.0138900834928,552.0,72.64510234188528,16.01720215743054,1687.0,287.38996897088634,61.51111800682874,0.0,0.0,0.0,0.0,0.0,0.0,0.0,0.0,0.0
