id,probability_maraud,successful_mating,next_foraging_time,foraging_events,foraging_hrs,foraging_sqhrs,staying_events,staying_hrs,staying_sqhrs,repairing_events,repairing_hrs,repairing_sqhrs,marauding_events,marauding_hrs,marauding_sqhrs,traveling_events,traveling_hrs,traveling_sqhrs
0,0.054,20,360.4328686728155,577.0,68.17535649191062,13.119798550911916,622.0,104.28910692064383,22.066470471281338,1097.0,186.9078582113185,40.126807168680614,6.0,0.6,0.06000000000000001,37.0,0.20091574082407418,0.0010910036462401756
1,0.054,52,360.61366898714914,561.0,72.05117448232158,14.94404817933028,1501.0,250.83799522702492,52.75182810501294,212.0,36.34266538437927,7.6780178983299665,4.0,0.4,0.04000000000000001,92.0,0.49957427448148184,0.002712765823083675
2,0.054,0,360.2751553341629,564.0,75.04759437942874,16.29420460282774,1689.0,283.821493518006,61.36359425949164,0.0,0.0,0.0,8.0,0.7999999999999999,0.08000000000000002,98.0,0.5321552054259263,0.002889685333284784
3,0.0,0,360.4606653241701,562.0,72.64208951137132,15.685149155986823,1696.0,287.3865344462938,61.68646362742947,0.0,0.0,0.0,0.0,0.0,0.0,0.0,0.0,0.0
4,0.054,0,360.00775154264346,557.0,71.95910008898025,15.634888163302275,1692.0,287.2799646888905,61.8091124574954,0.0,0.0,0.0,5.0,0.5,0.05000000000000001,81.0,0.4398425677500003,0.002388413387714975
5,0.0,0,360.1858657845331,591.0,69.63364267901412,14.534217821925925,1731.0,290.4368573764292,62.039644598983465,0.0,0.0,0.0,0.0,0.0,0.0,0.0,0.0,0.0
6,0.054,0,359.9201440186235,571.0,71.45785386548262,14.624986929212367,1703.0,287.1611701662591,61.59577369485165,0.0,0.0,0.0,8.0,0.7999999999999999,0.08000000000000002,111.0,0.6027472224722227,0.00327301093872052
7,0.054,0,360.2874552455875,569.0,69.38119814062794,14.32630257110564,1724.0,289.51355882636705,61.71663551671953,0.0,0.0,0.0,6.0,0.6,0.06000000000000001,109.0,0.5918869121574079,0.0032140377686534836
