id,probability_maraud,successful_mating,next_foraging_time,foraging_events,foraging_hrs,foraging_sqhrs,staying_events,staying_hrs,staying_sqhrs,repairing_events,repairing_hrs,repairing_sqhrs,marauding_events,marauding_hrs,marauding_sqhrs,traveling_events,traveling_hrs,traveling_sqhrs
0,0.054,20,360.3135140792667,566.0,66.97571182766772,13.743490221255026,609.0,102.36807355802677,21.814367658722315,1117.0,190.0080053326862,40.75391709742469,5.0,0.5,0.05000000000000001,30.0,0.1629046547222223,0.0008845975510055481
1,0.054,52,360.51242216766167,565.0,69.29949012370967,14.132287467334661,1521.0,259.6300092766197,55.78732924242432,184.0,29.941001177249785,6.195636844550678,8.0,0.7999999999999999,0.08000000000000002,88.0,0.4778536538518522,0.002594819482949602
2,0.054,0,360.349208919366,563.0,71.04701090239534,14.487471573658699,1680.0,288.05705759964,62.417036446638036,0.0,0.0,0.0,4.0,0.4,0.04000000000000001,102.0,0.553875826055556,0.0030076316734188565
3,0.0,0,360.1624678883495,560.0,76.24802246911273,16.571289817547292,1648.0,283.87109059326576,61.49391369843398,0.0,0.0,0.0,0.0,0.0,0.0,0.0,0.0,0.0
4,0.054,0,360.21916387197695,559.0,67.7520045855501,13.198321207324998,1705.0,290.78178273854644,62.17156112963029,0.0,0.0,0.0,10.0,0.9999999999999999,0.10000000000000003,109.0,0.5918869121574079,0.0032140377686534836
5,0.0,0,360.0850783160275,579.0,68.63855087558755,13.452790357076719,1740.0,291.4205370394582,62.04259886762808,0.0,0.0,0.0,0.0,0.0,0.0,0.0,0.0,0.0
6,0.054,0,360.4647382669269,570.0,72.78509769222033,15.630657345680964,1688.0,286.4015519081405,60.85412426562882,0.0,0.0,0.0,4.0,0.4,0.04000000000000001,88.0,0.4778536538518522,0.002594819482949602
7,0.054,0,360.1890352656132,558.0,71.97235784315434,15.418844659838571,1681.0,287.1023619612645,62.149739360719224,0.0,0.0,0.0,5.0,0.5,0.05000000000000001,81.0,0.4398425677500003,0.002388413387714975
