id,probability_maraud,successful_mating,next_foraging_time,foraging_events,foraging_hrs,foraging_sqhrs,staying_events,staying_hrs,staying_sqhrs,repairing_events,repairing_hrs,repairing_sqhrs,marauding_events,marauding_hrs,marauding_sqhrs,traveling_events,traveling_hrs,traveling_sqhrs
0,0.054,6,360.26250763903056,579.0,69.83828925598164,13.557695421705178,1355.0,227.2188759852283,48.41594750198793,357.0,60.554867932782265,12.91842475190372,21.0,2.1000000000000005,0.21000000000000013,78.0,0.42355210227777806,0.0022999536326144205
1,0.0,7,360.82781378563243,565.0,74.58277357048215,16.42053319099915,1062.0,180.7845034438061,38.59697543139358,625.0,104.652362569608,22.05662150370586,0.0,0.0,0.0,0.0,0.0,0.0
2,0.054,9,360.09509250231395,571.0,69.92295297117192,14.294286222556117,1362.0,227.58959431918797,47.60673979576667,361.0,60.67627486182629,12.821902038131759,14.0,1.4000000000000001,0.14000000000000007,89.0,0.4832838090092596,0.0026243060679831203
3,0.054,12,360.1685344079143,556.0,72.50870080100599,15.607430130135478,1458.0,242.72362469244257,51.59875986151864,264.0,42.703889125436255,8.603049826953852,18.0,1.8000000000000005,0.1800000000000001,91.0,0.4941441193240744,0.0026832792380501566
4,0.0,15,359.95317653631963,574.0,70.99123890108721,14.352752639087415,1230.0,214.13722542918984,46.06110802406639,435.0,74.95051367823163,16.334673863683737,0.0,0.0,0.0,0.0,0.0,0.0
5,0.054,8,360.0851929155259,552.0,69.01148108691179,13.850305311691109,1457.0,246.6031702703888,52.48749199300583,241.0,42.74427956266426,9.394098325576964,12.0,1.2,0.12000000000000005,82.0,0.4452727229074077,0.002417899972748493
6,0.054,4,359.9752034691041,548.0,71.67400319601234,14.668281961477977,1199.0,207.67267874819467,45.57750681008884,476.0,79.26796843553066,16.72742294377779,10.0,0.9999999999999999,0.10000000000000003,72.0,0.3909711713333336,0.0021230341224133115
7,0.054,11,360.3777347382159,558.0,68.99306612846634,13.571803233202989,1477.0,252.6235840798071,55.086785406856166,205.0,37.171225875344696,8.527838420505786,9.0,0.8999999999999999,0.09000000000000002,58.0,0.3149489991296298,0.0017102219319440571
