id,probability_maraud,successful_mating,next_foraging_time,foraging_events,foraging_hrs,foraging_sqhrs,staying_events,staying_hrs,staying_sqhrs,repairing_events,repairing_hrs,repairing_sqhrs,marauding_events,marauding_hrs,marauding_sqhrs,traveling_events,traveling_hrs,traveling_sqhrs
0,0.054,6,360.30962617093326,581.0,70.12419122931543,14.764838976820043,1413.0,239.15236719531256,51.687680448179336,297.0,48.94044100587078,10.205115012043475,13.0,1.3,0.13000000000000006,90.0,0.488713964166667,0.0026537926530166385
1,0.054,6,359.98227533230283,564.0,69.81984844483867,14.363086539228698,1427.0,240.47564225222337,51.827790676736925,283.0,48.42116942498094,10.499583126482262,10.0,0.9999999999999999,0.10000000000000003,58.0,0.3149489991296298,0.0017102219319440571
2,0.0,9,360.34646834934864,573.0,71.0092793873577,14.72211566386186,1368.0,228.3244768436735,48.51281287369199,355.0,60.902992479009285,13.106160904341317,0.0,0.0,0.0,0.0,0.0,0.0
3,0.0,13,360.14220917256137,570.0,70.46179083931477,14.33920558238298,1321.0,222.86980427264547,48.060071342110774,400.0,66.84785986971669,14.159177924413344,0.0,0.0,0.0,0.0,0.0,0.0
4,0.054,10,360.3602381363084,563.0,67.58425621765657,12.929089956253982,1368.0,235.73716396308134,51.09142024558976,319.0,55.238456316749016,11.923393338179617,11.0,1.0999999999999999,0.11000000000000004,80.0,0.4344124125925929,0.002358926802681457
5,0.054,14,359.85734472991516,578.0,68.3362366035327,13.994801376480423,1581.0,265.49471156377894,56.02897538262586,147.0,24.40258814144898,5.011586237213539,14.0,1.4000000000000001,0.14000000000000007,75.0,0.4072616368055558,0.002211493877513866
6,0.054,7,359.9631536865196,567.0,71.05072432437741,14.25926928900377,1398.0,232.47679493113722,49.719511416152066,321.0,54.91043778820035,11.887084255155974,13.0,1.3,0.13000000000000006,88.0,0.4778536538518522,0.002594819482949602
7,0.054,7,360.23297359501606,565.0,70.14598879990767,15.34898312409032,1250.0,215.64553850612978,47.24336369998425,423.0,72.93427293127941,15.38615696534381,10.0,0.9999999999999999,0.10000000000000003,61.0,0.33123946460185205,0.0017986816870446116
