id,probability_maraud,successful_mating,next_foraging_time,foraging_events,foraging_hrs,foraging_sqhrs,staying_events,staying_hrs,staying_sqhrs,repairing_events,repairing_hrs,repairing_sqhrs,marauding_events,marauding_hrs,marauding_sqhrs,traveling_events,traveling_hrs,traveling_sqhrs
0,0.054,15,360.49414852262527,559.0,70.73578980567154,14.184835831169783,1518.0,256.77565719873184,54.30605905131877,171.0,30.419906497396386,6.881668876134881,16.0,1.6000000000000003,0.1600000000000001,101.0,0.5484456708981486,0.0029781450883853383
1,0.054,7,360.0508160030398,571.0,70.1002047775565,14.107659208237706,1393.0,232.6307554394096,49.32990225339851,326.0,54.92313715805635,11.762746371551012,20.0,2.0000000000000004,0.20000000000000012,85.0,0.46156318837962995,0.0025063597278490476
2,0.054,7,360.22692432936765,565.0,68.42443294465424,13.84415955795562,1421.0,241.69954693628063,52.47470474516604,296.0,48.88123074304807,10.478549628063464,7.0,0.7,0.07,60.0,0.32580930944444464,0.0017691951020110935
3,0.054,7,360.16210898983445,559.0,71.49293245766874,14.773288625085971,1274.0,220.34563848103795,47.69493592172224,405.0,66.85807792116992,14.044858411599394,10.0,0.9999999999999999,0.10000000000000003,76.0,0.41269179196296324,0.002240980462547384
4,0.0,8,359.9530779539939,571.0,74.43050445366418,17.45183859190471,1550.0,261.08916120911647,55.58390213770189,142.0,24.543147361433704,5.532496180777682,0.0,0.0,0.0,0.0,0.0,0.0
5,0.0,11,360.4645686694534,565.0,70.49354932079734,14.636776063707853,1348.0,228.65281812266997,48.32878036244228,368.0,60.90327911825091,12.715257393075865,0.0,0.0,0.0,0.0,0.0,0.0
6,0.054,5,360.39955420733713,560.0,68.60757317862947,13.47542862213202,1294.0,216.82355552494917,45.62920137124157,435.0,73.6999370832263,16.06282845464741,5.0,0.5,0.05000000000000001,72.0,0.3909711713333336,0.0021230341224133115
7,0.054,12,360.5416565966461,579.0,69.86289801930904,14.124834879078925,1396.0,233.7987798859872,49.3257182892906,316.0,55.13386411982239,12.046391724173136,10.0,0.9999999999999999,0.10000000000000003,71.0,0.3855410161759262,0.0020935475373797933
