id,probability_maraud,successful_mating,next_foraging_time,foraging_events,foraging_hrs,foraging_sqhrs,staying_events,staying_hrs,staying_sqhrs,repairing_events,repairing_hrs,repairing_sqhrs,marauding_events,marauding_hrs,marauding_sqhrs,traveling_events,traveling_hrs,traveling_sqhrs
0,0.054,20,359.7791650243809,570.0,73.46817750001188,16.335160758523703,525.0,87.32415186892422,18.344799052984698,1179.0,198.77310249872662,42.35040567491346,4.0,0.4,0.04000000000000001,26.0,0.14118403409259264,0.000766651210871475
1,0.054,52,360.62078400046033,571.0,70.46727934387505,14.617657764526697,1586.0,263.91161274291505,55.45714096104302,157.0,24.38434738483631,4.990870137455901,9.0,0.8999999999999999,0.09000000000000002,92.0,0.49957427448148184,0.002712765823083675
2,0.0,0,360.2261678226286,572.0,70.28308331899359,14.485398125511516,1690.0,289.97560641322355,62.39449523396497,0.0,0.0,0.0,0.0,0.0,0.0,0.0,0.0,0.0
3,0.0,0,360.1698324339664,558.0,66.78410202406272,13.110395946436055,1762.0,293.2209507042451,62.28427908628723,0.0,0.0,0.0,0.0,0.0,0.0,0.0,0.0,0.0
4,0.054,0,360.280732377746,570.0,69.96691386184389,14.297523784022031,1715.0,289.2048437606559,62.49261375594142,0.0,0.0,0.0,3.0,0.30000000000000004,0.030000000000000006,100.0,0.5430155157407411,0.00294865850335182
5,0.054,0,360.1149831009111,577.0,70.04653068733238,14.233854954766317,1710.0,288.8203837670011,61.755293975479105,0.0,0.0,0.0,7.0,0.7,0.07,94.0,0.5104345847962967,0.002771738993150711
6,0.054,0,360.320754204809,540.0,66.85399481969435,13.583579575397845,1730.0,292.1771360427306,62.70733551761418,0.0,0.0,0.0,6.0,0.6,0.06000000000000001,99.0,0.5375853605833337,0.002919171918318302
7,0.054,0,359.85150144781096,571.0,71.52985331986143,15.14502774856313,1718.0,287.24269080966786,60.90277620345805,0.0,0.0,0.0,8.0,0.7999999999999999,0.08000000000000002,104.0,0.5647361363703708,0.003066604843485893
