id,probability_maraud,successful_mating,next_foraging_time,foraging_events,foraging_hrs,foraging_sqhrs,staying_events,staying_hrs,staying_sqhrs,repairing_events,repairing_hrs,repairing_sqhrs,marauding_events,marauding_hrs,marauding_sqhrs,traveling_events,traveling_hrs,traveling_sqhrs
0,0.054,8,359.9690546172393,550.0,74.56910264913357,16.429069216248,1576.0,258.5697047012606,54.22592805852948,147.0,24.839313140726958,5.193661468208522,14.0,1.4000000000000001,0.14000000000000007,119.0,0.646188463731482,0.0035089036189886653
1,0.054,8,359.96938425465316,570.0,75.28752140480401,16.408198244375445,1324.0,221.73823613399782,46.937710141708315,361.0,60.606849226117085,13.025453605940449,19.0,1.9000000000000006,0.1900000000000001,97.0,0.5267250502685189,0.0028601987482512656
2,0.054,10,360.13880054154225,567.0,71.2145079014579,14.541065081767584,1386.0,238.35028342971788,50.847192812183835,287.0,48.788763816098225,10.5359793021735,14.0,1.4000000000000001,0.14000000000000007,69.0,0.37468070586111135,0.002034574367312757
3,0.0,7,360.5497324468278,561.0,72.59577171490055,16.536273331769685,1264.0,211.06618249597443,44.83074917597092,486.0,76.51295612231907,15.67896893977639,0.0,0.0,0.0,0.0,0.0,0.0
4,0.0,11,360.3235948240788,570.0,72.93133034205292,16.000730366523406,1241.0,208.0482126197998,44.375766773129776,460.0,79.18580758639571,16.889569003787532,0.0,0.0,0.0,0.0,0.0,0.0
5,0.054,9,360.43251273918787,549.0,72.43368520445472,16.04581694260905,1284.0,219.6288148190844,47.41953930555124,386.0,67.16768702234911,14.690806633181625,5.0,0.5,0.05000000000000001,65.0,0.3529600852314817,0.0019166280271786843
6,0.054,11,360.24594400639734,572.0,71.14681976864239,14.638140413951731,1445.0,238.39638757675692,50.44552764818796,288.0,49.19190523473642,10.895910225773939,10.0,0.9999999999999999,0.10000000000000003,66.0,0.3583902403888891,0.0019461146122122025
7,0.054,8,360.47011723540726,567.0,68.33538924650344,14.391258623762432,1472.0,246.55513561362798,52.26775553577855,266.0,43.443847181785856,9.222267341301398,12.0,1.2,0.12000000000000005,90.0,0.488713964166667,0.0026537926530166385
