id,probability_maraud,successful_mating,next_foraging_time,foraging_events,foraging_hrs,foraging_sqhrs,staying_events,staying_hrs,staying_sqhrs,repairing_events,repairing_hrs,repairing_sqhrs,marauding_events,marauding_hrs,marauding_sqhrs,traveling_events,traveling_hrs,traveling_sqhrs
0,0.054,11,360.22160589604584,577.0,68.81022645139215,13.754236175612364,1455.0,246.43697814145338,52.882424091322015,240.0,42.94271653422167,9.5679097170434,15.0,1.5000000000000002,0.15000000000000008,92.0,0.49957427448148184,0.002712765823083675
1,0.054,6,360.03166038402946,562.0,73.66690900497518,16.727265080207705,1389.0,236.63465220078794,50.91448419229886,288.0,48.49753180265988,10.219879940265027,9.0,0.8999999999999999,0.09000000000000002,64.0,0.3475299300740743,0.0018871414421451661
2,0.054,12,360.1953232423402,572.0,72.50636936639988,14.738850578535965,1355.0,231.79602808648164,49.895429489964535,315.0,54.618350663969295,11.918008810217133,9.0,0.8999999999999999,0.09000000000000002,76.0,0.41269179196296324,0.002240980462547384
3,0.0,10,360.01088737198586,568.0,68.18286540640871,13.810061688371263,1570.0,261.4385877414286,55.551858494742966,177.0,30.444260267765422,6.594372370975665,0.0,0.0,0.0,0.0,0.0,0.0
4,0.054,6,359.92743720769573,559.0,70.28887222857695,14.828780851081774,1569.0,264.0041475719187,56.879355071298974,133.0,24.575123297433187,5.718909201504937,7.0,0.7,0.07,82.0,0.4452727229074077,0.002417899972748493
5,0.0,15,360.37206045692443,567.0,69.45437075432123,13.622631009006575,1437.0,244.49071391877948,52.127321127476776,274.0,46.23557148169382,9.690528816270037,0.0,0.0,0.0,0.0,0.0,0.0
6,0.054,7,360.1800723033036,556.0,69.62760779279982,14.656230112657168,1457.0,246.22049822885361,52.447392316286546,252.0,42.91596326423434,9.130759726538416,8.0,0.7999999999999999,0.08000000000000002,85.0,0.46156318837962995,0.0025063597278490476
7,0.054,5,360.21571289745134,564.0,71.26586759306497,14.043937555470649,1309.0,220.1393888296502,46.951640279637104,388.0,67.10288282555442,14.579177023812894,11.0,1.0999999999999999,0.11000000000000004,73.0,0.396401326490741,0.0021525207074468296
