id,probability_maraud,successful_mating,next_foraging_time,foraging_events,foraging_hrs,foraging_sqhrs,staying_events,staying_hrs,staying_sqhrs,repairing_events,repairing_hrs,repairing_sqhrs,marauding_events,marauding_hrs,marauding_sqhrs,traveling_events,traveling_hrs,traveling_sqhrs
0,0.054,27,360.1306586996266,540.0,72.00444558539931,16.109016904855796,614.0,106.02799524581513,23.465040329223054,1087.0,181.2552081305562,38.43096564955311,6.0,0.6,0.06000000000000001,41.0,0.22263636145370383,0.0012089499863742483
1,0.054,45,360.46413534782016,574.0,72.492034883192,14.503035051275328,1468.0,250.28647744199125,54.02366764226498,219.0,36.29103233021314,7.75297424169093,5.0,0.5,0.05000000000000001,81.0,0.4398425677500003,0.002388413387714975
2,0.0,0,360.0328888798743,582.0,67.69790708510004,12.659359148514433,1719.0,292.4231462452402,62.73818318988126,0.0,0.0,0.0,0.0,0.0,0.0,0.0,0.0,0.0
3,0.054,0,360.1144332960584,569.0,73.55289678562733,16.288102519532746,1695.0,285.53813834356566,61.00814046674522,0.0,0.0,0.0,4.0,0.4,0.04000000000000001,104.0,0.5647361363703708,0.003066604843485893
4,0.054,0,360.12842064592417,561.0,70.64869872364652,13.792038531892873,1700.0,288.04008708280656,61.74675489348966,0.0,0.0,0.0,9.0,0.8999999999999999,0.09000000000000002,84.0,0.45613303322222254,0.0024768731428155295
5,0.054,0,360.098076737749,553.0,67.94280600674614,14.510858826455001,1676.0,291.44417759933333,64.53238583908437,0.0,0.0,0.0,3.0,0.30000000000000004,0.030000000000000006,97.0,0.5267250502685189,0.0028601987482512656
6,0.0,0,360.5266053626484,567.0,68.60967572620093,14.729267439030927,1713.0,291.4652676136639,62.65787032694154,0.0,0.0,0.0,0.0,0.0,0.0,0.0,0.0,0.0
7,0.054,0,359.89162301861893,566.0,68.67393670509237,13.095003229882547,1698.0,289.96469819345566,62.48582337964905,0.0,0.0,0.0,9.0,0.8999999999999999,0.09000000000000002,98.0,0.5321552054259263,0.002889685333284784
