id,probability_maraud,successful_mating,next_foraging_time,foraging_events,foraging_hrs,foraging_sqhrs,staying_events,staying_hrs,staying_sqhrs,repairing_events,repairing_hrs,repairing_sqhrs,marauding_events,marauding_hrs,marauding_sqhrs,traveling_events,traveling_hrs,traveling_sqhrs
0,0.0,4,360.69407093842193,569.0,72.3420987155759,14.7385009101902,1375.0,230.07138589655096,48.94738839846438,350.0,57.67018307841634,12.316262300673653,0.0,0.0,0.0,0.0,0.0,0.0
1,0.054,10,360.155381715062,560.0,67.84469780599254,14.161811431071962,1358.0,229.11652776571873,48.64832106667207,333.0,61.08919568965391,13.664879338174119,16.0,1.6000000000000003,0.1600000000000001,80.0,0.4344124125925929,0.002358926802681457
2,0.054,10,359.9010528510049,558.0,71.63599101673903,15.191003020184727,1500.0,255.7896469862845,54.91897571732945,192.0,30.41269641094212,6.215032756451067,18.0,1.8000000000000005,0.1800000000000001,76.0,0.41269179196296324,0.002240980462547384
3,0.054,7,360.02746437821065,552.0,68.29990271110663,13.761574549758418,1284.0,218.2855319781566,46.29054135784048,438.0,72.094781518881,14.945068350028759,13.0,1.3,0.13000000000000006,67.0,0.3638203955462965,0.0019756011972457206
4,0.0,8,360.52830198854747,561.0,76.27865779903338,18.188018756898163,1221.0,205.0007037286172,43.92325116367856,475.0,78.82374412014502,16.44499205881856,0.0,0.0,0.0,0.0,0.0,0.0
5,0.054,14,360.28482278206485,554.0,70.09765484834108,14.275582731691864,1334.0,225.09807732150162,48.13082970750764,381.0,63.832897966026614,13.545719511910113,7.0,0.7,0.07,59.0,0.3203791542870372,0.0017397085169775753
6,0.054,11,360.28859246364925,557.0,69.95407691646376,14.261196806005639,1423.0,239.33496116701448,50.96560444445351,288.0,48.64962855786499,10.118889218854806,16.0,1.6000000000000003,0.1600000000000001,91.0,0.4941441193240744,0.0026832792380501566
7,0.054,8,360.48711625335324,565.0,72.45419320179528,15.785917532568442,1402.0,237.56236552290932,50.96327687021058,273.0,48.933126494011454,10.810263194843909,7.0,0.7,0.07,74.0,0.4018314816481484,0.002182007292480348
