id,probability_maraud,successful_mating,next_foraging_time,foraging_events,foraging_hrs,foraging_sqhrs,staying_events,staying_hrs,staying_sqhrs,repairing_events,repairing_hrs,repairing_sqhrs,marauding_events,marauding_hrs,marauding_sqhrs,traveling_events,traveling_hrs,traveling_sqhrs
0,0.054,17,360.2652530790885,569.0,67.87053042493241,13.67870263498341,608.0,102.6991557718159,21.776906026226406,1108.0,189.13788928179133,40.80571041121184,3.0,0.30000000000000004,0.030000000000000006,35.0,0.19005543050925935,0.0010320304761731393
1,0.054,55,360.1526148016816,563.0,69.34866948136991,13.26270305768266,1636.0,275.3073536573695,59.05811735192054,85.0,14.171192681057406,2.9769007464876736,6.0,0.6,0.06000000000000001,108.0,0.5864567570000004,0.0031845511836199655
2,0.0,0,360.5583235142598,577.0,70.46583866197058,14.246554882260156,1733.0,289.56060649870363,61.54513604609381,0.0,0.0,0.0,0.0,0.0,0.0,0.0,0.0,0.0
3,0.054,0,360.4094358339099,572.0,72.43515194580255,15.690450832417952,1710.0,286.3181306478125,60.49299512066805,0.0,0.0,0.0,9.0,0.8999999999999999,0.09000000000000002,93.0,0.5050044296388893,0.002742252408117193
4,0.054,0,359.88956299044054,571.0,69.59679031799251,15.645240166480672,1698.0,289.1931247651217,61.93830654815356,0.0,0.0,0.0,7.0,0.7,0.07,100.0,0.5430155157407411,0.00294865850335182
5,0.054,0,360.0756740037028,563.0,71.90657312383495,15.039833776069711,1701.0,287.2565744467329,60.80760506539904,0.0,0.0,0.0,3.0,0.30000000000000004,0.030000000000000006,107.0,0.581026601842593,0.0031550645985864473
6,0.054,0,360.27815217679387,557.0,70.93710634496234,14.785445220485009,1694.0,288.10291992769874,61.60383389194362,0.0,0.0,0.0,6.0,0.6,0.06000000000000001,100.0,0.5430155157407411,0.00294865850335182
7,0.0,0,359.9851038245198,568.0,70.25877236183698,14.290551417418456,1681.0,289.90255991530415,63.126996780452274,0.0,0.0,0.0,0.0,0.0,0.0,0.0,0.0,0.0
