id,probability_maraud,successful_mating,next_foraging_time,foraging_events,foraging_hrs,foraging_sqhrs,staying_events,staying_hrs,staying_sqhrs,repairing_events,repairing_hrs,repairing_sqhrs,marauding_events,marauding_hrs,marauding_sqhrs,traveling_events,traveling_hrs,traveling_sqhrs
0,0.054,20,359.8679492534719,563.0,68.6035945499402,13.7921379981349,583.0,96.1733518094733,20.136837317373573,1153.0,194.66916694950677,42.09968707104882,4.0,0.4,0.04000000000000001,33.0,0.17919512019444453,0.000973057306106103
1,0.0,51,360.35344398138847,560.0,68.72585330634564,13.851421564197205,1584.0,267.03390540458497,56.810361932164,151.0,24.486448058721525,5.1303774520432155,0.0,0.0,0.0,0.0,0.0,0.0
2,0.054,0,360.58161227973545,574.0,70.82173610538331,14.091540140170796,1745.0,288.6260443144575,60.56762904089818,0.0,0.0,0.0,2.0,0.2,0.020000000000000004,94.0,0.5104345847962967,0.002771738993150711
3,0.054,0,359.8724303839119,560.0,74.83731998683803,16.187699964763997,1696.0,284.26760555022054,60.130559017151946,0.0,0.0,0.0,4.0,0.4,0.04000000000000001,100.0,0.5430155157407411,0.00294865850335182
4,0.054,0,360.3550357651702,563.0,74.68963305684765,15.720175485749381,1715.0,283.8665376507313,59.8203984208601,0.0,0.0,0.0,9.0,0.8999999999999999,0.09000000000000002,102.0,0.553875826055556,0.0030076316734188565
5,0.0,0,360.3451006193169,559.0,73.16752211227191,15.414908740655722,1670.0,286.9518993261222,62.436156873307596,0.0,0.0,0.0,0.0,0.0,0.0,0.0,0.0,0.0
6,0.054,0,360.19560878961704,584.0,69.23169613133014,13.875202750023533,1717.0,289.2154033254082,62.317751124753016,0.0,0.0,0.0,10.0,0.9999999999999999,0.10000000000000003,103.0,0.5593059812129634,0.0030371182584523746
7,0.054,0,360.3126535296624,574.0,71.51738651292823,14.83394325710794,1701.0,287.38772185083417,61.33367962642064,0.0,0.0,0.0,7.0,0.7,0.07,108.0,0.5864567570000004,0.0031845511836199655
