id,probability_maraud,successful_mating,next_foraging_time,foraging_events,foraging_hrs,foraging_sqhrs,staying_events,staying_hrs,staying_sqhrs,repairing_events,repairing_hrs,repairing_sqhrs,marauding_events,marauding_hrs,marauding_sqhrs,traveling_events,traveling_hrs,traveling_sqhrs
0,0.054,7,359.9041207019923,579.0,67.80651230715118,13.214228566429636,1285.0,217.7938875330171,46.69757947846763,439.0,73.3144083197092,15.585308366596122,8.0,0.7999999999999999,0.08000000000000002,67.0,0.3638203955462965,0.0019756011972457206
1,0.0,9,360.4258416539596,560.0,74.19380602392293,16.60366920974652,1305.0,218.77771321170493,46.534087697863605,407.0,67.1256166156655,13.84404167096477,0.0,0.0,0.0,0.0,0.0,0.0
2,0.054,8,360.2741707874335,562.0,69.27547512588613,14.342792187397546,1148.0,192.09573709518676,40.662411184032244,569.0,97.52673454322193,20.8064321087956,8.0,0.7999999999999999,0.08000000000000002,68.0,0.36925055070370394,0.002005087782279239
3,0.054,15,360.3496375450532,572.0,69.33576470849643,14.079922106376605,1467.0,246.3693358995811,52.68314239001803,242.0,42.612712925063704,9.191295595446958,12.0,1.2,0.12000000000000005,92.0,0.49957427448148184,0.002712765823083675
4,0.054,8,360.0364959013804,571.0,73.91685226309741,15.369132435820328,1307.0,229.4967241666143,49.70706424883299,335.0,54.66720110306681,11.4581517545572,16.0,1.6000000000000003,0.1600000000000001,62.0,0.33666961975925946,0.0018281682720781298
5,0.054,8,360.2739241448612,562.0,73.01823025398396,15.73073480712141,1349.0,229.86529813259344,49.09168796558492,334.0,54.87811772445622,11.480365196513272,18.0,1.8000000000000005,0.1800000000000001,89.0,0.4832838090092596,0.0026243060679831203
6,0.0,13,359.8710307457133,566.0,66.87314131940339,13.253063706680564,1503.0,247.5356572202693,51.95387147407982,263.0,45.75603846562452,10.137349903459448,0.0,0.0,0.0,0.0,0.0,0.0
7,0.054,4,360.0913951304945,561.0,71.21102290314191,15.693689070626958,1461.0,250.3340605370155,54.758491899941355,223.0,36.51249862244431,7.631510590199936,16.0,1.6000000000000003,0.1600000000000001,78.0,0.42355210227777806,0.0022999536326144205
