id,probability_maraud,successful_mating,next_foraging_time,foraging_events,foraging_hrs,foraging_sqhrs,staying_events,staying_hrs,staying_sqhrs,repairing_events,repairing_hrs,repairing_sqhrs,marauding_events,marauding_hrs,marauding_sqhrs,traveling_events,traveling_hrs,traveling_sqhrs
0,0.054,10,361.1032380017202,571.0,76.59734612058276,17.11761007612368,1439.0,245.73436251546437,52.408029472975414,220.0,36.29457254771383,7.504437418595391,16.0,1.6000000000000003,0.1600000000000001,81.0,0.4398425677500003,0.002388413387714975
1,0.054,11,360.1638659664613,561.0,72.09569508305853,14.930722389944298,1389.0,231.72365027893338,49.35599168220572,330.0,54.785290172876756,11.364826589636694,10.0,0.9999999999999999,0.10000000000000003,87.0,0.4724234986944448,0.002565332897916084
2,0.0,6,360.3060601811596,568.0,71.75855684400703,15.055041136813852,1286.0,214.8576568944113,45.42203872484334,437.0,73.40067252566202,15.738361517988745,0.0,0.0,0.0,0.0,0.0,0.0
3,0.054,10,360.5040323747372,572.0,71.06014104493543,14.885312159142323,1384.0,238.14262856317566,51.5845268963195,308.0,48.941230096619755,10.381083831526576,16.0,1.6000000000000003,0.1600000000000001,72.0,0.3909711713333336,0.0021230341224133115
4,0.054,6,360.2770813827627,558.0,69.1126270961573,14.33425165550605,1293.0,222.20186363543874,48.237173943979464,392.0,66.8216761413523,14.342315340951924,17.0,1.7000000000000004,0.1700000000000001,77.0,0.41812194712037065,0.0022704670475809023
5,0.054,12,360.6498478379648,556.0,71.56903867698135,15.099343000580479,1387.0,238.59166640193905,51.84651600510762,285.0,48.446081326887885,10.500582397263637,12.0,1.2,0.12000000000000005,73.0,0.396401326490741,0.0021525207074468296
6,0.0,11,360.2604170117019,565.0,70.18325700029125,14.503459330978549,1293.0,216.54157842810935,46.2009719703862,421.0,73.37065547659842,15.679765020720966,0.0,0.0,0.0,0.0,0.0,0.0
7,0.054,6,360.29429555308366,587.0,71.33879819690412,14.14822970565986,1251.0,215.70273744961992,47.17051869448931,438.0,71.89834590594005,15.076892499655786,8.0,0.7999999999999999,0.08000000000000002,57.0,0.3095188439722224,0.001680735346910539
