id,probability_maraud,successful_mating,next_foraging_time,foraging_events,foraging_hrs,foraging_sqhrs,staying_events,staying_hrs,staying_sqhrs,repairing_events,repairing_hrs,repairing_sqhrs,marauding_events,marauding_hrs,marauding_sqhrs,traveling_events,traveling_hrs,traveling_sqhrs
0,0.054,13,360.3304314431985,569.0,71.03650045098605,14.266552099300924,559.0,93.96560066168126,19.903146842663244,1159.0,194.60788855796838,41.090682210878974,3.0,0.30000000000000004,0.030000000000000006,23.0,0.12489356862037042,0.0006781914557709202
1,0.0,59,360.26792609650596,553.0,69.22684877108617,14.976817724530061,1583.0,272.2963200695667,58.54059240124739,106.0,18.510607688846193,4.181841180997635,0.0,0.0,0.0,0.0,0.0,0.0
2,0.054,0,359.971520652263,559.0,70.0808113949448,14.427503022439968,1690.0,289.06930865065436,62.90224156595846,0.0,0.0,0.0,4.0,0.4,0.04000000000000001,85.0,0.46156318837962995,0.0025063597278490476
3,0.054,0,359.7350471335892,568.0,71.27480278902229,14.607766440983593,1712.0,287.21876725984896,61.1468040226132,0.0,0.0,0.0,9.0,0.8999999999999999,0.09000000000000002,121.0,0.6570487740462968,0.0035678767890557016
4,0.054,0,360.28566055350643,564.0,73.41077529037449,16.057088248377532,1680.0,285.6372565063157,60.928052187081214,0.0,0.0,0.0,6.0,0.6,0.06000000000000001,87.0,0.4724234986944448,0.002565332897916084
5,0.0,0,360.0180718290813,572.0,68.88747191087384,14.015345334394054,1731.0,291.351143233766,61.52911153937904,0.0,0.0,0.0,0.0,0.0,0.0,0.0,0.0,0.0
6,0.054,0,360.1407251614783,579.0,72.39927370918751,15.562558326360664,1728.0,286.2652031326903,60.9212447277902,0.0,0.0,0.0,8.0,0.7999999999999999,0.08000000000000002,102.0,0.553875826055556,0.0030076316734188565
7,0.054,0,359.9441695274341,565.0,65.52687274951553,12.140473979803744,1721.0,293.75345197301056,63.64553807217176,0.0,0.0,0.0,5.0,0.5,0.05000000000000001,86.0,0.46699334353703736,0.002535846312882566
