id,probability_maraud,successful_mating,next_foraging_time,foraging_events,foraging_hrs,foraging_sqhrs,staying_events,staying_hrs,staying_sqhrs,repairing_events,repairing_hrs,repairing_sqhrs,marauding_events,marauding_hrs,marauding_sqhrs,traveling_events,traveling_hrs,traveling_sqhrs
0,0.0,3,360.23233782366987,567.0,70.6613563093215,15.010045075035729,1497.0,252.96740080302277,53.919967253672105,205.0,36.423637344434205,8.127992384900287,0.0,0.0,0.0,0.0,0.0,0.0
1,0.054,10,359.94005675472295,570.0,70.69690320024614,14.833755899332463,1435.0,245.647042458469,52.453213263483526,250.0,42.44444470493715,9.061824518457536,10.0,0.9999999999999999,0.10000000000000003,69.0,0.37468070586111135,0.002034574367312757
2,0.054,7,360.0496028194325,565.0,69.2786952617248,13.73746741356619,1420.0,246.8302105624355,54.286317361611026,257.0,42.58691516719397,9.148692790895199,10.0,0.9999999999999999,0.10000000000000003,77.0,0.41812194712037065,0.0022704670475809023
3,0.054,11,360.0563303116935,568.0,69.69972837409676,13.964557163861345,1271.0,221.30362630274763,48.99301124818285,399.0,67.74295224381416,14.643724136152207,10.0,0.9999999999999999,0.10000000000000003,54.0,0.29322837850000016,0.0015922755918099845
4,0.054,8,359.9749485362027,561.0,70.82470368239625,15.150887075382276,1355.0,232.5378317191818,49.8083025159896,328.0,55.29716264417926,12.043758405699954,11.0,1.0999999999999999,0.11000000000000004,71.0,0.3855410161759262,0.0020935475373797933
5,0.054,8,359.96574540295376,563.0,70.88356247221643,14.762709298402001,1514.0,251.3259670257918,53.311051600868694,220.0,36.68007186317433,7.938560715715574,8.0,0.7999999999999999,0.08000000000000002,66.0,0.3583902403888891,0.0019461146122122025
6,0.0,12,360.59989488859634,554.0,72.08725119249203,15.595134680165515,1377.0,239.30027160947546,52.229373178047155,296.0,48.791453933983696,10.361478294339612,0.0,0.0,0.0,0.0,0.0,0.0
7,0.054,13,359.8412723570294,572.0,73.85573294780438,15.975802658689247,1463.0,248.220798038273,53.54615956673418,229.0,36.33776414655796,7.662506021935186,12.0,1.2,0.12000000000000005,84.0,0.45613303322222254,0.0024768731428155295
