id,probability_maraud,successful_mating,next_foraging_time,foraging_events,foraging_hrs,foraging_sqhrs,staying_events,staying_hrs,staying_sqhrs,repairing_events,repairing_hrs,repairing_sqhrs,marauding_events,marauding_hrs,marauding_sqhrs,traveling_events,traveling_hrs,traveling_sqhrs
0,0.054,10,360.32838294941786,566.0,70.24072472931961,13.464859960443167,483.0,83.55575258565729,18.009454989672932,1204.0,205.7126042959424,44.89059329118245,6.0,0.6,0.06000000000000001,31.0,0.1683348098796297,0.0009140841360390664
1,0.054,62,360.04426414613096,574.0,70.45510360822618,14.26859778143964,1512.0,251.95053652453774,53.008866186899155,213.0,36.55925538250497,8.222217269745189,5.0,0.5,0.05000000000000001,102.0,0.553875826055556,0.0030076316734188565
2,0.054,0,359.8135396964727,570.0,70.86807920966514,14.51364095820119,1664.0,287.9266503805932,62.84689342704652,0.0,0.0,0.0,8.0,0.7999999999999999,0.08000000000000002,100.0,0.5430155157407411,0.00294865850335182
3,0.054,0,360.4085361488133,555.0,68.24335993270176,14.522890443719975,1717.0,290.2983759187172,61.58109170285526,0.0,0.0,0.0,9.0,0.8999999999999999,0.09000000000000002,117.0,0.6353281534166672,0.003449930448921629
4,0.0,0,360.3107968367566,564.0,69.42131121426107,13.97355223815641,1719.0,290.67941626952864,61.40393933413028,0.0,0.0,0.0,0.0,0.0,0.0,0.0,0.0,0.0
5,0.054,0,360.48376395401357,563.0,67.7994988714044,13.574500761889722,1731.0,291.2094996349439,61.87563831241892,0.0,0.0,0.0,4.0,0.4,0.04000000000000001,112.0,0.6081773776296301,0.003302497523754038
6,0.054,0,360.12435880470787,554.0,68.91135573124102,14.49642793192926,1701.0,289.82850626668716,62.55381250690192,0.0,0.0,0.0,8.0,0.7999999999999999,0.08000000000000002,87.0,0.4724234986944448,0.002565332897916084
7,0.0,0,361.0878399733266,567.0,73.68456816544233,16.521668669796405,1661.0,286.7029826205661,62.68792376503132,0.0,0.0,0.0,0.0,0.0,0.0,0.0,0.0,0.0
