id,probability_maraud,successful_mating,next_foraging_time,foraging_events,foraging_hrs,foraging_sqhrs,staying_events,staying_hrs,staying_sqhrs,repairing_events,repairing_hrs,repairing_sqhrs,marauding_events,marauding_hrs,marauding_sqhrs,traveling_events,traveling_hrs,traveling_sqhrs
0,0.054,15,360.46324301400176,587.0,71.2588217963164,14.211661751444973,531.0,92.22074905670648,19.891796149356846,1153.0,195.98732912175782,42.26417743468442,5.0,0.5,0.05000000000000001,29.0,0.15747449956481488,0.0008551109659720299
1,0.054,56,360.32510841173126,556.0,73.46323661702871,15.802573814596792,1522.0,255.1323981052081,54.08612605513593,183.0,30.548740065619928,6.47902142703249,4.0,0.4,0.04000000000000001,85.0,0.46156318837962995,0.0025063597278490476
2,0.054,0,360.1327573860289,566.0,67.39046045142844,13.188609821324347,1727.0,291.4435672104542,61.72549841376043,0.0,0.0,0.0,7.0,0.7,0.07,97.0,0.5267250502685189,0.0028601987482512656
3,0.054,0,360.06733508535456,563.0,70.5159705596353,14.415712503605453,1698.0,288.2629894806163,61.89637910785711,0.0,0.0,0.0,8.0,0.7999999999999999,0.08000000000000002,97.0,0.5267250502685189,0.0028601987482512656
4,0.0,0,360.21061808518994,560.0,68.61053071255338,13.68284749869156,1716.0,291.6932209149681,63.03400224640269,0.0,0.0,0.0,0.0,0.0,0.0,0.0,0.0,0.0
5,0.054,0,360.67470727450086,563.0,73.49779550095947,15.917126128237738,1710.0,285.5322478170326,60.303502165552125,0.0,0.0,0.0,5.0,0.5,0.05000000000000001,97.0,0.5267250502685189,0.0028601987482512656
6,0.0,0,360.3743034888659,569.0,69.84910694739476,15.112620018826387,1713.0,290.2890791277928,61.97797965123617,0.0,0.0,0.0,0.0,0.0,0.0,0.0,0.0,0.0
7,0.054,0,360.1464305468927,574.0,72.1207100809599,15.531229360769023,1699.0,286.72681327432696,61.02725602931465,0.0,0.0,0.0,8.0,0.7999999999999999,0.08000000000000002,90.0,0.488713964166667,0.0026537926530166385
