id,probability_maraud,successful_mating,next_foraging_time,foraging_events,foraging_hrs,foraging_sqhrs,staying_events,staying_hrs,staying_sqhrs,repairing_events,repairing_hrs,repairing_sqhrs,marauding_events,marauding_hrs,marauding_sqhrs,traveling_events,traveling_hrs,traveling_sqhrs
0,0.054,22,359.7995925916375,575.0,69.96142420679381,13.98210581010324,767.0,130.53618575938978,27.835888508843414,943.0,158.36516385897949,33.42621684214823,9.0,0.8999999999999999,0.09000000000000002,49.0,0.2660776027129631,0.0014448426666423936
1,0.054,50,360.32927529590546,559.0,71.75727640690343,15.456896923467516,1386.0,232.89451863543408,49.875402936729074,312.0,54.808267926327694,11.997964246284878,2.0,0.2,0.020000000000000004,66.0,0.3583902403888891,0.0019461146122122025
2,0.0,0,360.3110144752438,566.0,69.39816953872617,14.073884134732705,1667.0,290.7173350740992,63.16877873020996,0.0,0.0,0.0,0.0,0.0,0.0,0.0,0.0,0.0
3,0.054,0,360.07196639656206,551.0,71.27184628191046,15.726276887167561,1740.0,288.1098933572032,60.9989206392905,0.0,0.0,0.0,2.0,0.2,0.020000000000000004,85.0,0.46156318837962995,0.0025063597278490476
4,0.054,0,360.14635159162873,560.0,70.5528848185988,14.215120481852749,1670.0,288.79864554761247,62.44602889444619,0.0,0.0,0.0,4.0,0.4,0.04000000000000001,73.0,0.396401326490741,0.0021525207074468296
5,0.054,0,359.912966341285,582.0,75.5897044489318,16.313680788144136,1699.0,283.64896347836947,59.6899335896522,0.0,0.0,0.0,3.0,0.30000000000000004,0.030000000000000006,97.0,0.5267250502685189,0.0028601987482512656
6,0.054,0,359.95272663808566,562.0,67.31703755784453,13.167259503725955,1700.0,290.65434845413415,62.69697407003586,0.0,0.0,0.0,15.0,1.5000000000000002,0.15000000000000008,110.0,0.5973170673148153,0.003243524353687002
7,0.0,0,360.2278716563561,556.0,69.18189876572747,13.16921192822476,1719.0,291.21930308058097,62.777527578246364,0.0,0.0,0.0,0.0,0.0,0.0,0.0,0.0,0.0
