id,probability_maraud,successful_mating,next_foraging_time,foraging_events,foraging_hrs,foraging_sqhrs,staying_events,staying_hrs,staying_sqhrs,repairing_events,repairing_hrs,repairing_sqhrs,marauding_events,marauding_hrs,marauding_sqhrs,traveling_events,traveling_hrs,traveling_sqhrs
0,0.054,22,359.93236848880065,575.0,70.20570410238372,14.759519545078074,580.0,94.20898866600895,19.091572914162942,1152.0,195.11460207941357,41.926244043503466,4.0,0.4,0.04000000000000001,29.0,0.15747449956481488,0.0008551109659720299
1,0.054,50,360.30355809760147,560.0,73.15203983809344,15.227471896058908,1549.0,261.7731794471646,56.1351327672963,141.0,24.18992212803993,5.488159330697234,5.0,0.5,0.05000000000000001,83.0,0.4507028780648151,0.0024473865577820113
2,0.054,0,360.2820041985053,560.0,69.53867682443357,14.381079131371155,1712.0,289.3868510740796,62.0837264223486,0.0,0.0,0.0,6.0,0.6,0.06000000000000001,110.0,0.5973170673148153,0.003243524353687002
3,0.054,0,360.5478418141314,549.0,71.53853722390087,15.703956887466921,1683.0,287.5013341005148,62.766460015426624,0.0,0.0,0.0,6.0,0.6,0.06000000000000001,98.0,0.5321552054259263,0.002889685333284784
4,0.054,0,360.4189721344898,551.0,72.20503700901924,16.424316356297222,1667.0,286.62613353860024,62.140271944221546,0.0,0.0,0.0,8.0,0.7999999999999999,0.08000000000000002,100.0,0.5430155157407411,0.00294865850335182
5,0.0,0,360.21426558951566,573.0,70.17486231079889,14.67752603321804,1703.0,289.9568522277015,62.456089209892845,0.0,0.0,0.0,0.0,0.0,0.0,0.0,0.0,0.0
6,0.054,0,360.42503166533567,576.0,69.38852261265718,13.738153222841122,1729.0,289.40570379070095,61.39889425218589,0.0,0.0,0.0,7.0,0.7,0.07,97.0,0.5267250502685189,0.0028601987482512656
7,0.0,0,360.2568928069873,571.0,66.14621776790528,12.734885121972267,1753.0,294.01201870455003,62.61427697944108,0.0,0.0,0.0,0.0,0.0,0.0,0.0,0.0,0.0
