id,probability_maraud,successful_mating,next_foraging_time,foraging_events,foraging_hrs,foraging_sqhrs,staying_events,staying_hrs,staying_sqhrs,repairing_events,repairing_hrs,repairing_sqhrs,marauding_events,marauding_hrs,marauding_sqhrs,traveling_events,traveling_hrs,traveling_sqhrs
0,0.054,16,360.11886307400346,573.0,71.77344109763709,15.306757219304226,678.0,114.0968017180209,24.423694286321094,1045.0,173.61112496516856,36.63060373594715,5.0,0.5,0.05000000000000001,28.0,0.15204434440740747,0.0008256243809385116
1,0.054,56,360.03735397914517,559.0,69.96006063494133,15.125497144858517,1538.0,259.88777702310284,55.93255318531376,181.0,29.225719354861184,6.29946038606367,6.0,0.6,0.06000000000000001,84.0,0.45613303322222254,0.0024768731428155295
2,0.0,0,360.61995956704374,573.0,70.32164092004685,14.070779180298137,1716.0,289.6928235676075,61.863260444828256,0.0,0.0,0.0,0.0,0.0,0.0,0.0,0.0,0.0
3,0.054,0,360.2841995857514,559.0,72.63844028711746,15.110153710229508,1678.0,285.9201772303025,61.80375824870816,0.0,0.0,0.0,9.0,0.8999999999999999,0.09000000000000002,104.0,0.5647361363703708,0.003066604843485893
4,0.054,0,360.0361739095709,573.0,66.80057485813724,12.026597738511667,1697.0,292.2569080644115,63.352978127693106,0.0,0.0,0.0,7.0,0.7,0.07,88.0,0.4778536538518522,0.002594819482949602
5,0.054,0,360.056036620294,575.0,72.42556634227634,15.084028128191576,1684.0,286.82922476033855,61.67100784087947,0.0,0.0,0.0,4.0,0.4,0.04000000000000001,99.0,0.5375853605833337,0.002919171918318302
6,0.054,0,360.002088553125,561.0,69.64468493238088,15.105316618686256,1731.0,289.74125860682256,62.056437244556605,0.0,0.0,0.0,3.0,0.30000000000000004,0.030000000000000006,86.0,0.46699334353703736,0.002535846312882566
7,0.0,0,360.1424636403661,564.0,70.39602403983781,15.072867297094637,1710.0,289.77521474661484,62.62879360553886,0.0,0.0,0.0,0.0,0.0,0.0,0.0,0.0,0.0
