id,probability_maraud,successful_mating,next_foraging_time,foraging_events,foraging_hrs,foraging_sqhrs,staying_events,staying_hrs,staying_sqhrs,repairing_events,repairing_hrs,repairing_sqhrs,marauding_events,marauding_hrs,marauding_sqhrs,traveling_events,traveling_hrs,traveling_sqhrs
0,0.054,19,360.1249336614521,567.0,73.96152938128164,15.816706381738648,601.0,97.81336715538367,20.706940528963962,1126.0,187.55257239858912,39.20905967047454,5.0,0.5,0.05000000000000001,39.0,0.211776051138889,0.001149976816307212
1,0.054,53,360.0425250835557,564.0,70.96379619651412,14.884441407557446,1539.0,257.876292620517,54.50702436451721,174.0,30.61247223214978,6.7278344520054185,2.0,0.2,0.020000000000000004,83.0,0.4507028780648151,0.0024473865577820113
2,0.054,0,359.880160340153,560.0,70.63529572661284,14.696177286618713,1683.0,287.93638545039056,62.057727752060686,0.0,0.0,0.0,9.0,0.8999999999999999,0.09000000000000002,105.0,0.5701662915277782,0.003096091428519411
3,0.0,0,360.2217429984162,575.0,73.03540167763155,16.08531477902926,1676.0,286.97088608333814,61.988639529312394,0.0,0.0,0.0,0.0,0.0,0.0,0.0,0.0,0.0
4,0.054,0,360.6145805723447,550.0,73.62878950462486,15.855900354397914,1685.0,285.4893672638459,61.22210109100141,0.0,0.0,0.0,5.0,0.5,0.05000000000000001,94.0,0.5104345847962967,0.002771738993150711
5,0.054,0,360.67370812416016,569.0,73.71096906837438,15.46945886189724,1699.0,284.8332962647896,60.07971493931629,0.0,0.0,0.0,10.0,0.9999999999999999,0.10000000000000003,105.0,0.5701662915277782,0.003096091428519411
6,0.054,0,360.5163997758998,581.0,70.06356975572061,14.802799665886187,1727.0,289.0794697531546,61.557551816725216,0.0,0.0,0.0,5.0,0.5,0.05000000000000001,101.0,0.5484456708981486,0.0029781450883853383
7,0.0,0,360.33818888236704,566.0,66.78610098227438,13.00707421970979,1748.0,293.2392606519086,62.481478760658014,0.0,0.0,0.0,0.0,0.0,0.0,0.0,0.0,0.0
