id,probability_maraud,successful_mating,next_foraging_time,foraging_events,foraging_hrs,foraging_sqhrs,staying_events,staying_hrs,staying_sqhrs,repairing_events,repairing_hrs,repairing_sqhrs,marauding_events,marauding_hrs,marauding_sqhrs,traveling_events,traveling_hrs,traveling_sqhrs
0,0.054,25,360.4040630917563,546.0,72.79451742713782,16.833333745045085,626.0,105.48775861943815,22.50024491130024,1079.0,181.0181611179524,38.31994035253748,6.0,0.6,0.06000000000000001,38.0,0.2063458959814816,0.0011204902312736938
1,0.0,46,360.67594832044523,571.0,70.20585869394937,13.955387262986664,1495.0,253.6375881214868,54.267600261483175,226.0,36.236833990986675,7.470282207689429,0.0,0.0,0.0,0.0,0.0,0.0
2,0.054,0,360.2359606265703,574.0,70.33839997739439,14.245799230255106,1685.0,288.69106077062617,62.5715458198828,0.0,0.0,0.0,7.0,0.7,0.07,86.0,0.46699334353703736,0.002535846312882566
3,0.054,0,360.2330503496875,572.0,72.36894764143797,15.51454522969517,1714.0,287.02623895973085,60.707844506641734,0.0,0.0,0.0,4.0,0.4,0.04000000000000001,85.0,0.46156318837962995,0.0025063597278490476
4,0.0,0,360.3145837588699,568.0,67.79158325711306,13.969685384791456,1750.0,292.4466798402824,61.66563166439447,0.0,0.0,0.0,0.0,0.0,0.0,0.0,0.0,0.0
5,0.054,0,360.28365851604775,550.0,71.2025646317485,14.981416914347127,1711.0,288.23888129812434,61.84107386775111,0.0,0.0,0.0,1.0,0.1,0.010000000000000002,93.0,0.5050044296388893,0.002742252408117193
6,0.054,0,360.48250299579274,565.0,73.19154688424092,16.169180307607864,1692.0,285.46966284608845,61.09561303205354,0.0,0.0,0.0,8.0,0.7999999999999999,0.08000000000000002,109.0,0.5918869121574079,0.0032140377686534836
7,0.054,0,360.4204032340778,571.0,67.53621210054683,13.611025772549265,1683.0,291.0016267186499,63.20317285244905,0.0,0.0,0.0,10.0,0.9999999999999999,0.10000000000000003,104.0,0.5647361363703708,0.003066604843485893
