id,probability_maraud,successful_mating,next_foraging_time,foraging_events,foraging_hrs,foraging_sqhrs,staying_events,staying_hrs,staying_sqhrs,repairing_events,repairing_hrs,repairing_sqhrs,marauding_events,marauding_hrs,marauding_sqhrs,traveling_events,traveling_hrs,traveling_sqhrs
0,0.0,7,360.2876922914219,556.0,69.24348631604161,14.301477619975712,1355.0,229.51389330336443,49.07853077071079,357.0,61.393905870676974,13.468831147492285,0.0,0.0,0.0,0.0,0.0,0.0
1,0.054,11,360.11757972490847,572.0,69.9699700795518,13.937888169509419,1398.0,236.3244750777457,50.920062972735565,305.0,52.34292542194587,11.416296032672067,10.0,0.9999999999999999,0.10000000000000003,68.0,0.36925055070370394,0.002005087782279239
2,0.0,5,360.4301664842572,560.0,70.24767444470031,14.021896479803576,1258.0,214.2135726167429,46.39030484950391,426.0,75.79941485188189,17.410465875369162,0.0,0.0,0.0,0.0,0.0,0.0
3,0.054,14,359.93045275447656,570.0,69.02456925919938,13.32202751418097,1377.0,233.9535126775036,50.70469604391141,329.0,55.221979328660986,11.417639300632253,14.0,1.4000000000000001,0.14000000000000007,75.0,0.4072616368055558,0.002211493877513866
4,0.054,6,359.78234018283115,579.0,68.32572262277881,13.56025653244448,1327.0,222.74335972078018,47.8316698176409,411.0,67.23890884569272,14.327017323511068,14.0,1.4000000000000001,0.14000000000000007,74.0,0.4018314816481484,0.002182007292480348
5,0.054,5,360.44683609605397,562.0,69.49779699796235,13.731843854594816,1412.0,240.19826854341753,51.050033052360085,286.0,48.97413070015891,10.941543638098482,11.0,1.0999999999999999,0.11000000000000004,73.0,0.396401326490741,0.0021525207074468296
6,0.054,14,360.4019062501007,577.0,66.7192486893006,12.148900426289527,1647.0,278.8573938831568,59.861462815829455,73.0,12.169250025810102,2.590323986207193,18.0,1.8000000000000005,0.1800000000000001,95.0,0.5158647399537041,0.0028012255781842293
7,0.054,10,360.6075398299847,566.0,70.14721059470658,14.328142745079866,1320.0,221.52349515033671,47.27230183538404,392.0,67.33570706042755,14.502100158752585,6.0,0.6,0.06000000000000001,74.0,0.4018314816481484,0.002182007292480348
