id,probability_maraud,successful_mating,next_foraging_time,foraging_events,foraging_hrs,foraging_sqhrs,staying_events,staying_hrs,staying_sqhrs,repairing_events,repairing_hrs,repairing_sqhrs,marauding_events,marauding_hrs,marauding_sqhrs,traveling_events,traveling_hrs,traveling_sqhrs
0,0.0,8,360.42816096763147,565.0,66.58748965489069,12.539684482289346,1327.0,227.00455950965335,49.07296872376942,393.0,66.44211745553153,14.464809501155425,0.0,0.0,0.0,0.0,0.0,0.0
1,0.054,7,360.35276453737725,570.0,70.64201936232669,13.95284055845572,1363.0,232.4707448748065,49.410807770191866,329.0,55.72790771209818,12.400980843012123,9.0,0.8999999999999999,0.09000000000000002,68.0,0.36925055070370394,0.002005087782279239
2,0.054,8,360.2848540219621,559.0,69.12436006505946,14.365881284545226,1307.0,219.8331912733302,47.59760045794009,421.0,69.86681347267995,14.547756475362668,9.0,0.8999999999999999,0.09000000000000002,78.0,0.42355210227777806,0.0022999536326144205
3,0.054,11,360.6391557362654,575.0,70.40077395861896,13.90413332982419,1373.0,232.09523538794807,50.09280352973855,317.0,55.37497375360592,12.035885291712557,17.0,1.7000000000000004,0.1700000000000001,86.0,0.46699334353703736,0.002535846312882566
4,0.054,13,359.81195754018074,572.0,69.20678659883379,14.153462428682284,1294.0,221.4931309626397,48.1411023100475,395.0,67.2786545896865,14.544826248311466,18.0,1.8000000000000005,0.1800000000000001,71.0,0.3855410161759262,0.0020935475373797933
5,0.054,12,360.2811554460122,574.0,72.46995886734392,14.559110460384625,1405.0,242.95462110173935,52.43526912639849,243.0,42.67742930226416,9.45901834744585,15.0,1.5000000000000002,0.15000000000000008,81.0,0.4398425677500003,0.002388413387714975
6,0.0,6,359.97228662334163,565.0,70.44902880349208,14.199536361228365,1241.0,210.03190097839752,45.2268049355302,477.0,79.59081952642414,16.874858537089228,0.0,0.0,0.0,0.0,0.0,0.0
7,0.054,7,359.99583346583887,563.0,68.86422274521333,14.153616568829364,1385.0,240.93992548690042,53.13219566062871,285.0,48.8175225122515,10.369924100468838,12.0,1.2,0.12000000000000005,71.0,0.3855410161759262,0.0020935475373797933
