id,probability_maraud,successful_mating,next_foraging_time,foraging_events,foraging_hrs,foraging_sqhrs,staying_events,staying_hrs,staying_sqhrs,repairing_events,repairing_hrs,repairing_sqhrs,marauding_events,marauding_hrs,marauding_sqhrs,traveling_events,traveling_hrs,traveling_sqhrs
0,0.054,9,360.66382178508934,556.0,71.77196138664246,16.039446102357527,1379.0,231.61860881012842,49.582171774692476,318.0,55.036484327903274,12.02278055621386,12.0,1.2,0.12000000000000005,98.0,0.5321552054259263,0.002889685333284784
1,0.0,13,360.11721818378453,561.0,70.2164352409013,14.890881589753192,1376.0,230.10595804976336,48.953502713467216,359.0,59.81353270870584,12.678866084650753,0.0,0.0,0.0,0.0,0.0,0.0
2,0.054,7,359.93993572845653,570.0,70.02082337065869,13.861121115056156,1425.0,239.72897976691488,51.1923579448718,297.0,48.90047965640179,10.229499668139818,10.0,0.9999999999999999,0.10000000000000003,84.0,0.45613303322222254,0.0024768731428155295
3,0.054,8,360.01145430041987,571.0,71.62102273958634,14.829929226732766,1322.0,225.63525272616275,48.351168811818944,359.0,61.068887343649926,12.886377130038259,14.0,1.4000000000000001,0.14000000000000007,92.0,0.49957427448148184,0.002712765823083675
4,0.054,7,360.8140918975838,563.0,72.11458441736654,15.468786343285675,1466.0,244.18290363098168,51.47303340191794,256.0,42.848408413478865,8.9229239208655,5.0,0.5,0.05000000000000001,88.0,0.4778536538518522,0.002594819482949602
5,0.054,4,360.6455220505548,564.0,71.48735883957359,14.757103343803132,1400.0,237.87121845724747,50.82394559306643,284.0,48.81369512949198,10.443184192964864,16.0,1.6000000000000003,0.1600000000000001,88.0,0.4778536538518522,0.002594819482949602
6,0.0,9,360.29258130209564,574.0,70.19300819438708,14.11108156259929,1404.0,236.28451270224775,50.06052756578339,334.0,53.6782357048649,10.908813555807189,0.0,0.0,0.0,0.0,0.0,0.0
7,0.054,15,360.05478368483307,557.0,70.21736333220953,14.35879234773726,1462.0,245.6736783992604,51.99747836757553,251.0,42.73193582758851,9.136809690613605,11.0,1.0999999999999999,0.11000000000000004,77.0,0.41812194712037065,0.0022704670475809023
