id,probability_maraud,successful_mating,next_foraging_time,foraging_events,foraging_hrs,foraging_sqhrs,staying_events,staying_hrs,staying_sqhrs,repairing_events,repairing_hrs,repairing_sqhrs,marauding_events,marauding_hrs,marauding_sqhrs,traveling_events,traveling_hrs,traveling_sqhrs
0,0.054,8,360.3584668708043,559.0,67.28646620356704,13.366603904499934,1533.0,259.8642738958016,55.89542959109067,171.0,30.44663286299542,6.649445676097642,20.0,2.0000000000000004,0.20000000000000012,94.0,0.5104345847962967,0.002771738993150711
1,0.0,6,360.23724628934195,560.0,71.25358292603775,15.37803609135155,1370.0,228.00571065193589,48.0575852752177,372.0,60.86531980331459,12.3685524252227,0.0,0.0,0.0,0.0,0.0,0.0
2,0.054,12,359.97752345718095,564.0,69.19373555396892,13.865357818050365,1428.0,246.54389598853794,53.19133537213068,255.0,42.57370376313159,9.225539682484094,13.0,1.3,0.13000000000000006,79.0,0.4289822574351855,0.0023294402176479386
3,0.054,11,360.50722007948366,565.0,70.1802905273762,14.477320314399034,1393.0,233.67213168182835,49.76725514808736,317.0,55.036704935450416,12.159443122251098,8.0,0.7999999999999999,0.08000000000000002,85.0,0.46156318837962995,0.0025063597278490476
4,0.0,9,359.9278474605026,569.0,65.60490585641541,12.772494262944642,1515.0,257.81673882368557,55.9864211440039,200.0,36.734121294743545,8.577799028550524,0.0,0.0,0.0,0.0,0.0,0.0
5,0.054,7,360.4897858323137,565.0,67.29322416792205,12.622849933063156,1286.0,217.813336353555,46.85647671683083,429.0,74.05530333109533,16.351906410737875,7.0,0.7,0.07,66.0,0.3583902403888891,0.0019461146122122025
6,0.054,9,360.85695623458605,553.0,72.49382563846308,15.849043790885318,1292.0,212.97210893186832,44.78905730156019,447.0,73.15371748972852,15.525838631964916,12.0,1.2,0.12000000000000005,67.0,0.3638203955462965,0.0019756011972457206
7,0.054,10,360.35737115894307,563.0,68.26285511393826,14.532492059371148,1527.0,260.41955767274925,55.06161357306774,169.0,30.48498580818751,6.880571210386039,6.0,0.6,0.06000000000000001,76.0,0.41269179196296324,0.002240980462547384
