id,probability_maraud,successful_mating,next_foraging_time,foraging_events,foraging_hrs,foraging_sqhrs,staying_events,staying_hrs,staying_sqhrs,repairing_events,repairing_hrs,repairing_sqhrs,marauding_events,marauding_hrs,marauding_sqhrs,traveling_events,traveling_hrs,traveling_sqhrs
0,0.0,17,360.0641840772842,568.0,68.22097590866566,12.851671877300603,429.0,72.48756091654681,15.677477939862317,1300.0,219.48341066152477,46.764603012629266,0.0,0.0,0.0,0.0,0.0,0.0
1,0.054,55,360.1502513583664,570.0,69.05279851531674,13.169357647968244,1701.0,289.93007708939257,62.30522386753804,0.0,0.0,0.0,6.0,0.6,0.06000000000000001,102.0,0.553875826055556,0.0030076316734188565
2,0.054,0,360.11083045318605,564.0,73.09710425620094,16.46466785616515,1702.0,285.8598873886467,61.293367031628975,0.0,0.0,0.0,5.0,0.5,0.05000000000000001,100.0,0.5430155157407411,0.00294865850335182
3,0.054,0,360.3426829328022,578.0,67.91436339159668,12.780775716128897,1722.0,291.1960626338864,62.37387782108799,0.0,0.0,0.0,7.0,0.7,0.07,93.0,0.5050044296388893,0.002742252408117193
4,0.0,0,359.88935687434616,572.0,71.1831577790337,14.562951201116691,1696.0,288.8382086244925,61.69740586375421,0.0,0.0,0.0,0.0,0.0,0.0,0.0,0.0,0.0
5,0.054,0,360.09280737231984,570.0,70.79305807248235,13.644220192744177,1737.0,288.1170094478785,60.90457968418487,0.0,0.0,0.0,6.0,0.6,0.06000000000000001,97.0,0.5267250502685189,0.0028601987482512656
6,0.054,0,360.5122052148666,562.0,71.14068683426288,15.401063501690738,1691.0,287.8857783656191,62.22061169837053,0.0,0.0,0.0,7.0,0.7,0.07,93.0,0.5050044296388893,0.002742252408117193
7,0.054,0,360.21858781059734,575.0,72.09628995769005,15.300246849091069,1663.0,286.94843793773265,62.60539172326408,0.0,0.0,0.0,5.0,0.5,0.05000000000000001,89.0,0.4832838090092596,0.0026243060679831203
