id,probability_maraud,successful_mating,next_foraging_time,foraging_events,foraging_hrs,foraging_sqhrs,staying_events,staying_hrs,staying_sqhrs,repairing_events,repairing_hrs,repairing_sqhrs,marauding_events,marauding_hrs,marauding_sqhrs,traveling_events,traveling_hrs,traveling_sqhrs
0,0.054,25,359.9230770760525,564.0,70.2482757940517,14.6397733225112,585.0,98.85778452558904,21.48437450284868,1163.0,190.07648726725427,40.21590607185208,7.0,0.7,0.07,37.0,0.20091574082407418,0.0010910036462401756
1,0.054,47,360.3886995579485,561.0,68.45633641356933,13.401972254537,1447.0,247.38099556789874,53.38508579267644,262.0,43.22665562522229,8.972566072515571,5.0,0.5,0.05000000000000001,88.0,0.4778536538518522,0.002594819482949602
2,0.054,0,360.08153104757145,559.0,71.57776851516135,15.202179331847805,1708.0,287.2700840714519,61.19874856068384,0.0,0.0,0.0,7.0,0.7,0.07,102.0,0.553875826055556,0.0030076316734188565
3,0.054,0,360.171076742899,555.0,69.35819709505733,16.552062264030006,1690.0,289.6845462801086,62.35497656445911,0.0,0.0,0.0,5.0,0.5,0.05000000000000001,92.0,0.49957427448148184,0.002712765823083675
4,0.0,0,360.60805863447257,578.0,70.50991179578217,13.846781067892165,1709.0,289.49820633404073,62.03347830784353,0.0,0.0,0.0,0.0,0.0,0.0,0.0,0.0,0.0
5,0.054,0,360.6366060441276,573.0,72.5434153575927,17.189807962473612,1725.0,286.32232840474416,60.654182195521805,0.0,0.0,0.0,7.0,0.7,0.07,91.0,0.4941441193240744,0.0026832792380501566
6,0.0,0,360.3454553764123,553.0,72.57254992477014,16.200567362482342,1708.0,287.51101029840584,61.684833482208596,0.0,0.0,0.0,0.0,0.0,0.0,0.0,0.0,0.0
7,0.054,0,360.1679645519721,581.0,73.62940293081354,16.100801840411034,1697.0,285.0728932104292,60.657419795354954,0.0,0.0,0.0,8.0,0.7999999999999999,0.08000000000000002,113.0,0.6136075327870375,0.0033319841087875563
