id,probability_maraud,successful_mating,next_foraging_time,foraging_events,foraging_hrs,foraging_sqhrs,staying_events,staying_hrs,staying_sqhrs,repairing_events,repairing_hrs,repairing_sqhrs,marauding_events,marauding_hrs,marauding_sqhrs,traveling_events,traveling_hrs,traveling_sqhrs
0,0.054,11,360.02024677825256,565.0,71.3762356508453,14.653249740241112,1471.0,255.81146476449285,55.57211596630289,188.0,30.437467707090825,6.204743558486859,21.0,2.1000000000000005,0.21000000000000013,99.0,0.5375853605833337,0.002919171918318302
1,0.054,8,360.5351406697231,576.0,69.73845501262122,14.708186210541216,1249.0,208.67265251175394,44.00232824671564,469.0,79.83278615719044,16.9350721131261,13.0,1.3,0.13000000000000006,85.0,0.46156318837962995,0.0025063597278490476
2,0.054,9,360.01309023297,563.0,69.41559525583139,13.89902374708886,1328.0,221.98193821314985,46.86409637808513,410.0,67.25758435973293,13.918793002501006,11.0,1.0999999999999999,0.11000000000000004,71.0,0.3855410161759262,0.0020935475373797933
3,0.054,9,360.1223712150687,561.0,69.98870747522392,14.160691256026157,1383.0,233.61545159538747,49.476787297922456,323.0,54.84906581900675,11.826880318698503,13.0,1.3,0.13000000000000006,71.0,0.3855410161759262,0.0020935475373797933
4,0.054,7,360.54607246337827,569.0,70.36007098386902,14.5750712045057,1405.0,238.9701229439196,52.03558375550212,299.0,49.08571210307448,10.413925485920103,13.0,1.3,0.13000000000000006,87.0,0.4724234986944448,0.002565332897916084
5,0.054,7,360.10672573887086,561.0,71.2666625510619,15.149615923812062,1295.0,220.62293507710007,47.53494505000403,400.0,67.07445539425889,13.991236409655178,8.0,0.7999999999999999,0.08000000000000002,70.0,0.38011086101851876,0.002064060952346275
6,0.0,11,360.5075616170085,554.0,71.89120213036755,15.77041168622816,1254.0,216.2842193988351,47.04395994304046,423.0,71.95780708261078,15.246621932333742,0.0,0.0,0.0,0.0,0.0,0.0
7,0.0,10,360.24612900643456,573.0,70.50774844339017,14.577620437314662,1386.0,234.88692183102108,50.521756552028435,346.0,54.74923514046319,11.254933395884466,0.0,0.0,0.0,0.0,0.0,0.0
