id,probability_maraud,successful_mating,next_foraging_time,foraging_events,foraging_hrs,foraging_sqhrs,staying_events,staying_hrs,staying_sqhrs,repairing_events,repairing_hrs,repairing_sqhrs,marauding_events,marauding_hrs,marauding_sqhrs,traveling_events,traveling_hrs,traveling_sqhrs
0,0.0,5,360.05105581800257,566.0,69.93028651300905,14.559224073394866,1312.0,222.7494258562973,48.00973597983638,405.0,67.54774422073638,14.268922519714401,0.0,0.0,0.0,0.0,0.0,0.0
1,0.0,7,360.78132148884134,570.0,74.05231930843081,15.696856898403466,1289.0,219.31413702745874,47.07807826369384,390.0,66.85778041313858,14.615335027098562,0.0,0.0,0.0,0.0,0.0,0.0
2,0.054,10,360.0631524396322,565.0,73.36935395769709,15.908431492680938,1479.0,248.2065253518529,53.41605954800243,219.0,36.5560604365798,7.485041959357314,14.0,1.4000000000000001,0.14000000000000007,90.0,0.488713964166667,0.0026537926530166385
3,0.054,10,360.38016322216833,553.0,72.81289868878206,15.760817662236134,1244.0,212.20693515021605,45.70969325631532,428.0,73.65258685522785,15.970348538282073,10.0,0.9999999999999999,0.10000000000000003,69.0,0.37468070586111135,0.002034574367312757
4,0.054,11,360.38094613362836,565.0,68.954727295772,13.443718820579601,1340.0,228.6218656270476,48.59026914448498,348.0,61.440805267634865,13.63641946704847,7.0,0.7,0.07,70.0,0.38011086101851876,0.002064060952346275
5,0.054,5,359.9200898247632,558.0,67.59775122211573,14.003557516712522,1450.0,241.92768199942623,51.336476433041874,291.0,48.87091162859025,10.529277805349794,13.0,1.3,0.13000000000000006,76.0,0.41269179196296324,0.002240980462547384
6,0.054,9,360.0866886642395,567.0,75.76801538008284,17.49946809437867,1405.0,233.57368718061434,49.46201411958903,272.0,48.97195940956221,10.99380472560156,14.0,1.4000000000000001,0.14000000000000007,74.0,0.4018314816481484,0.002182007292480348
7,0.054,15,360.2162869129295,579.0,72.23553202552901,14.655213324429887,1253.0,213.54916349641823,46.33320306431751,419.0,71.91715700751384,15.434521936904913,20.0,2.0000000000000004,0.20000000000000012,86.0,0.46699334353703736,0.002535846312882566
