id,probability_maraud,successful_mating,next_foraging_time,foraging_events,foraging_hrs,foraging_sqhrs,staying_events,staying_hrs,staying_sqhrs,repairing_events,repairing_hrs,repairing_sqhrs,marauding_events,marauding_hrs,marauding_sqhrs,traveling_events,traveling_hrs,traveling_sqhrs
0,0.0,19,360.79542452846766,565.0,70.51908689011987,14.39293415909825,508.0,86.95213064645972,18.841055649500714,1169.0,202.67914169343678,44.11177914175878,0.0,0.0,0.0,0.0,0.0,0.0
1,0.054,53,360.28388596244616,589.0,72.91543266523271,14.899624248468983,1741.0,286.03767528311823,59.29285967229884,0.0,0.0,0.0,5.0,0.5,0.05000000000000001,115.0,0.6244678431018523,0.0033909572788545926
2,0.054,0,360.0303782041403,580.0,68.90038894060679,13.885442041788464,1698.0,290.17256533738214,62.63998823751911,0.0,0.0,0.0,4.0,0.4,0.04000000000000001,118.0,0.6407583085740746,0.003479417033955147
3,0.054,0,360.14012785535965,554.0,73.74868452356084,16.94231981416497,1689.0,285.19088447917153,60.72312566925673,0.0,0.0,0.0,5.0,0.5,0.05000000000000001,109.0,0.5918869121574079,0.0032140377686534836
4,0.0,0,359.8462807383427,567.0,72.62952782276727,17.100301710599332,1706.0,287.46016900631327,61.095089781650735,0.0,0.0,0.0,0.0,0.0,0.0,0.0,0.0,0.0
5,0.054,0,359.97507924895746,566.0,68.75039960899338,14.288228327610373,1723.0,290.0618964102573,61.867776065742106,0.0,0.0,0.0,8.0,0.7999999999999999,0.08000000000000002,99.0,0.5375853605833337,0.002919171918318302
6,0.054,0,360.11682227995675,555.0,70.14782853441855,14.918400717961736,1720.0,288.73802949460435,61.02405120891548,0.0,0.0,0.0,7.0,0.7,0.07,105.0,0.5701662915277782,0.003096091428519411
7,0.054,0,359.9286644958439,571.0,66.97598313853777,12.532409144806381,1736.0,291.9886344603572,62.14589602408375,0.0,0.0,0.0,5.0,0.5,0.05000000000000001,102.0,0.553875826055556,0.0030076316734188565
