id,probability_maraud,successful_mating,next_foraging_time,foraging_events,foraging_hrs,foraging_sqhrs,staying_events,staying_hrs,staying_sqhrs,repairing_events,repairing_hrs,repairing_sqhrs,marauding_events,marauding_hrs,marauding_sqhrs,traveling_events,traveling_hrs,traveling_sqhrs
0,0.054,16,360.03212682177053,559.0,70.14053503935617,15.523748926357383,526.0,88.70656345099297,18.718826259898023,1194.0,200.530165270235,42.87316838390334,5.0,0.5,0.05000000000000001,33.0,0.17919512019444453,0.000973057306106103
1,0.054,56,360.4479371164749,554.0,72.6241730760857,15.396849549799285,1510.0,256.024701523104,54.675756090054676,182.0,30.484373747914905,6.728414040035824,7.0,0.7,0.07,88.0,0.4778536538518522,0.002594819482949602
2,0.054,0,360.275888399454,557.0,72.89720626836439,15.543320741056059,1719.0,285.62731464353527,60.67480301057077,0.0,0.0,0.0,10.0,0.9999999999999999,0.10000000000000003,98.0,0.5321552054259263,0.002889685333284784
3,0.054,0,360.4389619407438,567.0,70.52484286227964,14.625043945902519,1730.0,288.19875870975295,60.82446401695714,0.0,0.0,0.0,8.0,0.7999999999999999,0.08000000000000002,106.0,0.5755964466851856,0.003125578013552929
4,0.054,0,360.3844523001071,563.0,73.30514154013576,16.12375603115207,1699.0,285.8799025283923,61.102793074558214,0.0,0.0,0.0,4.0,0.4,0.04000000000000001,90.0,0.488713964166667,0.0026537926530166385
5,0.054,0,360.5589590645511,565.0,73.81592101169504,15.766932295293858,1686.0,285.51118467419593,61.26094616195781,0.0,0.0,0.0,4.0,0.4,0.04000000000000001,100.0,0.5430155157407411,0.00294865850335182
6,0.0,0,360.4935762418352,568.0,72.92295936927006,16.108748521664964,1685.0,287.34468133572227,61.50679439638265,0.0,0.0,0.0,0.0,0.0,0.0,0.0,0.0,0.0
7,0.0,0,360.63132947971917,560.0,70.67403506944629,14.846341005633656,1728.0,289.4479053808895,61.430527565447065,0.0,0.0,0.0,0.0,0.0,0.0,0.0,0.0,0.0
