id,probability_maraud,successful_mating,next_foraging_time,foraging_events,foraging_hrs,foraging_sqhrs,staying_events,staying_hrs,staying_sqhrs,repairing_events,repairing_hrs,repairing_sqhrs,marauding_events,marauding_hrs,marauding_sqhrs,traveling_events,traveling_hrs,traveling_sqhrs
0,0.0,17,360.1324266120437,568.0,67.62175571700759,13.624090593677296,558.0,95.76763292466869,20.791566289016288,1183.0,196.76553936571653,41.2380264703114,0.0,0.0,0.0,0.0,0.0,0.0
1,0.054,55,360.2181888108574,559.0,70.9088303166069,14.833209249007409,1744.0,287.6569816711571,60.251062569562265,0.0,0.0,0.0,8.0,0.7999999999999999,0.08000000000000002,117.0,0.6353281534166672,0.003449930448921629
2,0.054,0,360.0462424479444,574.0,68.3525380379178,13.212031699807723,1715.0,290.31443622257785,62.53333874460762,0.0,0.0,0.0,8.0,0.7999999999999999,0.08000000000000002,112.0,0.6081773776296301,0.003302497523754038
3,0.054,0,359.9834776346235,560.0,68.28216279416952,13.669662387487111,1699.0,291.06824577719345,62.76005164909229,0.0,0.0,0.0,2.0,0.2,0.020000000000000004,103.0,0.5593059812129634,0.0030371182584523746
4,0.054,0,360.0401864574677,576.0,70.46759947719632,15.220963055296396,1739.0,288.2574984958852,61.52412058591977,0.0,0.0,0.0,8.0,0.7999999999999999,0.08000000000000002,109.0,0.5918869121574079,0.0032140377686534836
5,0.054,0,360.1492418376347,574.0,70.99299178446054,14.63877519666918,1701.0,288.5151235857161,61.84014072715089,0.0,0.0,0.0,3.0,0.30000000000000004,0.030000000000000006,94.0,0.5104345847962967,0.002771738993150711
6,0.0,0,360.3465141402625,570.0,71.72039614382086,15.540326504537525,1695.0,288.3007000784311,62.64493365297412,0.0,0.0,0.0,0.0,0.0,0.0,0.0,0.0,0.0
7,0.054,0,360.29463593603106,570.0,65.25298084940059,12.401446390937416,1745.0,293.92722693626735,62.755455545464585,0.0,0.0,0.0,4.0,0.4,0.04000000000000001,97.0,0.5267250502685189,0.0028601987482512656
