id,probability_maraud,successful_mating,next_foraging_time,foraging_events,foraging_hrs,foraging_sqhrs,staying_events,staying_hrs,staying_sqhrs,repairing_events,repairing_hrs,repairing_sqhrs,marauding_events,marauding_hrs,marauding_sqhrs,traveling_events,traveling_hrs,traveling_sqhrs
0,0.054,7,360.6942495332434,565.0,72.7320041382225,14.592243792639998,1323.0,223.87977602393997,48.319408690187636,356.0,61.190761827311434,13.124804139721716,18.0,1.8000000000000005,0.1800000000000001,80.0,0.4344124125925929,0.002358926802681457
1,0.054,8,359.9858054844738,572.0,70.28657333026996,14.218095456717764,1136.0,189.88677678606595,39.881889263466995,591.0,98.70822592247909,21.05021044549058,9.0,0.8999999999999999,0.09000000000000002,62.0,0.33666961975925946,0.0018281682720781298
2,0.054,8,360.3192648057314,553.0,68.80727814955566,15.151563899854663,1441.0,247.05124575558978,54.11164421189596,266.0,42.770310938142366,8.8049002420283,12.0,1.2,0.12000000000000005,76.0,0.41269179196296324,0.002240980462547384
3,0.0,7,360.02748210243243,565.0,70.60029643544304,14.325890381020994,1141.0,192.17300141709785,40.7421541127554,574.0,97.35990110933052,20.99344619363347,0.0,0.0,0.0,0.0,0.0,0.0
4,0.054,6,359.9524563868794,559.0,69.96087195144375,15.644083827349691,1410.0,233.47325729713555,49.58498184425236,329.0,54.920478749990444,11.361898149624416,12.0,1.2,0.12000000000000005,95.0,0.5158647399537041,0.0028012255781842293
5,0.0,11,360.41230491307977,563.0,70.09768435446767,14.474916865387955,1366.0,228.0568515000465,48.17040010753545,356.0,61.89475601057617,13.691604912030462,0.0,0.0,0.0,0.0,0.0,0.0
6,0.054,13,360.14366579761383,568.0,69.84745845257396,14.173894960813934,1496.0,257.63806449349323,55.835495958987316,175.0,30.613663119141755,6.663777218272297,16.0,1.6000000000000003,0.1600000000000001,83.0,0.4507028780648151,0.0024473865577820113
7,0.054,12,360.5541618824919,569.0,67.80084583513909,13.071578001512439,1417.0,246.98794772741618,53.834140904527274,281.0,43.36826198177074,8.57509033144331,15.0,1.5000000000000002,0.15000000000000008,74.0,0.4018314816481484,0.002182007292480348
