id,probability_maraud,successful_mating,next_foraging_time,foraging_events,foraging_hrs,foraging_sqhrs,staying_events,staying_hrs,staying_sqhrs,repairing_events,repairing_hrs,repairing_sqhrs,marauding_events,marauding_hrs,marauding_sqhrs,traveling_events,traveling_hrs,traveling_sqhrs
0,0.054,12,360.3084756274946,563.0,70.77560547512682,14.971313516057139,496.0,87.74235333304836,19.601144252867876,1204.0,201.12785377687737,42.38792716742935,3.0,0.30000000000000004,0.030000000000000006,28.0,0.15204434440740747,0.0008256243809385116
1,0.0,60,360.01444828594714,562.0,72.21789771087427,15.302899370664406,1553.0,269.42872204431353,58.88688020683588,117.0,18.427398187751177,3.8464856896439463,0.0,0.0,0.0,0.0,0.0,0.0
2,0.054,0,359.9529505674061,584.0,73.46806929153165,16.294293472593672,1692.0,285.61856604610745,60.99374028987497,0.0,0.0,0.0,4.0,0.4,0.04000000000000001,103.0,0.5593059812129634,0.0030371182584523746
3,0.054,0,360.063825523077,564.0,72.76985865958726,14.976583925475932,1682.0,285.9762352271295,61.72974961215699,0.0,0.0,0.0,8.0,0.7999999999999999,0.08000000000000002,93.0,0.5050044296388893,0.002742252408117193
4,0.054,0,360.1777023598886,560.0,75.45498106907878,17.725538404696294,1685.0,283.3405889285537,61.06090966740361,0.0,0.0,0.0,8.0,0.7999999999999999,0.08000000000000002,97.0,0.5267250502685189,0.0028601987482512656
5,0.054,0,360.1297270968438,559.0,71.65187050505251,15.344261895943099,1679.0,287.0398123776903,61.15563153152158,0.0,0.0,0.0,9.0,0.8999999999999999,0.09000000000000002,86.0,0.46699334353703736,0.002535846312882566
6,0.0,0,360.14859620632956,552.0,71.56028836147239,15.644879151467514,1716.0,288.5485825908063,61.45523758881329,0.0,0.0,0.0,0.0,0.0,0.0,0.0,0.0,0.0
7,0.054,0,360.04337208230424,576.0,71.20713584023979,14.411002695944518,1678.0,287.9880047605933,62.56648723368446,0.0,0.0,0.0,4.0,0.4,0.04000000000000001,92.0,0.49957427448148184,0.002712765823083675
