id,probability_maraud,successful_mating,next_foraging_time,foraging_events,foraging_hrs,foraging_sqhrs,staying_events,staying_hrs,staying_sqhrs,repairing_events,repairing_hrs,repairing_sqhrs,marauding_events,marauding_hrs,marauding_sqhrs,traveling_events,traveling_hrs,traveling_sqhrs
0,0.054,28,360.20505764210714,564.0,68.89924484324524,14.133055660703704,750.0,126.62368582016184,26.956926920363056,957.0,164.0120506939369,35.78563046090433,6.0,0.6,0.06000000000000001,36.0,0.19548558566666677,0.0010615170612066575
1,0.054,44,360.14712515304586,571.0,70.84855136394525,13.516891562594367,1483.0,252.18232575892972,54.26228262842068,232.0,36.61379448661513,7.432979909091205,1.0,0.1,0.010000000000000002,85.0,0.46156318837962995,0.0025063597278490476
2,0.054,0,360.45333046214046,580.0,71.53657639778444,15.249160875104343,1704.0,287.6450471463206,61.87666317860523,0.0,0.0,0.0,4.0,0.4,0.04000000000000001,93.0,0.5050044296388893,0.002742252408117193
3,0.054,0,359.86729600987655,564.0,71.43700258563577,14.816015004029376,1693.0,287.63723833661896,62.288103970755714,0.0,0.0,0.0,6.0,0.6,0.06000000000000001,84.0,0.45613303322222254,0.0024768731428155295
4,0.054,0,360.48861774207694,566.0,70.58618997152284,14.404786458364358,1691.0,288.33038069696875,62.395387651504954,0.0,0.0,0.0,7.0,0.7,0.07,89.0,0.4832838090092596,0.0026243060679831203
5,0.054,0,360.5329619322478,555.0,72.62417482547285,16.211022217086473,1684.0,286.11664242417277,61.55093642833785,0.0,0.0,0.0,9.0,0.8999999999999999,0.09000000000000002,101.0,0.5484456708981486,0.0029781450883853383
6,0.0,0,360.0402034387308,562.0,72.57795394657842,14.879974598718205,1673.0,287.61220766584944,62.04117641373985,0.0,0.0,0.0,0.0,0.0,0.0,0.0,0.0,0.0
7,0.0,0,360.4730595640737,567.0,70.76704287732994,15.321214019922555,1706.0,289.3324933853417,62.1824481322643,0.0,0.0,0.0,0.0,0.0,0.0,0.0,0.0,0.0
