id,probability_maraud,successful_mating,next_foraging_time,foraging_events,foraging_hrs,foraging_sqhrs,staying_events,staying_hrs,staying_sqhrs,repairing_events,repairing_hrs,repairing_sqhrs,marauding_events,marauding_hrs,marauding_sqhrs,traveling_events,traveling_hrs,traveling_sqhrs
0,0.054,15,360.7775723138564,562.0,69.9251715664631,14.300836582863203,554.0,93.50840464107394,19.70394122615872,1158.0,196.05187827454796,41.736864604138496,5.0,0.5,0.05000000000000001,34.0,0.18462527535185194,0.0010025438911396211
1,0.054,57,360.33043504426325,555.0,73.53520257597035,15.86542472822597,1545.0,255.09444552229303,53.653136048374,178.0,30.42053208567025,6.610123305453533,6.0,0.6,0.06000000000000001,95.0,0.5158647399537041,0.0028012255781842293
2,0.0,0,360.2236096859683,566.0,71.88642060123551,15.291901080117995,1718.0,288.2760792776485,61.33877125595414,0.0,0.0,0.0,0.0,0.0,0.0,0.0,0.0,0.0
3,0.054,0,360.21569546131525,566.0,66.86949306143157,12.575432330754989,1753.0,292.1217431092587,62.401258363218915,0.0,0.0,0.0,6.0,0.6,0.06000000000000001,94.0,0.5104345847962967,0.002771738993150711
4,0.054,0,360.37582080336983,559.0,68.49598967775447,14.020713998370303,1683.0,290.4099755903251,63.14429894776788,0.0,0.0,0.0,6.0,0.6,0.06000000000000001,111.0,0.6027472224722227,0.00327301093872052
5,0.054,0,360.162387161957,563.0,69.9948077527155,14.859414943625628,1696.0,289.1167206276302,61.92378424049672,0.0,0.0,0.0,5.0,0.5,0.05000000000000001,83.0,0.4507028780648151,0.0024473865577820113
6,0.054,0,360.1072878345494,582.0,71.93214222941097,15.701132361892192,1725.0,286.6614275662356,60.69316786665111,0.0,0.0,0.0,10.0,0.9999999999999999,0.10000000000000003,99.0,0.5375853605833337,0.002919171918318302
7,0.0,0,360.0921557786581,572.0,70.23677260941436,15.384770922733193,1718.0,289.77570062938975,61.94424567842124,0.0,0.0,0.0,0.0,0.0,0.0,0.0,0.0,0.0
