id,probability_maraud,successful_mating,next_foraging_time,foraging_events,foraging_hrs,foraging_sqhrs,staying_events,staying_hrs,staying_sqhrs,repairing_events,repairing_hrs,repairing_sqhrs,marauding_events,marauding_hrs,marauding_sqhrs,traveling_events,traveling_hrs,traveling_sqhrs
0,0.054,11,360.0443427101998,563.0,69.97373433850215,15.317018312403032,1444.0,241.74861391573194,51.56726910008427,270.0,46.11927094450722,9.865576974110185,17.0,1.7000000000000004,0.1700000000000001,88.0,0.4778536538518522,0.002594819482949602
1,0.054,10,360.6185966370398,569.0,70.27429797561749,14.78572638891852,1337.0,221.40807981370338,46.8501037914006,388.0,67.06417165708261,14.555719351538837,10.0,0.9999999999999999,0.10000000000000003,78.0,0.42355210227777806,0.0022999536326144205
2,0.054,6,360.0016087378116,551.0,70.66946558184321,15.63054521546329,1529.0,262.6587764759476,56.74254928410319,137.0,24.40891484696891,5.6931629698126915,18.0,1.8000000000000005,0.1800000000000001,88.0,0.4778536538518522,0.002594819482949602
3,0.054,12,360.31187897768825,567.0,69.41515872671827,13.907328503416096,1317.0,222.9265617215906,47.91235610608132,398.0,66.89125690570353,14.515418200185703,7.0,0.7,0.07,57.0,0.3095188439722224,0.001680735346910539
4,0.054,15,360.25567475022757,569.0,71.67852353025577,15.1013807352521,1452.0,243.65044939333492,51.2475718123583,244.0,43.219939469401616,9.441249659873284,12.0,1.2,0.12000000000000005,68.0,0.36925055070370394,0.002005087782279239
5,0.0,8,360.2611476522529,553.0,72.5214975345107,15.730263346602797,1359.0,226.79372935772628,48.52274309956101,357.0,60.80082885048029,13.231972769687166,0.0,0.0,0.0,0.0,0.0,0.0
6,0.0,6,359.917401932992,557.0,70.05097436702052,14.091542589700909,1383.0,235.52806454360342,50.104074551081155,321.0,54.543922650671306,11.926116687307246,0.0,0.0,0.0,0.0,0.0,0.0
7,0.054,4,359.97068668538566,571.0,69.91907670808187,14.30954683064646,1244.0,210.11337858124395,45.21141031761024,451.0,78.79274556038696,17.107288142499833,10.0,0.9999999999999999,0.10000000000000003,48.0,0.2606474475555557,0.0014153560816088755
