id,probability_maraud,successful_mating,next_foraging_time,foraging_events,foraging_hrs,foraging_sqhrs,staying_events,staying_hrs,staying_sqhrs,repairing_events,repairing_hrs,repairing_sqhrs,marauding_events,marauding_hrs,marauding_sqhrs,traveling_events,traveling_hrs,traveling_sqhrs
0,0.054,26,360.17562221061667,562.0,71.4179920650222,15.456407780087318,611.0,104.86044333035127,22.69574086491739,1073.0,183.4087456351414,39.927242607136236,5.0,0.5,0.05000000000000001,29.0,0.15747449956481488,0.0008551109659720299
1,0.054,46,360.2337987972131,563.0,69.63696702681288,14.156851263200021,1516.0,259.05159570783064,56.18918618335187,185.0,30.499031258200432,6.227324545962818,4.0,0.4,0.04000000000000001,79.0,0.4289822574351855,0.0023294402176479386
2,0.0,0,360.2391140159309,568.0,70.09049787449571,13.620470096315536,1741.0,290.1905837589251,61.19543820926342,0.0,0.0,0.0,0.0,0.0,0.0,0.0,0.0,0.0
3,0.054,0,360.01241442720215,565.0,69.30552315256895,14.506007000231985,1730.0,289.9465921411943,61.48597086698806,0.0,0.0,0.0,3.0,0.30000000000000004,0.030000000000000006,102.0,0.553875826055556,0.0030076316734188565
4,0.054,0,360.00133244318164,564.0,71.81569981165681,15.011579200071004,1671.0,287.1212503302041,62.27281961685667,0.0,0.0,0.0,7.0,0.7,0.07,91.0,0.4941441193240744,0.0026832792380501566
5,0.0,0,359.98570535605586,560.0,69.45303701579046,14.196324319260118,1749.0,290.5937991621797,61.88261582052604,0.0,0.0,0.0,0.0,0.0,0.0,0.0,0.0,0.0
6,0.054,0,360.18244417151715,565.0,69.36570572429031,14.76423817531803,1716.0,289.4479091916244,61.97308750591718,0.0,0.0,0.0,7.0,0.7,0.07,97.0,0.5267250502685189,0.0028601987482512656
7,0.054,0,360.0506557114742,571.0,74.48547311216052,16.179595151040154,1661.0,284.2311201489916,60.84494849897669,0.0,0.0,0.0,9.0,0.8999999999999999,0.09000000000000002,86.0,0.46699334353703736,0.002535846312882566
