id,probability_maraud,successful_mating,next_foraging_time,foraging_events,foraging_hrs,foraging_sqhrs,staying_events,staying_hrs,staying_sqhrs,repairing_events,repairing_hrs,repairing_sqhrs,marauding_events,marauding_hrs,marauding_sqhrs,traveling_events,traveling_hrs,traveling_sqhrs
0,0.054,15,360.0756995722914,562.0,68.92600032670984,14.974183901855671,591.0,99.53655222450178,20.792516743616858,1153.0,190.84392540317492,40.41001827431593,6.0,0.6,0.06000000000000001,32.0,0.17376496503703712,0.0009435707210725847
1,0.0,56,360.46593297947004,564.0,70.12632598388943,15.457201727660827,1488.0,253.3365090520688,54.18595991661224,228.0,36.56537564396138,7.590112530289479,0.0,0.0,0.0,0.0,0.0,0.0
2,0.054,0,360.02781772541306,559.0,69.1457612684766,15.502698749722267,1685.0,289.6033459039911,62.28973884840049,0.0,0.0,0.0,8.0,0.7999999999999999,0.08000000000000002,103.0,0.5593059812129634,0.0030371182584523746
3,0.054,0,360.0858374190184,564.0,66.90916721842487,12.842072848477105,1710.0,292.2017185777324,64.04217859075898,0.0,0.0,0.0,4.0,0.4,0.04000000000000001,94.0,0.5104345847962967,0.002771738993150711
4,0.054,0,360.2781145858848,557.0,71.60350950797466,14.77038238430483,1697.0,287.7784819048985,61.623343163187904,0.0,0.0,0.0,4.0,0.4,0.04000000000000001,87.0,0.4724234986944448,0.002565332897916084
5,0.0,0,360.3826443645622,573.0,69.23122545895518,13.879942996544536,1762.0,290.77376259094746,61.634304700015626,0.0,0.0,0.0,0.0,0.0,0.0,0.0,0.0,0.0
6,0.054,0,360.3795900316042,566.0,70.87352496763953,14.681911906899664,1725.0,287.8385316647894,61.19990241428742,0.0,0.0,0.0,10.0,0.9999999999999999,0.10000000000000003,79.0,0.4289822574351855,0.0023294402176479386
7,0.054,0,360.1010546267379,575.0,76.53899571476789,17.618765733645294,1686.0,282.31104080640443,59.38679037184488,0.0,0.0,0.0,6.0,0.6,0.06000000000000001,105.0,0.5701662915277782,0.003096091428519411
