id,probability_maraud,successful_mating,next_foraging_time,foraging_events,foraging_hrs,foraging_sqhrs,staying_events,staying_hrs,staying_sqhrs,repairing_events,repairing_hrs,repairing_sqhrs,marauding_events,marauding_hrs,marauding_sqhrs,traveling_events,traveling_hrs,traveling_sqhrs
0,0.0,8,359.8601985657702,561.0,70.92070345009103,15.344960092852064,1553.0,258.13043362259015,54.32486653033414,176.0,30.987851977457982,6.661402775483361,0.0,0.0,0.0,0.0,0.0,0.0
1,0.018,10,359.989204641086,568.0,74.03067937037926,16.185919355095347,1695.0,285.4035838186963,60.38532227865414,0.0,0.0,0.0,5.0,0.5,0.05000000000000001,38.0,0.2063458959814816,0.0011204902312736938
