id,probability_maraud,successful_mating,next_foraging_time,foraging_events,foraging_hrs,foraging_sqhrs,staying_events,staying_hrs,staying_sqhrs,repairing_events,repairing_hrs,repairing_sqhrs,marauding_events,marauding_hrs,marauding_sqhrs,traveling_events,traveling_hrs,traveling_sqhrs
0,0.0,3,359.93393501072967,553.0,72.16536721543758,16.156209947260884,1372.0,232.64759981517878,50.0769619954546,317.0,55.20029364496791,12.002641467421393,0.0,0.0,0.0,0.0,0.0,0.0
1,0.018,15,360.3891058930022,559.0,71.60470935757438,15.031138074621637,1702.0,287.4879640956631,61.786095922791,0.0,0.0,0.0,9.0,0.8999999999999999,0.09000000000000002,25.0,0.13575387893518523,0.0007371646258379568
