id,probability_maraud,successful_mating,next_foraging_time,foraging_events,foraging_hrs,foraging_sqhrs,staying_events,staying_hrs,staying_sqhrs,repairing_events,repairing_hrs,repairing_sqhrs,marauding_events,marauding_hrs,marauding_sqhrs,traveling_events,traveling_hrs,traveling_sqhrs
0,0.0,8,359.9625409144125,565.0,71.36479993771007,15.061258226278104,1530.0,257.66124915025756,54.74822337900215,180.0,31.026773327505026,6.861589635120572,0.0,0.0,0.0,0.0,0.0,0.0
1,0.018,9,360.8150841526383,572.0,70.12300796940754,13.605335938808619,1724.0,289.5732688915674,62.24818965816673,0.0,0.0,0.0,5.0,0.5,0.05000000000000001,29.0,0.15747449956481488,0.0008551109659720299
