id,probability_maraud,successful_mating,next_foraging_time,foraging_events,foraging_hrs,foraging_sqhrs,staying_events,staying_hrs,staying_sqhrs,repairing_events,repairing_hrs,repairing_sqhrs,marauding_events,marauding_hrs,marauding_sqhrs,traveling_events,traveling_hrs,traveling_sqhrs
0,0.0,9,360.11148013054776,554.0,70.07928682396346,14.716864465430888,1536.0,265.4574111522621,58.26282929782317,152.0,24.562001202575914,5.102899857741169,0.0,0.0,0.0,0.0,0.0,0.0
1,0.018,9,360.06579923536293,551.0,71.22179877610546,16.11096913159892,1701.0,288.41449779515693,61.51034416827158,0.0,0.0,0.0,4.0,0.4,0.04000000000000001,27.0,0.14661418925000005,0.0007961377959049933
