id,probability_maraud,successful_mating,next_foraging_time,foraging_events,foraging_hrs,foraging_sqhrs,staying_events,staying_hrs,staying_sqhrs,repairing_events,repairing_hrs,repairing_sqhrs,marauding_events,marauding_hrs,marauding_sqhrs,traveling_events,traveling_hrs,traveling_sqhrs
0,0.0,10,360.5901517874628,560.0,71.02035994080592,14.701400317465401,1616.0,270.87968806403444,57.67961927109303,102.0,18.160970087838805,4.142954451296974,0.0,0.0,0.0,0.0,0.0,0.0
1,0.018,8,360.4442941499936,552.0,71.28077430854502,15.914983320460754,1708.0,288.5240111710084,62.73153417109257,0.0,0.0,0.0,3.0,0.30000000000000004,0.030000000000000006,20.0,0.10860310314814818,0.0005897317006703654
