id,probability_maraud,successful_mating,next_foraging_time,foraging_events,foraging_hrs,foraging_sqhrs,staying_events,staying_hrs,staying_sqhrs,repairing_events,repairing_hrs,repairing_sqhrs,marauding_events,marauding_hrs,marauding_sqhrs,traveling_events,traveling_hrs,traveling_sqhrs
0,0.0,9,360.33792327054044,565.0,70.56241350550674,14.064449655271993,1557.0,258.9857581806857,54.8588782878013,164.0,30.574313981638724,7.033965909296734,0.0,0.0,0.0,0.0,0.0,0.0
1,0.018,9,360.4323850133908,561.0,70.58990961191033,14.436819632289145,1715.0,288.78575362669915,62.06069197156554,0.0,0.0,0.0,5.0,0.5,0.05000000000000001,31.0,0.1683348098796297,0.0009140841360390664
