id,probability_maraud,successful_mating,next_foraging_time,foraging_events,foraging_hrs,foraging_sqhrs,staying_events,staying_hrs,staying_sqhrs,repairing_events,repairing_hrs,repairing_sqhrs,marauding_events,marauding_hrs,marauding_sqhrs,traveling_events,traveling_hrs,traveling_sqhrs
0,0.0,5,360.23976530173644,579.0,71.0013305978239,15.169291500468331,1555.0,264.78200348866125,56.20600274065216,135.0,24.43080408843377,5.193605926282336,0.0,0.0,0.0,0.0,0.0,0.0
1,0.018,13,360.67019221732664,561.0,68.45944431185633,13.607674318898793,1739.0,291.15822065594625,61.28684737041694,0.0,0.0,0.0,4.0,0.4,0.04000000000000001,32.0,0.17376496503703712,0.0009435707210725847
