id,probability_maraud,successful_mating,next_foraging_time,foraging_events,foraging_hrs,foraging_sqhrs,staying_events,staying_hrs,staying_sqhrs,repairing_events,repairing_hrs,repairing_sqhrs,marauding_events,marauding_hrs,marauding_sqhrs,traveling_events,traveling_hrs,traveling_sqhrs
0,0.0,5,360.0964852206468,580.0,70.54715033483879,13.55375029629481,1367.0,228.3562124015011,48.709654156943074,361.0,61.161576315473575,12.720700130850311,0.0,0.0,0.0,0.0,0.0,0.0
1,0.018,13,360.0562373531787,568.0,66.80694630439662,12.993663534426926,1724.0,292.0514741048174,62.789234445558,0.0,0.0,0.0,10.0,0.9999999999999999,0.10000000000000003,32.0,0.17376496503703712,0.0009435707210725847
