id,probability_maraud,successful_mating,next_foraging_time,foraging_events,foraging_hrs,foraging_sqhrs,staying_events,staying_hrs,staying_sqhrs,repairing_events,repairing_hrs,repairing_sqhrs,marauding_events,marauding_hrs,marauding_sqhrs,traveling_events,traveling_hrs,traveling_sqhrs
0,0.0,7,360.65987700497277,559.0,73.08179175020629,15.88867971091482,1606.0,268.75485926468457,56.6085776733849,107.0,18.365756522050084,4.051532478532165,0.0,0.0,0.0,0.0,0.0,0.0
1,0.018,11,360.6342559101283,558.0,69.77398177209325,14.59891492412862,1725.0,289.88624585708783,62.149924700147295,0.0,0.0,0.0,3.0,0.30000000000000004,0.030000000000000006,36.0,0.19548558566666677,0.0010615170612066575
