id,probability_maraud,successful_mating,next_foraging_time,foraging_events,foraging_hrs,foraging_sqhrs,staying_events,staying_hrs,staying_sqhrs,repairing_events,repairing_hrs,repairing_sqhrs,marauding_events,marauding_hrs,marauding_sqhrs,traveling_events,traveling_hrs,traveling_sqhrs
0,0.0,7,360.5783868831991,559.0,71.55048769169596,14.669446053713811,1469.0,245.79466687025052,52.192308482176195,251.0,42.83932203268158,9.20634822798806,0.0,0.0,0.0,0.0,0.0,0.0
1,0.018,11,360.30524567261637,577.0,67.51806555974038,13.276301658477095,1725.0,291.5014920430301,62.33136353541373,0.0,0.0,0.0,8.0,0.7999999999999999,0.08000000000000002,40.0,0.21720620629629642,0.0011794634013407301
