id,probability_maraud,successful_mating,next_foraging_time,foraging_events,foraging_hrs,foraging_sqhrs,staying_events,staying_hrs,staying_sqhrs,repairing_events,repairing_hrs,repairing_sqhrs,marauding_events,marauding_hrs,marauding_sqhrs,traveling_events,traveling_hrs,traveling_sqhrs
0,0.0,8,360.23823979465504,569.0,72.25411859447891,15.489738322735285,1538.0,259.1370049108022,55.50867766623105,160.0,28.765993907826658,6.253420736557144,0.0,0.0,0.0,0.0,0.0,0.0
1,0.018,10,360.19526401606316,561.0,70.81564043802845,14.514172230291607,1695.0,288.5101998665354,61.92507213051138,0.0,0.0,0.0,5.0,0.5,0.05000000000000001,43.0,0.23349667176851865,0.0012679231564412846
