id,probability_maraud,successful_mating,next_foraging_time,foraging_events,foraging_hrs,foraging_sqhrs,staying_events,staying_hrs,staying_sqhrs,repairing_events,repairing_hrs,repairing_sqhrs,marauding_events,marauding_hrs,marauding_sqhrs,traveling_events,traveling_hrs,traveling_sqhrs
0,0.0,7,360.46969520143256,555.0,71.28330962364375,15.696212936746964,1567.0,264.31418365040616,56.53464665874828,138.0,24.459928326812857,5.180928836592641,0.0,0.0,0.0,0.0,0.0,0.0
1,0.018,11,360.39077896175127,566.0,69.46749429810451,14.166058674190158,1685.0,290.07649061493413,63.26020543322629,0.0,0.0,0.0,4.0,0.4,0.04000000000000001,24.0,0.13032372377777782,0.0007076780408044385
