id,probability_maraud,successful_mating,next_foraging_time,foraging_events,foraging_hrs,foraging_sqhrs,staying_events,staying_hrs,staying_sqhrs,repairing_events,repairing_hrs,repairing_sqhrs,marauding_events,marauding_hrs,marauding_sqhrs,traveling_events,traveling_hrs,traveling_sqhrs
0,0.0,8,359.9115497387583,568.0,68.72082294912667,13.425039776305484,1581.0,266.67120697000917,57.027318106827444,144.0,24.609635924665685,5.420572119405393,0.0,0.0,0.0,0.0,0.0,0.0
1,0.018,10,359.62709301170855,578.0,63.54948879152705,11.884675704500351,1758.0,295.9039824547703,62.78848174442642,0.0,0.0,0.0,4.0,0.4,0.04000000000000001,27.0,0.14661418925000005,0.0007961377959049933
