id,probability_maraud,successful_mating,next_foraging_time,foraging_events,foraging_hrs,foraging_sqhrs,staying_events,staying_hrs,staying_sqhrs,repairing_events,repairing_hrs,repairing_sqhrs,marauding_events,marauding_hrs,marauding_sqhrs,traveling_events,traveling_hrs,traveling_sqhrs
0,0.0,8,360.19436740728383,582.0,72.37514063040317,14.903101119454691,1405.0,239.01684658038698,51.782152373498,288.0,48.68248306935229,10.354380344371718,0.0,0.0,0.0,0.0,0.0,0.0
1,0.018,10,360.0195150986907,562.0,68.71678133038424,14.43810830382444,1707.0,290.33643076679795,62.6407004566284,0.0,0.0,0.0,8.0,0.7999999999999999,0.08000000000000002,33.0,0.17919512019444453,0.000973057306106103
