id,probability_maraud,successful_mating,next_foraging_time,foraging_events,foraging_hrs,foraging_sqhrs,staying_events,staying_hrs,staying_sqhrs,repairing_events,repairing_hrs,repairing_sqhrs,marauding_events,marauding_hrs,marauding_sqhrs,traveling_events,traveling_hrs,traveling_sqhrs
0,0.0,10,360.4615545561545,574.0,72.86967720606907,15.496371999707273,1458.0,250.75291717873205,53.850900349953065,223.0,36.501777523437624,7.764474076569823,0.0,0.0,0.0,0.0,0.0,0.0
1,0.018,8,359.95516441817625,567.0,75.16703998883385,16.47487769174684,1672.0,284.09338977082814,61.3528038574667,0.0,0.0,0.0,6.0,0.6,0.06000000000000001,34.0,0.18462527535185194,0.0010025438911396211
