id,probability_maraud,successful_mating,next_foraging_time,foraging_events,foraging_hrs,foraging_sqhrs,staying_events,staying_hrs,staying_sqhrs,repairing_events,repairing_hrs,repairing_sqhrs,marauding_events,marauding_hrs,marauding_sqhrs,traveling_events,traveling_hrs,traveling_sqhrs
0,0.0,12,359.9621597867465,555.0,70.07031262646414,14.191069309283074,1623.0,271.404399133434,57.85123798448461,113.0,18.701048951949794,3.943924349847137,0.0,0.0,0.0,0.0,0.0,0.0
1,0.018,6,360.07215327783075,560.0,70.08918923741503,14.6493656147867,1711.0,289.47840948831674,61.62247842015249,0.0,0.0,0.0,3.0,0.30000000000000004,0.030000000000000006,32.0,0.17376496503703712,0.0009435707210725847
