id,probability_maraud,successful_mating,next_foraging_time,foraging_events,foraging_hrs,foraging_sqhrs,staying_events,staying_hrs,staying_sqhrs,repairing_events,repairing_hrs,repairing_sqhrs,marauding_events,marauding_hrs,marauding_sqhrs,traveling_events,traveling_hrs,traveling_sqhrs
0,0.0,7,360.2610778907232,566.0,70.40114618386623,15.343647884193587,1561.0,259.2075222048429,55.42344915816383,171.0,30.58608083928743,6.856556506342115,0.0,0.0,0.0,0.0,0.0,0.0
1,0.018,11,359.8653436886581,556.0,69.67818912267116,14.91279948190349,1756.0,289.797406063599,61.9128020056155,0.0,0.0,0.0,5.0,0.5,0.05000000000000001,27.0,0.14661418925000005,0.0007961377959049933
