id,probability_maraud,successful_mating,next_foraging_time,foraging_events,foraging_hrs,foraging_sqhrs,staying_events,staying_hrs,staying_sqhrs,repairing_events,repairing_hrs,repairing_sqhrs,marauding_events,marauding_hrs,marauding_sqhrs,traveling_events,traveling_hrs,traveling_sqhrs
0,0.0,6,359.799980007608,578.0,68.68882759061373,13.738340070830024,1511.0,254.52480656515777,55.257310141126474,209.0,36.95366264101198,8.307905083620131,0.0,0.0,0.0,0.0,0.0,0.0
1,0.018,12,360.06101870396833,570.0,71.00308970413786,15.34687905703326,1658.0,288.269549658209,62.93578365343895,0.0,0.0,0.0,6.0,0.6,0.06000000000000001,26.0,0.14118403409259264,0.000766651210871475
