id,probability_maraud,successful_mating,next_foraging_time,foraging_events,foraging_hrs,foraging_sqhrs,staying_events,staying_hrs,staying_sqhrs,repairing_events,repairing_hrs,repairing_sqhrs,marauding_events,marauding_hrs,marauding_sqhrs,traveling_events,traveling_hrs,traveling_sqhrs
0,0.0,6,360.3996204550226,567.0,71.4662379791114,15.35375871305748,1421.0,245.83461101642678,53.19698699777026,250.0,42.791535752984224,9.247282062417577,0.0,0.0,0.0,0.0,0.0,0.0
1,0.018,12,360.03567236558337,563.0,68.15493798556149,13.158544621531592,1698.0,291.00519326082707,62.513611917529126,0.0,0.0,0.0,7.0,0.7,0.07,30.0,0.1629046547222223,0.0008845975510055481
