id,probability_maraud,successful_mating,next_foraging_time,foraging_events,foraging_hrs,foraging_sqhrs,staying_events,staying_hrs,staying_sqhrs,repairing_events,repairing_hrs,repairing_sqhrs,marauding_events,marauding_hrs,marauding_sqhrs,traveling_events,traveling_hrs,traveling_sqhrs
0,0.0,11,360.3188551279645,560.0,68.36272450931493,13.761154020535757,1480.0,251.12509153614158,53.5891745368567,234.0,40.63009838338101,8.720809515173734,0.0,0.0,0.0,0.0,0.0,0.0
1,0.018,7,360.3413665538605,561.0,68.1825961392205,14.401380366702313,1732.0,290.9871929265832,62.33325314711567,0.0,0.0,0.0,7.0,0.7,0.07,42.0,0.22806651661111124,0.0012384365714077665
