id,probability_maraud,successful_mating,next_foraging_time,foraging_events,foraging_hrs,foraging_sqhrs,staying_events,staying_hrs,staying_sqhrs,repairing_events,repairing_hrs,repairing_sqhrs,marauding_events,marauding_hrs,marauding_sqhrs,traveling_events,traveling_hrs,traveling_sqhrs
0,0.0,9,360.22164537099434,563.0,68.66375471729403,14.16123103037743,1666.0,279.4721145736824,59.719927361795385,76.0,12.052277973368527,2.5054331039164244,0.0,0.0,0.0,0.0,0.0,0.0
1,0.018,9,360.50497534185854,571.0,69.9529740583732,13.90060086056981,1697.0,289.70481757552756,62.30389307066186,0.0,0.0,0.0,2.0,0.2,0.020000000000000004,33.0,0.17919512019444453,0.000973057306106103
