id,probability_maraud,successful_mating,next_foraging_time,foraging_events,foraging_hrs,foraging_sqhrs,staying_events,staying_hrs,staying_sqhrs,repairing_events,repairing_hrs,repairing_sqhrs,marauding_events,marauding_hrs,marauding_sqhrs,traveling_events,traveling_hrs,traveling_sqhrs
0,0.0,11,360.11386482988627,575.0,68.7835970896753,13.910082319527726,1641.0,279.19299997622346,59.514916012309584,75.0,12.168813095349563,2.5395345430516594,0.0,0.0,0.0,0.0,0.0,0.0
1,0.018,7,360.4963430594064,567.0,69.50967500278249,14.35547102386023,1709.0,290.1563880979592,62.45854996350817,0.0,0.0,0.0,2.0,0.2,0.020000000000000004,38.0,0.2063458959814816,0.0011204902312736938
