id,probability_maraud,successful_mating,next_foraging_time,foraging_events,foraging_hrs,foraging_sqhrs,staying_events,staying_hrs,staying_sqhrs,repairing_events,repairing_hrs,repairing_sqhrs,marauding_events,marauding_hrs,marauding_sqhrs,traveling_events,traveling_hrs,traveling_sqhrs
0,0.0,10,360.2327984727442,574.0,73.813907452018,15.826141697790666,1671.0,280.2985327042321,59.44658597176906,42.0,6.052757348664963,1.0519295322678963,0.0,0.0,0.0,0.0,0.0,0.0
1,0.018,8,360.01611710426005,572.0,67.10539062647975,12.804421335879663,1729.0,292.8957341199671,62.96263798562388,0.0,0.0,0.0,1.0,0.1,0.010000000000000002,27.0,0.14661418925000005,0.0007961377959049933
