id,probability_maraud,successful_mating,next_foraging_time,foraging_events,foraging_hrs,foraging_sqhrs,staying_events,staying_hrs,staying_sqhrs,repairing_events,repairing_hrs,repairing_sqhrs,marauding_events,marauding_hrs,marauding_sqhrs,traveling_events,traveling_hrs,traveling_sqhrs
0,0.0,7,360.39168852078774,560.0,70.93294066344419,15.487092654969922,1469.0,249.38785260515218,53.32480439146643,226.0,39.86166165148297,8.717121965222926,0.0,0.0,0.0,0.0,0.0,0.0
1,0.018,11,360.19712683536665,561.0,69.79465224793054,14.886501865746283,1692.0,289.40120121761356,61.77140877837296,0.0,0.0,0.0,7.0,0.7,0.07,27.0,0.14661418925000005,0.0007961377959049933
