id,probability_maraud,successful_mating,next_foraging_time,foraging_events,foraging_hrs,foraging_sqhrs,staying_events,staying_hrs,staying_sqhrs,repairing_events,repairing_hrs,repairing_sqhrs,marauding_events,marauding_hrs,marauding_sqhrs,traveling_events,traveling_hrs,traveling_sqhrs
0,0.0,9,359.9911725278384,564.0,68.07108976997615,13.503024749617452,1552.0,261.5040242259482,56.356891586715015,191.0,30.496394241164218,6.175302670414656,0.0,0.0,0.0,0.0,0.0,0.0
1,0.018,9,360.0637712985096,571.0,70.84954555388681,14.399815969213028,1708.0,288.50494969600385,61.842553379314666,0.0,0.0,0.0,5.0,0.5,0.05000000000000001,36.0,0.19548558566666677,0.0010615170612066575
