id,probability_maraud,successful_mating,next_foraging_time,foraging_events,foraging_hrs,foraging_sqhrs,staying_events,staying_hrs,staying_sqhrs,repairing_events,repairing_hrs,repairing_sqhrs,marauding_events,marauding_hrs,marauding_sqhrs,traveling_events,traveling_hrs,traveling_sqhrs
0,0.0,9,360.1254025949672,553.0,74.18743732841581,16.0602836546308,1613.0,273.82834793992816,59.02886155107156,74.0,12.109391015901707,2.543977077058753,0.0,0.0,0.0,0.0,0.0,0.0
1,0.018,9,360.1488832142341,556.0,71.70730726154716,15.549540061133962,1700.0,287.8647322087112,60.997188687450944,0.0,0.0,0.0,2.0,0.2,0.020000000000000004,31.0,0.3359246264532407,0.0036401727308951375
