id,probability_maraud,successful_mating,next_foraging_time,foraging_events,foraging_hrs,foraging_sqhrs,staying_events,staying_hrs,staying_sqhrs,repairing_events,repairing_hrs,repairing_sqhrs,marauding_events,marauding_hrs,marauding_sqhrs,traveling_events,traveling_hrs,traveling_sqhrs
0,0.0,11,360.6264190362721,583.0,69.99863329202014,14.130678704502433,1610.0,271.6749534805813,57.92784423245118,113.0,18.357708184184816,3.9765218121849357,0.0,0.0,0.0,0.0,0.0,0.0
1,0.018,7,360.3324504456468,547.0,69.55446134935718,13.971428718826214,1685.0,289.97772066855737,63.170798191927815,0.0,0.0,0.0,3.0,0.30000000000000004,0.030000000000000006,29.0,0.31425206990787036,0.003405322877289
