id,probability_maraud,successful_mating,next_foraging_time,foraging_events,foraging_hrs,foraging_sqhrs,staying_events,staying_hrs,staying_sqhrs,repairing_events,repairing_hrs,repairing_sqhrs,marauding_events,marauding_hrs,marauding_sqhrs,traveling_events,traveling_hrs,traveling_sqhrs
0,0.0,10,360.4881520455837,565.0,70.38928398749961,14.096287052057194,1648.0,277.59065106878467,59.75974182763916,71.0,12.094678592938902,2.5920256666184556,0.0,0.0,0.0,0.0,0.0,0.0
1,0.018,8,360.1467964777148,563.0,69.14638673905993,14.285295332649815,1665.0,290.41846631726486,63.17089981883841,0.0,0.0,0.0,2.0,0.2,0.020000000000000004,26.0,0.2817432350898148,0.0030530480968797933
