id,probability_maraud,successful_mating,next_foraging_time,foraging_events,foraging_hrs,foraging_sqhrs,staying_events,staying_hrs,staying_sqhrs,repairing_events,repairing_hrs,repairing_sqhrs,marauding_events,marauding_hrs,marauding_sqhrs,traveling_events,traveling_hrs,traveling_sqhrs
0,0.0,8,360.0226572283323,554.0,67.8212702254345,13.183778220895803,1564.0,262.0607873091379,55.58741550837574,179.0,30.26237057841422,6.449796352429348,0.0,0.0,0.0,0.0,0.0,0.0
1,0.018,10,360.4959292303661,572.0,72.89878986796273,16.003601622173658,1695.0,286.4814957939569,61.52624077052913,0.0,0.0,0.0,5.0,0.5,0.05000000000000001,29.0,0.31425206990787036,0.003405322877289
