id,probability_maraud,successful_mating,next_foraging_time,foraging_events,foraging_hrs,foraging_sqhrs,staying_events,staying_hrs,staying_sqhrs,repairing_events,repairing_hrs,repairing_sqhrs,marauding_events,marauding_hrs,marauding_sqhrs,traveling_events,traveling_hrs,traveling_sqhrs
0,0.0,9,360.20469395656016,565.0,67.78704185386695,13.915421769778142,1602.0,267.96323852996073,56.6513210386358,141.0,24.50351276359302,5.256452262541371,0.0,0.0,0.0,0.0,0.0,0.0
1,0.018,9,360.03527987312,561.0,74.30457078975219,16.520787538291597,1697.0,285.13589310543784,60.35284749345349,0.0,0.0,0.0,4.0,0.4,0.04000000000000001,19.0,0.2058892871810185,0.0022310736092583114
