id,probability_maraud,successful_mating,next_foraging_time,foraging_events,foraging_hrs,foraging_sqhrs,staying_events,staying_hrs,staying_sqhrs,repairing_events,repairing_hrs,repairing_sqhrs,marauding_events,marauding_hrs,marauding_sqhrs,traveling_events,traveling_hrs,traveling_sqhrs
0,0.0,10,359.9843850147389,567.0,70.8452357598593,14.08444621941601,1566.0,271.02725568441883,59.039844217222374,109.0,18.21223736271968,3.94819256810005,0.0,0.0,0.0,0.0,0.0,0.0
1,0.018,8,360.34934401266764,567.0,70.3733254944967,14.677865312822457,1667.0,289.08651794127917,62.74962540507907,0.0,0.0,0.0,3.0,0.30000000000000004,0.030000000000000006,27.0,0.2925795133625,0.003170473023682862
