id,probability_maraud,successful_mating,next_foraging_time,foraging_events,foraging_hrs,foraging_sqhrs,staying_events,staying_hrs,staying_sqhrs,repairing_events,repairing_hrs,repairing_sqhrs,marauding_events,marauding_hrs,marauding_sqhrs,traveling_events,traveling_hrs,traveling_sqhrs
0,0.0,7,360.2753350949903,578.0,68.91940919342238,14.125109702423945,1336.0,230.34511325362868,50.2523307187953,354.0,60.87082498134941,13.25507052157158,0.0,0.0,0.0,0.0,0.0,0.0
1,0.018,11,360.00927333820334,567.0,71.61883595486788,15.220675202193224,1715.0,287.09076011052065,60.854776749624186,0.0,0.0,0.0,10.0,0.9999999999999999,0.10000000000000003,34.0,0.3684334612712963,0.003992447511304344
