id,probability_maraud,successful_mating,next_foraging_time,foraging_events,foraging_hrs,foraging_sqhrs,staying_events,staying_hrs,staying_sqhrs,repairing_events,repairing_hrs,repairing_sqhrs,marauding_events,marauding_hrs,marauding_sqhrs,traveling_events,traveling_hrs,traveling_sqhrs
0,0.0,9,359.9847639585963,568.0,73.32460929772009,16.110784472064807,1407.0,238.08992251980237,50.32586781742579,298.0,48.79856121889665,10.415748536206229,0.0,0.0,0.0,0.0,0.0,0.0
1,0.018,9,360.36455508249,574.0,72.92228256923487,14.97099227585021,1718.0,285.9502384977328,60.7450617952094,0.0,0.0,0.0,8.0,0.7999999999999999,0.08000000000000002,37.0,0.40094229608935184,0.0043447222917135505
