id,probability_maraud,successful_mating,next_foraging_time,foraging_events,foraging_hrs,foraging_sqhrs,staying_events,staying_hrs,staying_sqhrs,repairing_events,repairing_hrs,repairing_sqhrs,marauding_events,marauding_hrs,marauding_sqhrs,traveling_events,traveling_hrs,traveling_sqhrs
0,0.0,12,360.40482028882906,571.0,71.18104328547574,15.025738574173703,1546.0,264.51645643017974,57.18117908590193,155.0,24.45603164393409,4.9084781997669005,0.0,0.0,0.0,0.0,0.0,0.0
1,0.018,6,359.86315758391686,582.0,67.7060884048171,13.881063307633138,1719.0,291.58946020936594,63.086807721105544,0.0,0.0,0.0,4.0,0.4,0.04000000000000001,29.0,0.31425206990787036,0.003405322877289
