id,probability_maraud,successful_mating,next_foraging_time,foraging_events,foraging_hrs,foraging_sqhrs,staying_events,staying_hrs,staying_sqhrs,repairing_events,repairing_hrs,repairing_sqhrs,marauding_events,marauding_hrs,marauding_sqhrs,traveling_events,traveling_hrs,traveling_sqhrs
0,0.0,9,360.5206974455193,573.0,69.70825222893149,14.181927686894255,1600.0,266.14503371084265,56.76579656982013,152.0,24.244260054910065,5.046127536001398,0.0,0.0,0.0,0.0,0.0,0.0
1,0.018,9,360.0991858004261,570.0,69.53653430002885,13.846854127205205,1707.0,289.79060295829356,62.33767642163504,0.0,0.0,0.0,4.0,0.4,0.04000000000000001,29.0,0.31425206990787036,0.003405322877289
