id,probability_maraud,successful_mating,next_foraging_time,foraging_events,foraging_hrs,foraging_sqhrs,staying_events,staying_hrs,staying_sqhrs,repairing_events,repairing_hrs,repairing_sqhrs,marauding_events,marauding_hrs,marauding_sqhrs,traveling_events,traveling_hrs,traveling_sqhrs
0,0.0,12,360.64552544424646,574.0,68.8040992041573,14.127120106816662,1568.0,266.9192523031975,57.46417163214404,142.0,24.457332355324784,5.19132907787679,0.0,0.0,0.0,0.0,0.0,0.0
1,0.018,6,360.1102327978175,564.0,72.61917402246249,15.591397057981025,1691.0,286.6422682773011,61.12566702954206,0.0,0.0,0.0,4.0,0.4,0.04000000000000001,40.0,0.4334511309074074,0.004696997072122757
