id,probability_maraud,successful_mating,next_foraging_time,foraging_events,foraging_hrs,foraging_sqhrs,staying_events,staying_hrs,staying_sqhrs,repairing_events,repairing_hrs,repairing_sqhrs,marauding_events,marauding_hrs,marauding_sqhrs,traveling_events,traveling_hrs,traveling_sqhrs
0,0.0,9,359.9865346248054,561.0,68.74226350434876,14.43608038406691,1453.0,247.28755059433465,53.01799626501894,240.0,44.03237285106443,10.1774718238576,0.0,0.0,0.0,0.0,0.0,0.0
1,0.018,9,360.4589916349076,566.0,69.76528113758987,14.674485023615684,1742.0,289.1567156137653,61.42198961803562,0.0,0.0,0.0,8.0,0.7999999999999999,0.08000000000000002,31.0,0.3359246264532407,0.0036401727308951375
