id,probability_maraud,successful_mating,next_foraging_time,foraging_events,foraging_hrs,foraging_sqhrs,staying_events,staying_hrs,staying_sqhrs,repairing_events,repairing_hrs,repairing_sqhrs,marauding_events,marauding_hrs,marauding_sqhrs,traveling_events,traveling_hrs,traveling_sqhrs
0,0.0,11,359.99117837355055,571.0,68.52840301448184,14.05251261650762,1513.0,255.00956333291987,54.34527248423068,218.0,36.52318304064427,7.689368772813743,0.0,0.0,0.0,0.0,0.0,0.0
1,0.018,7,360.45786448810514,575.0,67.74364664171017,13.202852809705258,1707.0,291.5657602102662,62.29490687780226,0.0,0.0,0.0,6.0,0.6,0.06000000000000001,27.0,0.2925795133625,0.003170473023682862
