id,probability_maraud,successful_mating,next_foraging_time,foraging_events,foraging_hrs,foraging_sqhrs,staying_events,staying_hrs,staying_sqhrs,repairing_events,repairing_hrs,repairing_sqhrs,marauding_events,marauding_hrs,marauding_sqhrs,traveling_events,traveling_hrs,traveling_sqhrs
0,0.0,10,360.31784573982935,560.0,67.45617886207239,13.311401984875184,1642.0,274.3281583296011,58.22984935733011,116.0,18.38201075607915,3.7493403710949074,0.0,0.0,0.0,0.0,0.0,0.0
1,0.018,8,360.0728401361901,578.0,70.98904499961918,13.752235378802913,1717.0,288.4611091990142,62.523259811560905,0.0,0.0,0.0,3.0,0.30000000000000004,0.030000000000000006,38.0,0.411778574362037,0.004462147218516619
