id,probability_maraud,successful_mating,next_foraging_time,foraging_events,foraging_hrs,foraging_sqhrs,staying_events,staying_hrs,staying_sqhrs,repairing_events,repairing_hrs,repairing_sqhrs,marauding_events,marauding_hrs,marauding_sqhrs,traveling_events,traveling_hrs,traveling_sqhrs
0,0.0,5,360.49559703656575,571.0,69.44340160972405,14.558466217740273,1624.0,278.6894219087958,60.312169071576086,73.0,12.209117590225148,2.6141100940300923,0.0,0.0,0.0,0.0,0.0,0.0
1,0.018,13,360.12402700409547,577.0,71.9090824272257,14.207559776731559,1730.0,287.9506195950331,60.752864386409115,0.0,0.0,0.0,2.0,0.2,0.020000000000000004,29.0,0.31425206990787036,0.003405322877289
