id,probability_maraud,successful_mating,next_foraging_time,foraging_events,foraging_hrs,foraging_sqhrs,staying_events,staying_hrs,staying_sqhrs,repairing_events,repairing_hrs,repairing_sqhrs,marauding_events,marauding_hrs,marauding_sqhrs,traveling_events,traveling_hrs,traveling_sqhrs
0,0.0,7,360.2989896026613,563.0,72.3565905882009,15.66597473336744,1576.0,269.4182916882722,58.238480887985936,119.0,18.394192135749165,3.7684197807268096,0.0,0.0,0.0,0.0,0.0,0.0
1,0.018,11,359.99080780928443,562.0,73.71814243424755,16.46384284685621,1661.0,285.7004062775074,62.5353372775221,0.0,0.0,0.0,3.0,0.30000000000000004,0.030000000000000006,31.0,0.3359246264532407,0.0036401727308951375
