id,probability_maraud,successful_mating,next_foraging_time,foraging_events,foraging_hrs,foraging_sqhrs,staying_events,staying_hrs,staying_sqhrs,repairing_events,repairing_hrs,repairing_sqhrs,marauding_events,marauding_hrs,marauding_sqhrs,traveling_events,traveling_hrs,traveling_sqhrs
0,0.0,10,360.3504720867205,559.0,71.24137089588238,15.205160958860676,1529.0,258.07272656836915,55.17934838622911,176.0,30.692762357742183,6.781561072578845,0.0,0.0,0.0,0.0,0.0,0.0
1,0.018,8,359.9804427913933,561.0,69.39063549346791,14.080321857165261,1726.0,289.90323810278244,62.15020748419005,0.0,0.0,0.0,5.0,0.5,0.05000000000000001,24.0,0.26007067854444443,0.0028181982432736556
