id,probability_maraud,successful_mating,next_foraging_time,foraging_events,foraging_hrs,foraging_sqhrs,staying_events,staying_hrs,staying_sqhrs,repairing_events,repairing_hrs,repairing_sqhrs,marauding_events,marauding_hrs,marauding_sqhrs,traveling_events,traveling_hrs,traveling_sqhrs
0,0.0,9,360.1598628277087,557.0,70.97810876081967,14.836369963416372,1601.0,264.41847902265334,55.768408634130964,137.0,24.646540132585724,5.6254840324958755,0.0,0.0,0.0,0.0,0.0,0.0
1,0.018,9,360.2254461624102,570.0,71.34067053659729,15.21047435871855,1690.0,287.9803517582506,61.514416150858764,0.0,0.0,0.0,4.0,0.4,0.04000000000000001,35.0,0.37926973954398147,0.004109872438107413
