id,probability_maraud,successful_mating,next_foraging_time,foraging_events,foraging_hrs,foraging_sqhrs,staying_events,staying_hrs,staying_sqhrs,repairing_events,repairing_hrs,repairing_sqhrs,marauding_events,marauding_hrs,marauding_sqhrs,traveling_events,traveling_hrs,traveling_sqhrs
0,0.0,11,359.7724702129975,560.0,70.24675607343518,14.181672668299612,1424.0,242.54144425214542,51.93211414429944,268.0,47.2181378352038,10.390583616057722,0.0,0.0,0.0,0.0,0.0,0.0
1,0.018,7,360.59624181969974,546.0,71.01897272410474,15.574778964654621,1690.0,287.9705116151815,62.03461160346142,0.0,0.0,0.0,8.0,0.7999999999999999,0.08000000000000002,33.0,0.3575971829986111,0.003875022584501275
