id,probability_maraud,successful_mating,next_foraging_time,foraging_events,foraging_hrs,foraging_sqhrs,staying_events,staying_hrs,staying_sqhrs,repairing_events,repairing_hrs,repairing_sqhrs,marauding_events,marauding_hrs,marauding_sqhrs,traveling_events,traveling_hrs,traveling_sqhrs
0,0.0,11,360.1030660485114,572.0,70.14084576330603,15.128793372705589,1608.0,271.79789259549887,58.04728605267097,103.0,18.183494939480138,3.8684966559561307,0.0,0.0,0.0,0.0,0.0,0.0
1,0.018,7,360.10126721695667,572.0,75.75264147402592,16.145487017847543,1662.0,283.62123345785363,60.67631991344421,0.0,0.0,0.0,3.0,0.30000000000000004,0.030000000000000006,36.0,0.39010601781666665,0.004227297364910482
