id,probability_maraud,successful_mating,next_foraging_time,foraging_events,foraging_hrs,foraging_sqhrs,staying_events,staying_hrs,staying_sqhrs,repairing_events,repairing_hrs,repairing_sqhrs,marauding_events,marauding_hrs,marauding_sqhrs,traveling_events,traveling_hrs,traveling_sqhrs
0,0.0,9,360.3812287950142,572.0,68.75380273688809,13.320650650942298,1559.0,260.668729545012,55.75391865859075,191.0,30.582316460045202,6.185552381620681,0.0,0.0,0.0,0.0,0.0,0.0
1,0.018,9,359.9496946259345,575.0,68.64077336035216,13.623797104514265,1714.0,290.65482768967297,62.72452721076612,0.0,0.0,0.0,5.0,0.5,0.05000000000000001,35.0,0.37926973954398147,0.004109872438107413
