id,probability_maraud,successful_mating,next_foraging_time,foraging_events,foraging_hrs,foraging_sqhrs,staying_events,staying_hrs,staying_sqhrs,repairing_events,repairing_hrs,repairing_sqhrs,marauding_events,marauding_hrs,marauding_sqhrs,traveling_events,traveling_hrs,traveling_sqhrs
0,0.0,6,360.33789382084274,577.0,72.3417324420129,14.381451122791857,1524.0,261.70435241439543,56.52242456808161,155.0,26.053945388584246,5.543607897921882,0.0,0.0,0.0,0.0,0.0,0.0
1,0.018,10,360.93713816723425,568.0,70.76666659173202,14.707447110209467,1705.0,288.767751292947,61.43645394328654,0.0,0.0,0.0,5.0,0.5,0.05000000000000001,32.0,0.3467609047259259,0.0037575976576982063
