id,probability_maraud,successful_mating,next_foraging_time,foraging_events,foraging_hrs,foraging_sqhrs,staying_events,staying_hrs,staying_sqhrs,repairing_events,repairing_hrs,repairing_sqhrs,marauding_events,marauding_hrs,marauding_sqhrs,traveling_events,traveling_hrs,traveling_sqhrs
0,0.0,14,360.2578485282592,569.0,70.72574236973529,14.443833082332137,1562.0,265.0402575064078,56.945121807530526,147.0,24.34724738096781,5.104655838998097,0.0,0.0,0.0,0.0,0.0,0.0
1,0.018,4,360.16802569273574,568.0,69.82541312651568,14.391941370069281,1712.0,289.5130215674672,62.981150754445515,0.0,0.0,0.0,4.0,0.4,0.04000000000000001,29.0,0.31425206990787036,0.003405322877289
