id,probability_maraud,successful_mating,next_foraging_time,foraging_events,foraging_hrs,foraging_sqhrs,staying_events,staying_hrs,staying_sqhrs,repairing_events,repairing_hrs,repairing_sqhrs,marauding_events,marauding_hrs,marauding_sqhrs,traveling_events,traveling_hrs,traveling_sqhrs
0,0.0,23,360.37159406485705,578.0,71.03457085862205,14.624986189335697,601.0,101.55253023924521,21.8717663092136,1119.0,187.48391326882756,40.118475477274465,0.0,0.0,0.0,0.0,0.0,0.0
1,0.0,85,360.0138856614423,554.0,69.7945906074897,14.665565085990265,1701.0,290.4225744578558,62.27757728576063,0.0,0.0,0.0,0.0,0.0,0.0,0.0,0.0,0.0
2,0.0,0,360.03473870880225,569.0,71.51181817812633,15.924917831239942,1716.0,288.74404134931837,61.23246387207525,0.0,0.0,0.0,0.0,0.0,0.0,0.0,0.0,0.0
3,0.0,0,360.01964148976475,565.0,69.79716809511461,14.809007771900186,1739.0,290.2925224028828,61.529957016795265,0.0,0.0,0.0,0.0,0.0,0.0,0.0,0.0,0.0
4,0.054,0,360.6014218392366,570.0,75.78531072918587,16.950993027622168,1667.0,283.5937654811588,60.54666393509402,0.0,0.0,0.0,2.0,0.2,0.020000000000000004,86.0,0.46699334353703736,0.002535846312882566
5,0.0,0,360.29624343185986,576.0,67.94213643505591,13.864421168373466,1708.0,292.26073066993206,63.99320197696309,0.0,0.0,0.0,0.0,0.0,0.0,0.0,0.0,0.0
6,0.054,0,360.03551493218714,565.0,69.7420966118044,13.725677339451968,1666.0,289.2439698083251,63.27426793881702,0.0,0.0,0.0,6.0,0.6,0.06000000000000001,92.0,0.49957427448148184,0.002712765823083675
7,0.054,0,360.3260159834606,565.0,74.92626013571811,16.690986695452306,1693.0,284.2809892458337,60.918372825908186,0.0,0.0,0.0,4.0,0.4,0.04000000000000001,87.0,0.4724234986944448,0.002565332897916084
8,0.054,0,360.05870245596765,556.0,69.75674586346156,14.639305117421202,1732.0,289.121145528076,61.51018728963013,0.0,0.0,0.0,6.0,0.6,0.06000000000000001,110.0,0.5973170673148153,0.003243524353687002
9,0.054,0,359.95444432596696,558.0,70.00651881589182,15.376547724405011,1703.0,288.7939818756452,60.599016114253786,0.0,0.0,0.0,9.0,0.8999999999999999,0.09000000000000002,95.0,0.5158647399537041,0.0028012255781842293
10,0.0,0,359.8586619179627,574.0,72.64226737764943,15.330923946506143,1681.0,287.39769146583797,62.11553030672585,0.0,0.0,0.0,0.0,0.0,0.0,0.0,0.0,0.0
11,0.054,0,359.97266907889457,559.0,73.10122085682595,15.716293585108735,1650.0,286.05279665794626,63.025405008498815,0.0,0.0,0.0,4.0,0.4,0.04000000000000001,95.0,0.5158647399537041,0.0028012255781842293
