id,probability_maraud,successful_mating,next_foraging_time,foraging_events,foraging_hrs,foraging_sqhrs,staying_events,staying_hrs,staying_sqhrs,repairing_events,repairing_hrs,repairing_sqhrs,marauding_events,marauding_hrs,marauding_sqhrs,traveling_events,traveling_hrs,traveling_sqhrs
0,0.0,20,360.24841012317614,565.0,71.19213775763241,14.330327981921714,446.0,76.95193857713818,16.734516543151667,1264.0,212.09924348353314,44.92293499128721,0.0,0.0,0.0,0.0,0.0,0.0
1,0.054,88,360.2097864410523,563.0,65.5873669473494,13.421234882911397,1682.0,292.8972054779818,63.712817459558956,0.0,0.0,0.0,10.0,0.9999999999999999,0.10000000000000003,119.0,0.646188463731482,0.0035089036189886653
2,0.0,0,360.17694741229644,570.0,74.10279299483456,16.386715903125808,1744.0,286.05386747447983,59.534556933153006,0.0,0.0,0.0,0.0,0.0,0.0,0.0,0.0,0.0
3,0.0,0,360.6253377423608,558.0,70.60890698393837,14.970475374307398,1710.0,289.59481933016366,61.85310054564259,0.0,0.0,0.0,0.0,0.0,0.0,0.0,0.0,0.0
4,0.054,0,360.0458815849282,565.0,71.58326485051198,15.568732032180808,1710.0,287.6405615153831,61.76908397276319,0.0,0.0,0.0,4.0,0.4,0.04000000000000001,108.0,0.5864567570000004,0.0031845511836199655
5,0.0,0,360.3676395350596,551.0,73.31551625082524,16.62567677248545,1681.0,286.7675843378189,62.52194676217062,0.0,0.0,0.0,0.0,0.0,0.0,0.0,0.0,0.0
6,0.054,0,360.6511560123984,577.0,72.37709754009045,14.482935863353786,1693.0,286.62331727942734,61.06592550130724,0.0,0.0,0.0,7.0,0.7,0.07,97.0,0.5267250502685189,0.0028601987482512656
7,0.054,0,360.63985745109926,557.0,75.918627928187,16.526430647448283,1669.0,282.80322316303113,60.97048293365148,0.0,0.0,0.0,8.0,0.7999999999999999,0.08000000000000002,90.0,0.488713964166667,0.0026537926530166385
8,0.0,0,360.32151038007817,553.0,71.25172954212198,15.111995823042617,1690.0,288.7948716532959,62.67707648979142,0.0,0.0,0.0,0.0,0.0,0.0,0.0,0.0,0.0
9,0.054,0,359.8403918652444,567.0,66.28677849375659,13.020508132076957,1721.0,292.9567389938903,62.919265256641665,0.0,0.0,0.0,3.0,0.30000000000000004,0.030000000000000006,96.0,0.5212948951111115,0.0028307121632177475
10,0.0,0,360.21850197713286,571.0,70.08598256828716,14.544380944106589,1722.0,290.00341377811685,61.72331824043593,0.0,0.0,0.0,0.0,0.0,0.0,0.0,0.0,0.0
11,0.054,0,360.35476853597976,565.0,66.18101128138451,12.65219863043263,1734.0,293.1599191057066,62.72526307974069,0.0,0.0,0.0,3.0,0.30000000000000004,0.030000000000000006,87.0,0.4724234986944448,0.002565332897916084
