id,probability_maraud,successful_mating,next_foraging_time,foraging_events,foraging_hrs,foraging_sqhrs,staying_events,staying_hrs,staying_sqhrs,repairing_events,repairing_hrs,repairing_sqhrs,marauding_events,marauding_hrs,marauding_sqhrs,traveling_events,traveling_hrs,traveling_sqhrs
0,0.054,37,360.4032659592095,564.0,69.03752821011125,14.580562981841522,604.0,103.62373571697552,22.599546933258235,1075.0,186.67534906791042,41.10214619895293,6.0,0.6,0.06000000000000001,27.0,0.14661418925000005,0.0007961377959049933
1,0.054,71,360.4732010580943,573.0,74.53708232067842,16.028438834756642,1455.0,247.7541092187099,53.24351084458526,215.0,36.54983676223203,7.846493890628372,9.0,0.8999999999999999,0.09000000000000002,70.0,0.38011086101851876,0.002064060952346275
2,0.054,0,359.98122839412616,578.0,72.73262916107589,15.1071403101307,1690.0,286.51434432417307,62.10287038615274,0.0,0.0,0.0,5.0,0.5,0.05000000000000001,104.0,0.5647361363703708,0.003066604843485893
3,0.0,0,359.9088067505332,574.0,70.97401911928289,14.39236957516051,1686.0,289.15471439348516,62.89099705135985,0.0,0.0,0.0,0.0,0.0,0.0,0.0,0.0,0.0
4,0.0,0,360.2082320992363,551.0,68.78844763756288,13.47919778516962,1734.0,291.28220347400423,61.94958596009936,0.0,0.0,0.0,0.0,0.0,0.0,0.0,0.0,0.0
5,0.0,0,360.35932962048184,552.0,72.65497635429561,15.539577242144086,1690.0,287.49483550301784,61.777016149682744,0.0,0.0,0.0,0.0,0.0,0.0,0.0,0.0,0.0
6,0.054,0,360.5695689945452,571.0,71.47172083229889,14.983968760011098,1715.0,287.7833381120366,61.45967284339853,0.0,0.0,0.0,4.0,0.4,0.04000000000000001,93.0,0.5050044296388893,0.002742252408117193
7,0.0,0,360.23763243323594,569.0,70.41932439444528,14.063539728657915,1720.0,289.70521191527183,62.58503765873615,0.0,0.0,0.0,0.0,0.0,0.0,0.0,0.0,0.0
8,0.054,0,360.10518818425686,568.0,71.09801629639367,14.980219678162133,1709.0,287.88373178293983,62.37839884937545,0.0,0.0,0.0,5.0,0.5,0.05000000000000001,106.0,0.5755964466851856,0.003125578013552929
9,0.0,0,360.20191702899734,566.0,70.50097554439094,14.003594818003213,1718.0,289.7750056142147,62.32625359216042,0.0,0.0,0.0,0.0,0.0,0.0,0.0,0.0,0.0
10,0.054,0,359.9810868507352,559.0,69.40372898438648,14.301985661687382,1715.0,289.3812450745314,62.1871887746036,0.0,0.0,0.0,8.0,0.7999999999999999,0.08000000000000002,98.0,0.5321552054259263,0.002889685333284784
11,0.0,0,359.93371162698094,570.0,70.96350713574657,14.999349041622732,1735.0,289.16645759473147,61.562815242029,0.0,0.0,0.0,0.0,0.0,0.0,0.0,0.0,0.0
