id,probability_maraud,successful_mating,next_foraging_time,foraging_events,foraging_hrs,foraging_sqhrs,staying_events,staying_hrs,staying_sqhrs,repairing_events,repairing_hrs,repairing_sqhrs,marauding_events,marauding_hrs,marauding_sqhrs,traveling_events,traveling_hrs,traveling_sqhrs
0,0.054,27,360.5643784843043,574.0,74.14528609306882,15.228253223976544,577.0,96.44871345678806,20.921245521032436,1128.0,189.18854593918013,40.23682511172053,2.0,0.2,0.020000000000000004,31.0,0.1683348098796297,0.0009140841360390664
1,0.0,81,360.507536167998,555.0,71.69662257503862,14.870911100863045,1637.0,276.0661713718076,58.66280126893569,80.0,12.263295963789659,2.472965749965079,0.0,0.0,0.0,0.0,0.0,0.0
2,0.0,0,360.55419122637215,577.0,68.25432155406615,13.237263367142823,1722.0,291.80540931249055,62.125719264649,0.0,0.0,0.0,0.0,0.0,0.0,0.0,0.0,0.0
3,0.054,0,360.2962013834995,577.0,71.48399891563258,14.725795254262735,1734.0,287.54764925720093,61.132900544457904,0.0,0.0,0.0,5.0,0.5,0.05000000000000001,96.0,0.5212948951111115,0.0028307121632177475
4,0.054,0,359.9687403017397,555.0,67.46698079003247,13.171234655246497,1764.0,291.76762976200627,61.42370359350493,0.0,0.0,0.0,4.0,0.4,0.04000000000000001,91.0,0.4941441193240744,0.0026832792380501566
5,0.054,0,360.86392794574687,566.0,71.86148963701035,14.880517739061826,1709.0,286.7453114198075,61.20676648942828,0.0,0.0,0.0,11.0,1.0999999999999999,0.11000000000000004,91.0,0.4941441193240744,0.0026832792380501566
6,0.0,0,359.9740538748805,567.0,72.52235922199863,16.292678678249608,1704.0,287.5755340272968,61.87134063012511,0.0,0.0,0.0,0.0,0.0,0.0,0.0,0.0,0.0
7,0.0,0,360.2124129340413,572.0,73.04678888018005,14.728643539627463,1746.0,286.9807930432083,59.363757707563906,0.0,0.0,0.0,0.0,0.0,0.0,0.0,0.0,0.0
8,0.0,0,360.1160549834587,570.0,69.23633765611137,14.242968134036833,1729.0,290.9390107741471,62.57425992645188,0.0,0.0,0.0,0.0,0.0,0.0,0.0,0.0,0.0
9,0.054,0,360.08501680764886,574.0,68.00893051206126,14.37496421165403,1747.0,291.2581225750024,61.699589048808804,0.0,0.0,0.0,5.0,0.5,0.05000000000000001,72.0,0.3909711713333336,0.0021230341224133115
10,0.0,0,360.22078307975977,572.0,69.59398339697528,13.695862394282843,1684.0,290.4506411633151,63.2269037035563,0.0,0.0,0.0,0.0,0.0,0.0,0.0,0.0,0.0
11,0.054,0,360.30085061651306,548.0,74.35126668597043,16.908344110842314,1689.0,284.74091167841675,60.97791607961398,0.0,0.0,0.0,6.0,0.6,0.06000000000000001,98.0,0.5321552054259263,0.002889685333284784
