id,probability_maraud,successful_mating,next_foraging_time,foraging_events,foraging_hrs,foraging_sqhrs,staying_events,staying_hrs,staying_sqhrs,repairing_events,repairing_hrs,repairing_sqhrs,marauding_events,marauding_hrs,marauding_sqhrs,traveling_events,traveling_hrs,traveling_sqhrs
0,0.0,21,359.97967658771205,565.0,71.22669667429268,15.494802243092664,523.0,84.11259163098536,17.229616188533047,1202.0,204.77542395245354,44.13645633582839,0.0,0.0,0.0,0.0,0.0,0.0
1,0.0,87,360.3206940625267,555.0,71.80648540278638,15.091044501208525,1682.0,288.2388822311807,62.341450902985414,0.0,0.0,0.0,0.0,0.0,0.0,0.0,0.0,0.0
2,0.054,0,360.2092305390589,575.0,69.55148554551525,14.367990420741295,1701.0,289.30300816817777,62.767414570339135,0.0,0.0,0.0,7.0,0.7,0.07,86.0,0.46699334353703736,0.002535846312882566
3,0.0,0,360.08686855375043,571.0,67.21798259986606,13.42185500948442,1717.0,292.8308985272093,62.025074300788646,0.0,0.0,0.0,0.0,0.0,0.0,0.0,0.0,0.0
4,0.054,0,360.3154580068425,569.0,72.68254058242658,15.934880873225989,1716.0,285.9703615572948,60.255044273754315,0.0,0.0,0.0,9.0,0.8999999999999999,0.09000000000000002,115.0,0.6244678431018523,0.0033909572788545926
5,0.054,0,360.72577600372125,577.0,70.9024277137017,14.538324596269259,1684.0,288.47063713047044,62.0270682107411,0.0,0.0,0.0,2.0,0.2,0.020000000000000004,79.0,0.4289822574351855,0.0023294402176479386
6,0.0,0,360.2240225434943,563.0,71.87726767401438,14.997662899657994,1673.0,288.1940558489614,62.739509819532145,0.0,0.0,0.0,0.0,0.0,0.0,0.0,0.0,0.0
7,0.054,0,360.3933916441209,558.0,71.90437719346858,15.345856937117464,1691.0,287.1186340811581,61.550801336113686,0.0,0.0,0.0,7.0,0.7,0.07,94.0,0.5104345847962967,0.002771738993150711
8,0.0,0,360.02240574708344,561.0,70.05220396341512,14.503066261739221,1720.0,289.9744349509363,62.19478545553751,0.0,0.0,0.0,0.0,0.0,0.0,0.0,0.0,0.0
9,0.0,0,360.0324248139593,561.0,70.89049624571926,14.432504225760534,1716.0,289.13248486156857,62.090513692090134,0.0,0.0,0.0,0.0,0.0,0.0,0.0,0.0,0.0
10,0.054,0,360.5194256067667,562.0,70.86769231085479,15.04857160082692,1735.0,287.9878972010878,60.459820120568125,0.0,0.0,0.0,7.0,0.7,0.07,91.0,0.4941441193240744,0.0026832792380501566
11,0.054,0,360.6725525075564,571.0,70.44470084660352,15.191477552203681,1704.0,288.9875410747072,62.017253610040896,0.0,0.0,0.0,2.0,0.2,0.020000000000000004,78.0,0.42355210227777806,0.0022999536326144205
