id,probability_maraud,successful_mating,next_foraging_time,foraging_events,foraging_hrs,foraging_sqhrs,staying_events,staying_hrs,staying_sqhrs,repairing_events,repairing_hrs,repairing_sqhrs,marauding_events,marauding_hrs,marauding_sqhrs,traveling_events,traveling_hrs,traveling_sqhrs
0,0.054,25,359.92984958779954,561.0,69.90023775381154,14.287171007897467,571.0,96.99864377067642,20.85387134711016,1132.0,192.4973468899526,41.84229443070627,6.0,0.6,0.06000000000000001,34.0,0.18462527535185194,0.0010025438911396211
1,0.054,83,360.4645571200008,572.0,73.14965243159752,14.935663066492786,1455.0,250.05726108032957,54.14303465379098,213.0,36.34087850094316,7.782824829632099,1.0,0.1,0.010000000000000002,86.0,0.46699334353703736,0.002535846312882566
2,0.0,0,360.1658536513486,565.0,69.41683979781139,14.831446083432402,1721.0,290.61405755137065,61.794768106699344,0.0,0.0,0.0,0.0,0.0,0.0,0.0,0.0,0.0
3,0.0,0,359.96229361372303,566.0,72.83178938795676,15.328248391714364,1733.0,287.28669664399723,60.52396400805817,0.0,0.0,0.0,0.0,0.0,0.0,0.0,0.0,0.0
4,0.0,0,360.04432409693806,566.0,69.9991371343126,14.301342639641124,1734.0,290.01646918975285,61.76246185908942,0.0,0.0,0.0,0.0,0.0,0.0,0.0,0.0,0.0
5,0.054,0,359.84427276921303,568.0,72.17318101488506,14.706356472177964,1703.0,286.57101429191954,61.455508369757624,0.0,0.0,0.0,7.0,0.7,0.07,106.0,0.5755964466851856,0.003125578013552929
6,0.0,0,360.4901823363162,561.0,71.81886969902045,14.60977687370583,1687.0,288.4153772329056,62.211836646156485,0.0,0.0,0.0,0.0,0.0,0.0,0.0,0.0,0.0
7,0.054,0,360.05148212944897,565.0,71.55544130929768,15.14262933092993,1696.0,287.07914681595855,61.90760032448897,0.0,0.0,0.0,10.0,0.9999999999999999,0.10000000000000003,89.0,0.4832838090092596,0.0026243060679831203
8,0.054,0,360.0331413617883,574.0,71.07180204069289,14.834355654203629,1712.0,287.6534605180655,61.43577069980302,0.0,0.0,0.0,8.0,0.7999999999999999,0.08000000000000002,92.0,0.49957427448148184,0.002712765823083675
9,0.0,0,360.3965709048223,571.0,69.98979892372435,14.620125118020457,1702.0,290.2613257901168,62.17194859226771,0.0,0.0,0.0,0.0,0.0,0.0,0.0,0.0,0.0
10,0.0,0,360.09436352874616,574.0,68.70360522967788,13.807271066112172,1728.0,291.4414609191294,62.018969656785565,0.0,0.0,0.0,0.0,0.0,0.0,0.0,0.0,0.0
11,0.054,0,360.5141351357476,561.0,67.97693351946663,14.029747330925163,1735.0,291.04538932431166,62.07662297215251,0.0,0.0,0.0,6.0,0.6,0.06000000000000001,80.0,0.4344124125925929,0.002358926802681457
