id,probability_maraud,successful_mating,next_foraging_time,foraging_events,foraging_hrs,foraging_sqhrs,staying_events,staying_hrs,staying_sqhrs,repairing_events,repairing_hrs,repairing_sqhrs,marauding_events,marauding_hrs,marauding_sqhrs,traveling_events,traveling_hrs,traveling_sqhrs
0,0.054,30,360.05079364986005,559.0,69.04726232636452,13.973951102221164,658.0,110.91206370656604,24.06901364359825,1051.0,179.30624359185228,39.070068564909285,6.0,0.6,0.06000000000000001,28.0,0.15204434440740747,0.0008256243809385116
1,0.054,78,360.06278923510206,573.0,74.59195578104715,15.412863660560358,1450.0,247.3910536392996,53.32266285252318,226.0,36.739422251574425,7.812784924054563,9.0,0.8999999999999999,0.09000000000000002,111.0,0.6027472224722227,0.00327301093872052
2,0.0,0,360.0802600172254,558.0,71.32011159644168,15.007651447219255,1754.0,288.9686582108157,60.57428804211076,0.0,0.0,0.0,0.0,0.0,0.0,0.0,0.0,0.0
3,0.0,0,360.1623522282314,556.0,69.56242551226585,14.717670392726449,1748.0,290.695478455907,62.47103631999107,0.0,0.0,0.0,0.0,0.0,0.0,0.0,0.0,0.0
4,0.054,0,360.30370049005995,556.0,73.82570184095191,16.732237707769865,1690.0,285.59994391368997,61.87721658929423,0.0,0.0,0.0,2.0,0.2,0.020000000000000004,102.0,0.553875826055556,0.0030076316734188565
5,0.054,0,360.2725150319776,557.0,74.3713729451968,17.45722188835418,1664.0,284.2161753132446,61.740593737946746,0.0,0.0,0.0,9.0,0.8999999999999999,0.09000000000000002,97.0,0.5267250502685189,0.0028601987482512656
6,0.0,0,360.1712802060422,571.0,70.30114127130274,14.304624206285387,1729.0,289.7922284296865,61.36134513402037,0.0,0.0,0.0,0.0,0.0,0.0,0.0,0.0,0.0
7,0.0,0,360.4708332407052,561.0,72.4303787297912,15.328081509377784,1684.0,287.7006002423346,62.7020453720805,0.0,0.0,0.0,0.0,0.0,0.0,0.0,0.0,0.0
8,0.0,0,359.9835882541058,554.0,73.47957498868043,16.406260305224535,1715.0,286.5328389114404,60.84501478598162,0.0,0.0,0.0,0.0,0.0,0.0,0.0,0.0,0.0
9,0.054,0,360.09691793247947,555.0,73.2141100916667,16.9568950189348,1680.0,286.027924364083,61.35287283571394,0.0,0.0,0.0,6.0,0.6,0.06000000000000001,81.0,0.4398425677500003,0.002388413387714975
10,0.054,0,360.2161201145429,570.0,70.62357363010885,14.22577034035843,1706.0,288.7862917147162,61.65336074755932,0.0,0.0,0.0,4.0,0.4,0.04000000000000001,92.0,0.49957427448148184,0.002712765823083675
11,0.0,0,360.06169726732696,568.0,70.97036214220572,14.93052239300603,1704.0,289.0609843632729,61.895001557836096,0.0,0.0,0.0,0.0,0.0,0.0,0.0,0.0,0.0
