id,probability_maraud,successful_mating,next_foraging_time,foraging_events,foraging_hrs,foraging_sqhrs,staying_events,staying_hrs,staying_sqhrs,repairing_events,repairing_hrs,repairing_sqhrs,marauding_events,marauding_hrs,marauding_sqhrs,traveling_events,traveling_hrs,traveling_sqhrs
0,0.054,30,359.8659338223357,571.0,72.50597852427036,15.649975146250831,637.0,104.11192090804042,21.87252950133121,1068.0,182.58157475462107,39.94475188237598,6.0,0.6,0.06000000000000001,55.0,0.2986585336574076,0.0016217621768435026
1,0.054,78,359.9468655583287,573.0,70.88527471520624,14.590971076287394,1481.0,251.6138404443555,54.62786544304413,215.0,36.84002927583687,7.98104217525289,2.0,0.2,0.020000000000000004,103.0,0.5593059812129634,0.0030371182584523746
2,0.0,0,360.18381553105587,563.0,72.05866699927694,15.651338443988578,1742.0,287.99021075632663,60.98666885711572,0.0,0.0,0.0,0.0,0.0,0.0,0.0,0.0,0.0
3,0.054,0,360.1172391583768,574.0,71.06154494558545,15.03751078536769,1710.0,288.02118301791086,61.79896230447655,0.0,0.0,0.0,5.0,0.5,0.05000000000000001,105.0,0.5701662915277782,0.003096091428519411
4,0.054,0,359.93457903583857,570.0,69.57969537711473,13.585643045959573,1704.0,288.758957842639,61.97829962490168,0.0,0.0,0.0,11.0,1.0999999999999999,0.11000000000000004,117.0,0.6353281534166672,0.003449930448921629
5,0.0,0,360.39388683664725,554.0,70.36445128278402,14.879330124697706,1733.0,289.7694848218273,61.677790277989146,0.0,0.0,0.0,0.0,0.0,0.0,0.0,0.0,0.0
6,0.0,0,359.9833564578668,566.0,73.3551693837723,15.763054666043216,1657.0,286.7318071710074,62.25863969041683,0.0,0.0,0.0,0.0,0.0,0.0,0.0,0.0,0.0
7,0.0,0,360.0426304374714,562.0,69.37038390847182,13.32100368683336,1695.0,290.6682468105061,62.75526812411124,0.0,0.0,0.0,0.0,0.0,0.0,0.0,0.0,0.0
8,0.0,0,360.02220252157514,569.0,73.23975685969602,16.63427320332854,1722.0,286.9559422508903,61.36265246742307,0.0,0.0,0.0,0.0,0.0,0.0,0.0,0.0,0.0
9,0.054,0,360.48405282393946,566.0,70.45210371224402,14.695879949256753,1734.0,288.722874286863,61.330946243658346,0.0,0.0,0.0,4.0,0.4,0.04000000000000001,102.0,0.553875826055556,0.0030076316734188565
10,0.0,0,360.7743728291026,572.0,69.73922577595975,14.74502777478847,1724.0,290.54935898456137,62.137686972688904,0.0,0.0,0.0,0.0,0.0,0.0,0.0,0.0,0.0
11,0.054,0,360.40826806812595,565.0,71.09392200657803,15.133876786274925,1678.0,287.72941494324664,62.0619202558467,0.0,0.0,0.0,8.0,0.7999999999999999,0.08000000000000002,91.0,0.4941441193240744,0.0026832792380501566
