id,probability_maraud,successful_mating,next_foraging_time,foraging_events,foraging_hrs,foraging_sqhrs,staying_events,staying_hrs,staying_sqhrs,repairing_events,repairing_hrs,repairing_sqhrs,marauding_events,marauding_hrs,marauding_sqhrs,traveling_events,traveling_hrs,traveling_sqhrs
0,0.0,39,360.31445848376694,572.0,70.73308998885177,14.734211429461933,560.0,96.32288648319103,20.902377554462838,1149.0,192.9744212093247,41.13778812690222,0.0,0.0,0.0,0.0,0.0,0.0
1,0.054,69,360.20185046107827,581.0,70.78063845105862,14.652949172975752,1695.0,288.4828199559612,61.70545011235885,0.0,0.0,0.0,4.0,0.4,0.04000000000000001,88.0,0.4778536538518522,0.002594819482949602
2,0.0,0,360.2810576896265,563.0,72.63938282025745,15.125526600431442,1715.0,287.53277171595533,61.42355467448187,0.0,0.0,0.0,0.0,0.0,0.0,0.0,0.0,0.0
3,0.0,0,360.04050688814056,563.0,72.25688318982324,15.114826064858946,1710.0,287.82958227433113,61.30164435775757,0.0,0.0,0.0,0.0,0.0,0.0,0.0,0.0,0.0
4,0.0,0,360.18689396361214,569.0,68.47604874053161,13.841142493662927,1771.0,291.6039172623722,60.7390498102858,0.0,0.0,0.0,0.0,0.0,0.0,0.0,0.0,0.0
5,0.054,0,359.99321472153576,577.0,70.9767580208109,14.643348499205324,1733.0,288.0577192194433,61.12551934344189,0.0,0.0,0.0,6.0,0.6,0.06000000000000001,97.0,0.5267250502685189,0.0028601987482512656
6,0.054,0,360.0440536873149,578.0,69.65316279225505,14.008765338970928,1696.0,289.8087669705085,62.37157309910744,0.0,0.0,0.0,3.0,0.30000000000000004,0.030000000000000006,86.0,0.46699334353703736,0.002535846312882566
7,0.0,0,360.29835657269416,571.0,69.40031313572028,14.161362339060354,1746.0,290.71991474534946,61.943585119621254,0.0,0.0,0.0,0.0,0.0,0.0,0.0,0.0,0.0
8,0.054,0,360.1922663550704,561.0,67.71746132808602,13.596373363352283,1716.0,290.9888529301936,62.84837062249397,0.0,0.0,0.0,7.0,0.7,0.07,116.0,0.6298979982592597,0.003420443863888111
9,0.054,0,359.908958152315,548.0,72.1258248218262,15.28009635134523,1689.0,287.2192164312462,61.560249493670476,0.0,0.0,0.0,3.0,0.30000000000000004,0.030000000000000006,85.0,0.46156318837962995,0.0025063597278490476
10,0.054,0,360.40271863689196,561.0,71.89738839031104,15.343512087346868,1697.0,286.66100018730845,61.18699009728335,0.0,0.0,0.0,9.0,0.8999999999999999,0.09000000000000002,102.0,0.553875826055556,0.0030076316734188565
11,0.0,0,360.23375847245535,541.0,74.44375796362779,15.78542659755861,1678.0,285.71052406166376,62.14728541621972,0.0,0.0,0.0,0.0,0.0,0.0,0.0,0.0,0.0
