id,probability_maraud,successful_mating,next_foraging_time,foraging_events,foraging_hrs,foraging_sqhrs,staying_events,staying_hrs,staying_sqhrs,repairing_events,repairing_hrs,repairing_sqhrs,marauding_events,marauding_hrs,marauding_sqhrs,traveling_events,traveling_hrs,traveling_sqhrs
0,0.0,25,359.9881300377819,573.0,69.26306713798236,13.828994066385844,515.0,86.8648074595259,18.338100752934107,1198.0,203.97724747701596,43.16937352942746,0.0,0.0,0.0,0.0,0.0,0.0
1,0.054,83,360.1275696308363,558.0,70.97866928777752,14.436946304283403,1706.0,288.0397515499062,61.70602392032468,0.0,0.0,0.0,5.0,0.5,0.05000000000000001,93.0,0.5050044296388893,0.002742252408117193
2,0.0,0,360.17052243395227,566.0,68.21496742192016,13.071585643977915,1707.0,292.08484236080386,63.29377170851278,0.0,0.0,0.0,0.0,0.0,0.0,0.0,0.0,0.0
3,0.054,0,359.7800458973798,558.0,72.05396260302028,14.817568110170651,1696.0,287.0282269116778,61.98421310053943,0.0,0.0,0.0,4.0,0.4,0.04000000000000001,102.0,0.553875826055556,0.0030076316734188565
4,0.0,0,360.08499172263924,560.0,70.08793511271128,14.541855280805457,1744.0,289.9836249248285,61.66954911298432,0.0,0.0,0.0,0.0,0.0,0.0,0.0,0.0,0.0
5,0.054,0,359.7988941146499,565.0,71.56556481192644,14.541633422552733,1674.0,287.457309752711,62.8168319927781,0.0,0.0,0.0,5.0,0.5,0.05000000000000001,97.0,0.5267250502685189,0.0028601987482512656
6,0.0,0,360.3511486601495,580.0,74.77742147402519,15.804968418099518,1689.0,285.32014940748513,61.195958882372764,0.0,0.0,0.0,0.0,0.0,0.0,0.0,0.0,0.0
7,0.0,0,360.5700929978209,576.0,69.50802037244914,13.674833295687806,1742.0,290.56343450073257,61.232651488619716,0.0,0.0,0.0,0.0,0.0,0.0,0.0,0.0,0.0
8,0.0,0,360.03304261746325,549.0,70.67145488485538,15.124302623475513,1699.0,289.4066204603684,62.684631702728666,0.0,0.0,0.0,0.0,0.0,0.0,0.0,0.0,0.0
9,0.054,0,359.98227057969234,562.0,74.09931138020723,16.616945092837273,1684.0,284.64365513090905,60.30314115123871,0.0,0.0,0.0,7.0,0.7,0.07,103.0,0.5593059812129634,0.0030371182584523746
10,0.054,0,360.2995059972686,566.0,74.185420741508,15.932652503448452,1684.0,284.71609213531906,60.97913038411946,0.0,0.0,0.0,9.0,0.8999999999999999,0.09000000000000002,92.0,0.49957427448148184,0.002712765823083675
11,0.054,0,360.1843947188851,550.0,69.24212922143269,14.004102205752371,1729.0,289.9999838029045,61.85892683445486,0.0,0.0,0.0,4.0,0.4,0.04000000000000001,82.0,0.4452727229074077,0.002417899972748493
