id,probability_maraud,successful_mating,next_foraging_time,foraging_events,foraging_hrs,foraging_sqhrs,staying_events,staying_hrs,staying_sqhrs,repairing_events,repairing_hrs,repairing_sqhrs,marauding_events,marauding_hrs,marauding_sqhrs,traveling_events,traveling_hrs,traveling_sqhrs
0,0.054,24,360.55799700403,571.0,75.1203792057767,16.639649713567977,544.0,93.9316836521095,20.51081682815395,1121.0,190.39504697905824,40.78066472090188,5.0,0.5,0.05000000000000001,26.0,0.14118403409259264,0.000766651210871475
1,0.054,84,360.28066306497925,561.0,70.48384936317743,15.020090254538045,1516.0,258.02926433982316,56.07133223272958,180.0,30.52788064332136,6.517718487005303,6.0,0.6,0.06000000000000001,107.0,0.581026601842593,0.0031550645985864473
2,0.0,0,360.1378263756239,571.0,70.21156672937225,15.013470640263733,1713.0,289.97593934495404,61.59769636155643,0.0,0.0,0.0,0.0,0.0,0.0,0.0,0.0,0.0
3,0.054,0,360.5827098067434,564.0,72.61527078677142,15.33406857548671,1712.0,286.0040668298225,60.99376753916813,0.0,0.0,0.0,9.0,0.8999999999999999,0.09000000000000002,96.0,0.5212948951111115,0.0028307121632177475
4,0.054,0,360.04678689391733,566.0,71.55810171673289,15.239248708323784,1693.0,287.5285142279081,61.64999307075707,0.0,0.0,0.0,5.0,0.5,0.05000000000000001,83.0,0.4507028780648151,0.0024473865577820113
5,0.0,0,360.4003852309998,564.0,75.93735583732018,16.943897585727843,1676.0,284.13123892708336,60.90838277625356,0.0,0.0,0.0,0.0,0.0,0.0,0.0,0.0,0.0
6,0.054,0,360.281716410557,564.0,66.40860093034769,12.885040009621505,1713.0,292.48937132749097,63.26697166571155,0.0,0.0,0.0,7.0,0.7,0.07,97.0,0.5267250502685189,0.0028601987482512656
7,0.0,0,360.00787175836484,562.0,70.23924590293021,14.671134462842657,1724.0,289.7978809111755,62.33919071436736,0.0,0.0,0.0,0.0,0.0,0.0,0.0,0.0,0.0
8,0.054,0,360.11984855766343,562.0,70.88754037565691,15.41191455777729,1699.0,288.1353218385857,62.537005436913915,0.0,0.0,0.0,5.0,0.5,0.05000000000000001,93.0,0.5050044296388893,0.002742252408117193
9,0.0,0,360.0731027630913,555.0,67.958807358191,13.650908648714765,1701.0,292.213228550607,62.730466922038175,0.0,0.0,0.0,0.0,0.0,0.0,0.0,0.0,0.0
10,0.0,0,360.46673937409497,576.0,71.26762775136679,14.422638961208039,1736.0,288.8071822173092,61.0409991327645,0.0,0.0,0.0,0.0,0.0,0.0,0.0,0.0,0.0
11,0.0,0,360.3900651184075,561.0,67.07444711879685,13.194609741410211,1743.0,292.99878304713684,61.93997124006026,0.0,0.0,0.0,0.0,0.0,0.0,0.0,0.0,0.0
