id,probability_maraud,successful_mating,next_foraging_time,foraging_events,foraging_hrs,foraging_sqhrs,staying_events,staying_hrs,staying_sqhrs,repairing_events,repairing_hrs,repairing_sqhrs,marauding_events,marauding_hrs,marauding_sqhrs,traveling_events,traveling_hrs,traveling_sqhrs
0,0.0,28,360.1823074377251,562.0,71.23784990979317,15.001306436998446,663.0,108.12469807329688,22.70886214416506,1060.0,180.6466633483752,39.478405991233615,0.0,0.0,0.0,0.0,0.0,0.0
1,0.054,80,360.14146270332054,563.0,74.64164217869909,15.863160576821672,1675.0,284.2192304755318,61.512930901112185,0.0,0.0,0.0,7.0,0.7,0.07,81.0,0.4398425677500003,0.002388413387714975
2,0.054,0,359.95247531416976,570.0,70.28704259540874,14.626191683635414,1690.0,288.83802479748516,62.026578921056405,0.0,0.0,0.0,4.0,0.4,0.04000000000000001,97.0,0.5267250502685189,0.0028601987482512656
3,0.054,0,360.0864675211193,572.0,71.11683298368368,14.909817789039314,1686.0,287.9344487877237,62.37206457432877,0.0,0.0,0.0,6.0,0.6,0.06000000000000001,94.0,0.5104345847962967,0.002771738993150711
4,0.0,0,360.4488266266822,554.0,70.96883841417304,14.718473907324517,1698.0,289.05048182116116,61.88685292590179,0.0,0.0,0.0,0.0,0.0,0.0,0.0,0.0,0.0
5,0.0,0,360.16099362040114,560.0,72.19419160318664,14.940699748844088,1684.0,287.84859608849524,61.749047426103516,0.0,0.0,0.0,0.0,0.0,0.0,0.0,0.0,0.0
6,0.0,0,360.2215465913855,568.0,70.16410334663021,14.54230990440591,1716.0,289.8759289030264,62.02473454984962,0.0,0.0,0.0,0.0,0.0,0.0,0.0,0.0,0.0
7,0.0,0,359.98571802818327,560.0,70.99209548496346,14.585868044368075,1735.0,289.14611452095033,62.29131696619005,0.0,0.0,0.0,0.0,0.0,0.0,0.0,0.0,0.0
8,0.054,0,360.2269974652652,573.0,73.33346799199346,15.70215070631577,1687.0,285.69209170358255,61.32542205423553,0.0,0.0,0.0,4.0,0.4,0.04000000000000001,106.0,0.5755964466851856,0.003125578013552929
9,0.0,0,359.84181557427956,572.0,68.44542841992069,13.531608198998548,1721.0,291.6635728795198,62.33257107175364,0.0,0.0,0.0,0.0,0.0,0.0,0.0,0.0,0.0
10,0.054,0,360.2212949713466,564.0,72.36103843915107,15.261469580154936,1690.0,286.34263111278716,61.17121269027815,0.0,0.0,0.0,8.0,0.7999999999999999,0.08000000000000002,110.0,0.5973170673148153,0.003243524353687002
11,0.054,0,360.13898236098476,567.0,72.63807857562418,14.765259296339167,1695.0,286.76024460927556,61.06639074649273,0.0,0.0,0.0,1.0,0.1,0.010000000000000002,95.0,0.5158647399537041,0.0028012255781842293
