id,probability_maraud,successful_mating,next_foraging_time,foraging_events,foraging_hrs,foraging_sqhrs,staying_events,staying_hrs,staying_sqhrs,repairing_events,repairing_hrs,repairing_sqhrs,marauding_events,marauding_hrs,marauding_sqhrs,traveling_events,traveling_hrs,traveling_sqhrs
0,0.054,34,360.6148373874136,572.0,72.96679412649944,14.959468594391058,585.0,96.88710484089243,20.249487360206402,1111.0,189.5618247646575,40.16923708363021,5.0,0.5,0.05000000000000001,27.0,0.14661418925000005,0.0007961377959049933
1,0.054,74,360.54023572505736,563.0,70.4900931287522,14.895719536503638,1546.0,258.4362731274692,54.62991558028893,187.0,30.786784600988774,6.629767771218218,2.0,0.2,0.020000000000000004,77.0,0.41812194712037065,0.0022704670475809023
2,0.0,0,360.00046427663904,562.0,69.04143105300173,14.037293354236109,1720.0,291.0916552317781,62.524266864852514,0.0,0.0,0.0,0.0,0.0,0.0,0.0,0.0,0.0
3,0.0,0,360.41208293009225,571.0,70.18663544151687,14.501339627831346,1706.0,289.92087903947163,62.557930667822184,0.0,0.0,0.0,0.0,0.0,0.0,0.0,0.0,0.0
4,0.0,0,360.0296721094098,563.0,74.19400529496049,15.845572662920718,1730.0,286.0060630469662,59.9789861165836,0.0,0.0,0.0,0.0,0.0,0.0,0.0,0.0,0.0
5,0.0,0,360.5914787049345,574.0,68.83879996379837,13.818503469708224,1735.0,291.34199613660905,61.96393931020646,0.0,0.0,0.0,0.0,0.0,0.0,0.0,0.0,0.0
6,0.054,0,360.45409929269306,567.0,72.27076294908333,15.287647092661338,1678.0,286.48116785634596,62.10437098739507,0.0,0.0,0.0,8.0,0.7999999999999999,0.08000000000000002,90.0,0.488713964166667,0.0026537926530166385
7,0.0,0,360.2240823214823,568.0,73.63516045522161,16.244553769167084,1686.0,286.4287136995313,61.87787512579975,0.0,0.0,0.0,0.0,0.0,0.0,0.0,0.0,0.0
8,0.054,0,359.908429604358,561.0,72.01612868722705,16.50854483833702,1717.0,286.40667640273483,61.36533599960254,0.0,0.0,0.0,11.0,1.0999999999999999,0.11000000000000004,98.0,0.5321552054259263,0.002889685333284784
9,0.054,0,359.99813103454517,573.0,70.6234005236817,14.16363076269,1741.0,288.4214149687632,60.464872003729944,0.0,0.0,0.0,5.0,0.5,0.05000000000000001,107.0,0.581026601842593,0.0031550645985864473
10,0.054,0,360.4625485461795,573.0,67.95797510020749,13.018172876620884,1732.0,291.24639065207475,61.92465701821532,0.0,0.0,0.0,5.0,0.5,0.05000000000000001,87.0,0.4724234986944448,0.002565332897916084
11,0.0,0,359.9347498956165,571.0,70.11683793471845,13.306877412067202,1703.0,289.95408635145753,62.86357041014501,0.0,0.0,0.0,0.0,0.0,0.0,0.0,0.0,0.0
