id,probability_maraud,successful_mating,next_foraging_time,foraging_events,foraging_hrs,foraging_sqhrs,staying_events,staying_hrs,staying_sqhrs,repairing_events,repairing_hrs,repairing_sqhrs,marauding_events,marauding_hrs,marauding_sqhrs,traveling_events,traveling_hrs,traveling_sqhrs
0,0.054,42,360.0350856609419,557.0,69.66818280511995,14.290635319023764,716.0,118.43844751498597,25.594604115230876,996.0,171.05085758765037,36.98575217056733,7.0,0.7,0.07,41.0,0.22263636145370383,0.0012089499863742483
1,0.054,65,359.92789517615256,559.0,75.93371117874233,17.084794927641454,1400.0,241.84338385787112,52.74246302490172,252.0,41.37709626855845,8.432149546409436,4.0,0.4,0.04000000000000001,95.0,0.5158647399537041,0.0028012255781842293
2,0.0,0,360.25194080712964,575.0,72.25405035670632,14.586402325267704,1689.0,287.78404156649236,62.08595408864667,0.0,0.0,0.0,0.0,0.0,0.0,0.0,0.0,0.0
3,0.054,0,360.18236190819545,573.0,66.30096157171057,12.49156158827717,1741.0,292.5359274029693,61.651616261269965,0.0,0.0,0.0,9.0,0.8999999999999999,0.09000000000000002,85.0,0.46156318837962995,0.0025063597278490476
4,0.0,0,359.9821260921153,559.0,69.12791743254054,14.623957177244442,1718.0,291.1458009699942,63.13878176242342,0.0,0.0,0.0,0.0,0.0,0.0,0.0,0.0,0.0
5,0.0,0,360.06615186985107,570.0,70.45902886330539,14.818961471664831,1724.0,289.59894767268275,62.08246595346522,0.0,0.0,0.0,0.0,0.0,0.0,0.0,0.0,0.0
6,0.054,0,360.07177004613897,553.0,71.60489936048205,14.90488755818127,1669.0,287.45981672470367,62.38129375031353,0.0,0.0,0.0,4.0,0.4,0.04000000000000001,101.0,0.5484456708981486,0.0029781450883853383
7,0.054,0,360.01897236115997,567.0,67.44056328432755,13.584929235510486,1782.0,291.7237231602068,61.24163983411642,0.0,0.0,0.0,4.0,0.4,0.04000000000000001,96.0,0.5212948951111115,0.0028307121632177475
8,0.054,0,360.0167934635601,567.0,74.22207759848325,16.337483592540192,1732.0,284.5997579401398,59.497582482070364,0.0,0.0,0.0,7.0,0.7,0.07,103.0,0.5593059812129634,0.0030371182584523746
9,0.0,0,360.2373741791649,562.0,69.37509378643779,14.790497339357913,1749.0,290.636051597827,61.312936772845156,0.0,0.0,0.0,0.0,0.0,0.0,0.0,0.0,0.0
10,0.0,0,360.1692674410382,562.0,68.18689624020362,13.956336562802917,1689.0,292.0488342869178,63.012298222504526,0.0,0.0,0.0,0.0,0.0,0.0,0.0,0.0,0.0
11,0.0,0,360.4353326519617,569.0,70.46647454070866,13.974291736768333,1687.0,289.7200773373686,62.019055120572524,0.0,0.0,0.0,0.0,0.0,0.0,0.0,0.0,0.0
