id,probability_maraud,successful_mating,next_foraging_time,foraging_events,foraging_hrs,foraging_sqhrs,staying_events,staying_hrs,staying_sqhrs,repairing_events,repairing_hrs,repairing_sqhrs,marauding_events,marauding_hrs,marauding_sqhrs,traveling_events,traveling_hrs,traveling_sqhrs
0,0.054,29,360.01903436541306,570.0,69.99627071930796,13.520498404570803,555.0,94.0315751304463,20.128834947552217,1164.0,195.6887533203499,41.443051787434634,5.0,0.5,0.05000000000000001,28.0,0.15204434440740747,0.0008256243809385116
1,0.0,79,360.54850372877615,572.0,67.91980016537343,13.579504526426476,1535.0,261.6810861622734,55.927939932381896,178.0,30.45658592747163,6.578033907278894,0.0,0.0,0.0,0.0,0.0,0.0
2,0.0,0,359.97651035810395,569.0,72.11180534229344,14.745091608697267,1757.0,287.9653166949783,60.498598823118336,0.0,0.0,0.0,0.0,0.0,0.0,0.0,0.0,0.0
3,0.054,0,360.07280664227784,572.0,69.62532755396819,13.904607965109003,1676.0,289.2037334545609,62.2959617556619,0.0,0.0,0.0,8.0,0.7999999999999999,0.08000000000000002,79.0,0.4289822574351855,0.0023294402176479386
4,0.054,0,360.2574877305476,561.0,72.33644493060548,15.528816204485127,1700.0,286.4012157641699,60.557022712946605,0.0,0.0,0.0,8.0,0.7999999999999999,0.08000000000000002,92.0,0.49957427448148184,0.002712765823083675
5,0.0,0,360.0621694427617,569.0,70.02320945206051,14.263271428761879,1721.0,290.02528465769893,61.95966154177307,0.0,0.0,0.0,0.0,0.0,0.0,0.0,0.0,0.0
6,0.054,0,360.16295705523925,578.0,72.26239034964071,15.760353825100728,1713.0,287.0160011596232,60.66500671998299,0.0,0.0,0.0,3.0,0.30000000000000004,0.030000000000000006,85.0,0.46156318837962995,0.0025063597278490476
7,0.054,0,359.8971252396349,549.0,70.6990259591279,15.682621313668177,1734.0,288.18408555415084,61.18204844726807,0.0,0.0,0.0,7.0,0.7,0.07,114.0,0.6190376879444449,0.0033614706938210745
8,0.0,0,360.06257513090605,573.0,72.22011627070032,15.816706380430468,1631.0,287.9467102890733,63.65177580774528,0.0,0.0,0.0,0.0,0.0,0.0,0.0,0.0,0.0
9,0.0,0,360.3631914412492,565.0,70.22769192505386,15.022184205622356,1715.0,289.81296308357486,61.943002352836885,0.0,0.0,0.0,0.0,0.0,0.0,0.0,0.0,0.0
10,0.0,0,359.99374530977707,567.0,68.90634463573973,14.743749116487226,1706.0,291.22027964553416,62.90551105503877,0.0,0.0,0.0,0.0,0.0,0.0,0.0,0.0,0.0
11,0.054,0,360.1716320648381,572.0,71.96261880684801,15.356449256581326,1700.0,286.9798644464692,61.814819364710054,0.0,0.0,0.0,6.0,0.6,0.06000000000000001,119.0,0.646188463731482,0.0035089036189886653
