id,probability_maraud,successful_mating,next_foraging_time,foraging_events,foraging_hrs,foraging_sqhrs,staying_events,staying_hrs,staying_sqhrs,repairing_events,repairing_hrs,repairing_sqhrs,marauding_events,marauding_hrs,marauding_sqhrs,traveling_events,traveling_hrs,traveling_sqhrs
0,0.054,42,360.3052666572092,558.0,70.53771720724185,14.434182460789721,696.0,120.37589358061211,26.68253143460559,956.0,168.58398043577967,37.25397904461884,3.0,0.30000000000000004,0.030000000000000006,44.0,0.23892682692592607,0.0012974097414748028
1,0.054,66,359.649195584642,572.0,69.10360710282794,14.37057003108786,1545.0,271.2444692505793,59.4777279937951,108.0,18.473821708118304,4.017456816154528,6.0,0.6,0.06000000000000001,109.0,0.5918869121574079,0.0032140377686534836
2,0.0,0,360.12117024477345,578.0,70.58652007077258,14.578553377865386,1701.0,289.45183466380405,61.89343255015976,0.0,0.0,0.0,0.0,0.0,0.0,0.0,0.0,0.0
3,0.0,0,360.1240330351769,567.0,72.34543255068563,15.658468000093611,1712.0,287.9170676326768,61.60526645145807,0.0,0.0,0.0,0.0,0.0,0.0,0.0,0.0,0.0
4,0.054,0,360.4585893712787,575.0,71.006594798275,14.499622955958058,1716.0,288.1110802394208,61.05785070758968,0.0,0.0,0.0,6.0,0.6,0.06000000000000001,103.0,0.5593059812129634,0.0030371182584523746
5,0.0,0,359.7578166034716,558.0,73.89514302029133,16.416434400723293,1737.0,286.1380031492103,59.04924787013879,0.0,0.0,0.0,0.0,0.0,0.0,0.0,0.0,0.0
6,0.054,0,360.2937265875692,543.0,71.11716348044314,16.736859248199913,1760.0,288.07503407756013,60.44707334463046,0.0,0.0,0.0,4.0,0.4,0.04000000000000001,93.0,0.5050044296388893,0.002742252408117193
7,0.054,0,359.95946819337024,562.0,69.62200295690039,14.641569707708197,1721.0,289.16959686293666,61.95143932713638,0.0,0.0,0.0,8.0,0.7999999999999999,0.08000000000000002,92.0,0.49957427448148184,0.002712765823083675
8,0.054,0,360.3791729922777,563.0,66.42561885882044,12.767997792965287,1737.0,292.82489582632905,63.063520515709314,0.0,0.0,0.0,4.0,0.4,0.04000000000000001,88.0,0.4778536538518522,0.002594819482949602
9,0.0,0,360.0652080683418,562.0,72.08435011597369,14.931480897602,1750.0,288.2230042609046,61.003790477941635,0.0,0.0,0.0,0.0,0.0,0.0,0.0,0.0,0.0
10,0.0,0,360.00304742429415,560.0,69.95795352164568,13.85608122389069,1723.0,290.0746598416239,61.47312363722712,0.0,0.0,0.0,0.0,0.0,0.0,0.0,0.0,0.0
11,0.0,0,360.0357218983599,569.0,70.40522157988937,13.990099599279697,1692.0,289.65444303866695,62.68974187039776,0.0,0.0,0.0,0.0,0.0,0.0,0.0,0.0,0.0
