id,probability_maraud,successful_mating,next_foraging_time,foraging_events,foraging_hrs,foraging_sqhrs,staying_events,staying_hrs,staying_sqhrs,repairing_events,repairing_hrs,repairing_sqhrs,marauding_events,marauding_hrs,marauding_sqhrs,traveling_events,traveling_hrs,traveling_sqhrs
0,0.054,31,360.44830548609775,568.0,71.03573733190822,14.865140037108072,673.0,111.13556570653893,23.577388343573382,1037.0,177.35287982567885,37.971090166895046,4.0,0.4,0.04000000000000001,34.0,0.18462527535185194,0.0010025438911396211
1,0.0,77,360.53056892491156,558.0,72.73281209251391,15.447593945144225,1547.0,262.73296917784694,56.74628468888325,154.0,24.570089302486917,5.028095291051973,0.0,0.0,0.0,0.0,0.0,0.0
2,0.0,0,360.2236230005974,568.0,66.02186045070157,12.473440313933773,1759.0,294.03378494863614,62.63455388399518,0.0,0.0,0.0,0.0,0.0,0.0,0.0,0.0,0.0
3,0.054,0,359.8867462417714,556.0,71.49935235179977,16.10628718628646,1689.0,287.6421444983576,61.75038503811968,0.0,0.0,0.0,5.0,0.5,0.05000000000000001,90.0,0.488713964166667,0.0026537926530166385
4,0.054,0,360.3949808475263,574.0,70.18948888601957,14.310269579753589,1718.0,288.5656943678187,61.08012327879068,0.0,0.0,0.0,9.0,0.8999999999999999,0.09000000000000002,80.0,0.4344124125925929,0.002358926802681457
5,0.0,0,360.4124528144237,575.0,69.63663726699033,14.157233941477147,1725.0,290.42974979764074,61.56361919500365,0.0,0.0,0.0,0.0,0.0,0.0,0.0,0.0,0.0
6,0.0,0,360.1483232357057,575.0,70.73217933847243,14.240556609572636,1735.0,289.2949618756308,61.05512792781515,0.0,0.0,0.0,0.0,0.0,0.0,0.0,0.0,0.0
7,0.0,0,360.1957099887965,573.0,67.91929311252238,13.942809175622784,1711.0,292.2503719479153,63.38248623527675,0.0,0.0,0.0,0.0,0.0,0.0,0.0,0.0,0.0
8,0.0,0,360.25351847272145,563.0,70.87602034140887,14.858619596036581,1681.0,289.21146978351686,62.45622240223217,0.0,0.0,0.0,0.0,0.0,0.0,0.0,0.0,0.0
9,0.054,0,360.10265941913167,560.0,69.57565991268866,14.83621764231295,1729.0,289.4098659332305,61.94044976027323,0.0,0.0,0.0,5.0,0.5,0.05000000000000001,106.0,0.5755964466851856,0.003125578013552929
10,0.054,0,360.43264647277624,560.0,71.48281369467108,14.85540067775419,1702.0,287.63107507683793,61.58553719794465,0.0,0.0,0.0,5.0,0.5,0.05000000000000001,97.0,0.5267250502685189,0.0028601987482512656
11,0.054,0,360.3430643182986,561.0,68.58746447029125,13.49658031930252,1721.0,290.46358870681416,62.59839002335856,0.0,0.0,0.0,5.0,0.5,0.05000000000000001,87.0,0.4724234986944448,0.002565332897916084
