id,probability_maraud,successful_mating,next_foraging_time,foraging_events,foraging_hrs,foraging_sqhrs,staying_events,staying_hrs,staying_sqhrs,repairing_events,repairing_hrs,repairing_sqhrs,marauding_events,marauding_hrs,marauding_sqhrs,traveling_events,traveling_hrs,traveling_sqhrs
0,0.0,20,360.221641282616,569.0,72.51215129059834,16.417170717922804,529.0,89.93760141255929,19.70813890737253,1176.0,197.62020219283053,42.360379596075745,0.0,0.0,0.0,0.0,0.0,0.0
1,0.054,88,360.1263799559507,578.0,66.20312345488605,12.618961324922111,1727.0,292.8088925834126,62.405338911503684,0.0,0.0,0.0,5.0,0.5,0.05000000000000001,103.0,0.5593059812129634,0.0030371182584523746
2,0.054,0,360.63492801565303,561.0,71.07409189363726,14.911887197743946,1690.0,287.7576406949873,61.648038069725374,0.0,0.0,0.0,7.0,0.7,0.07,91.0,0.4941441193240744,0.0026832792380501566
3,0.0,0,360.2253387530263,563.0,69.70180012854073,13.962526968448744,1754.0,290.4657427014362,61.217527709114236,0.0,0.0,0.0,0.0,0.0,0.0,0.0,0.0,0.0
4,0.054,0,360.566165577526,571.0,69.84156985236429,14.765100170215456,1677.0,288.88112287347167,62.47241867369646,0.0,0.0,0.0,8.0,0.7999999999999999,0.08000000000000002,99.0,0.5375853605833337,0.002919171918318302
5,0.054,0,359.7638928372549,561.0,69.47983572309583,14.652593892976949,1697.0,289.3996626641666,62.934889005450366,0.0,0.0,0.0,7.0,0.7,0.07,102.0,0.553875826055556,0.0030076316734188565
6,0.054,0,360.126901604669,572.0,74.01083183932363,16.555278704313007,1684.0,285.1162499469309,61.015623762426294,0.0,0.0,0.0,5.0,0.5,0.05000000000000001,95.0,0.5158647399537041,0.0028012255781842293
7,0.054,0,360.31826304635956,575.0,68.91587694933533,13.879629240200389,1720.0,290.5909188404187,62.60812693830415,0.0,0.0,0.0,1.0,0.1,0.010000000000000002,89.0,0.4832838090092596,0.0026243060679831203
8,0.0,0,360.30237525721435,569.0,68.55837361642779,14.62832485311625,1662.0,291.4921747558112,64.13009580701699,0.0,0.0,0.0,0.0,0.0,0.0,0.0,0.0,0.0
9,0.0,0,360.4927878949754,570.0,75.36137988932842,16.12294603374961,1662.0,284.74920377281404,61.63245910139284,0.0,0.0,0.0,0.0,0.0,0.0,0.0,0.0,0.0
10,0.0,0,359.8390417067392,555.0,71.53180514309219,14.918371538060908,1692.0,288.48480055852593,62.57506299604954,0.0,0.0,0.0,0.0,0.0,0.0,0.0,0.0,0.0
11,0.0,0,359.93683902966586,564.0,74.03730197074503,16.851174525479557,1681.0,286.06805198464735,61.29723804679434,0.0,0.0,0.0,0.0,0.0,0.0,0.0,0.0,0.0
