id,probability_maraud,successful_mating,next_foraging_time,foraging_events,foraging_hrs,foraging_sqhrs,staying_events,staying_hrs,staying_sqhrs,repairing_events,repairing_hrs,repairing_sqhrs,marauding_events,marauding_hrs,marauding_sqhrs,traveling_events,traveling_hrs,traveling_sqhrs
0,0.054,35,360.4916994647751,563.0,70.96174982135476,15.47095885910002,618.0,105.8122527229399,22.89244000862205,1103.0,182.6753237426835,38.242891734429385,4.0,0.4,0.04000000000000001,35.0,0.19005543050925935,0.0010320304761731393
1,0.0,73,360.10892132829554,554.0,71.65977465396726,15.536712747206776,1533.0,264.13320432391055,57.08962299385306,146.0,24.25865696161578,5.20773206675285,0.0,0.0,0.0,0.0,0.0,0.0
2,0.0,0,360.5254944910936,577.0,71.69401989457344,14.526336155188357,1717.0,288.3373945700464,61.86795240427233,0.0,0.0,0.0,0.0,0.0,0.0,0.0,0.0,0.0
3,0.0,0,360.3508780902486,572.0,69.98821527226029,14.49614555690772,1734.0,290.0702526373289,61.04039555124457,0.0,0.0,0.0,0.0,0.0,0.0,0.0,0.0,0.0
4,0.054,0,360.49373841231284,571.0,71.26347294289194,14.327876106141298,1703.0,287.92890899355825,61.91720550646991,0.0,0.0,0.0,5.0,0.5,0.05000000000000001,77.0,0.41812194712037065,0.0022704670475809023
5,0.0,0,360.2982604337135,566.0,71.49147880421125,15.229108032538448,1699.0,288.51568880581334,62.34161019803238,0.0,0.0,0.0,0.0,0.0,0.0,0.0,0.0,0.0
6,0.054,0,360.76940570669757,569.0,72.14511722468774,14.940906944417598,1691.0,286.91969826269946,61.46659722339607,0.0,0.0,0.0,6.0,0.6,0.06000000000000001,92.0,0.49957427448148184,0.002712765823083675
7,0.0,0,359.88672088646945,573.0,69.51618451504014,13.796140609418321,1731.0,290.5139187557043,61.58553958024394,0.0,0.0,0.0,0.0,0.0,0.0,0.0,0.0,0.0
8,0.0,0,360.20349519732594,552.0,76.30576810519611,18.51526437862874,1686.0,283.8886243869069,61.05617795848735,0.0,0.0,0.0,0.0,0.0,0.0,0.0,0.0,0.0
9,0.054,0,359.95508681782803,556.0,70.39944643046714,15.008741565850777,1669.0,288.6206639170338,62.829124251569674,0.0,0.0,0.0,6.0,0.6,0.06000000000000001,102.0,0.553875826055556,0.0030076316734188565
10,0.054,0,360.0675890734176,561.0,70.17910795059298,14.816770832359037,1704.0,288.76982035541715,62.274745049495216,0.0,0.0,0.0,7.0,0.7,0.07,83.0,0.4507028780648151,0.0024473865577820113
11,0.054,0,360.2149373763853,562.0,71.79982850470711,15.370034612389398,1718.0,287.21541021129644,60.97670195306056,0.0,0.0,0.0,6.0,0.6,0.06000000000000001,97.0,0.5267250502685189,0.0028601987482512656
