id,probability_maraud,successful_mating,next_foraging_time,foraging_events,foraging_hrs,foraging_sqhrs,staying_events,staying_hrs,staying_sqhrs,repairing_events,repairing_hrs,repairing_sqhrs,marauding_events,marauding_hrs,marauding_sqhrs,traveling_events,traveling_hrs,traveling_sqhrs
0,0.054,25,359.9907570058276,561.0,71.44388509851773,14.710391396469198,475.0,79.76811934691158,16.738896680300773,1250.0,208.1912421152566,44.265977865328516,5.0,0.5,0.05000000000000001,32.0,0.17376496503703712,0.0009435707210725847
1,0.0,82,360.7922429867102,579.0,67.18154194368928,12.715124855364085,1558.0,262.55970959947064,55.68636934093327,180.0,30.40347419083916,6.582795390384277,0.0,0.0,0.0,0.0,0.0,0.0
2,0.054,0,360.0021869046182,562.0,71.77863358583902,14.808591177389596,1671.0,286.86450306452934,62.34480262365364,0.0,0.0,0.0,9.0,0.8999999999999999,0.09000000000000002,95.0,0.5158647399537041,0.0028012255781842293
3,0.0,0,360.71525306717297,573.0,70.38955516102166,14.213292366514361,1680.0,289.6597314665008,62.52020591578718,0.0,0.0,0.0,0.0,0.0,0.0,0.0,0.0,0.0
4,0.0,0,360.3024682367134,562.0,73.50454150696933,15.691856118267033,1716.0,286.58069784044443,60.71492827680307,0.0,0.0,0.0,0.0,0.0,0.0,0.0,0.0,0.0
5,0.0,0,360.2652817711204,554.0,70.76523472805951,14.485289542793018,1717.0,289.476606397622,61.09407100952888,0.0,0.0,0.0,0.0,0.0,0.0,0.0,0.0,0.0
6,0.054,0,360.1313036118105,573.0,68.96206815214356,13.810750194922427,1762.0,289.95436931760037,60.64476078175485,0.0,0.0,0.0,6.0,0.6,0.06000000000000001,123.0,0.6679090843611116,0.003626849959122738
7,0.054,0,360.0072935304163,570.0,71.41502884864094,14.92786897330293,1696.0,287.6026830273933,61.59867993835712,0.0,0.0,0.0,6.0,0.6,0.06000000000000001,101.0,0.5484456708981486,0.0029781450883853383
8,0.054,0,360.5631010803915,568.0,70.61323487040032,14.189771199810702,1695.0,288.161521845202,61.91443785117377,0.0,0.0,0.0,8.0,0.7999999999999999,0.08000000000000002,106.0,0.5755964466851856,0.003125578013552929
9,0.0,0,360.6780075452143,568.0,71.74179950335078,15.287807672724187,1715.0,288.48995780521346,61.26379134506113,0.0,0.0,0.0,0.0,0.0,0.0,0.0,0.0,0.0
10,0.0,0,360.4839154922638,557.0,68.73760110049483,14.30999927611207,1709.0,291.470163298405,62.0364338529162,0.0,0.0,0.0,0.0,0.0,0.0,0.0,0.0,0.0
11,0.054,0,360.43634126770894,572.0,72.35105213799488,14.826803015524291,1707.0,286.77496950062994,61.863858518219395,0.0,0.0,0.0,5.0,0.5,0.05000000000000001,99.0,0.5375853605833337,0.002919171918318302
