id,probability_maraud,successful_mating,next_foraging_time,foraging_events,foraging_hrs,foraging_sqhrs,staying_events,staying_hrs,staying_sqhrs,repairing_events,repairing_hrs,repairing_sqhrs,marauding_events,marauding_hrs,marauding_sqhrs,traveling_events,traveling_hrs,traveling_sqhrs
0,0.054,32,360.2628056708975,560.0,67.5959164922957,13.164302936556746,733.0,120.9903274101618,25.16743395106275,970.0,170.479384602996,37.19249911583268,7.0,0.7,0.07,48.0,0.2606474475555557,0.0014153560816088755
1,0.0,76,360.3967550278596,569.0,76.19305679773039,17.851634868937193,1437.0,241.16179693679666,51.08745271817599,254.0,42.67784630635145,9.200231063892614,0.0,0.0,0.0,0.0,0.0,0.0
2,0.054,0,360.3447144143456,568.0,69.38709261632616,13.627374421032691,1697.0,289.5767470183011,62.93153221506582,0.0,0.0,0.0,6.0,0.6,0.06000000000000001,104.0,0.5647361363703708,0.003066604843485893
3,0.0,0,360.21898753264287,561.0,72.45435201637913,15.076940640900636,1704.0,287.64527812908767,61.097334047037634,0.0,0.0,0.0,0.0,0.0,0.0,0.0,0.0,0.0
4,0.0,0,360.2523340245533,569.0,70.57576699757865,14.604885013751394,1706.0,289.43104122674004,62.970814442153085,0.0,0.0,0.0,0.0,0.0,0.0,0.0,0.0,0.0
5,0.054,0,360.37211588186926,572.0,67.81421618058097,13.300466553116896,1727.0,291.2335527387236,62.32862510492775,0.0,0.0,0.0,5.0,0.5,0.05000000000000001,87.0,0.4724234986944448,0.002565332897916084
6,0.0,0,360.1365973153751,584.0,72.99194891572088,15.115361389088092,1682.0,287.1041999923137,61.95589596302404,0.0,0.0,0.0,0.0,0.0,0.0,0.0,0.0,0.0
7,0.0,0,360.20249745179314,569.0,71.00367959984158,14.484856165684791,1693.0,289.09800715898893,62.40065503372106,0.0,0.0,0.0,0.0,0.0,0.0,0.0,0.0,0.0
8,0.054,0,360.10854257859984,574.0,73.17919009700935,15.845847604349984,1722.0,285.9055440307041,60.44913549032788,0.0,0.0,0.0,5.0,0.5,0.05000000000000001,97.0,0.5267250502685189,0.0028601987482512656
9,0.0,0,359.907019147102,568.0,70.27364946101463,14.587482602735896,1742.0,289.7353993099267,61.04861649399312,0.0,0.0,0.0,0.0,0.0,0.0,0.0,0.0,0.0
10,0.054,0,360.46494736852156,573.0,67.41346597543496,12.850769287731277,1712.0,291.62469861076517,62.66654223467735,0.0,0.0,0.0,7.0,0.7,0.07,98.0,0.5321552054259263,0.002889685333284784
11,0.054,0,360.51824331400866,557.0,71.28160341482607,14.866549303440639,1712.0,287.66957764289987,61.634607712098635,0.0,0.0,0.0,5.0,0.5,0.05000000000000001,102.0,0.553875826055556,0.0030076316734188565
