id,probability_maraud,successful_mating,next_foraging_time,foraging_events,foraging_hrs,foraging_sqhrs,staying_events,staying_hrs,staying_sqhrs,repairing_events,repairing_hrs,repairing_sqhrs,marauding_events,marauding_hrs,marauding_sqhrs,traveling_events,traveling_hrs,traveling_sqhrs
0,0.0,22,360.03605693362715,561.0,73.06803645265623,15.198346559021205,580.0,98.24951535868088,21.311457568022163,1094.0,188.90412094663506,41.028590975905594,0.0,0.0,0.0,0.0,0.0,0.0
1,0.0,86,360.3579388196382,578.0,69.6862901693489,13.54325793091595,1735.0,290.32651512632026,61.94852764714508,0.0,0.0,0.0,0.0,0.0,0.0,0.0,0.0,0.0
2,0.0,0,360.06190025927145,561.0,67.40481495030483,13.530906399827272,1741.0,292.66038615853506,62.284391446021495,0.0,0.0,0.0,0.0,0.0,0.0,0.0,0.0,0.0
3,0.0,0,360.59792462677757,562.0,73.38679050564032,14.955540698451523,1665.0,286.7365943300146,62.46310792110846,0.0,0.0,0.0,0.0,0.0,0.0,0.0,0.0,0.0
4,0.054,0,360.39846220851496,583.0,68.03554489858637,13.257057259328304,1732.0,291.10962903953816,61.78699959423396,0.0,0.0,0.0,7.0,0.7,0.07,97.0,0.5267250502685189,0.0028601987482512656
5,0.054,0,360.06335372546937,562.0,71.67799624487783,15.61025650991758,1692.0,288.116462076993,61.84068476562499,0.0,0.0,0.0,1.0,0.1,0.010000000000000002,73.0,0.396401326490741,0.0021525207074468296
6,0.0,0,360.02094307311404,568.0,70.39466440975107,13.881500839803865,1707.0,289.6192615751109,62.16543551377375,0.0,0.0,0.0,0.0,0.0,0.0,0.0,0.0,0.0
7,0.054,0,360.225203440954,553.0,71.13676715034975,15.128123854387425,1678.0,287.44424729637564,62.155591566018586,0.0,0.0,0.0,9.0,0.8999999999999999,0.09000000000000002,98.0,0.5321552054259263,0.002889685333284784
8,0.054,0,359.99282747376253,565.0,68.13520512635932,13.634308611773022,1763.0,290.9322444130373,60.96255197926471,0.0,0.0,0.0,5.0,0.5,0.05000000000000001,102.0,0.553875826055556,0.0030076316734188565
9,0.0,0,360.6614321789975,584.0,67.21055723590875,13.232248638775935,1740.0,292.8311931295843,61.900042525916454,0.0,0.0,0.0,0.0,0.0,0.0,0.0,0.0,0.0
10,0.054,0,360.6480867466947,554.0,72.19534344307642,15.786208009321589,1684.0,286.9061448760043,62.04450212684033,0.0,0.0,0.0,4.0,0.4,0.04000000000000001,107.0,0.581026601842593,0.0031550645985864473
11,0.054,0,360.20192173518615,574.0,69.04471638383811,14.075310666890438,1724.0,290.14045044685383,62.37969190724677,0.0,0.0,0.0,5.0,0.5,0.05000000000000001,83.0,0.4507028780648151,0.0024473865577820113
