id,probability_maraud,successful_mating,next_foraging_time,foraging_events,foraging_hrs,foraging_sqhrs,staying_events,staying_hrs,staying_sqhrs,repairing_events,repairing_hrs,repairing_sqhrs,marauding_events,marauding_hrs,marauding_sqhrs,traveling_events,traveling_hrs,traveling_sqhrs
0,0.054,29,359.840629458056,566.0,69.21302534114363,14.1615025256526,589.0,99.5418570613762,20.997377307225886,1097.0,190.5587702543965,41.116324585285845,5.0,0.5,0.05000000000000001,41.0,0.22263636145370383,0.0012089499863742483
1,0.0,79,360.56877429057675,564.0,69.48189137451223,14.180943227198886,1562.0,259.85778030284195,55.47865079563726,182.0,30.70255408822771,6.79620493714019,0.0,0.0,0.0,0.0,0.0,0.0
2,0.054,0,360.2421642964307,571.0,70.47730794070387,15.089726586947123,1686.0,288.1692306971926,62.16344292547495,0.0,0.0,0.0,8.0,0.7999999999999999,0.08000000000000002,106.0,0.5755964466851856,0.003125578013552929
3,0.054,0,360.00315351184656,550.0,74.78335228494946,17.84005025348776,1667.0,284.0770184236688,60.6852064734191,0.0,0.0,0.0,7.0,0.7,0.07,109.0,0.5918869121574079,0.0032140377686534836
4,0.0,0,360.3683034532364,572.0,73.8339490172195,15.328984383200714,1701.0,286.41098874631643,61.25486886361504,0.0,0.0,0.0,0.0,0.0,0.0,0.0,0.0,0.0
5,0.054,0,360.16997223515625,569.0,69.59572302336231,14.290363670877198,1687.0,289.38807337145397,61.95564682255889,0.0,0.0,0.0,5.0,0.5,0.05000000000000001,101.0,0.5484456708981486,0.0029781450883853383
6,0.054,0,360.3199633364048,562.0,72.95680002434915,15.307310177488215,1689.0,285.913075890366,60.73353751694496,0.0,0.0,0.0,6.0,0.6,0.06000000000000001,100.0,0.5430155157407411,0.00294865850335182
7,0.0,0,360.34297377478185,565.0,69.91834841244946,14.460939464222765,1674.0,290.0825920239017,64.0207291347112,0.0,0.0,0.0,0.0,0.0,0.0,0.0,0.0,0.0
8,0.0,0,360.0877931936211,577.0,72.93873434150005,15.774921132072617,1728.0,287.0984568453082,61.058777457517834,0.0,0.0,0.0,0.0,0.0,0.0,0.0,0.0,0.0
9,0.0,0,360.5293985581783,568.0,75.59017100242508,16.731875386729456,1705.0,284.607929177888,59.838552753168656,0.0,0.0,0.0,0.0,0.0,0.0,0.0,0.0,0.0
10,0.0,0,359.9584584093522,574.0,69.037163687697,14.018963281763394,1724.0,291.23844917753803,62.18174990683098,0.0,0.0,0.0,0.0,0.0,0.0,0.0,0.0,0.0
11,0.054,0,360.27219640885323,572.0,73.20595436289433,15.74503211060749,1670.0,285.7007596708824,60.91265570436614,0.0,0.0,0.0,6.0,0.6,0.06000000000000001,100.0,0.5430155157407411,0.00294865850335182
