id,probability_maraud,successful_mating,next_foraging_time,foraging_events,foraging_hrs,foraging_sqhrs,staying_events,staying_hrs,staying_sqhrs,repairing_events,repairing_hrs,repairing_sqhrs,marauding_events,marauding_hrs,marauding_sqhrs,traveling_events,traveling_hrs,traveling_sqhrs
0,0.054,40,360.1927453075964,570.0,72.30938160417469,15.2293831341963,499.0,86.13579563422512,18.549165534894648,1184.0,201.02107874748916,43.58896709087524,5.0,0.5,0.05000000000000001,29.0,0.15747449956481488,0.0008551109659720299
1,0.054,67,360.4980160618475,570.0,72.41509627245117,16.040945248114202,1472.0,256.3823216416187,56.17107054395431,188.0,30.54744355629483,6.167767530945479,4.0,0.4,0.04000000000000001,66.0,0.3583902403888891,0.0019461146122122025
2,0.054,0,360.296843257515,563.0,71.74898718521344,14.917150457074916,1693.0,287.16797367326666,61.487057687561986,0.0,0.0,0.0,6.0,0.6,0.06000000000000001,100.0,0.5430155157407411,0.00294865850335182
3,0.054,0,359.93877577405436,563.0,69.15313638048654,14.08010972181059,1707.0,289.3839791436206,61.84110985098384,0.0,0.0,0.0,10.0,0.9999999999999999,0.10000000000000003,118.0,0.6407583085740746,0.003479417033955147
4,0.0,0,360.00487284982285,565.0,71.27369871658519,15.23404744607773,1669.0,288.9299274064862,63.051677818973886,0.0,0.0,0.0,0.0,0.0,0.0,0.0,0.0,0.0
5,0.054,0,360.5247201953872,560.0,68.01968290131035,14.78580705225659,1712.0,290.6575681676212,62.97776031654409,0.0,0.0,0.0,10.0,0.9999999999999999,0.10000000000000003,92.0,0.49957427448148184,0.002712765823083675
6,0.054,0,359.83738608488807,564.0,70.03894030238577,14.360803693288512,1696.0,289.1297924351849,62.362499302308215,0.0,0.0,0.0,4.0,0.4,0.04000000000000001,93.0,0.5050044296388893,0.002742252408117193
7,0.0,0,360.4203273296568,570.0,72.77799187740015,15.417697764172429,1722.0,287.33610609864667,60.912179900222114,0.0,0.0,0.0,0.0,0.0,0.0,0.0,0.0,0.0
8,0.0,0,360.40951899522,553.0,67.02849765798595,14.052668792541,1740.0,293.14134902107594,63.27290770599656,0.0,0.0,0.0,0.0,0.0,0.0,0.0,0.0,0.0
9,0.0,0,360.3056966238755,593.0,69.83069052344297,14.496528907156952,1713.0,290.3933552445624,62.01129324284897,0.0,0.0,0.0,0.0,0.0,0.0,0.0,0.0,0.0
10,0.0,0,360.2876157561574,568.0,66.09317395631155,12.610383322798445,1746.0,293.9715744410297,62.895469250452706,0.0,0.0,0.0,0.0,0.0,0.0,0.0,0.0,0.0
11,0.0,0,360.1131167030597,550.0,69.4029398391195,14.385042413637626,1678.0,290.62475219808783,63.46503612131736,0.0,0.0,0.0,0.0,0.0,0.0,0.0,0.0,0.0
