id,probability_maraud,successful_mating,next_foraging_time,foraging_events,foraging_hrs,foraging_sqhrs,staying_events,staying_hrs,staying_sqhrs,repairing_events,repairing_hrs,repairing_sqhrs,marauding_events,marauding_hrs,marauding_sqhrs,traveling_events,traveling_hrs,traveling_sqhrs
0,0.054,36,360.2228466885853,565.0,67.79733298397291,13.519251419075385,643.0,108.24092205017712,22.826713732943134,1065.0,182.98722964575438,39.510198592953756,8.0,0.7999999999999999,0.08000000000000002,35.0,0.19005543050925935,0.0010320304761731393
1,0.054,72,359.96159611160203,560.0,71.39139944124913,15.646226464472361,1427.0,238.6000031134203,50.272714097603355,298.0,48.61093966423953,10.331280248090833,11.0,1.0999999999999999,0.11000000000000004,74.0,0.4018314816481484,0.002182007292480348
2,0.0,0,360.256338245847,577.0,72.46231789683823,15.380050906260642,1700.0,287.6647902239855,61.641440989473516,0.0,0.0,0.0,0.0,0.0,0.0,0.0,0.0,0.0
3,0.054,0,360.5930543684537,564.0,73.14066350981159,16.188419636366504,1681.0,285.7002235243139,61.25196485274139,0.0,0.0,0.0,7.0,0.7,0.07,104.0,0.5647361363703708,0.003066604843485893
4,0.0,0,360.2367323656692,577.0,68.61318023521531,13.836732053235657,1701.0,291.64454834975777,63.376629434685654,0.0,0.0,0.0,0.0,0.0,0.0,0.0,0.0,0.0
5,0.054,0,360.4851034187416,559.0,69.73838568090692,14.075396332537412,1724.0,289.0695554944795,61.0728553813382,0.0,0.0,0.0,7.0,0.7,0.07,99.0,0.5375853605833337,0.002919171918318302
6,0.0,0,360.0613897638152,561.0,75.60166038397014,17.257826243088303,1696.0,284.4583052705505,60.624000311590294,0.0,0.0,0.0,0.0,0.0,0.0,0.0,0.0,0.0
7,0.0,0,360.37183113770095,565.0,72.87072176267246,16.699363067739856,1719.0,287.21826394022276,60.84701268915229,0.0,0.0,0.0,0.0,0.0,0.0,0.0,0.0,0.0
8,0.054,0,359.98662599321966,563.0,71.08384250344713,15.185727301620211,1716.0,287.98631898117065,61.57628279325104,0.0,0.0,0.0,4.0,0.4,0.04000000000000001,100.0,0.5430155157407411,0.00294865850335182
9,0.0,0,360.3560337563043,568.0,71.947754211253,15.087313054750824,1705.0,288.09607853312104,61.48709066235301,0.0,0.0,0.0,0.0,0.0,0.0,0.0,0.0,0.0
10,0.054,0,360.4505041927233,570.0,74.58300839818673,15.895627724651812,1681.0,284.6770915397151,61.18705914007495,0.0,0.0,0.0,2.0,0.2,0.020000000000000004,100.0,0.5430155157407411,0.00294865850335182
11,0.0,0,360.0342871506414,576.0,72.6937316069111,15.116706045835075,1674.0,287.4809683208861,61.888992388309894,0.0,0.0,0.0,0.0,0.0,0.0,0.0,0.0,0.0
