id,probability_maraud,successful_mating,next_foraging_time,foraging_events,foraging_hrs,foraging_sqhrs,staying_events,staying_hrs,staying_sqhrs,repairing_events,repairing_hrs,repairing_sqhrs,marauding_events,marauding_hrs,marauding_sqhrs,traveling_events,traveling_hrs,traveling_sqhrs
0,0.0,28,360.41015099018307,564.0,72.24804813887955,15.38139679865371,563.0,94.77010145393955,19.8081208092312,1123.0,192.99353617264325,41.481704541398365,0.0,0.0,0.0,0.0,0.0,0.0
1,0.054,80,360.7430110680734,564.0,72.11817154632317,15.105333610620038,1697.0,286.973925369854,61.732470452769576,0.0,0.0,0.0,6.0,0.6,0.06000000000000001,76.0,0.41269179196296324,0.002240980462547384
2,0.0,0,360.1934408177616,570.0,70.0271759741475,14.353421611590191,1724.0,290.1244694058118,61.98951157368965,0.0,0.0,0.0,0.0,0.0,0.0,0.0,0.0,0.0
3,0.0,0,360.20779387067535,574.0,71.15220423024115,14.869275631503887,1707.0,288.9176794941049,62.25190472351892,0.0,0.0,0.0,0.0,0.0,0.0,0.0,0.0,0.0
4,0.0,0,360.32061550550185,575.0,67.09459634808469,13.28578995359302,1742.0,292.94280102164697,61.944264357879426,0.0,0.0,0.0,0.0,0.0,0.0,0.0,0.0,0.0
5,0.0,0,360.14457346126363,568.0,68.99690646137213,14.442076589855311,1694.0,291.07756036890197,63.40610047610264,0.0,0.0,0.0,0.0,0.0,0.0,0.0,0.0,0.0
6,0.054,0,359.9934335024989,574.0,69.5967333078199,13.585408215615027,1737.0,289.61152040364374,61.235524210321884,0.0,0.0,0.0,4.0,0.4,0.04000000000000001,90.0,0.488713964166667,0.0026537926530166385
7,0.0,0,360.3034528195826,564.0,72.37455718441971,14.949895421081488,1691.0,287.7869253038083,61.703584771130934,0.0,0.0,0.0,0.0,0.0,0.0,0.0,0.0,0.0
8,0.054,0,360.407738951531,565.0,68.40338522795247,13.697203940775774,1697.0,290.53324241820377,62.68314890512539,0.0,0.0,0.0,7.0,0.7,0.07,92.0,0.49957427448148184,0.002712765823083675
9,0.054,0,360.21920799377386,565.0,68.25537608282752,13.716134445440419,1679.0,290.7542031126387,63.771074260982665,0.0,0.0,0.0,6.0,0.6,0.06000000000000001,80.0,0.4344124125925929,0.002358926802681457
10,0.054,0,360.18415240346303,569.0,71.917491084631,14.825124603605714,1701.0,287.0640105989939,61.20743260084133,0.0,0.0,0.0,5.0,0.5,0.05000000000000001,104.0,0.5647361363703708,0.003066604843485893
11,0.054,0,360.32331570743224,572.0,66.41170902251213,12.355706121633897,1717.0,292.7984689229365,63.9480645087398,0.0,0.0,0.0,4.0,0.4,0.04000000000000001,106.0,0.5755964466851856,0.003125578013552929
