id,probability_maraud,successful_mating,next_foraging_time,foraging_events,foraging_hrs,foraging_sqhrs,staying_events,staying_hrs,staying_sqhrs,repairing_events,repairing_hrs,repairing_sqhrs,marauding_events,marauding_hrs,marauding_sqhrs,traveling_events,traveling_hrs,traveling_sqhrs
0,0.0,16,360.27814700406446,559.0,74.22848230013372,16.51928397872188,413.0,72.38544790586135,15.924443745527055,1251.0,213.5438500736174,45.65178355215806,0.0,0.0,0.0,0.0,0.0,0.0
1,0.054,92,360.1299932823782,565.0,75.70729351931482,17.596865504020116,1693.0,283.52942847851233,59.351639697564295,0.0,0.0,0.0,4.0,0.4,0.04000000000000001,102.0,0.553875826055556,0.0030076316734188565
2,0.054,0,360.29936002887507,564.0,74.02018941780109,15.458791763186854,1648.0,284.7986335509307,61.43520379147355,0.0,0.0,0.0,7.0,0.7,0.07,96.0,0.5212948951111115,0.0028307121632177475
3,0.054,0,360.73406683879733,558.0,70.55068568196862,14.474347260828631,1690.0,288.41118751881123,62.20651242631372,0.0,0.0,0.0,7.0,0.7,0.07,99.0,0.5375853605833337,0.002919171918318302
4,0.054,0,360.32799663086564,565.0,70.46049008769181,14.558162847158155,1694.0,288.61896617647557,62.47500603531408,0.0,0.0,0.0,4.0,0.4,0.04000000000000001,106.0,0.5755964466851856,0.003125578013552929
5,0.0,0,360.1938627502013,558.0,72.86438702517992,15.16443094350554,1718.0,287.1482979257785,60.660874991012705,0.0,0.0,0.0,0.0,0.0,0.0,0.0,0.0,0.0
6,0.054,0,360.544761674816,567.0,72.59543326394864,15.435872620092784,1698.0,286.29940187281,61.27019469354438,0.0,0.0,0.0,7.0,0.7,0.07,92.0,0.49957427448148184,0.002712765823083675
7,0.054,0,360.01813769312815,568.0,73.52537218160377,15.892942942251864,1691.0,285.4348522855519,60.90689328572936,0.0,0.0,0.0,6.0,0.6,0.06000000000000001,94.0,0.5104345847962967,0.002771738993150711
8,0.0,0,360.2996374870345,565.0,73.79867797626451,15.625037294971328,1694.0,286.4194393522726,60.83218377147352,0.0,0.0,0.0,0.0,0.0,0.0,0.0,0.0,0.0
9,0.0,0,360.40703145780657,554.0,67.22558011101745,13.411722029921563,1720.0,292.82173620114787,62.499581507162155,0.0,0.0,0.0,0.0,0.0,0.0,0.0,0.0,0.0
10,0.0,0,360.44341391834166,569.0,69.98258353720728,14.05295738834669,1748.0,290.0395827370528,61.68518220118365,0.0,0.0,0.0,0.0,0.0,0.0,0.0,0.0,0.0
11,0.0,0,359.78832334436106,552.0,67.83796023420145,13.236199368297008,1702.0,292.2682506203092,63.539848823846356,0.0,0.0,0.0,0.0,0.0,0.0,0.0,0.0,0.0
