id,probability_maraud,successful_mating,next_foraging_time,foraging_events,foraging_hrs,foraging_sqhrs,staying_events,staying_hrs,staying_sqhrs,repairing_events,repairing_hrs,repairing_sqhrs,marauding_events,marauding_hrs,marauding_sqhrs,traveling_events,traveling_hrs,traveling_sqhrs
0,0.0,29,359.9666496742459,553.0,67.22693908116437,13.131145981040834,630.0,108.37802644526998,23.59014487283932,1114.0,184.50526417124505,39.38553818564785,0.0,0.0,0.0,0.0,0.0,0.0
1,0.054,79,359.90898700213074,573.0,72.05710175323331,14.804696365762146,1687.0,286.67971010617094,61.79665754533524,0.0,0.0,0.0,7.0,0.7,0.07,104.0,0.5647361363703708,0.003066604843485893
2,0.054,0,360.4127724038376,577.0,71.78635212915547,14.290664945643002,1686.0,287.20129239464586,61.394606168245055,0.0,0.0,0.0,5.0,0.5,0.05000000000000001,111.0,0.6027472224722227,0.00327301093872052
3,0.054,0,360.2960076590865,565.0,70.20667347147887,14.66120353476202,1717.0,289.09918128834516,61.87944632965629,0.0,0.0,0.0,4.0,0.4,0.04000000000000001,79.0,0.4289822574351855,0.0023294402176479386
4,0.0,0,360.5364082502927,568.0,64.52077192559615,11.748740420997676,1695.0,295.53568133375626,65.10460608418362,0.0,0.0,0.0,0.0,0.0,0.0,0.0,0.0,0.0
5,0.0,0,359.85114345585043,558.0,75.63970482874683,16.881629361466874,1689.0,284.39386227263054,60.76687827770985,0.0,0.0,0.0,0.0,0.0,0.0,0.0,0.0,0.0
6,0.0,0,360.0534462753671,570.0,72.44982191748105,14.697192619891705,1724.0,287.63335010025816,61.10324157958748,0.0,0.0,0.0,0.0,0.0,0.0,0.0,0.0,0.0
7,0.054,0,360.1970875505481,571.0,66.87383664023481,13.60043085617423,1718.0,292.2170310459351,63.13328821134892,0.0,0.0,0.0,5.0,0.5,0.05000000000000001,93.0,0.5050044296388893,0.002742252408117193
8,0.0,0,359.9103310811282,561.0,71.8756893257983,15.059973296468192,1698.0,288.13583000507214,62.44119068156061,0.0,0.0,0.0,0.0,0.0,0.0,0.0,0.0,0.0
9,0.0,0,360.06485348604105,554.0,70.23656195666592,15.46922435972459,1716.0,289.7842889915387,61.63996781213167,0.0,0.0,0.0,0.0,0.0,0.0,0.0,0.0,0.0
10,0.054,0,360.25111090373656,557.0,73.97284385334869,17.05359120101548,1691.0,285.3576628752965,61.0306762185481,0.0,0.0,0.0,4.0,0.4,0.04000000000000001,84.0,0.45613303322222254,0.0024768731428155295
11,0.054,0,359.9295975648502,583.0,69.3492632550401,14.143736007759463,1733.0,289.5416226805557,61.81753757933934,0.0,0.0,0.0,6.0,0.6,0.06000000000000001,101.0,0.5484456708981486,0.0029781450883853383
